"basket","pres","term_start","month","months_in","pci","pci_se","pci_lo","pci_hi","pci_raw","pci_smooth","pci_smooth_lo","pci_smooth_hi","n_outlets","n_headlines"
"full","Biden",2021-01-20,2021-01-01,0,-19.72,2.71,-25.03,-14.4,2.32,-16.02,-25.86,-6.18,17,454
"full","Biden",2021-01-20,2021-02-01,1,-11.42,4.2,-19.64,-3.2,-9.28,-12.22,-19.24,-5.19,14,447
"full","Biden",2021-01-20,2021-03-01,2,-6.27,4.2,-14.5,1.95,-4.46,-9.17,-14.83,-3.5,14,420
"full","Biden",2021-01-20,2021-04-01,3,3,4.2,-5.22,11.22,5.14,-6.9,-13.12,-0.68,14,512
"full","Biden",2021-01-20,2021-05-01,4,-13.33,4.2,-21.56,-5.11,-12.71,-8.91,-15.13,-2.69,14,357
"full","Biden",2021-01-20,2021-06-01,5,-15.94,4.2,-24.16,-7.72,-13.8,-13.99,-20.21,-7.77,14,358
"full","Biden",2021-01-20,2021-07-01,6,-11.35,4.2,-19.58,-3.13,-9.21,-20.07,-26.29,-13.86,14,343
"full","Biden",2021-01-20,2021-08-01,7,-33.82,4.52,-42.67,-24.97,-31.85,-23.05,-29.27,-16.84,12,327
"full","Biden",2021-01-20,2021-09-01,8,-27.23,4.35,-35.75,-18.71,-25.3,-24.46,-30.67,-18.24,13,359
"full","Biden",2021-01-20,2021-10-01,9,-18.55,4.52,-27.41,-9.7,-18.24,-22.91,-29.13,-16.7,12,288
"full","Biden",2021-01-20,2021-11-01,10,-20.75,4.2,-28.97,-12.52,-18.6,-21.15,-27.37,-14.94,14,301
"full","Biden",2021-01-20,2021-12-01,11,-19.01,4.35,-27.53,-10.49,-18.71,-21.5,-27.72,-15.28,13,276
"full","Biden",2021-01-20,2022-01-01,12,-28.4,4.2,-36.62,-20.17,-26.26,-20.29,-26.5,-14.07,14,291
"full","Biden",2021-01-20,2022-02-01,13,-15.84,4.51,-24.69,-6.99,-13.95,-18.14,-24.35,-11.92,12,227
"full","Biden",2021-01-20,2022-03-01,14,-11.2,4.35,-19.71,-2.68,-9.06,-15.79,-22,-9.57,13,320
"full","Biden",2021-01-20,2022-04-01,15,-15.32,4.51,-24.17,-6.47,-13.57,-15.74,-21.95,-9.52,12,202
"full","Biden",2021-01-20,2022-05-01,16,-17.39,4.71,-26.62,-8.17,-15.52,-18.43,-24.65,-12.22,11,237
"full","Biden",2021-01-20,2022-06-01,17,-24.21,4.95,-33.91,-14.52,-21.86,-19.99,-26.21,-13.77,10,230
"full","Biden",2021-01-20,2022-07-01,18,-21.84,4.95,-31.53,-12.15,-19.49,-19.43,-25.65,-13.22,10,304
"full","Biden",2021-01-20,2022-08-01,19,-14.46,4.51,-23.3,-5.61,-12.56,-18.04,-24.25,-11.82,12,229
"full","Biden",2021-01-20,2022-09-01,20,-15.07,4.36,-23.62,-6.52,-12.55,-16.61,-22.82,-10.39,13,243
"full","Biden",2021-01-20,2022-10-01,21,-19.97,4.71,-29.2,-10.74,-17.99,-14.48,-20.7,-8.27,11,196
"full","Biden",2021-01-20,2022-11-01,22,-12.67,4.93,-22.32,-3.01,-10.71,-12.26,-18.48,-6.04,10,210
"full","Biden",2021-01-20,2022-12-01,23,-1.92,5.2,-12.12,8.28,0.39,-10.06,-16.28,-3.84,9,150
"full","Biden",2021-01-20,2023-01-01,24,-15.02,4.72,-24.28,-5.76,-12.68,-9.03,-15.25,-2.82,11,271
"full","Biden",2021-01-20,2023-02-01,25,-4.09,4.35,-12.61,4.42,-1.9,-11.48,-17.7,-5.27,13,308
"full","Biden",2021-01-20,2023-03-01,26,-19.12,4.51,-27.97,-10.27,-17.21,-14.09,-20.31,-7.87,12,272
"full","Biden",2021-01-20,2023-04-01,27,-13.64,4.52,-22.49,-4.79,-11.74,-15.92,-22.14,-9.7,12,220
"full","Biden",2021-01-20,2023-05-01,28,-25.48,5.2,-35.67,-15.28,-23.17,-15.27,-21.48,-9.05,9,228
"full","Biden",2021-01-20,2023-06-01,29,-1.58,4.95,-11.28,8.11,0.73,-16.06,-22.28,-9.85,10,183
"full","Biden",2021-01-20,2023-07-01,30,-21.35,4.51,-30.2,-12.5,-19.44,-17.46,-23.68,-11.24,12,223
"full","Biden",2021-01-20,2023-08-01,31,-22.38,4.52,-31.23,-13.52,-20.19,-19.8,-26.02,-13.58,12,207
"full","Biden",2021-01-20,2023-09-01,32,-26.34,4.35,-34.85,-17.82,-24.2,-19.4,-25.62,-13.18,13,298
"full","Biden",2021-01-20,2023-10-01,33,-9.91,4.51,-18.76,-1.06,-8,-17.52,-23.73,-11.3,12,224
"full","Biden",2021-01-20,2023-11-01,34,-14.24,4.71,-23.47,-5.01,-12.42,-17.31,-23.53,-11.09,11,229
"full","Biden",2021-01-20,2023-12-01,35,-20.27,4.52,-29.12,-11.42,-18.12,-19.74,-25.96,-13.52,12,212
"full","Biden",2021-01-20,2024-01-01,36,-28.45,4.35,-36.97,-19.93,-26.3,-21.69,-27.91,-15.47,13,264
"full","Biden",2021-01-20,2024-02-01,37,-19.83,4.06,-27.79,-11.86,-17.61,-21.66,-27.88,-15.45,15,378
"full","Biden",2021-01-20,2024-03-01,38,-18.16,3.94,-25.89,-10.44,-15.92,-20.48,-26.7,-14.26,16,411
"full","Biden",2021-01-20,2024-04-01,39,-19.92,4.06,-27.88,-11.96,-17.71,-20.62,-26.84,-14.4,15,329
"full","Biden",2021-01-20,2024-05-01,40,-22.25,4.06,-30.2,-14.29,-19.87,-21.97,-28.19,-15.75,15,393
"full","Biden",2021-01-20,2024-06-01,41,-25.57,3.83,-33.08,-18.07,-23.33,-21.86,-28.08,-15.65,17,483
"full","Biden",2021-01-20,2024-07-01,42,-21.01,3.64,-28.14,-13.88,-19.47,-20.3,-26.52,-14.08,19,750
"full","Biden",2021-01-20,2024-08-01,43,-14.38,4.73,-23.64,-5.12,-11.46,-17.53,-23.74,-11.31,11,166
"full","Biden",2021-01-20,2024-09-01,44,-17.98,5.2,-28.18,-7.77,-15.19,-15.05,-21.27,-8.84,9,119
"full","Biden",2021-01-20,2024-10-01,45,-8.42,4.93,-18.08,1.24,-6.64,-15.94,-22.16,-9.72,10,126
"full","Biden",2021-01-20,2024-11-01,46,-19.43,4.71,-28.66,-10.21,-17.53,-17.42,-23.09,-11.76,11,137
"full","Biden",2021-01-20,2024-12-01,47,-24.91,4.2,-33.13,-16.68,-22.56,-18.57,-25.6,-11.55,14,230
"full","Biden",2021-01-20,2025-01-01,48,-15.55,2.94,-21.31,-9.78,-5.16,-19.89,-29.74,-10.03,13,180
"full","Bush 41",1989-01-20,1989-01-01,0,-1.52,2.7,-6.81,3.78,5.87,-7.08,-14.4,0.24,19,878
"full","Bush 41",1989-01-20,1989-02-01,1,-12.38,3.65,-19.54,-5.23,-9.95,-7.84,-13.07,-2.61,19,1614
"full","Bush 41",1989-01-20,1989-03-01,2,-14.51,3.65,-21.66,-7.36,-12.08,-8.35,-12.56,-4.13,19,1228
"full","Bush 41",1989-01-20,1989-04-01,3,-4.28,3.56,-11.26,2.71,-1.89,-8.31,-12.94,-3.68,20,1262
"full","Bush 41",1989-01-20,1989-05-01,4,-7.6,3.48,-14.43,-0.77,-5.14,-5.71,-10.34,-1.09,21,1423
"full","Bush 41",1989-01-20,1989-06-01,5,-1.73,3.48,-8.56,5.1,0.73,-5.75,-10.38,-1.13,21,1216
"full","Bush 41",1989-01-20,1989-07-01,6,-5.38,3.56,-12.36,1.61,-2.78,-7.17,-11.79,-2.54,20,1115
"full","Bush 41",1989-01-20,1989-08-01,7,-14.99,3.65,-22.14,-7.84,-12.34,-8.62,-13.24,-3.99,19,869
"full","Bush 41",1989-01-20,1989-09-01,8,-5.73,3.48,-12.56,1.1,-3.02,-10.06,-14.69,-5.44,21,1353
"full","Bush 41",1989-01-20,1989-10-01,9,-12.91,3.48,-19.74,-6.08,-10.28,-8.72,-13.35,-4.1,21,1098
"full","Bush 41",1989-01-20,1989-11-01,10,-7.27,3.41,-13.95,-0.59,-4.69,-7.3,-11.92,-2.67,22,1198
"full","Bush 41",1989-01-20,1989-12-01,11,-1.85,3.41,-8.53,4.83,0.73,-6.26,-10.89,-1.63,22,1146
"full","Bush 41",1989-01-20,1990-01-01,12,-8.5,3.48,-15.33,-1.67,-5.99,-5.46,-10.09,-0.84,21,1260
"full","Bush 41",1989-01-20,1990-02-01,13,-3.93,3.48,-10.76,2.9,-1.41,-6.35,-10.98,-1.72,21,1189
"full","Bush 41",1989-01-20,1990-03-01,14,-8.14,3.56,-15.12,-1.15,-5.48,-6.91,-11.54,-2.28,20,1019
"full","Bush 41",1989-01-20,1990-04-01,15,-7.7,3.48,-14.53,-0.87,-5.18,-7.34,-11.96,-2.71,21,897
"full","Bush 41",1989-01-20,1990-05-01,16,-7.38,3.56,-14.36,-0.4,-4.82,-8.31,-12.94,-3.69,20,1327
"full","Bush 41",1989-01-20,1990-06-01,17,-7.52,3.48,-14.35,-0.69,-5,-10.03,-14.66,-5.4,21,1034
"full","Bush 41",1989-01-20,1990-07-01,18,-14.76,3.48,-21.58,-7.93,-12.24,-11.12,-15.75,-6.5,21,1049
"full","Bush 41",1989-01-20,1990-08-01,19,-14.22,3.48,-21.05,-7.39,-11.7,-12.13,-16.76,-7.51,21,1105
"full","Bush 41",1989-01-20,1990-09-01,20,-5.72,3.48,-12.55,1.11,-3.2,-13.72,-18.35,-9.09,21,1153
"full","Bush 41",1989-01-20,1990-10-01,21,-20.47,3.56,-27.46,-13.49,-17.82,-14.54,-19.17,-9.91,20,1337
"full","Bush 41",1989-01-20,1990-11-01,22,-17.05,3.48,-23.88,-10.23,-14.54,-14.15,-18.78,-9.53,21,1377
"full","Bush 41",1989-01-20,1990-12-01,23,-14.03,3.56,-21.02,-7.05,-11.47,-10.77,-15.4,-6.15,20,1185
"full","Bush 41",1989-01-20,1991-01-01,24,1.59,3.41,-5.09,8.27,4.31,-6.88,-11.51,-2.25,22,1380
"full","Bush 41",1989-01-20,1991-02-01,25,-7.32,3.41,-14,-0.64,-4.6,-5.01,-9.64,-0.39,22,1338
"full","Bush 41",1989-01-20,1991-03-01,26,-1.58,3.41,-8.26,5.11,1.14,-6.77,-11.4,-2.15,22,1074
"full","Bush 41",1989-01-20,1991-04-01,27,-15.1,3.41,-21.79,-8.42,-12.38,-8.23,-12.85,-3.6,22,1018
"full","Bush 41",1989-01-20,1991-05-01,28,-7.3,3.56,-14.29,-0.32,-4.38,-9.46,-14.08,-4.83,20,1447
"full","Bush 41",1989-01-20,1991-06-01,29,-8.8,3.41,-15.48,-2.12,-6.08,-9.56,-14.19,-4.94,22,1025
"full","Bush 41",1989-01-20,1991-07-01,30,-10.73,3.41,-17.42,-4.05,-8.01,-9.36,-13.98,-4.73,22,1175
"full","Bush 41",1989-01-20,1991-08-01,31,-9.03,3.34,-15.58,-2.48,-6.59,-10.27,-14.9,-5.65,23,988
"full","Bush 41",1989-01-20,1991-09-01,32,-9.74,3.41,-16.43,-3.06,-7.18,-12.2,-16.83,-7.57,22,1131
"full","Bush 41",1989-01-20,1991-10-01,33,-15.51,3.41,-22.2,-8.83,-12.95,-14.94,-19.56,-10.31,22,1078
"full","Bush 41",1989-01-20,1991-11-01,34,-20.39,3.48,-27.22,-13.56,-17.69,-17.41,-22.04,-12.78,21,1278
"full","Bush 41",1989-01-20,1991-12-01,35,-18.54,3.48,-25.37,-11.71,-15.84,-19.24,-23.87,-14.61,21,1215
"full","Bush 41",1989-01-20,1992-01-01,36,-18.5,3.34,-25.05,-11.95,-16.06,-19.43,-24.06,-14.81,23,2070
"full","Bush 41",1989-01-20,1992-02-01,37,-23.94,3.22,-30.25,-17.64,-21.68,-17.32,-21.95,-12.7,25,1880
"full","Bush 41",1989-01-20,1992-03-01,38,-11.89,3.22,-18.2,-5.59,-9.63,-14.75,-19.38,-10.13,25,1648
"full","Bush 41",1989-01-20,1992-04-01,39,-8.02,3.34,-14.57,-1.47,-5.58,-12.38,-17.01,-7.76,23,1068
"full","Bush 41",1989-01-20,1992-05-01,40,-12.94,3.28,-19.36,-6.51,-10.57,-12.55,-17.18,-7.93,24,1475
"full","Bush 41",1989-01-20,1992-06-01,41,-13.18,3.22,-19.48,-6.87,-10.91,-15.44,-20.06,-10.81,25,1524
"full","Bush 41",1989-01-20,1992-07-01,42,-22.13,3.22,-28.44,-15.83,-19.87,-17.58,-22.21,-12.95,25,1682
"full","Bush 41",1989-01-20,1992-08-01,43,-18.58,3.22,-24.88,-12.27,-16.31,-18.64,-23.26,-14.01,25,2917
"full","Bush 41",1989-01-20,1992-09-01,44,-17.89,3.22,-24.19,-11.59,-15.62,-18.63,-23.26,-14,25,2401
"full","Bush 41",1989-01-20,1992-10-01,45,-17.21,3.28,-23.63,-10.79,-14.94,-17.17,-21.8,-12.54,24,2642
"full","Bush 41",1989-01-20,1992-11-01,46,-21.03,3.28,-27.45,-14.61,-18.76,-13.84,-18.05,-9.62,24,1039
"full","Bush 41",1989-01-20,1992-12-01,47,-3.93,3.48,-10.76,2.9,-1.18,-10.92,-16.15,-5.7,21,762
"full","Bush 41",1989-01-20,1993-01-01,48,-9.54,2.42,-14.27,-4.8,-7.14,-7.6,-14.94,-0.27,23,695
"full","Bush 43",2001-01-20,2001-01-01,0,-7.73,2.14,-11.93,-3.54,-1.52,-6.78,-14.44,0.87,34,1206
"full","Bush 43",2001-01-20,2001-02-01,1,-5.97,2.79,-11.44,-0.51,-3.96,-9.2,-14.67,-3.73,34,1762
"full","Bush 43",2001-01-20,2001-03-01,2,-12.68,2.84,-18.24,-7.12,-10.55,-11.3,-15.7,-6.89,33,1762
"full","Bush 43",2001-01-20,2001-04-01,3,-17.84,2.83,-23.38,-12.3,-15.85,-13.36,-18.2,-8.53,33,1702
"full","Bush 43",2001-01-20,2001-05-01,4,-13,2.76,-18.4,-7.6,-10.87,-13.71,-18.54,-8.87,35,1803
"full","Bush 43",2001-01-20,2001-06-01,5,-10.6,2.83,-16.14,-5.06,-8.7,-13.14,-17.98,-8.3,33,1549
"full","Bush 43",2001-01-20,2001-07-01,6,-14.12,2.96,-19.92,-8.32,-12.17,-11.64,-16.48,-6.8,30,1345
"full","Bush 43",2001-01-20,2001-08-01,7,-13.58,2.83,-19.12,-8.04,-11.38,-8.11,-12.95,-3.27,33,1237
"full","Bush 43",2001-01-20,2001-09-01,8,-0.88,2.79,-6.35,4.59,1.11,-3.03,-7.87,1.81,34,1518
"full","Bush 43",2001-01-20,2001-10-01,9,6.94,2.96,1.14,12.74,8.92,1.38,-3.46,6.21,30,1076
"full","Bush 43",2001-01-20,2001-11-01,10,3.36,3.01,-2.53,9.26,5.51,1.94,-2.9,6.77,29,1061
"full","Bush 43",2001-01-20,2001-12-01,11,1.06,2.95,-4.73,6.84,2.71,-1.73,-6.56,3.11,30,872
"full","Bush 43",2001-01-20,2002-01-01,12,-9.91,2.88,-15.55,-4.27,-7.7,-6.21,-11.05,-1.38,32,1223
"full","Bush 43",2001-01-20,2002-02-01,13,-10.44,2.76,-15.84,-5.04,-8.31,-10.39,-15.22,-5.55,35,1408
"full","Bush 43",2001-01-20,2002-03-01,14,-13,2.79,-18.47,-7.53,-10.81,-12.07,-16.91,-7.24,34,1192
"full","Bush 43",2001-01-20,2002-04-01,15,-16.19,2.84,-21.75,-10.63,-13.84,-11.6,-16.44,-6.77,33,1009
"full","Bush 43",2001-01-20,2002-05-01,16,-5.22,2.76,-10.62,0.18,-3.13,-11.9,-16.73,-7.06,35,1178
"full","Bush 43",2001-01-20,2002-06-01,17,-12.38,2.87,-18,-6.76,-10.21,-13,-17.84,-8.16,32,1221
"full","Bush 43",2001-01-20,2002-07-01,18,-17.7,2.83,-23.25,-12.16,-15.82,-14.93,-19.77,-10.1,33,1185
"full","Bush 43",2001-01-20,2002-08-01,19,-19.48,2.83,-25.02,-13.94,-17.32,-14.67,-19.51,-9.83,33,994
"full","Bush 43",2001-01-20,2002-09-01,20,-11.61,2.79,-17.08,-6.14,-9.63,-10.19,-15.03,-5.36,34,1426
"full","Bush 43",2001-01-20,2002-10-01,21,-3.23,2.79,-8.7,2.24,-1.18,-5.41,-10.25,-0.57,34,1296
"full","Bush 43",2001-01-20,2002-11-01,22,7.32,3.01,1.43,13.21,9.65,-5.14,-9.97,-0.3,29,1021
"full","Bush 43",2001-01-20,2002-12-01,23,-14.33,2.96,-20.13,-8.53,-12.26,-8.1,-12.94,-3.26,30,1038
"full","Bush 43",2001-01-20,2003-01-01,24,-15.73,2.72,-21.06,-10.39,-13.5,-12.54,-17.38,-7.7,36,1749
"full","Bush 43",2001-01-20,2003-02-01,25,-15.04,2.76,-20.43,-9.64,-12.95,-13.89,-18.73,-9.06,35,1357
"full","Bush 43",2001-01-20,2003-03-01,26,-12.26,2.76,-17.66,-6.86,-10.13,-12.36,-17.2,-7.53,35,1442
"full","Bush 43",2001-01-20,2003-04-01,27,-9.66,3,-15.53,-3.79,-7.96,-10.45,-15.28,-5.61,29,993
"full","Bush 43",2001-01-20,2003-05-01,28,-9.37,2.87,-14.99,-3.75,-7.42,-9.54,-14.38,-4.7,32,1285
"full","Bush 43",2001-01-20,2003-06-01,29,-6.22,2.87,-11.83,-0.6,-4.21,-10.41,-15.25,-5.58,32,1021
"full","Bush 43",2001-01-20,2003-07-01,30,-15.5,2.79,-20.97,-10.03,-14.03,-12,-16.84,-7.16,34,1403
"full","Bush 43",2001-01-20,2003-08-01,31,-12.84,2.95,-18.62,-7.06,-11.04,-13.8,-18.64,-8.96,30,751
"full","Bush 43",2001-01-20,2003-09-01,32,-17.25,2.76,-22.65,-11.85,-15.7,-13.73,-18.57,-8.89,35,1204
"full","Bush 43",2001-01-20,2003-10-01,33,-10.92,2.83,-16.46,-5.38,-9.22,-12.71,-17.55,-7.87,33,1160
"full","Bush 43",2001-01-20,2003-11-01,34,-11.35,2.79,-16.83,-5.88,-10.18,-11.4,-16.24,-6.56,34,1158
"full","Bush 43",2001-01-20,2003-12-01,35,-9.55,2.87,-15.17,-3.93,-7.6,-11.63,-16.47,-6.79,32,982
"full","Bush 43",2001-01-20,2004-01-01,36,-11.66,2.69,-16.93,-6.39,-10.28,-13.58,-18.42,-8.74,37,1540
"full","Bush 43",2001-01-20,2004-02-01,37,-18.95,2.76,-24.35,-13.55,-17.34,-15.73,-20.57,-10.9,35,1621
"full","Bush 43",2001-01-20,2004-03-01,38,-17.9,2.83,-23.45,-12.36,-16.22,-17.65,-22.49,-12.81,33,1394
"full","Bush 43",2001-01-20,2004-04-01,39,-17.58,2.76,-22.98,-12.18,-15.98,-18.28,-23.12,-13.44,35,1507
"full","Bush 43",2001-01-20,2004-05-01,40,-19.75,2.83,-25.29,-14.2,-18.32,-17.98,-22.81,-13.14,33,1312
"full","Bush 43",2001-01-20,2004-06-01,41,-16.82,2.83,-22.37,-11.28,-15.32,-17.13,-21.97,-12.29,33,1347
"full","Bush 43",2001-01-20,2004-07-01,42,-16.95,2.83,-22.49,-11.41,-15.69,-14.53,-19.37,-9.69,33,1239
"full","Bush 43",2001-01-20,2004-08-01,43,-11.33,2.76,-16.73,-5.92,-9.72,-11.04,-15.88,-6.2,35,1693
"full","Bush 43",2001-01-20,2004-09-01,44,-4.7,2.66,-9.92,0.51,-3.26,-6.48,-11.32,-1.65,38,2051
"full","Bush 43",2001-01-20,2004-10-01,45,-5.51,2.69,-10.79,-0.24,-4.17,-2.36,-7.2,2.47,37,2171
"full","Bush 43",2001-01-20,2004-11-01,46,8.78,2.72,3.45,14.12,10.41,-1.74,-6.58,3.1,36,1577
"full","Bush 43",2001-01-20,2004-12-01,47,-6.95,3,-12.82,-1.08,-5.66,-3.22,-8.05,1.62,29,889
"full","Bush 43",2001-01-20,2005-01-01,48,-5.97,2.72,-11.3,-0.63,-4.25,-8.31,-13.14,-3.47,36,1247
"full","Bush 43",2001-01-20,2005-02-01,49,-13.88,2.69,-19.15,-8.61,-12.11,-13.64,-18.48,-8.8,37,1379
"full","Bush 43",2001-01-20,2005-03-01,50,-21.29,2.95,-27.07,-15.5,-19.57,-17.34,-22.18,-12.5,30,855
"full","Bush 43",2001-01-20,2005-04-01,51,-19.69,2.95,-25.48,-13.91,-18.47,-20.04,-24.88,-15.2,30,684
"full","Bush 43",2001-01-20,2005-05-01,52,-20.2,2.91,-25.89,-14.5,-18.54,-20.12,-24.96,-15.29,31,759
"full","Bush 43",2001-01-20,2005-06-01,53,-23.57,3.09,-29.64,-17.51,-22.1,-17.9,-22.74,-13.06,27,749
"full","Bush 43",2001-01-20,2005-07-01,54,-11.02,2.87,-16.64,-5.4,-9.57,-15.5,-20.34,-10.67,32,800
"full","Bush 43",2001-01-20,2005-08-01,55,-11.6,2.91,-17.3,-5.9,-10.17,-13.82,-18.66,-8.99,31,689
"full","Bush 43",2001-01-20,2005-09-01,56,-13.01,2.91,-18.71,-7.31,-11.59,-14.64,-19.48,-9.8,31,938
"full","Bush 43",2001-01-20,2005-10-01,57,-19.72,2.91,-25.41,-14.02,-18.21,-15.36,-20.2,-10.52,31,987
"full","Bush 43",2001-01-20,2005-11-01,58,-17.7,2.83,-23.24,-12.16,-15.83,-14.31,-19.15,-9.48,33,1001
"full","Bush 43",2001-01-20,2005-12-01,59,-6.64,2.87,-12.26,-1.02,-5.87,-12.82,-17.66,-7.99,32,946
"full","Bush 43",2001-01-20,2006-01-01,60,-11.71,2.95,-17.49,-5.93,-10.61,-12.72,-17.55,-7.88,30,774
"full","Bush 43",2001-01-20,2006-02-01,61,-14.03,2.79,-19.5,-8.56,-13.41,-15.58,-20.42,-10.75,34,971
"full","Bush 43",2001-01-20,2006-03-01,62,-22.82,2.95,-28.6,-17.04,-21.4,-18.37,-23.2,-13.53,30,888
"full","Bush 43",2001-01-20,2006-04-01,63,-20.38,2.79,-25.86,-14.91,-19.18,-18.75,-23.59,-13.91,34,872
"full","Bush 43",2001-01-20,2006-05-01,64,-18.2,2.91,-23.9,-12.5,-16.73,-17.09,-21.93,-12.25,31,838
"full","Bush 43",2001-01-20,2006-06-01,65,-9.78,3.04,-15.74,-3.81,-8.5,-15.89,-20.73,-11.05,28,613
"full","Bush 43",2001-01-20,2006-07-01,66,-18.47,3,-24.34,-12.59,-17.1,-14.97,-19.81,-10.14,29,752
"full","Bush 43",2001-01-20,2006-08-01,67,-16.42,3.09,-22.48,-10.35,-16.15,-15.35,-20.19,-10.51,27,512
"full","Bush 43",2001-01-20,2006-09-01,68,-11.32,2.91,-17.02,-5.62,-10.5,-16.15,-20.98,-11.31,31,839
"full","Bush 43",2001-01-20,2006-10-01,69,-20.2,2.91,-25.9,-14.5,-19.44,-16.45,-21.29,-11.61,31,665
"full","Bush 43",2001-01-20,2006-11-01,70,-16.59,3.15,-22.76,-10.42,-16.4,-19.25,-24.09,-14.42,26,702
"full","Bush 43",2001-01-20,2006-12-01,71,-18.52,3.22,-24.82,-12.22,-18.07,-22.86,-27.7,-18.03,25,591
"full","Bush 43",2001-01-20,2007-01-01,72,-34.28,2.66,-39.5,-29.07,-33.25,-24.66,-29.5,-19.83,38,1185
"full","Bush 43",2001-01-20,2007-02-01,73,-24.81,3.2,-31.09,-18.53,-23.41,-24.6,-29.44,-19.76,25,554
"full","Bush 43",2001-01-20,2007-03-01,74,-20.51,3.33,-27.04,-13.99,-19.16,-21.99,-26.82,-17.15,23,649
"full","Bush 43",2001-01-20,2007-04-01,75,-15.77,3.27,-22.17,-9.37,-14.86,-20.33,-25.17,-15.49,24,501
"full","Bush 43",2001-01-20,2007-05-01,76,-22.63,3.15,-28.8,-16.46,-20.78,-20.43,-25.27,-15.59,26,558
"full","Bush 43",2001-01-20,2007-06-01,77,-22.59,3.33,-29.11,-16.06,-22.56,-21.16,-26,-16.33,23,555
"full","Bush 43",2001-01-20,2007-07-01,78,-20.45,3.09,-26.51,-14.39,-18.91,-20.48,-25.32,-15.64,27,656
"full","Bush 43",2001-01-20,2007-08-01,79,-20.53,3.33,-27.05,-14,-19.1,-18.54,-23.38,-13.7,23,465
"full","Bush 43",2001-01-20,2007-09-01,80,-12.9,3.27,-19.3,-6.5,-11.71,-17.01,-21.85,-12.17,24,562
"full","Bush 43",2001-01-20,2007-10-01,81,-18.34,3.15,-24.51,-12.17,-16.91,-15.64,-20.48,-10.81,26,443
"full","Bush 43",2001-01-20,2007-11-01,82,-12.92,3.2,-19.2,-6.64,-11.32,-14.98,-19.82,-10.14,25,457
"full","Bush 43",2001-01-20,2007-12-01,83,-17.03,3.56,-24.02,-10.04,-14.49,-13.02,-17.86,-8.18,20,412
"full","Bush 43",2001-01-20,2008-01-01,84,-9.1,3.27,-15.5,-2.7,-8.07,-11.14,-15.97,-6.3,24,513
"full","Bush 43",2001-01-20,2008-02-01,85,-6.49,3.55,-13.45,0.48,-6.18,-9.54,-14.37,-4.7,20,360
"full","Bush 43",2001-01-20,2008-03-01,86,-12,3.83,-19.51,-4.49,-11.04,-9.76,-14.6,-4.92,17,309
"full","Bush 43",2001-01-20,2008-04-01,87,-5.6,3.47,-12.41,1.2,-4.88,-13.02,-17.86,-8.19,21,368
"full","Bush 43",2001-01-20,2008-05-01,88,-23.03,3.47,-29.84,-16.22,-22.11,-14.94,-19.78,-10.1,21,396
"full","Bush 43",2001-01-20,2008-06-01,89,-17.84,3.64,-24.97,-10.71,-16.85,-15.77,-20.61,-10.94,19,293
"full","Bush 43",2001-01-20,2008-07-01,90,-11.15,3.83,-18.66,-3.64,-10.12,-14.81,-19.65,-9.97,17,324
"full","Bush 43",2001-01-20,2008-08-01,91,-13.28,3.95,-21.04,-5.53,-11.12,-13.22,-18.06,-8.39,16,220
"full","Bush 43",2001-01-20,2008-09-01,92,-13.27,3.83,-20.78,-5.76,-11.62,-12.62,-17.46,-7.79,17,279
"full","Bush 43",2001-01-20,2008-10-01,93,-13.64,3.83,-21.15,-6.13,-11.82,-13.2,-18.03,-8.36,17,214
"full","Bush 43",2001-01-20,2008-11-01,94,-7.96,3.83,-15.47,-0.45,-7.4,-11.69,-16.09,-7.28,17,261
"full","Bush 43",2001-01-20,2008-12-01,95,-25.06,3.55,-32.02,-18.1,-24.24,-8.59,-14.05,-3.12,20,340
"full","Bush 43",2001-01-20,2009-01-01,96,5.2,2.27,0.74,9.65,-3.13,-5.37,-13.04,2.31,20,267
"full","Carter",1977-01-20,1977-01-01,0,-1.79,3.96,-9.55,5.96,-1.77,-2.75,-9.2,3.69,8,414
"full","Carter",1977-01-20,1977-02-01,1,-5.25,5.51,-16.05,5.55,-2.65,-4.43,-9.04,0.17,8,853
"full","Carter",1977-01-20,1977-03-01,2,-5.81,5.51,-16.61,4.99,-3.21,-6.01,-9.72,-2.3,8,973
"full","Carter",1977-01-20,1977-04-01,3,-10.56,5.51,-21.36,0.24,-7.95,-7.47,-11.55,-3.4,8,933
"full","Carter",1977-01-20,1977-05-01,4,-4.13,5.51,-14.93,6.67,-1.53,-8.64,-12.71,-4.56,8,857
"full","Carter",1977-01-20,1977-06-01,5,-13.64,5.51,-24.43,-2.84,-11.03,-8.52,-12.59,-4.44,8,717
"full","Carter",1977-01-20,1977-07-01,6,-6.67,5.51,-17.47,4.12,-4.07,-9.39,-13.47,-5.32,8,766
"full","Carter",1977-01-20,1977-08-01,7,-7.76,5.51,-18.56,3.04,-5.16,-10.78,-14.86,-6.71,8,658
"full","Carter",1977-01-20,1977-09-01,8,-15.79,5.51,-26.59,-4.99,-13.19,-12.69,-16.77,-8.62,8,669
"full","Carter",1977-01-20,1977-10-01,9,-14.33,5.51,-25.13,-3.53,-11.73,-14.82,-18.9,-10.75,8,738
"full","Carter",1977-01-20,1977-11-01,10,-18.25,5.51,-29.05,-7.45,-15.65,-14.58,-18.66,-10.51,8,513
"full","Carter",1977-01-20,1977-12-01,11,-12.03,5.51,-22.83,-1.24,-9.43,-12.83,-16.91,-8.76,8,622
"full","Carter",1977-01-20,1978-01-01,12,-10.06,5.51,-20.86,0.74,-7.46,-10.46,-14.53,-6.38,8,754
"full","Carter",1977-01-20,1978-02-01,13,-6.86,5.51,-17.66,3.94,-4.26,-9.53,-13.6,-5.45,8,495
"full","Carter",1977-01-20,1978-03-01,14,-9.01,5.51,-19.81,1.78,-6.41,-10.29,-14.36,-6.21,8,616
"full","Carter",1977-01-20,1978-04-01,15,-14.65,5.51,-25.45,-3.85,-12.04,-11.59,-15.67,-7.52,8,705
"full","Carter",1977-01-20,1978-05-01,16,-11.8,5.51,-22.6,-1,-9.2,-13.69,-17.77,-9.62,8,622
"full","Carter",1977-01-20,1978-06-01,17,-13.66,5.51,-24.46,-2.86,-11.06,-15.36,-19.44,-11.29,8,592
"full","Carter",1977-01-20,1978-07-01,18,-21.45,5.51,-32.25,-10.65,-18.85,-14.54,-18.61,-10.46,8,503
"full","Carter",1977-01-20,1978-08-01,19,-14.5,5.51,-25.29,-3.7,-11.89,-10.98,-15.05,-6.9,8,468
"full","Carter",1977-01-20,1978-09-01,20,0.2,5.88,-11.32,11.72,2.41,-6.65,-10.72,-2.57,7,423
"full","Carter",1977-01-20,1978-10-01,21,0,5.88,-11.52,11.52,2.2,-4.34,-8.41,-0.26,7,506
"full","Carter",1977-01-20,1978-11-01,22,-8.41,5.51,-19.21,2.39,-5.81,-5.84,-9.91,-1.76,8,457
"full","Carter",1977-01-20,1978-12-01,23,-7.83,5.51,-18.63,2.97,-5.23,-9.36,-13.43,-5.28,8,485
"full","Carter",1977-01-20,1979-01-01,24,-14.33,5.51,-25.13,-3.54,-11.73,-10.94,-15.02,-6.87,8,574
"full","Carter",1977-01-20,1979-02-01,25,-12.78,5.51,-23.58,-1.98,-10.18,-11.29,-15.37,-7.22,8,480
"full","Carter",1977-01-20,1979-03-01,26,-7.01,5.51,-17.81,3.79,-4.41,-11.81,-15.88,-7.73,8,626
"full","Carter",1977-01-20,1979-04-01,27,-13.66,5.51,-24.46,-2.86,-11.06,-11.5,-15.57,-7.42,8,485
"full","Carter",1977-01-20,1979-05-01,28,-15.83,5.51,-26.62,-5.03,-13.22,-11.02,-15.1,-6.95,8,554
"full","Carter",1977-01-20,1979-06-01,29,-4.39,5.51,-15.19,6.41,-1.79,-10.92,-15,-6.85,8,623
"full","Carter",1977-01-20,1979-07-01,30,-11.48,5.51,-22.28,-0.68,-8.88,-9.97,-14.05,-5.9,8,779
"full","Carter",1977-01-20,1979-08-01,31,-12.95,5.51,-23.75,-2.16,-10.35,-8.88,-12.95,-4.81,8,524
"full","Carter",1977-01-20,1979-09-01,32,-6.46,5.51,-17.26,4.34,-3.86,-7.26,-11.34,-3.19,8,612
"full","Carter",1977-01-20,1979-10-01,33,-1.23,5.51,-12.03,9.57,1.37,-4.55,-8.62,-0.47,8,571
"full","Carter",1977-01-20,1979-11-01,34,-6.24,5.51,-17.04,4.56,-3.64,-1.99,-6.06,2.09,8,529
"full","Carter",1977-01-20,1979-12-01,35,3.58,5.51,-7.22,14.38,6.18,-1.32,-5.39,2.76,8,511
"full","Carter",1977-01-20,1980-01-01,36,-1.54,5.51,-12.34,9.26,1.06,-1.79,-5.87,2.28,8,644
"full","Carter",1977-01-20,1980-02-01,37,-2.28,5.51,-13.08,8.51,0.32,-4.56,-8.63,-0.48,8,537
"full","Carter",1977-01-20,1980-03-01,38,-10.58,5.51,-21.38,0.22,-7.98,-7.29,-11.36,-3.21,8,719
"full","Carter",1977-01-20,1980-04-01,39,-11.52,5.51,-22.32,-0.72,-8.92,-9.22,-13.29,-5.14,8,635
"full","Carter",1977-01-20,1980-05-01,40,-5.57,5.51,-16.36,5.23,-2.96,-10.61,-14.68,-6.53,8,580
"full","Carter",1977-01-20,1980-06-01,41,-15.38,5.51,-26.18,-4.58,-12.78,-10,-14.07,-5.92,8,663
"full","Carter",1977-01-20,1980-07-01,42,-10.52,5.51,-21.32,0.28,-7.92,-9.29,-13.37,-5.22,8,642
"full","Carter",1977-01-20,1980-08-01,43,-3.05,5.51,-13.85,7.75,-0.45,-8.57,-12.65,-4.5,8,890
"full","Carter",1977-01-20,1980-09-01,44,-9.87,5.51,-20.67,0.93,-7.27,-8.52,-12.59,-4.44,8,739
"full","Carter",1977-01-20,1980-10-01,45,-9.29,5.51,-20.09,1.51,-6.69,-10.91,-14.98,-6.83,8,952
"full","Carter",1977-01-20,1980-11-01,46,-14.66,5.51,-25.46,-3.86,-12.06,-11.86,-15.58,-8.15,8,350
"full","Carter",1977-01-20,1980-12-01,47,-16.45,5.51,-27.25,-5.66,-13.85,-12.3,-16.9,-7.69,8,196
"full","Carter",1977-01-20,1981-01-01,48,-8.4,3.96,-16.16,-0.65,-9.25,-12.51,-18.97,-6.05,8,203
"full","Clinton",1993-01-20,1993-01-01,0,-9.54,2.42,-14.27,-4.8,-7.1,-7.95,-15.64,-0.27,25,1640
"full","Clinton",1993-01-20,1993-02-01,1,-11.39,3.22,-17.7,-5.09,-9.13,-9.3,-14.79,-3.81,25,3310
"full","Clinton",1993-01-20,1993-03-01,2,-3.64,3.22,-9.94,2.67,-1.37,-11,-15.43,-6.57,25,2307
"full","Clinton",1993-01-20,1993-04-01,3,-13.57,3.22,-19.88,-7.27,-11.31,-12.63,-17.49,-7.77,25,2344
"full","Clinton",1993-01-20,1993-05-01,4,-19.09,3.22,-25.4,-12.79,-16.83,-14.48,-19.34,-9.62,25,2513
"full","Clinton",1993-01-20,1993-06-01,5,-17.69,3.22,-23.99,-11.38,-15.42,-14.02,-18.88,-9.16,25,2130
"full","Clinton",1993-01-20,1993-07-01,6,-6.22,3.22,-12.52,0.09,-3.95,-11.41,-16.28,-6.55,25,1950
"full","Clinton",1993-01-20,1993-08-01,7,-10.96,3.28,-17.38,-4.54,-8.63,-8.39,-13.25,-3.53,24,1490
"full","Clinton",1993-01-20,1993-09-01,8,-3.73,3.28,-10.16,2.69,-1.36,-7.13,-11.99,-2.27,24,1994
"full","Clinton",1993-01-20,1993-10-01,9,-9.25,3.34,-15.8,-2.7,-7.04,-6.31,-11.17,-1.45,23,1802
"full","Clinton",1993-01-20,1993-11-01,10,-2.58,3.22,-8.88,3.73,-0.31,-6.43,-11.29,-1.57,25,1604
"full","Clinton",1993-01-20,1993-12-01,11,-9.43,3.22,-15.73,-3.12,-7.16,-6.89,-11.75,-2.03,25,1613
"full","Clinton",1993-01-20,1994-01-01,12,-5.23,3.16,-11.42,0.96,-3.01,-8.41,-13.28,-3.55,26,1986
"full","Clinton",1993-01-20,1994-02-01,13,-12.5,3.16,-18.69,-6.31,-10.28,-9.85,-14.71,-4.99,26,1706
"full","Clinton",1993-01-20,1994-03-01,14,-10.32,3.22,-16.62,-4.01,-8.04,-11.63,-16.49,-6.77,25,1711
"full","Clinton",1993-01-20,1994-04-01,15,-13.27,3.16,-19.46,-7.07,-11.05,-13.15,-18.02,-8.29,26,1364
"full","Clinton",1993-01-20,1994-05-01,16,-15.36,3.22,-21.67,-9.06,-13.04,-14.4,-19.27,-9.54,25,1786
"full","Clinton",1993-01-20,1994-06-01,17,-15.09,3.22,-21.39,-8.78,-12.81,-15.42,-20.28,-10.56,25,1489
"full","Clinton",1993-01-20,1994-07-01,18,-16.9,3.22,-23.21,-10.6,-14.58,-15.31,-20.18,-10.45,25,1351
"full","Clinton",1993-01-20,1994-08-01,19,-14.86,3.28,-21.28,-8.44,-12.47,-13.63,-18.49,-8.77,24,1232
"full","Clinton",1993-01-20,1994-09-01,20,-12.46,3.22,-18.76,-6.16,-10.14,-11.5,-16.36,-6.64,25,1245
"full","Clinton",1993-01-20,1994-10-01,21,-3.23,3.28,-9.65,3.2,-0.84,-11.05,-15.92,-6.19,24,1273
"full","Clinton",1993-01-20,1994-11-01,22,-15.95,3.28,-22.38,-9.53,-13.57,-10.08,-14.94,-5.22,24,1081
"full","Clinton",1993-01-20,1994-12-01,23,-13.56,3.28,-19.99,-7.14,-11.18,-8.87,-13.73,-4.01,24,1162
"full","Clinton",1993-01-20,1995-01-01,24,0.51,3.11,-5.57,6.6,2.73,-7.6,-12.46,-2.74,27,1231
"full","Clinton",1993-01-20,1995-02-01,25,-6.92,3.11,-13,-0.83,-4.7,-5.31,-10.18,-0.45,27,1362
"full","Clinton",1993-01-20,1995-03-01,26,-9.02,3.22,-15.33,-2.72,-6.51,-4.71,-9.57,0.15,25,1091
"full","Clinton",1993-01-20,1995-04-01,27,2.11,3.11,-3.98,8.2,4.33,-6.01,-10.87,-1.14,27,1081
"full","Clinton",1993-01-20,1995-05-01,28,-9.36,3.11,-15.45,-3.27,-7.14,-7.1,-11.96,-2.24,27,1194
"full","Clinton",1993-01-20,1995-06-01,29,-12.06,3.11,-18.15,-5.97,-9.84,-8.92,-13.78,-4.06,27,1293
"full","Clinton",1993-01-20,1995-07-01,30,-9.59,3.16,-15.78,-3.4,-7.31,-9.1,-13.96,-4.24,26,1110
"full","Clinton",1993-01-20,1995-08-01,31,-8.06,3.22,-14.36,-1.75,-5.67,-7.47,-12.33,-2.61,25,900
"full","Clinton",1993-01-20,1995-09-01,32,-2.5,3.22,-8.8,3.81,0.02,-6.57,-11.43,-1.71,25,827
"full","Clinton",1993-01-20,1995-10-01,33,-8.45,3.22,-14.75,-2.14,-5.89,-5.68,-10.54,-0.82,25,1046
"full","Clinton",1993-01-20,1995-11-01,34,-6.59,3.16,-12.78,-0.39,-4.31,-5.49,-10.35,-0.63,26,1059
"full","Clinton",1993-01-20,1995-12-01,35,-1.2,3.22,-7.51,5.1,1.18,-5.19,-10.05,-0.33,25,1118
"full","Clinton",1993-01-20,1996-01-01,36,-8.75,3.11,-14.84,-2.66,-6.28,-4.11,-8.97,0.75,27,1207
"full","Clinton",1993-01-20,1996-02-01,37,-0.7,3.11,-6.79,5.39,1.78,-4.18,-9.04,0.68,27,1013
"full","Clinton",1993-01-20,1996-03-01,38,-4.54,3.16,-10.73,1.66,-1.95,-4.15,-9.01,0.71,26,1210
"full","Clinton",1993-01-20,1996-04-01,39,-4.5,3.16,-10.69,1.7,-1.92,-5.9,-10.76,-1.04,26,1164
"full","Clinton",1993-01-20,1996-05-01,40,-6.38,3.11,-12.46,-0.29,-3.86,-8.36,-13.22,-3.5,27,1386
"full","Clinton",1993-01-20,1996-06-01,41,-17.36,3.11,-23.45,-11.27,-14.85,-8.39,-13.25,-3.53,27,1287
"full","Clinton",1993-01-20,1996-07-01,42,-4.7,3.11,-10.79,1.39,-2.23,-6.56,-11.42,-1.7,27,1236
"full","Clinton",1993-01-20,1996-08-01,43,-1.13,3.06,-7.12,4.86,1.28,-2.57,-7.43,2.29,28,1711
"full","Clinton",1993-01-20,1996-09-01,44,1.72,3.11,-4.37,7.81,4.2,0.49,-4.37,5.35,27,1793
"full","Clinton",1993-01-20,1996-10-01,45,2.59,3.01,-3.31,8.49,4.54,0.63,-4.23,5.49,29,1718
"full","Clinton",1993-01-20,1996-11-01,46,0.92,3.11,-5.17,7.01,3.39,-1.05,-5.91,3.81,27,1475
"full","Clinton",1993-01-20,1996-12-01,47,-6.8,3.11,-12.89,-0.71,-4.51,-3.26,-8.12,1.61,27,1089
"full","Clinton",1993-01-20,1997-01-01,48,-4.07,2.96,-9.87,1.74,-1.74,-6.26,-11.12,-1.4,30,1277
"full","Clinton",1993-01-20,1997-02-01,49,-7.54,2.96,-13.35,-1.74,-5.21,-7.71,-12.57,-2.85,30,1457
"full","Clinton",1993-01-20,1997-03-01,50,-15.02,3.01,-20.91,-9.12,-12.64,-7.25,-12.11,-2.39,29,1364
"full","Clinton",1993-01-20,1997-04-01,51,0.29,3.01,-5.61,6.18,2.83,-7.11,-11.98,-2.25,29,1008
"full","Clinton",1993-01-20,1997-05-01,52,-6.7,3.01,-12.59,-0.8,-4.48,-5.45,-10.31,-0.59,29,1204
"full","Clinton",1993-01-20,1997-06-01,53,-8.74,3.01,-14.63,-2.84,-6.52,-3.99,-8.86,0.87,29,1311
"full","Clinton",1993-01-20,1997-07-01,54,1.39,2.96,-4.41,7.2,3.73,-3.86,-8.73,1,30,1061
"full","Clinton",1993-01-20,1997-08-01,55,-1.53,3.06,-7.52,4.46,0.74,-4.03,-8.89,0.83,28,889
"full","Clinton",1993-01-20,1997-09-01,56,-9.6,3.01,-15.49,-3.7,-7.06,-5.88,-10.74,-1.02,29,1075
"full","Clinton",1993-01-20,1997-10-01,57,-6.08,3.01,-11.97,-0.18,-3.54,-8.46,-13.32,-3.6,29,1507
"full","Clinton",1993-01-20,1997-11-01,58,-13.11,2.92,-18.83,-7.38,-10.76,-10.33,-15.19,-5.47,31,1327
"full","Clinton",1993-01-20,1997-12-01,59,-7.41,2.96,-13.22,-1.6,-5.08,-12.51,-17.37,-7.65,30,1223
"full","Clinton",1993-01-20,1998-01-01,60,-21.44,2.88,-27.08,-15.8,-19.18,-13.53,-18.39,-8.66,32,2127
"full","Clinton",1993-01-20,1998-02-01,61,-9.19,2.88,-14.83,-3.55,-6.93,-14.64,-19.5,-9.77,32,1871
"full","Clinton",1993-01-20,1998-03-01,62,-18.01,2.88,-23.65,-12.37,-15.75,-14.09,-18.95,-9.23,32,1867
"full","Clinton",1993-01-20,1998-04-01,63,-11.4,2.92,-17.12,-5.68,-8.94,-13.32,-18.18,-8.46,31,1338
"full","Clinton",1993-01-20,1998-05-01,64,-14.98,2.88,-20.62,-9.34,-12.72,-11.58,-16.44,-6.72,32,1144
"full","Clinton",1993-01-20,1998-06-01,65,-6.73,2.92,-12.46,-1.01,-4.49,-11.56,-16.42,-6.7,31,1300
"full","Clinton",1993-01-20,1998-07-01,66,-8.24,2.88,-13.88,-2.6,-5.98,-14.87,-19.73,-10.01,32,1242
"full","Clinton",1993-01-20,1998-08-01,67,-25.35,2.84,-30.91,-19.78,-23.15,-18.79,-23.65,-13.93,33,2203
"full","Clinton",1993-01-20,1998-09-01,68,-27.82,2.84,-33.39,-22.26,-25.63,-20.68,-25.54,-15.82,33,3444
"full","Clinton",1993-01-20,1998-10-01,69,-15.89,2.8,-21.38,-10.39,-13.87,-20.39,-25.25,-15.53,34,1617
"full","Clinton",1993-01-20,1998-11-01,70,-12.95,2.84,-18.52,-7.38,-10.83,-20.05,-24.91,-15.19,33,1197
"full","Clinton",1993-01-20,1998-12-01,71,-28.35,2.84,-33.92,-22.78,-26.23,-20.85,-25.71,-15.99,33,2227
"full","Clinton",1993-01-20,1999-01-01,72,-22.04,2.69,-27.31,-16.77,-19.88,-22.21,-27.07,-17.35,37,2261
"full","Clinton",1993-01-20,1999-02-01,73,-21.47,2.72,-26.81,-16.14,-19.41,-21.1,-25.96,-16.24,36,1712
"full","Clinton",1993-01-20,1999-03-01,74,-18.11,2.77,-23.53,-12.69,-15.91,-18.92,-23.78,-14.06,35,1128
"full","Clinton",1993-01-20,1999-04-01,75,-18.08,2.77,-23.51,-12.66,-15.78,-15.72,-20.58,-10.86,35,1053
"full","Clinton",1993-01-20,1999-05-01,76,-13.72,2.8,-19.22,-8.23,-11.52,-11.73,-16.59,-6.87,34,1006
"full","Clinton",1993-01-20,1999-06-01,77,-2.24,2.72,-7.58,3.1,-0.18,-9.25,-14.11,-4.39,36,1049
"full","Clinton",1993-01-20,1999-07-01,78,-7.7,2.76,-13.1,-2.29,-5.56,-8.7,-13.56,-3.84,35,960
"full","Clinton",1993-01-20,1999-08-01,79,-13.03,3.1,-19.12,-6.95,-10.68,-10.33,-15.19,-5.47,27,658
"full","Clinton",1993-01-20,1999-09-01,80,-12.05,2.96,-17.85,-6.24,-9.89,-11.46,-16.33,-6.6,30,693
"full","Clinton",1993-01-20,1999-10-01,81,-12.99,2.92,-18.71,-7.27,-10.99,-10.73,-15.6,-5.87,31,818
"full","Clinton",1993-01-20,1999-11-01,82,-5.63,3.01,-11.52,0.27,-3.17,-8.59,-13.45,-3.73,29,875
"full","Clinton",1993-01-20,1999-12-01,83,-11.68,3.06,-17.67,-5.69,-9.33,-4.51,-9.37,0.35,28,652
"full","Clinton",1993-01-20,2000-01-01,84,5.58,2.83,0.03,11.12,7.69,-2.74,-7.6,2.12,33,908
"full","Clinton",1993-01-20,2000-02-01,85,1.59,2.84,-3.98,7.15,3.68,-2.55,-7.42,2.31,33,778
"full","Clinton",1993-01-20,2000-03-01,86,-11.94,3.01,-17.84,-6.05,-9.94,-3.98,-8.84,0.88,29,1040
"full","Clinton",1993-01-20,2000-04-01,87,-2.12,2.96,-7.92,3.69,0.01,-6.9,-11.76,-2.04,30,744
"full","Clinton",1993-01-20,2000-05-01,88,-9.7,3.21,-16,-3.4,-7.02,-7.7,-12.56,-2.84,25,816
"full","Clinton",1993-01-20,2000-06-01,89,-8.98,3.16,-15.17,-2.79,-6.25,-8.6,-13.46,-3.74,26,669
"full","Clinton",1993-01-20,2000-07-01,90,-8.7,3.01,-14.6,-2.81,-6.55,-9.26,-14.12,-4.4,29,982
"full","Clinton",1993-01-20,2000-08-01,91,-10.91,2.95,-16.7,-5.12,-8.91,-8.34,-13.2,-3.47,30,1169
"full","Clinton",1993-01-20,2000-09-01,92,-6.94,3.01,-12.84,-1.05,-4.4,-6.16,-11.02,-1.3,29,880
"full","Clinton",1993-01-20,2000-10-01,93,-2.94,2.96,-8.75,2.87,-0.61,-2.98,-7.84,1.88,30,860
"full","Clinton",1993-01-20,2000-11-01,94,2.51,2.96,-3.29,8.32,4.67,-2.45,-6.88,1.97,30,969
"full","Clinton",1993-01-20,2000-12-01,95,0.89,3,-4.99,6.76,2.92,-2.49,-7.98,3,29,977
"full","Clinton",1993-01-20,2001-01-01,96,-7.73,2.14,-11.93,-3.54,-10.72,-3.01,-10.72,4.7,30,800
"full","Eisenhower",1953-01-20,1953-01-01,0,-5.13,4.36,-13.69,3.42,-3.8,2.83,-7.48,13.13,6,114
"full","Eisenhower",1953-01-20,1953-02-01,1,16.62,5.88,5.09,28.14,18.82,3.51,-3.85,10.87,7,194
"full","Eisenhower",1953-01-20,1953-03-01,2,1.11,6.93,-12.47,14.69,3.9,4.37,-1.57,10.3,5,145
"full","Eisenhower",1953-01-20,1953-04-01,3,2.47,6.34,-9.95,14.89,4.91,4.16,-2.35,10.68,6,189
"full","Eisenhower",1953-01-20,1953-05-01,4,3.06,6.93,-10.53,16.64,5.85,4.37,-2.14,10.89,5,179
"full","Eisenhower",1953-01-20,1953-06-01,5,7.23,6.34,-5.19,19.65,9.68,6.19,-0.32,12.71,6,206
"full","Eisenhower",1953-01-20,1953-07-01,6,8.95,6.34,-3.47,21.37,11.4,7.39,0.88,13.9,6,211
"full","Eisenhower",1953-01-20,1953-08-01,7,7.91,6.34,-4.51,20.33,10.37,6.31,-0.2,12.82,6,155
"full","Eisenhower",1953-01-20,1953-09-01,8,6.34,6.93,-7.25,19.92,9.13,3.67,-2.84,10.19,5,157
"full","Eisenhower",1953-01-20,1953-10-01,9,-6.05,6.93,-19.64,7.53,-3.26,2.18,-4.33,8.69,5,169
"full","Eisenhower",1953-01-20,1953-11-01,10,4.82,6.93,-8.76,18.4,7.62,2.27,-4.24,8.78,5,140
"full","Eisenhower",1953-01-20,1953-12-01,11,2.63,6.93,-10.95,16.21,5.42,4.11,-2.4,10.62,5,184
"full","Eisenhower",1953-01-20,1954-01-01,12,11.27,6.34,-1.15,23.69,13.72,4.15,-2.36,10.66,6,187
"full","Eisenhower",1953-01-20,1954-02-01,13,-1.65,7.73,-16.81,13.5,1.52,3.42,-3.09,9.94,4,100
"full","Eisenhower",1953-01-20,1954-03-01,14,1.82,6.34,-10.6,14.24,4.28,1.68,-4.83,8.19,6,133
"full","Eisenhower",1953-01-20,1954-04-01,15,2.79,6.93,-10.79,16.38,5.59,-0.05,-6.56,6.47,5,117
"full","Eisenhower",1953-01-20,1954-05-01,16,-2.63,7.73,-17.78,12.53,0.55,-0.95,-7.46,5.57,4,109
"full","Eisenhower",1953-01-20,1954-06-01,17,-4.76,7.73,-19.92,10.39,-1.59,-0.87,-7.39,5.64,4,113
"full","Eisenhower",1953-01-20,1954-07-01,18,1.31,6.93,-12.27,14.89,4.11,1.08,-5.44,7.59,5,105
"full","Eisenhower",1953-01-20,1954-08-01,19,5.52,6.34,-6.9,17.94,7.97,4.71,-1.8,11.22,6,161
"full","Eisenhower",1953-01-20,1954-09-01,20,7.67,7.73,-7.48,22.83,10.91,6.78,0.26,13.29,4,122
"full","Eisenhower",1953-01-20,1954-10-01,21,12.97,7.73,-2.19,28.12,16.14,5.45,-1.06,11.97,4,155
"full","Eisenhower",1953-01-20,1954-11-01,22,-2.98,7.73,-18.13,12.18,0.26,3.09,-3.43,9.6,4,109
"full","Eisenhower",1953-01-20,1954-12-01,23,-0.24,6.93,-13.82,13.35,2.56,0.82,-5.69,7.34,5,104
"full","Eisenhower",1953-01-20,1955-01-01,24,-0.88,6.34,-13.31,11.54,1.8,0.83,-5.68,7.34,6,142
"full","Eisenhower",1953-01-20,1955-02-01,25,5.85,6.93,-7.73,19.43,8.54,0.84,-5.67,7.35,5,124
"full","Eisenhower",1953-01-20,1955-03-01,26,-0.57,6.93,-14.16,13.01,2.12,0.73,-5.78,7.25,5,119
"full","Eisenhower",1953-01-20,1955-04-01,27,-4.42,6.93,-18,9.16,-1.68,1.93,-4.59,8.44,5,124
"full","Eisenhower",1953-01-20,1955-05-01,28,6.18,6.93,-7.4,19.76,8.92,3.65,-2.87,10.16,5,139
"full","Eisenhower",1953-01-20,1955-06-01,29,11.7,8.91,-5.77,29.16,15.59,5.02,-1.49,11.54,3,120
"full","Eisenhower",1953-01-20,1955-07-01,30,0.63,6.34,-11.79,13.05,3.08,5.01,-1.5,11.53,6,153
"full","Eisenhower",1953-01-20,1955-08-01,31,3.59,8.91,-13.88,21.05,7.48,3.18,-3.33,9.69,3,112
"full","Eisenhower",1953-01-20,1955-09-01,32,2.94,7.73,-12.22,18.09,6.11,2.17,-4.34,8.69,4,148
"full","Eisenhower",1953-01-20,1955-10-01,33,0.62,6.93,-12.96,14.21,3.42,3.53,-2.98,10.04,5,133
"full","Eisenhower",1953-01-20,1955-11-01,34,1.88,8.91,-15.59,19.34,5.77,6.29,-0.23,12.8,3,94
"full","Eisenhower",1953-01-20,1955-12-01,35,17.56,6.93,3.98,31.14,20.35,8.21,1.7,14.72,5,107
"full","Eisenhower",1953-01-20,1956-01-01,36,7.9,6.34,-4.52,20.32,10.36,7.63,1.11,14.14,6,171
"full","Eisenhower",1953-01-20,1956-02-01,37,5.97,8.91,-11.5,23.43,9.86,5.14,-1.37,11.65,3,134
"full","Eisenhower",1953-01-20,1956-03-01,38,-8.62,7.73,-23.78,6.53,-5.45,5.29,-1.22,11.8,4,158
"full","Eisenhower",1953-01-20,1956-04-01,39,18.53,6.93,4.95,32.11,21.22,6.9,0.39,13.42,5,115
"full","Eisenhower",1953-01-20,1956-05-01,40,6.92,6.93,-6.66,20.5,9.71,9.22,2.7,15.73,5,112
"full","Eisenhower",1953-01-20,1956-06-01,41,14.21,7.73,-0.94,29.37,17.45,8.65,2.14,15.17,4,138
"full","Eisenhower",1953-01-20,1956-07-01,42,-3.01,6.93,-16.59,10.57,-0.22,8.32,1.81,14.84,5,118
"full","Eisenhower",1953-01-20,1956-08-01,43,17.17,6.34,4.75,29.59,19.63,8.12,1.6,14.63,6,150
"full","Eisenhower",1953-01-20,1956-09-01,44,4.5,7.73,-10.65,19.66,7.67,12.15,5.64,18.67,4,160
"full","Eisenhower",1953-01-20,1956-10-01,45,13.82,6.34,1.39,26.24,16.27,15.78,9.27,22.3,6,253
"full","Eisenhower",1953-01-20,1956-11-01,46,32.16,6.93,18.58,45.74,34.95,13.71,7.2,20.23,5,216
"full","Eisenhower",1953-01-20,1956-12-01,47,6.97,8.91,-10.49,24.44,10.87,8.4,1.89,14.92,3,53
"full","Eisenhower",1953-01-20,1957-01-01,48,-13,6.34,-25.42,-0.57,-10.54,1.98,-4.53,8.49,6,147
"full","Eisenhower",1953-01-20,1957-02-01,49,1.06,7.73,-14.09,16.22,4.24,-1.37,-7.88,5.15,4,105
"full","Eisenhower",1953-01-20,1957-03-01,50,4.37,6.34,-8.05,16.8,6.83,0.13,-6.38,6.65,6,103
"full","Eisenhower",1953-01-20,1957-04-01,51,-1.55,7.73,-16.7,13.61,1.63,1,-5.51,7.52,4,87
"full","Eisenhower",1953-01-20,1957-05-01,52,3.05,6.93,-10.54,16.63,5.73,-1.08,-7.59,5.43,5,88
"full","Eisenhower",1953-01-20,1957-06-01,53,-5.61,6.93,-19.19,7.97,-2.92,-4.05,-10.56,2.46,5,98
"full","Eisenhower",1953-01-20,1957-07-01,54,-5.56,7.73,-20.71,9.6,-2.31,-7.52,-14.03,-1,4,56
"full","Eisenhower",1953-01-20,1957-08-01,55,-16.4,6.93,-29.99,-2.82,-13.72,-8.48,-14.99,-1.96,5,97
"full","Eisenhower",1953-01-20,1957-09-01,56,-5.82,7.73,-20.98,9.33,-2.65,-7.95,-14.46,-1.44,4,93
"full","Eisenhower",1953-01-20,1957-10-01,57,-2.89,6.34,-15.31,9.53,-0.44,-5.89,-12.41,0.62,6,97
"full","Eisenhower",1953-01-20,1957-11-01,58,-7.78,7.73,-22.93,7.38,-4.6,-3.07,-9.59,3.44,4,91
"full","Eisenhower",1953-01-20,1957-12-01,59,0.65,7.73,-14.51,15.8,3.82,-1.11,-7.62,5.4,4,90
"full","Eisenhower",1953-01-20,1958-01-01,60,3.18,7.73,-11.98,18.33,6.29,0.91,-5.61,7.42,4,90
"full","Eisenhower",1953-01-20,1958-02-01,61,1.7,7.73,-13.46,16.85,4.81,1.12,-5.39,7.63,4,93
"full","Eisenhower",1953-01-20,1958-03-01,62,1.7,7.73,-13.46,16.85,4.81,-0.73,-7.24,5.79,4,78
"full","Eisenhower",1953-01-20,1958-04-01,63,-6.83,7.73,-21.98,8.33,-3.72,-1.84,-8.35,4.67,4,72
"full","Eisenhower",1953-01-20,1958-05-01,64,-2.17,7.73,-17.33,12.98,1.07,-1.74,-8.25,4.77,4,99
"full","Eisenhower",1953-01-20,1958-06-01,65,0.72,8.91,-16.74,18.19,3.52,0.27,-6.24,6.78,3,74
"full","Eisenhower",1953-01-20,1958-07-01,66,2.8,6.93,-10.78,16.38,5.49,2.11,-4.4,8.62,5,125
"full","Eisenhower",1953-01-20,1958-08-01,67,5.85,6.93,-7.73,19.43,8.59,3,-3.51,9.52,5,103
"full","Eisenhower",1953-01-20,1958-09-01,68,-1.63,7.73,-16.78,13.53,1.61,3.8,-2.71,10.32,4,64
"full","Eisenhower",1953-01-20,1958-10-01,69,9.51,6.93,-4.07,23.09,12.2,3.44,-3.07,9.96,5,131
"full","Eisenhower",1953-01-20,1958-11-01,70,0.53,10.89,-20.82,21.88,4.35,2.4,-4.11,8.91,2,42
"full","Eisenhower",1953-01-20,1958-12-01,71,4.08,10.89,-17.27,25.43,7.89,-0.06,-6.57,6.46,2,35
"full","Eisenhower",1953-01-20,1959-01-01,72,-10.73,6.93,-24.31,2.85,-7.99,0.11,-6.4,6.62,5,78
"full","Eisenhower",1953-01-20,1959-02-01,73,4.34,10.89,-17.01,25.69,8.16,2.45,-4.07,8.96,2,56
"full","Eisenhower",1953-01-20,1959-03-01,74,9.8,7.73,-5.36,24.95,12.91,5.11,-1.4,11.62,4,78
"full","Eisenhower",1953-01-20,1959-04-01,75,10.3,8.91,-7.16,27.77,13.1,4.55,-1.96,11.06,3,67
"full","Eisenhower",1953-01-20,1959-05-01,76,-3.85,8.91,-21.32,13.61,-1.06,1.41,-5.1,7.92,3,69
"full","Eisenhower",1953-01-20,1959-06-01,77,-3.65,8.91,-21.11,13.82,-0.85,-0.05,-6.56,6.47,3,70
"full","Eisenhower",1953-01-20,1959-07-01,78,-1.69,8.91,-19.15,15.78,1.28,2.57,-3.94,9.08,3,70
"full","Eisenhower",1953-01-20,1959-08-01,79,13.91,5.88,2.38,25.43,16.58,5.06,-1.45,11.58,7,170
"full","Eisenhower",1953-01-20,1959-09-01,80,8.1,6.34,-4.33,20.52,11,5.46,-1.06,11.97,6,154
"full","Eisenhower",1953-01-20,1959-10-01,81,-2.09,6.93,-15.67,11.49,1.19,4.34,-2.17,10.86,5,94
"full","Eisenhower",1953-01-20,1959-11-01,82,2.69,7.73,-12.47,17.84,6.6,3.62,-2.89,10.13,4,89
"full","Eisenhower",1953-01-20,1959-12-01,83,7.84,5.88,-3.68,19.37,10.52,4.46,-2.05,10.97,7,218
"full","Eisenhower",1953-01-20,1960-01-01,84,5.63,7.73,-9.52,20.79,9.55,3.43,-3.08,9.94,4,95
"full","Eisenhower",1953-01-20,1960-02-01,85,2.85,6.93,-10.73,16.43,6.18,0.19,-6.32,6.7,5,114
"full","Eisenhower",1953-01-20,1960-03-01,86,-11.94,5.88,-23.46,-0.42,-9.27,-2.89,-9.41,3.62,7,118
"full","Eisenhower",1953-01-20,1960-04-01,87,2.03,7.73,-13.13,17.19,5.25,-5.59,-12.11,0.92,4,77
"full","Eisenhower",1953-01-20,1960-05-01,88,-12.8,6.34,-25.22,-0.37,-9.8,-5,-11.51,1.52,6,133
"full","Eisenhower",1953-01-20,1960-06-01,89,-1.17,6.93,-14.76,12.41,2.16,-4.01,-10.52,2.5,5,142
"full","Eisenhower",1953-01-20,1960-07-01,90,-3.48,10.89,-24.83,17.87,0.34,-0.48,-6.99,6.04,2,65
"full","Eisenhower",1953-01-20,1960-08-01,91,2.96,7.73,-12.2,18.12,6.88,4.22,-2.3,10.73,4,70
"full","Eisenhower",1953-01-20,1960-09-01,92,13.44,6.93,-0.15,27.02,16.11,6.59,0.08,13.1,5,105
"full","Eisenhower",1953-01-20,1960-10-01,93,9.29,7.73,-5.87,24.44,13.2,7.21,0.7,13.73,4,86
"full","Eisenhower",1953-01-20,1960-11-01,94,-0.6,7.73,-15.76,14.55,3.31,5.38,-0.56,11.31,4,67
"full","Eisenhower",1953-01-20,1960-12-01,95,9.56,8.91,-7.9,27.03,13.46,2.74,-4.62,10.1,3,53
"full","Eisenhower",1953-01-20,1961-01-01,96,-2.69,4.21,-10.95,5.57,-1.99,0.18,-10.15,10.51,5,98
"full","Ford",1974-08-09,1974-08-01,0,-15.51,3.96,-23.26,-7.75,6.65,-14.52,-19.88,-9.16,8,915
"full","Ford",1974-08-09,1974-09-01,1,-11.53,5.51,-22.33,-0.73,-8.93,-12.56,-16.39,-8.74,8,960
"full","Ford",1974-08-09,1974-10-01,2,-12.3,5.51,-23.1,-1.51,-9.7,-10.82,-13.91,-7.73,8,955
"full","Ford",1974-08-09,1974-11-01,3,-4.67,5.51,-15.47,6.13,-2.07,-9.46,-12.85,-6.07,8,693
"full","Ford",1974-08-09,1974-12-01,4,-9.79,5.51,-20.59,1.01,-7.19,-10.15,-13.54,-6.76,8,569
"full","Ford",1974-08-09,1975-01-01,5,-13,5.51,-23.8,-2.2,-10.4,-12.1,-15.49,-8.71,8,702
"full","Ford",1974-08-09,1975-02-01,6,-15.81,5.51,-26.61,-5.01,-13.21,-12.87,-16.26,-9.48,8,573
"full","Ford",1974-08-09,1975-03-01,7,-13.36,5.51,-24.16,-2.56,-10.76,-11.01,-14.4,-7.62,8,483
"full","Ford",1974-08-09,1975-04-01,8,-5.95,5.51,-16.75,4.85,-3.35,-7.78,-11.17,-4.39,8,532
"full","Ford",1974-08-09,1975-05-01,9,-2.91,5.51,-13.71,7.89,-0.31,-5.21,-8.6,-1.82,8,627
"full","Ford",1974-08-09,1975-06-01,10,-3.16,5.51,-13.96,7.64,-0.56,-5.21,-8.6,-1.82,8,566
"full","Ford",1974-08-09,1975-07-01,11,-7.04,5.51,-17.84,3.76,-4.44,-7.26,-10.65,-3.87,8,613
"full","Ford",1974-08-09,1975-08-01,12,-11.58,5.51,-22.38,-0.78,-8.97,-9.68,-13.07,-6.29,8,612
"full","Ford",1974-08-09,1975-09-01,13,-11.68,5.51,-22.48,-0.88,-9.08,-11.49,-14.88,-8.11,8,630
"full","Ford",1974-08-09,1975-10-01,14,-12.38,5.51,-23.18,-1.59,-9.78,-12.31,-15.7,-8.92,8,805
"full","Ford",1974-08-09,1975-11-01,15,-12.93,5.51,-23.73,-2.13,-10.33,-12.82,-16.21,-9.43,8,698
"full","Ford",1974-08-09,1975-12-01,16,-12.88,5.51,-23.68,-2.08,-10.27,-12.34,-15.73,-8.96,8,617
"full","Ford",1974-08-09,1976-01-01,17,-14.61,5.51,-25.4,-3.81,-12,-10.29,-13.67,-6.9,8,603
"full","Ford",1974-08-09,1976-02-01,18,-3.46,5.51,-14.26,7.34,-0.86,-7.99,-11.38,-4.61,8,570
"full","Ford",1974-08-09,1976-03-01,19,-6.07,5.51,-16.87,4.73,-3.47,-6.13,-9.52,-2.74,8,570
"full","Ford",1974-08-09,1976-04-01,20,-4.1,5.51,-14.89,6.7,-1.49,-6.09,-9.48,-2.7,8,418
"full","Ford",1974-08-09,1976-05-01,21,-9.84,5.51,-20.64,0.96,-7.24,-5.21,-8.59,-1.82,8,615
"full","Ford",1974-08-09,1976-06-01,22,-4.87,5.51,-15.67,5.92,-2.27,-3.11,-6.5,0.27,8,453
"full","Ford",1974-08-09,1976-07-01,23,5.26,5.51,-5.54,16.06,7.86,-1.4,-4.79,1.99,8,513
"full","Ford",1974-08-09,1976-08-01,24,-1.31,5.51,-12.11,9.49,1.29,-1.19,-4.58,2.2,8,659
"full","Ford",1974-08-09,1976-09-01,25,-3.41,5.51,-14.21,7.39,-0.81,-2.45,-5.84,0.94,8,846
"full","Ford",1974-08-09,1976-10-01,26,-8.01,5.51,-18.81,2.79,-5.41,-2.72,-6.11,0.67,8,1137
"full","Ford",1974-08-09,1976-11-01,27,3.94,5.51,-6.86,14.74,6.55,-2.51,-5.6,0.57,8,360
"full","Ford",1974-08-09,1976-12-01,28,-4.24,5.51,-15.03,6.56,-1.63,-1.97,-5.8,1.86,8,273
"full","Ford",1974-08-09,1977-01-01,29,-1.79,3.96,-9.55,5.96,3.39,-1.51,-6.88,3.86,8,297
"full","Johnson",1963-11-22,1963-11-01,0,8.37,3.74,1.03,15.71,20.71,8.1,0.48,15.72,9,337
"full","Johnson",1963-11-22,1963-12-01,1,8.02,5.2,-2.18,18.22,10.41,6.62,1.17,12.06,9,761
"full","Johnson",1963-11-22,1964-01-01,2,3.02,5.2,-7.18,13.23,5.41,5.33,0.94,9.72,9,680
"full","Johnson",1963-11-22,1964-02-01,3,2.39,5.2,-7.81,12.59,4.78,4.04,-0.77,8.86,9,452
"full","Johnson",1963-11-22,1964-03-01,4,5.86,5.2,-4.34,16.06,8.25,3.86,-0.95,8.68,9,448
"full","Johnson",1963-11-22,1964-04-01,5,2.77,5.2,-7.43,12.97,5.16,4.72,-0.1,9.54,9,494
"full","Johnson",1963-11-22,1964-05-01,6,5.54,5.51,-5.26,16.34,8.14,5.88,1.07,10.7,8,450
"full","Johnson",1963-11-22,1964-06-01,7,7.62,5.2,-2.58,17.82,10.01,7.78,2.97,12.6,9,409
"full","Johnson",1963-11-22,1964-07-01,8,10.43,5.2,0.23,20.63,12.82,10.64,5.82,15.45,9,387
"full","Johnson",1963-11-22,1964-08-01,9,12.23,5.2,2.03,22.43,14.62,13.61,8.8,18.43,9,628
"full","Johnson",1963-11-22,1964-09-01,10,19.97,5.2,9.77,30.17,22.36,16.01,11.2,20.83,9,616
"full","Johnson",1963-11-22,1964-10-01,11,15.46,5.2,5.26,25.66,17.84,16.71,11.89,21.53,9,774
"full","Johnson",1963-11-22,1964-11-01,12,21.37,5.51,10.57,32.17,23.8,13.68,8.86,18.49,8,475
"full","Johnson",1963-11-22,1964-12-01,13,4.48,5.2,-5.72,14.68,6.87,10.53,5.72,15.35,9,310
"full","Johnson",1963-11-22,1965-01-01,14,4.29,5.2,-5.91,14.49,6.68,7.47,2.65,12.29,9,438
"full","Johnson",1963-11-22,1965-02-01,15,11.2,5.88,-0.32,22.73,13.88,5.46,0.64,10.27,7,351
"full","Johnson",1963-11-22,1965-03-01,16,0.8,5.51,-10,11.6,3.4,4.72,-0.1,9.53,8,357
"full","Johnson",1963-11-22,1965-04-01,17,4.87,5.51,-5.93,15.67,7.29,2.43,-2.39,7.25,8,371
"full","Johnson",1963-11-22,1965-05-01,18,-0.6,5.2,-10.8,9.6,1.79,1.36,-3.46,6.18,9,420
"full","Johnson",1963-11-22,1965-06-01,19,-1.41,5.51,-12.21,9.39,1.01,1.66,-3.16,6.47,8,357
"full","Johnson",1963-11-22,1965-07-01,20,5.64,5.51,-5.16,16.44,8.24,3.45,-1.37,8.26,8,391
"full","Johnson",1963-11-22,1965-08-01,21,2.84,5.2,-7.36,13.04,5.23,5.7,0.89,10.52,9,377
"full","Johnson",1963-11-22,1965-09-01,22,15.19,5.2,4.99,25.39,17.58,4.89,0.08,9.71,9,280
"full","Johnson",1963-11-22,1965-10-01,23,-3.13,5.2,-13.33,7.07,-0.74,2.78,-2.03,7.6,9,286
"full","Johnson",1963-11-22,1965-11-01,24,0.42,5.51,-10.38,11.22,3.02,-0.66,-5.48,4.15,8,245
"full","Johnson",1963-11-22,1965-12-01,25,-6.03,5.51,-16.83,4.77,-3.43,-1.7,-6.51,3.12,8,251
"full","Johnson",1963-11-22,1966-01-01,26,0.44,5.2,-9.76,10.64,2.83,-0.95,-5.77,3.86,9,340
"full","Johnson",1963-11-22,1966-02-01,27,1.26,5.88,-10.27,12.78,3.93,-0.14,-4.95,4.68,7,271
"full","Johnson",1963-11-22,1966-03-01,28,1.03,6.34,-11.39,13.45,3.93,-0.5,-5.32,4.31,6,255
"full","Johnson",1963-11-22,1966-04-01,29,-2.73,5.88,-14.25,8.8,-0.05,-2.14,-6.95,2.68,7,263
"full","Johnson",1963-11-22,1966-05-01,30,-4.65,5.51,-15.45,6.15,-2.23,-3.26,-8.08,1.55,8,273
"full","Johnson",1963-11-22,1966-06-01,31,-5.51,5.51,-16.31,5.29,-3.09,-3.71,-8.52,1.11,8,252
"full","Johnson",1963-11-22,1966-07-01,32,0.8,5.88,-10.72,12.32,3.47,-4.44,-9.26,0.38,7,271
"full","Johnson",1963-11-22,1966-08-01,33,-8.64,5.2,-18.84,1.56,-6.25,-4.06,-8.88,0.75,9,299
"full","Johnson",1963-11-22,1966-09-01,34,-5.76,5.51,-16.56,5.04,-3.34,-3.68,-8.5,1.14,8,342
"full","Johnson",1963-11-22,1966-10-01,35,2.39,5.2,-7.81,12.59,4.78,-2.36,-7.18,2.45,9,400
"full","Johnson",1963-11-22,1966-11-01,36,-5.03,5.51,-15.83,5.77,-2.43,-0.34,-5.15,4.48,8,265
"full","Johnson",1963-11-22,1966-12-01,37,5.82,5.51,-4.98,16.62,8.42,-0.03,-4.84,4.79,8,212
"full","Johnson",1963-11-22,1967-01-01,38,-4.21,5.51,-15.01,6.58,-1.79,0.64,-4.17,5.46,8,255
"full","Johnson",1963-11-22,1967-02-01,39,4.3,5.88,-7.22,15.82,6.97,0.9,-3.92,5.71,7,241
"full","Johnson",1963-11-22,1967-03-01,40,-2.41,5.51,-13.21,8.39,0.01,2,-2.81,6.82,8,308
"full","Johnson",1963-11-22,1967-04-01,41,7.75,5.51,-3.05,18.55,10.17,1.88,-2.94,6.69,8,250
"full","Johnson",1963-11-22,1967-05-01,42,0.28,5.51,-10.51,11.08,2.71,2.02,-2.79,6.84,8,244
"full","Johnson",1963-11-22,1967-06-01,43,-2.33,5.51,-13.13,8.47,0.27,1.46,-3.36,6.27,8,235
"full","Johnson",1963-11-22,1967-07-01,44,7.94,5.51,-2.86,18.74,10.36,-1.55,-6.37,3.26,8,168
"full","Johnson",1963-11-22,1967-08-01,45,-7.57,5.88,-19.09,3.95,-4.9,-5.7,-10.51,-0.88,7,251
"full","Johnson",1963-11-22,1967-09-01,46,-13.23,5.88,-24.75,-1.7,-10.55,-10.89,-15.71,-6.07,7,220
"full","Johnson",1963-11-22,1967-10-01,47,-19.34,5.88,-30.86,-7.81,-16.66,-12.17,-16.98,-7.35,7,233
"full","Johnson",1963-11-22,1967-11-01,48,-9.85,5.51,-20.64,0.95,-7.24,-8.91,-13.72,-4.09,8,288
"full","Johnson",1963-11-22,1967-12-01,49,0.6,5.51,-10.2,11.4,3.2,-3.83,-8.65,0.98,8,290
"full","Johnson",1963-11-22,1968-01-01,50,0.5,5.51,-10.3,11.3,3.1,0.23,-4.59,5.04,8,299
"full","Johnson",1963-11-22,1968-02-01,51,3.28,5.51,-7.52,14.08,5.88,1.43,-3.38,6.25,8,227
"full","Johnson",1963-11-22,1968-03-01,52,0.73,5.51,-10.07,11.53,3.33,2.05,-2.77,6.87,8,340
"full","Johnson",1963-11-22,1968-04-01,53,1.16,5.51,-9.64,11.96,3.76,1.92,-2.89,6.74,8,312
"full","Johnson",1963-11-22,1968-05-01,54,6.52,5.88,-5,18.04,9.19,0.45,-4.36,5.27,7,191
"full","Johnson",1963-11-22,1968-06-01,55,-5.95,5.88,-17.47,5.57,-3.28,-0.35,-5.16,4.47,7,186
"full","Johnson",1963-11-22,1968-07-01,56,-2.65,5.51,-13.44,8.15,-0.04,-0.73,-5.54,4.09,8,205
"full","Johnson",1963-11-22,1968-08-01,57,2.51,5.51,-8.29,13.31,5.11,-0.13,-4.95,4.69,8,200
"full","Johnson",1963-11-22,1968-09-01,58,2.64,5.88,-8.88,14.16,5.31,1.95,-2.87,6.77,7,173
"full","Johnson",1963-11-22,1968-10-01,59,-2.53,5.88,-14.05,9,0.15,3.92,-0.9,8.74,7,193
"full","Johnson",1963-11-22,1968-11-01,60,14.61,5.51,3.81,25.41,17.21,3.74,-0.65,8.12,8,184
"full","Johnson",1963-11-22,1968-12-01,61,-0.28,5.88,-11.8,11.24,2.39,3.96,-1.48,9.4,7,178
"full","Johnson",1963-11-22,1969-01-01,62,3.25,4.08,-4.74,11.25,11,3.86,-3.78,11.49,7,152
"full","Kennedy",1961-01-20,1961-01-01,0,-2.69,4.21,-10.95,5.57,1.13,0.29,-5.94,6.51,9,459
"full","Kennedy",1961-01-20,1961-02-01,1,3.09,5.2,-7.11,13.29,5.47,0.45,-4,4.89,9,859
"full","Kennedy",1961-01-20,1961-03-01,2,3.15,5.2,-7.05,13.35,5.53,0.5,-3.08,4.08,9,891
"full","Kennedy",1961-01-20,1961-04-01,3,-0.44,5.2,-10.64,9.76,1.95,0.33,-3.61,4.26,9,748
"full","Kennedy",1961-01-20,1961-05-01,4,-3.41,5.2,-13.61,6.79,-1.02,-0.18,-4.11,3.75,9,769
"full","Kennedy",1961-01-20,1961-06-01,5,2.1,5.2,-8.1,12.3,4.48,-0.1,-4.04,3.83,9,724
"full","Kennedy",1961-01-20,1961-07-01,6,0.57,5.2,-9.63,10.77,2.96,0.07,-3.86,4.01,9,588
"full","Kennedy",1961-01-20,1961-08-01,7,0.67,5.2,-9.53,10.87,3.06,-1.16,-5.1,2.77,9,466
"full","Kennedy",1961-01-20,1961-09-01,8,-4.61,5.51,-15.41,6.19,-2.19,-2.24,-6.17,1.7,8,435
"full","Kennedy",1961-01-20,1961-10-01,9,-5.28,5.2,-15.48,4.92,-2.89,-1.74,-5.67,2.19,9,500
"full","Kennedy",1961-01-20,1961-11-01,10,2.1,5.2,-8.1,12.3,4.49,0.19,-3.74,4.13,9,546
"full","Kennedy",1961-01-20,1961-12-01,11,3.52,5.2,-6.68,13.72,5.91,2.5,-1.43,6.44,9,561
"full","Kennedy",1961-01-20,1962-01-01,12,5.02,5.2,-5.18,15.22,7.4,3.53,-0.41,7.46,9,617
"full","Kennedy",1961-01-20,1962-02-01,13,1.95,5.2,-8.25,12.15,4.34,3.44,-0.5,7.37,9,702
"full","Kennedy",1961-01-20,1962-03-01,14,4.72,5.2,-5.48,14.92,7.11,2.05,-1.88,5.98,9,735
"full","Kennedy",1961-01-20,1962-04-01,15,0.26,5.2,-9.94,10.46,2.65,-0.3,-4.23,3.64,9,552
"full","Kennedy",1961-01-20,1962-05-01,16,-3.74,5.2,-13.94,6.46,-1.35,-2.98,-6.91,0.95,9,647
"full","Kennedy",1961-01-20,1962-06-01,17,-8.16,5.2,-18.36,2.04,-5.77,-5.06,-8.99,-1.12,9,620
"full","Kennedy",1961-01-20,1962-07-01,18,-3.53,5.2,-13.73,6.67,-1.14,-5.18,-9.12,-1.25,9,540
"full","Kennedy",1961-01-20,1962-08-01,19,-8.74,5.51,-19.54,2.06,-6.14,-1.86,-5.79,2.08,8,533
"full","Kennedy",1961-01-20,1962-09-01,20,5.39,5.51,-5.41,16.19,7.99,1.05,-2.88,4.98,8,522
"full","Kennedy",1961-01-20,1962-10-01,21,9.92,5.2,-0.28,20.12,12.31,2.16,-1.77,6.1,9,647
"full","Kennedy",1961-01-20,1962-11-01,22,-4.48,5.2,-14.68,5.72,-2.1,1.68,-2.26,5.61,9,384
"full","Kennedy",1961-01-20,1962-12-01,23,-0.43,5.2,-10.63,9.77,1.95,-0.98,-4.92,2.95,9,464
"full","Kennedy",1961-01-20,1963-01-01,24,-0.08,5.2,-10.28,10.12,2.31,-3.66,-7.6,0.27,9,500
"full","Kennedy",1961-01-20,1963-02-01,25,-6.81,5.2,-17.01,3.39,-4.42,-6.13,-10.07,-2.2,9,416
"full","Kennedy",1961-01-20,1963-03-01,26,-13.36,5.2,-23.56,-3.16,-10.97,-7.66,-11.59,-3.72,9,380
"full","Kennedy",1961-01-20,1963-04-01,27,-6.9,5.2,-17.1,3.3,-4.51,-7.45,-11.39,-3.52,9,452
"full","Kennedy",1961-01-20,1963-05-01,28,-2.97,5.2,-13.17,7.23,-0.58,-6.06,-9.99,-2.13,9,516
"full","Kennedy",1961-01-20,1963-06-01,29,-6.05,5.2,-16.25,4.15,-3.66,-5.3,-9.24,-1.37,9,648
"full","Kennedy",1961-01-20,1963-07-01,30,-5.49,5.51,-16.29,5.31,-2.89,-5.74,-9.68,-1.81,8,430
"full","Kennedy",1961-01-20,1963-08-01,31,-7.06,5.2,-17.26,3.14,-4.67,-6.08,-10.01,-2.15,9,348
"full","Kennedy",1961-01-20,1963-09-01,32,-5.09,5.2,-15.29,5.11,-2.7,-3.79,-7.37,-0.2,9,482
"full","Kennedy",1961-01-20,1963-10-01,33,-7.35,5.2,-17.55,2.85,-4.96,-0.69,-5.14,3.75,9,472
"full","Kennedy",1961-01-20,1963-11-01,34,8.37,3.74,1.03,15.71,0.81,2.67,-3.57,8.9,9,278
"full","Nixon",1969-01-20,1969-01-01,0,3.25,4.08,-4.74,11.25,1.41,-0.12,-6.35,6.1,8,395
"full","Nixon",1969-01-20,1969-02-01,1,-3.88,5.51,-14.68,6.92,-1.28,-1.46,-5.9,2.99,8,890
"full","Nixon",1969-01-20,1969-03-01,2,-6.57,5.51,-17.37,4.22,-3.97,-2.62,-6.2,0.97,8,856
"full","Nixon",1969-01-20,1969-04-01,3,-2.62,5.51,-13.42,8.18,-0.01,-3.54,-7.47,0.39,8,740
"full","Nixon",1969-01-20,1969-05-01,4,-0.1,5.51,-10.9,10.7,2.5,-3.83,-7.77,0.1,8,665
"full","Nixon",1969-01-20,1969-06-01,5,-6.9,5.51,-17.7,3.9,-4.3,-4.14,-8.07,-0.2,8,624
"full","Nixon",1969-01-20,1969-07-01,6,-7.07,5.51,-17.87,3.73,-4.47,-5.61,-9.55,-1.68,8,774
"full","Nixon",1969-01-20,1969-08-01,7,-0.55,5.51,-11.35,10.24,2.05,-7.33,-11.26,-3.39,8,705
"full","Nixon",1969-01-20,1969-09-01,8,-16.64,5.51,-27.44,-5.84,-14.04,-6.3,-10.24,-2.37,8,634
"full","Nixon",1969-01-20,1969-10-01,9,-4,5.51,-14.8,6.8,-1.39,-4.56,-8.49,-0.62,8,692
"full","Nixon",1969-01-20,1969-11-01,10,3.48,5.51,-7.32,14.28,6.08,-2,-5.94,1.93,8,768
"full","Nixon",1969-01-20,1969-12-01,11,0.21,5.51,-10.59,11.01,2.81,-1.03,-4.97,2.9,8,690
"full","Nixon",1969-01-20,1970-01-01,12,-3.66,5.51,-14.46,7.13,-1.06,-3.25,-7.18,0.68,8,636
"full","Nixon",1969-01-20,1970-02-01,13,-6.46,5.51,-17.26,4.34,-3.86,-6.02,-9.95,-2.08,8,614
"full","Nixon",1969-01-20,1970-03-01,14,-9.45,5.51,-20.25,1.35,-6.85,-7.48,-11.41,-3.54,8,657
"full","Nixon",1969-01-20,1970-04-01,15,-8.22,5.51,-19.01,2.58,-5.61,-7.99,-11.92,-4.06,8,585
"full","Nixon",1969-01-20,1970-05-01,16,-6.32,5.51,-17.12,4.48,-3.72,-8.65,-12.58,-4.71,8,866
"full","Nixon",1969-01-20,1970-06-01,17,-9.4,5.51,-20.2,1.4,-6.8,-9.56,-13.5,-5.63,8,699
"full","Nixon",1969-01-20,1970-07-01,18,-13.69,5.51,-24.49,-2.89,-11.09,-9.61,-13.55,-5.68,8,586
"full","Nixon",1969-01-20,1970-08-01,19,-9.1,5.51,-19.9,1.7,-6.5,-8.4,-12.34,-4.47,8,517
"full","Nixon",1969-01-20,1970-09-01,20,-3.07,5.51,-13.87,7.73,-0.47,-7.17,-11.1,-3.23,8,578
"full","Nixon",1969-01-20,1970-10-01,21,-5.52,5.51,-16.32,5.28,-2.92,-7.5,-11.43,-3.56,8,850
"full","Nixon",1969-01-20,1970-11-01,22,-11.67,5.51,-22.46,-0.87,-9.06,-9.16,-13.09,-5.23,8,550
"full","Nixon",1969-01-20,1970-12-01,23,-12.22,5.51,-23.02,-1.42,-9.62,-10.73,-14.66,-6.8,8,612
"full","Nixon",1969-01-20,1971-01-01,24,-9.55,5.51,-20.35,1.25,-6.95,-11.24,-15.18,-7.31,8,584
"full","Nixon",1969-01-20,1971-02-01,25,-12.29,5.51,-23.09,-1.49,-9.69,-10.53,-14.46,-6.6,8,553
"full","Nixon",1969-01-20,1971-03-01,26,-10.5,5.51,-21.3,0.3,-7.89,-8.62,-12.56,-4.69,8,644
"full","Nixon",1969-01-20,1971-04-01,27,-6.38,5.51,-17.18,4.42,-3.78,-5.52,-9.45,-1.58,8,660
"full","Nixon",1969-01-20,1971-05-01,28,1.35,5.51,-9.45,12.14,3.95,-2.71,-6.65,1.22,8,563
"full","Nixon",1969-01-20,1971-06-01,29,-1.09,5.51,-11.89,9.71,1.51,-1.84,-5.77,2.1,8,500
"full","Nixon",1969-01-20,1971-07-01,30,-1.34,5.51,-12.14,9.46,1.26,-3.14,-7.07,0.79,8,648
"full","Nixon",1969-01-20,1971-08-01,31,-8.88,5.51,-19.68,1.92,-6.27,-4.55,-8.48,-0.62,8,722
"full","Nixon",1969-01-20,1971-09-01,32,-3.33,5.51,-14.13,7.47,-0.72,-6.18,-10.11,-2.24,8,685
"full","Nixon",1969-01-20,1971-10-01,33,-6.95,5.51,-17.74,3.85,-4.34,-6.49,-10.43,-2.56,8,711
"full","Nixon",1969-01-20,1971-11-01,34,-10.27,5.51,-21.07,0.53,-7.67,-6.2,-10.13,-2.26,8,606
"full","Nixon",1969-01-20,1971-12-01,35,-1.23,5.51,-12.03,9.57,1.37,-6.22,-10.16,-2.29,8,717
"full","Nixon",1969-01-20,1972-01-01,36,-8.16,5.51,-18.96,2.64,-5.56,-6.06,-9.99,-2.13,8,766
"full","Nixon",1969-01-20,1972-02-01,37,-4.48,5.51,-15.28,6.31,-1.88,-7.76,-11.69,-3.82,8,849
"full","Nixon",1969-01-20,1972-03-01,38,-12.25,5.51,-23.05,-1.45,-9.65,-8.76,-12.69,-4.83,8,615
"full","Nixon",1969-01-20,1972-04-01,39,-11.14,5.51,-21.94,-0.34,-8.54,-7.42,-11.35,-3.48,8,585
"full","Nixon",1969-01-20,1972-05-01,40,-4.21,5.51,-15.01,6.58,-1.61,-4.03,-7.96,-0.09,8,771
"full","Nixon",1969-01-20,1972-06-01,41,4.5,5.51,-6.3,15.3,7.1,-0.22,-4.16,3.71,8,506
"full","Nixon",1969-01-20,1972-07-01,42,1.1,5.51,-9.7,11.9,3.7,2.41,-1.52,6.35,8,530
"full","Nixon",1969-01-20,1972-08-01,43,3.95,5.51,-6.84,14.75,6.56,3.2,-0.74,7.13,8,844
"full","Nixon",1969-01-20,1972-09-01,44,3.52,5.51,-7.28,14.32,6.12,3.97,0.04,7.91,8,744
"full","Nixon",1969-01-20,1972-10-01,45,4.28,5.51,-6.52,15.08,6.88,3.5,-0.43,7.43,8,1097
"full","Nixon",1969-01-20,1972-11-01,46,7.42,5.51,-3.38,18.22,10.02,0.13,-3.8,4.06,8,812
"full","Nixon",1969-01-20,1972-12-01,47,-9.27,5.51,-20.07,1.53,-6.67,-3.66,-7.6,0.27,8,521
"full","Nixon",1969-01-20,1973-01-01,48,-10.74,5.51,-21.54,0.06,-8.14,-7.23,-11.16,-3.3,8,661
"full","Nixon",1969-01-20,1973-02-01,49,-5.8,5.51,-16.6,5,-3.2,-9.18,-13.12,-5.25,8,716
"full","Nixon",1969-01-20,1973-03-01,50,-10.24,5.51,-21.04,0.56,-7.64,-10.05,-13.99,-6.12,8,669
"full","Nixon",1969-01-20,1973-04-01,51,-12.12,5.51,-22.92,-1.32,-9.51,-11.45,-15.38,-7.52,8,670
"full","Nixon",1969-01-20,1973-05-01,52,-14.44,5.51,-25.24,-3.64,-11.83,-12.48,-16.42,-8.55,8,959
"full","Nixon",1969-01-20,1973-06-01,53,-10.61,5.51,-21.41,0.19,-8.01,-13.19,-17.12,-9.26,8,825
"full","Nixon",1969-01-20,1973-07-01,54,-14.83,5.51,-25.63,-4.03,-12.23,-12.89,-16.82,-8.95,8,964
"full","Nixon",1969-01-20,1973-08-01,55,-14.25,5.51,-25.05,-3.45,-11.65,-13.19,-17.12,-9.25,8,881
"full","Nixon",1969-01-20,1973-09-01,56,-8.09,5.51,-18.89,2.7,-5.49,-14.22,-18.15,-10.28,8,699
"full","Nixon",1969-01-20,1973-10-01,57,-21.57,5.51,-32.37,-10.77,-18.96,-13.82,-17.75,-9.88,8,775
"full","Nixon",1969-01-20,1973-11-01,58,-12.26,5.51,-23.06,-1.46,-9.66,-14.07,-18,-10.14,8,1032
"full","Nixon",1969-01-20,1973-12-01,59,-9.8,5.51,-20.6,1,-7.2,-13.76,-17.7,-9.83,8,793
"full","Nixon",1969-01-20,1974-01-01,60,-16.95,5.51,-27.75,-6.15,-14.35,-14.1,-18.04,-10.17,8,886
"full","Nixon",1969-01-20,1974-02-01,61,-13.02,5.51,-23.82,-2.22,-10.42,-16.12,-20.05,-12.18,8,782
"full","Nixon",1969-01-20,1974-03-01,62,-21.59,5.51,-32.39,-10.79,-18.99,-16.78,-20.72,-12.85,8,932
"full","Nixon",1969-01-20,1974-04-01,63,-15.16,5.51,-25.96,-4.37,-12.56,-16.67,-20.61,-12.74,8,899
"full","Nixon",1969-01-20,1974-05-01,64,-16.63,5.51,-27.43,-5.83,-14.03,-15.82,-19.75,-11.89,8,1112
"full","Nixon",1969-01-20,1974-06-01,65,-12.19,5.51,-22.99,-1.39,-9.59,-15.89,-19.47,-12.31,8,998
"full","Nixon",1969-01-20,1974-07-01,66,-18.72,5.51,-29.52,-7.92,-16.12,-15.86,-20.3,-11.42,8,855
"full","Nixon",1969-01-20,1974-08-01,67,-15.51,3.96,-23.26,-7.75,-32.46,-16.04,-22.28,-9.81,8,275
"full","Obama",2009-01-20,2009-01-01,0,5.2,2.27,0.74,9.65,12.13,-0.66,-10.9,9.58,35,1004
"full","Obama",2009-01-20,2009-02-01,1,-8.12,2.87,-13.74,-2.49,-7,-3.17,-10.48,4.14,32,1115
"full","Obama",2009-01-20,2009-03-01,2,-10.67,2.87,-16.3,-5.05,-9.46,-5.4,-11.29,0.5,32,1213
"full","Obama",2009-01-20,2009-04-01,3,-6.15,2.91,-11.85,-0.45,-4.08,-7.08,-13.55,-0.61,31,1085
"full","Obama",2009-01-20,2009-05-01,4,-2.92,3,-8.79,2.95,-2.12,-7.06,-13.54,-0.59,29,929
"full","Obama",2009-01-20,2009-06-01,5,-10.17,2.95,-15.96,-4.39,-8.98,-8.44,-14.91,-1.97,30,924
"full","Obama",2009-01-20,2009-07-01,6,-9.74,3.27,-16.14,-3.34,-9.29,-10.88,-17.36,-4.41,24,729
"full","Obama",2009-01-20,2009-08-01,7,-16.58,3.2,-22.86,-10.3,-16.06,-11.78,-18.25,-5.3,25,643
"full","Obama",2009-01-20,2009-09-01,8,-9.37,2.79,-14.83,-3.9,-7.95,-12.92,-19.39,-6.45,34,1065
"full","Obama",2009-01-20,2009-10-01,9,-10.97,3,-16.84,-5.09,-9.97,-14.22,-20.69,-7.75,29,763
"full","Obama",2009-01-20,2009-11-01,10,-21.89,3.15,-28.06,-15.72,-20.92,-15.61,-22.08,-9.14,26,587
"full","Obama",2009-01-20,2009-12-01,11,-13.97,3.15,-20.14,-7.8,-13.17,-17.46,-23.93,-10.99,26,642
"full","Obama",2009-01-20,2010-01-01,12,-19.95,3.09,-26.01,-13.88,-19.23,-16.42,-22.89,-9.95,27,716
"full","Obama",2009-01-20,2010-02-01,13,-16.25,3.15,-22.42,-10.09,-15.73,-14.23,-20.71,-7.76,26,567
"full","Obama",2009-01-20,2010-03-01,14,-7.54,3.2,-13.82,-1.27,-6.44,-12.72,-19.19,-6.25,25,535
"full","Obama",2009-01-20,2010-04-01,15,-11.21,3.15,-17.38,-5.04,-10.7,-12.91,-19.38,-6.43,26,544
"full","Obama",2009-01-20,2010-05-01,16,-15.15,3.33,-21.67,-8.62,-14.86,-15.16,-21.63,-8.69,23,465
"full","Obama",2009-01-20,2010-06-01,17,-22.43,3.26,-28.83,-16.03,-22.08,-16.44,-22.91,-9.97,24,503
"full","Obama",2009-01-20,2010-07-01,18,-14.31,3.47,-21.11,-7.51,-13.87,-15.84,-22.31,-9.36,21,405
"full","Obama",2009-01-20,2010-08-01,19,-13.23,3.33,-19.75,-6.71,-12.35,-13.26,-19.73,-6.78,23,353
"full","Obama",2009-01-20,2010-09-01,20,-10.69,3.2,-16.97,-4.41,-9.95,-12.06,-18.54,-5.59,25,471
"full","Obama",2009-01-20,2010-10-01,21,-8.04,3.41,-14.72,-1.35,-6.84,-12.75,-19.22,-6.28,22,349
"full","Obama",2009-01-20,2010-11-01,22,-21.09,3.64,-28.21,-13.96,-19.44,-11.55,-18.02,-5.07,19,381
"full","Obama",2009-01-20,2010-12-01,23,-9.7,3.65,-16.85,-2.55,-7.48,-9.51,-15.99,-3.04,19,365
"full","Obama",2009-01-20,2011-01-01,24,1.28,3.55,-5.68,8.24,2.56,-8.55,-15.02,-2.08,20,421
"full","Obama",2009-01-20,2011-02-01,25,-8.45,3.4,-15.11,-1.8,-6.42,-10.1,-16.58,-3.63,22,393
"full","Obama",2009-01-20,2011-03-01,26,-21.52,3.33,-28.04,-15,-20.42,-12.2,-18.67,-5.73,23,402
"full","Obama",2009-01-20,2011-04-01,27,-15.18,3.26,-21.58,-8.79,-15.01,-12.91,-19.38,-6.43,24,437
"full","Obama",2009-01-20,2011-05-01,28,-0.9,3.2,-7.18,5.38,0.18,-13.31,-19.78,-6.84,25,517
"full","Obama",2009-01-20,2011-06-01,29,-19.52,3.47,-26.32,-12.72,-18.29,-14.93,-21.4,-8.46,21,412
"full","Obama",2009-01-20,2011-07-01,30,-20.03,3.55,-26.99,-13.07,-18.85,-18.23,-24.7,-11.76,20,393
"full","Obama",2009-01-20,2011-08-01,31,-24.38,3.47,-31.19,-17.58,-22.89,-18.77,-25.25,-12.3,21,361
"full","Obama",2009-01-20,2011-09-01,32,-11.32,3.15,-17.49,-5.16,-10.49,-16.47,-22.95,-10,26,609
"full","Obama",2009-01-20,2011-10-01,33,-17.82,3.26,-24.22,-11.43,-17.2,-12.6,-19.07,-6.13,24,416
"full","Obama",2009-01-20,2011-11-01,34,-4,4.2,-12.23,4.22,-1.83,-10.01,-16.48,-3.54,14,289
"full","Obama",2009-01-20,2011-12-01,35,-11.14,3.95,-18.89,-3.39,-10.05,-7.23,-13.7,-0.76,16,259
"full","Obama",2009-01-20,2012-01-01,36,-3.04,3.33,-9.56,3.48,-2.08,-6.73,-13.2,-0.26,23,493
"full","Obama",2009-01-20,2012-02-01,37,-4.46,3.47,-11.26,2.34,-2.41,-7.95,-14.43,-1.48,21,435
"full","Obama",2009-01-20,2012-03-01,38,-14.56,3.65,-21.71,-7.41,-13.62,-9.36,-15.83,-2.89,19,418
"full","Obama",2009-01-20,2012-04-01,39,-10.45,3.55,-17.41,-3.5,-8.57,-11.36,-17.83,-4.89,20,421
"full","Obama",2009-01-20,2012-05-01,40,-10.54,3.47,-17.34,-3.74,-8.71,-12.55,-19.02,-6.07,21,537
"full","Obama",2009-01-20,2012-06-01,41,-14.78,3.4,-21.43,-8.12,-13.89,-12.64,-19.11,-6.17,22,429
"full","Obama",2009-01-20,2012-07-01,42,-15.93,3.83,-23.44,-8.42,-15.25,-10.73,-17.2,-4.26,17,378
"full","Obama",2009-01-20,2012-08-01,43,-5.62,3.74,-12.96,1.71,-4.45,-7.57,-14.04,-1.09,18,435
"full","Obama",2009-01-20,2012-09-01,44,1.29,3.33,-5.23,7.81,2.23,-3.36,-9.83,3.11,23,670
"full","Obama",2009-01-20,2012-10-01,45,-7.19,3.4,-13.85,-0.53,-6.31,-0.06,-6.53,6.41,22,689
"full","Obama",2009-01-20,2012-11-01,46,11.45,3.47,4.65,18.26,12.48,-0.6,-7.07,5.87,21,579
"full","Obama",2009-01-20,2012-12-01,47,-7.01,3.95,-14.76,0.74,-4.59,-2.43,-8.9,4.04,16,287
"full","Obama",2009-01-20,2013-01-01,48,-3.73,3.33,-10.25,2.8,-2.74,-6.89,-13.37,-0.42,23,522
"full","Obama",2009-01-20,2013-02-01,49,-16.74,3.74,-24.08,-9.41,-14.59,-9.28,-15.75,-2.81,18,341
"full","Obama",2009-01-20,2013-03-01,50,-8.79,4.36,-17.33,-0.24,-6.71,-10.93,-17.41,-4.46,13,278
"full","Obama",2009-01-20,2013-04-01,51,-5.59,3.84,-13.12,1.94,-3.49,-13.36,-19.84,-6.89,17,283
"full","Obama",2009-01-20,2013-05-01,52,-23.1,4.21,-31.35,-14.84,-20.74,-13.94,-20.41,-7.46,14,361
"full","Obama",2009-01-20,2013-06-01,53,-19.06,4.73,-28.32,-9.79,-16.78,-13.87,-20.34,-7.4,11,289
"full","Obama",2009-01-20,2013-07-01,54,-1.04,4.21,-9.3,7.21,0.68,-13.62,-20.09,-7.15,14,233
"full","Obama",2009-01-20,2013-08-01,55,-16.5,3.73,-23.81,-9.19,-14.74,-14,-20.47,-7.53,18,362
"full","Obama",2009-01-20,2013-09-01,56,-18.89,3.74,-26.22,-11.56,-16.78,-19.77,-26.24,-13.29,18,361
"full","Obama",2009-01-20,2013-10-01,57,-22.47,4.53,-31.35,-13.58,-20.34,-25.7,-32.18,-19.23,12,231
"full","Obama",2009-01-20,2013-11-01,58,-42.44,3.95,-50.19,-34.69,-40.3,-26.9,-33.37,-20.43,16,260
"full","Obama",2009-01-20,2013-12-01,59,-18.76,4.08,-26.75,-10.77,-16.79,-26.07,-32.54,-19.59,15,275
"full","Obama",2009-01-20,2014-01-01,60,-22.54,3.83,-30.05,-15.04,-20.8,-21.52,-27.99,-15.05,17,316
"full","Obama",2009-01-20,2014-02-01,61,-17.7,4.2,-25.93,-9.47,-15.86,-18.51,-24.99,-12.04,14,235
"full","Obama",2009-01-20,2014-03-01,62,-14.52,3.47,-21.32,-7.71,-13.37,-18.24,-24.71,-11.77,21,396
"full","Obama",2009-01-20,2014-04-01,63,-20.52,4.35,-29.04,-12,-18.39,-19.3,-25.77,-12.82,13,227
"full","Obama",2009-01-20,2014-05-01,64,-20.14,4.73,-29.41,-10.88,-17.81,-22.24,-28.72,-15.77,11,223
"full","Obama",2009-01-20,2014-06-01,65,-27.46,3.94,-35.18,-19.74,-25.56,-24.66,-31.13,-18.19,16,328
"full","Obama",2009-01-20,2014-07-01,66,-27.06,4.2,-35.29,-18.84,-25.18,-25.37,-31.84,-18.9,14,266
"full","Obama",2009-01-20,2014-08-01,67,-26.18,3.83,-33.69,-18.68,-24.53,-24.93,-31.4,-18.46,17,304
"full","Obama",2009-01-20,2014-09-01,68,-18.32,3.83,-25.82,-10.81,-16.59,-23.64,-30.11,-17.16,17,345
"full","Obama",2009-01-20,2014-10-01,69,-30.28,4.08,-38.26,-22.29,-28.21,-21.11,-27.59,-14.64,15,243
"full","Obama",2009-01-20,2014-11-01,70,-11.92,3.94,-19.64,-4.2,-10.18,-18.64,-25.12,-12.17,16,441
"full","Obama",2009-01-20,2014-12-01,71,-20.47,4.2,-28.69,-12.24,-18.64,-15.18,-21.66,-8.71,14,245
"full","Obama",2009-01-20,2015-01-01,72,-3.76,4.06,-11.72,4.2,-1.57,-15.69,-22.16,-9.22,15,417
"full","Obama",2009-01-20,2015-02-01,73,-22.55,3.94,-30.27,-14.83,-20.65,-16.43,-22.91,-9.96,16,323
"full","Obama",2009-01-20,2015-03-01,74,-23.88,4.06,-31.84,-15.92,-22.12,-15.67,-22.14,-9.2,15,249
"full","Obama",2009-01-20,2015-04-01,75,-8.24,4.2,-16.47,-0.02,-6.45,-13.45,-19.93,-6.98,14,215
"full","Obama",2009-01-20,2015-05-01,76,-5.45,4.35,-13.97,3.07,-3.73,-9.85,-16.32,-3.38,13,216
"full","Obama",2009-01-20,2015-06-01,77,-13.12,3.94,-20.84,-5.4,-11.17,-6.73,-13.21,-0.26,16,247
"full","Obama",2009-01-20,2015-07-01,78,-4.21,4.2,-12.44,4.01,-2.32,-5.08,-11.56,1.39,14,257
"full","Obama",2009-01-20,2015-08-01,79,3.33,4.35,-5.19,11.85,5.06,-4.7,-11.17,1.78,13,186
"full","Obama",2009-01-20,2015-09-01,80,-8.19,4.35,-16.71,0.33,-6.33,-6.82,-13.29,-0.35,13,233
"full","Obama",2009-01-20,2015-10-01,81,-11.59,4.2,-19.82,-3.37,-9.6,-11.07,-17.54,-4.59,14,224
"full","Obama",2009-01-20,2015-11-01,82,-19.28,4.35,-27.8,-10.76,-17.54,-12.08,-18.55,-5.61,13,230
"full","Obama",2009-01-20,2015-12-01,83,-10.27,4.2,-18.5,-2.05,-8.15,-11.13,-17.6,-4.66,14,175
"full","Obama",2009-01-20,2016-01-01,84,-1.23,3.47,-8.03,5.57,-0.48,-9.69,-16.17,-3.22,21,372
"full","Obama",2009-01-20,2016-02-01,85,-17.62,3.83,-25.13,-10.12,-15.48,-8.52,-14.99,-2.05,17,252
"full","Obama",2009-01-20,2016-03-01,86,-2.61,4.2,-10.83,5.62,-0.73,-9.88,-16.35,-3.41,14,262
"full","Obama",2009-01-20,2016-04-01,87,-14.49,4.35,-23.01,-5.97,-12.86,-9.38,-15.85,-2.9,13,209
"full","Obama",2009-01-20,2016-05-01,88,-7.73,3.83,-15.23,-0.23,-5.74,-8.38,-14.86,-1.91,17,250
"full","Obama",2009-01-20,2016-06-01,89,-8.02,4.06,-15.98,-0.06,-6.13,-7.45,-13.92,-0.98,15,198
"full","Obama",2009-01-20,2016-07-01,90,-1.33,4.2,-9.55,6.9,0.64,-8.2,-14.68,-1.73,14,228
"full","Obama",2009-01-20,2016-08-01,91,-13.75,4.52,-22.6,-4.89,-11.55,-9.78,-16.25,-3.31,12,180
"full","Obama",2009-01-20,2016-09-01,92,-14.67,4.2,-22.9,-6.45,-12.7,-10.85,-17.32,-4.38,14,279
"full","Obama",2009-01-20,2016-10-01,93,-9.24,4.35,-17.76,-0.72,-7.28,-11.04,-17.51,-4.57,13,167
"full","Obama",2009-01-20,2016-11-01,94,-6.1,4.2,-14.32,2.13,-3.74,-11.96,-17.85,-6.06,14,239
"full","Obama",2009-01-20,2016-12-01,95,-16.83,4.06,-24.79,-8.86,-16.26,-12.76,-20.07,-5.44,15,298
"full","Obama",2009-01-20,2017-01-01,96,-13.9,2.49,-18.78,-9.03,-10.37,-14.02,-24.28,-3.75,18,283
"full","Reagan",1981-01-20,1981-01-01,0,-8.4,3.96,-16.16,-0.65,-2.36,-9.51,-15.88,-3.14,8,393
"full","Reagan",1981-01-20,1981-02-01,1,-10.43,5.51,-21.23,0.37,-7.83,-9.5,-14.05,-4.95,8,995
"full","Reagan",1981-01-20,1981-03-01,2,-10.64,5.51,-21.44,0.15,-8.04,-9.44,-13.11,-5.78,8,1024
"full","Reagan",1981-01-20,1981-04-01,3,-8.57,5.51,-19.37,2.23,-5.97,-9.3,-13.33,-5.27,8,839
"full","Reagan",1981-01-20,1981-05-01,4,-8.54,5.51,-19.34,2.26,-5.94,-9.16,-13.19,-5.14,8,745
"full","Reagan",1981-01-20,1981-06-01,5,-8.79,5.51,-19.59,2.01,-6.19,-9.44,-13.47,-5.42,8,683
"full","Reagan",1981-01-20,1981-07-01,6,-11.94,5.51,-22.74,-1.14,-9.34,-10.39,-14.42,-6.37,8,618
"full","Reagan",1981-01-20,1981-08-01,7,-8.09,5.51,-18.89,2.71,-5.49,-11.61,-15.64,-7.58,8,549
"full","Reagan",1981-01-20,1981-09-01,8,-17.82,5.51,-28.62,-7.03,-15.22,-12.22,-16.25,-8.19,8,754
"full","Reagan",1981-01-20,1981-10-01,9,-7.76,5.51,-18.55,3.04,-5.15,-13.35,-17.37,-9.32,8,804
"full","Reagan",1981-01-20,1981-11-01,10,-18.45,5.51,-29.25,-7.65,-15.85,-13.56,-17.58,-9.53,8,752
"full","Reagan",1981-01-20,1981-12-01,11,-10.08,5.51,-20.88,0.72,-7.48,-15.42,-19.44,-11.39,8,705
"full","Reagan",1981-01-20,1982-01-01,12,-19.02,5.51,-29.82,-8.22,-16.42,-17.44,-21.46,-13.41,8,786
"full","Reagan",1981-01-20,1982-02-01,13,-21.4,5.51,-32.2,-10.6,-18.8,-18.34,-22.36,-14.31,8,739
"full","Reagan",1981-01-20,1982-03-01,14,-20.57,5.51,-31.37,-9.77,-17.96,-17.44,-21.47,-13.41,8,698
"full","Reagan",1981-01-20,1982-04-01,15,-10.32,5.51,-21.12,0.47,-7.72,-15.46,-19.49,-11.44,8,619
"full","Reagan",1981-01-20,1982-05-01,16,-14.98,5.51,-25.78,-4.19,-12.38,-13.16,-17.19,-9.14,8,641
"full","Reagan",1981-01-20,1982-06-01,17,-12.43,5.51,-23.23,-1.63,-9.83,-11.9,-15.93,-7.88,8,593
"full","Reagan",1981-01-20,1982-07-01,18,-9.69,5.51,-20.49,1.11,-7.09,-11.85,-15.88,-7.82,8,556
"full","Reagan",1981-01-20,1982-08-01,19,-9.75,5.51,-20.55,1.05,-7.15,-12.89,-16.92,-8.87,8,522
"full","Reagan",1981-01-20,1982-09-01,20,-18.81,5.51,-29.61,-8.01,-16.21,-14.33,-18.36,-10.31,8,646
"full","Reagan",1981-01-20,1982-10-01,21,-15.44,5.51,-26.23,-4.64,-12.83,-14.98,-19.01,-10.96,8,616
"full","Reagan",1981-01-20,1982-11-01,22,-15.05,5.51,-25.85,-4.25,-12.45,-13.88,-17.9,-9.85,8,535
"full","Reagan",1981-01-20,1982-12-01,23,-8.93,5.51,-19.73,1.87,-6.33,-12.99,-17.01,-8.96,8,622
"full","Reagan",1981-01-20,1983-01-01,24,-14.23,5.2,-24.43,-4.03,-11.66,-12.66,-16.68,-8.63,9,790
"full","Reagan",1981-01-20,1983-02-01,25,-13.72,5.2,-23.92,-3.52,-11.15,-13,-17.03,-8.98,9,546
"full","Reagan",1981-01-20,1983-03-01,26,-12.58,5.2,-22.78,-2.38,-10.01,-12.17,-16.2,-8.15,9,715
"full","Reagan",1981-01-20,1983-04-01,27,-12.97,5.2,-23.17,-2.77,-10.4,-9.87,-13.89,-5.84,9,638
"full","Reagan",1981-01-20,1983-05-01,28,-2.95,5.2,-13.15,7.25,-0.38,-8.44,-12.47,-4.41,9,660
"full","Reagan",1981-01-20,1983-06-01,29,-7.87,5.2,-18.07,2.33,-5.3,-8.25,-12.28,-4.22,9,565
"full","Reagan",1981-01-20,1983-07-01,30,-9.91,5.2,-20.11,0.29,-7.34,-9.88,-13.91,-5.85,9,596
"full","Reagan",1981-01-20,1983-08-01,31,-13.95,5.2,-24.15,-3.75,-11.38,-11.33,-15.36,-7.31,9,521
"full","Reagan",1981-01-20,1983-09-01,32,-11.45,5.2,-21.65,-1.25,-8.88,-11.42,-15.45,-7.4,9,655
"full","Reagan",1981-01-20,1983-10-01,33,-10.63,5.2,-20.83,-0.43,-8.06,-10.65,-14.68,-6.62,9,641
"full","Reagan",1981-01-20,1983-11-01,34,-8.42,5.2,-18.62,1.78,-5.85,-9.75,-13.78,-5.72,9,567
"full","Reagan",1981-01-20,1983-12-01,35,-11.07,5.2,-21.27,-0.87,-8.5,-8.69,-12.72,-4.67,9,579
"full","Reagan",1981-01-20,1984-01-01,36,-6.22,5.2,-16.42,3.98,-3.65,-7.79,-11.81,-3.76,9,843
"full","Reagan",1981-01-20,1984-02-01,37,-6.97,5.2,-17.17,3.23,-4.4,-6.99,-11.01,-2.96,9,789
"full","Reagan",1981-01-20,1984-03-01,38,-5.34,5.2,-15.54,4.86,-2.77,-7.02,-11.04,-2.99,9,582
"full","Reagan",1981-01-20,1984-04-01,39,-9.15,5.2,-19.35,1.05,-6.58,-7.05,-11.07,-3.02,9,657
"full","Reagan",1981-01-20,1984-05-01,40,-7.27,5.2,-17.47,2.93,-4.7,-6.34,-10.37,-2.31,9,626
"full","Reagan",1981-01-20,1984-06-01,41,-4.88,5.2,-15.08,5.32,-2.31,-5.07,-9.09,-1.04,9,570
"full","Reagan",1981-01-20,1984-07-01,42,-1.22,5.2,-11.42,8.98,1.35,-4.34,-8.36,-0.31,9,574
"full","Reagan",1981-01-20,1984-08-01,43,-5.75,5.2,-15.95,4.45,-3.18,-4.6,-8.62,-0.57,9,802
"full","Reagan",1981-01-20,1984-09-01,44,-5.34,5.2,-15.54,4.86,-2.77,-4.81,-8.84,-0.78,9,955
"full","Reagan",1981-01-20,1984-10-01,45,-7.76,4.95,-17.46,1.93,-5.48,-4.1,-8.13,-0.08,10,1096
"full","Reagan",1981-01-20,1984-11-01,46,3.09,4.95,-6.61,12.78,5.38,-3.22,-7.24,0.81,10,778
"full","Reagan",1981-01-20,1984-12-01,47,-7.23,4.95,-16.92,2.47,-4.94,-2.86,-6.88,1.17,10,435
"full","Reagan",1981-01-20,1985-01-01,48,2.72,4.73,-6.54,11.98,5.03,-5.18,-9.2,-1.15,11,731
"full","Reagan",1981-01-20,1985-02-01,49,-14.93,4.53,-23.81,-6.04,-12.6,-7.41,-11.44,-3.38,12,733
"full","Reagan",1981-01-20,1985-03-01,50,-5.84,4.53,-14.72,3.05,-3.51,-10.82,-14.84,-6.79,12,847
"full","Reagan",1981-01-20,1985-04-01,51,-15.99,4.53,-24.88,-7.11,-13.66,-12.26,-16.29,-8.24,12,962
"full","Reagan",1981-01-20,1985-05-01,52,-14.85,4.53,-23.73,-5.96,-12.52,-12.1,-16.12,-8.07,12,1012
"full","Reagan",1981-01-20,1985-06-01,53,-8.73,4.53,-17.62,0.15,-6.4,-11.42,-15.44,-7.39,12,900
"full","Reagan",1981-01-20,1985-07-01,54,-9.1,4.36,-17.65,-0.54,-6.86,-10.07,-14.1,-6.05,13,852
"full","Reagan",1981-01-20,1985-08-01,55,-11.7,4.36,-20.25,-3.15,-9.47,-9.35,-13.38,-5.32,13,604
"full","Reagan",1981-01-20,1985-09-01,56,-7.36,4.36,-15.91,1.19,-5.13,-8.69,-12.71,-4.66,13,856
"full","Reagan",1981-01-20,1985-10-01,57,-8.97,4.36,-17.53,-0.42,-6.74,-6.78,-10.8,-2.75,13,879
"full","Reagan",1981-01-20,1985-11-01,58,-3.63,4.36,-12.18,4.92,-1.4,-4.71,-8.74,-0.69,13,862
"full","Reagan",1981-01-20,1985-12-01,59,-2.12,4.36,-10.67,6.43,0.11,-3.75,-7.77,0.28,13,691
"full","Reagan",1981-01-20,1986-01-01,60,-0.9,4.22,-9.18,7.37,1.31,-5.4,-9.43,-1.38,14,889
"full","Reagan",1981-01-20,1986-02-01,61,-10.78,4.22,-19.06,-2.51,-8.57,-8.51,-12.53,-4.48,14,980
"full","Reagan",1981-01-20,1986-03-01,62,-14.75,4.22,-23.02,-6.48,-12.53,-10.4,-14.43,-6.38,14,992
"full","Reagan",1981-01-20,1986-04-01,63,-11.85,4.22,-20.12,-3.57,-9.63,-10.1,-14.13,-6.08,14,895
"full","Reagan",1981-01-20,1986-05-01,64,-2.76,4.22,-11.03,5.51,-0.55,-9.59,-13.62,-5.57,14,726
"full","Reagan",1981-01-20,1986-06-01,65,-11.33,4.22,-19.6,-3.05,-9.11,-9.05,-13.08,-5.03,14,836
"full","Reagan",1981-01-20,1986-07-01,66,-13.81,4.08,-21.82,-5.81,-11.37,-8.97,-12.99,-4.94,15,674
"full","Reagan",1981-01-20,1986-08-01,67,-3.65,3.96,-11.41,4.12,-1.11,-8.83,-12.85,-4.8,16,788
"full","Reagan",1981-01-20,1986-09-01,68,-8.86,4.08,-16.87,-0.86,-6.54,-9.56,-13.58,-5.53,15,722
"full","Reagan",1981-01-20,1986-10-01,69,-8.34,4.08,-16.34,-0.33,-6.02,-13.64,-17.67,-9.62,15,1042
"full","Reagan",1981-01-20,1986-11-01,70,-25.54,4.08,-33.55,-17.53,-23.22,-16.8,-20.82,-12.77,15,1035
"full","Reagan",1981-01-20,1986-12-01,71,-20.62,4.08,-28.63,-12.61,-18.3,-18.08,-22.11,-14.06,15,1059
"full","Reagan",1981-01-20,1987-01-01,72,-11.51,3.96,-19.27,-3.74,-8.98,-17.29,-21.31,-13.26,16,1202
"full","Reagan",1981-01-20,1987-02-01,73,-18.28,3.96,-26.05,-10.52,-15.75,-15.49,-19.52,-11.47,16,900
"full","Reagan",1981-01-20,1987-03-01,74,-14.53,3.96,-22.3,-6.77,-12,-14.72,-18.75,-10.69,16,1160
"full","Reagan",1981-01-20,1987-04-01,75,-15.04,3.96,-22.81,-7.28,-12.51,-13.02,-17.05,-9,16,706
"full","Reagan",1981-01-20,1987-05-01,76,-8.54,3.96,-16.3,-0.77,-6,-11.78,-15.8,-7.75,16,861
"full","Reagan",1981-01-20,1987-06-01,77,-9.59,3.96,-17.35,-1.82,-7.05,-11.92,-15.94,-7.89,16,919
"full","Reagan",1981-01-20,1987-07-01,78,-15.57,3.96,-23.33,-7.8,-13.03,-12.81,-16.84,-8.78,16,930
"full","Reagan",1981-01-20,1987-08-01,79,-14.76,3.96,-22.53,-7,-12.23,-12.86,-16.89,-8.84,16,740
"full","Reagan",1981-01-20,1987-09-01,80,-12.42,3.96,-20.17,-4.66,-9.87,-11.77,-15.79,-7.74,16,624
"full","Reagan",1981-01-20,1987-10-01,81,-4.88,3.96,-12.63,2.87,-2.34,-10.54,-14.56,-6.51,16,935
"full","Reagan",1981-01-20,1987-11-01,82,-16.05,4.21,-24.3,-7.79,-13.6,-8.47,-12.5,-4.45,14,692
"full","Reagan",1981-01-20,1987-12-01,83,-3.61,4.21,-11.86,4.65,-1.16,-7.58,-11.6,-3.55,14,565
"full","Reagan",1981-01-20,1988-01-01,84,-4.44,3.96,-12.19,3.31,-1.84,-7.54,-11.56,-3.51,16,745
"full","Reagan",1981-01-20,1988-02-01,85,-7.99,3.96,-15.74,-0.24,-5.39,-8.7,-12.72,-4.67,16,635
"full","Reagan",1981-01-20,1988-03-01,86,-16.81,3.96,-24.56,-9.06,-14.22,-9.28,-13.31,-5.26,16,601
"full","Reagan",1981-01-20,1988-04-01,87,-5.92,3.96,-13.67,1.84,-3.32,-8.76,-12.79,-4.73,16,575
"full","Reagan",1981-01-20,1988-05-01,88,-4.46,3.96,-12.21,3.3,-1.86,-7.61,-11.64,-3.58,16,801
"full","Reagan",1981-01-20,1988-06-01,89,-8.08,3.96,-15.84,-0.33,-5.49,-7.2,-11.23,-3.18,16,655
"full","Reagan",1981-01-20,1988-07-01,90,-10.57,3.96,-18.32,-2.81,-7.97,-6.69,-10.71,-2.66,16,484
"full","Reagan",1981-01-20,1988-08-01,91,-4.39,3.96,-12.14,3.37,-1.79,-5.42,-9.45,-1.4,16,633
"full","Reagan",1981-01-20,1988-09-01,92,-0.09,3.96,-7.85,7.66,2.5,-4.44,-8.47,-0.41,16,481
"full","Reagan",1981-01-20,1988-10-01,93,-6.2,3.96,-13.96,1.55,-3.61,-3.93,-7.95,0.1,16,526
"full","Reagan",1981-01-20,1988-11-01,94,-6.42,3.96,-14.18,1.33,-3.83,-3.23,-6.9,0.44,16,559
"full","Reagan",1981-01-20,1988-12-01,95,-0.38,3.96,-8.13,7.38,2.22,-2.59,-7.13,1.96,16,465
"full","Reagan",1981-01-20,1989-01-01,96,-1.52,2.7,-6.81,3.78,-4.16,-1.64,-8.03,4.75,18,717
"full","Truman",1945-04-12,1947-11-01,31,-6.25,6.34,-18.68,6.17,-3.8,-5.61,-13.8,2.58,6,268
"full","Truman",1945-04-12,1947-12-01,32,-6.54,5.88,-18.06,4.98,-4.13,-8.06,-13.91,-2.22,7,266
"full","Truman",1945-04-12,1948-01-01,33,-11.35,5.88,-22.88,0.17,-8.95,-10.41,-15.13,-5.7,7,361
"full","Truman",1945-04-12,1948-02-01,34,-12.27,5.88,-23.79,-0.75,-9.87,-12.71,-17.89,-7.54,7,333
"full","Truman",1945-04-12,1948-03-01,35,-18.59,5.88,-30.11,-7.06,-16.18,-11.65,-16.82,-6.47,7,459
"full","Truman",1945-04-12,1948-04-01,36,-8.59,5.88,-20.11,2.93,-6.18,-8.27,-13.45,-3.09,7,330
"full","Truman",1945-04-12,1948-05-01,37,1.75,5.88,-9.77,13.28,4.16,-4.71,-9.89,0.47,7,332
"full","Truman",1945-04-12,1948-06-01,38,-2.58,5.88,-14.11,8.94,-0.18,-3.08,-8.25,2.1,7,404
"full","Truman",1945-04-12,1948-07-01,39,-4.87,5.88,-16.39,6.65,-2.46,-3.86,-9.04,1.32,7,505
"full","Truman",1945-04-12,1948-08-01,40,-6.76,5.88,-18.29,4.76,-4.36,-4.33,-9.5,0.85,7,311
"full","Truman",1945-04-12,1948-09-01,41,-2.41,6.34,-14.83,10.02,0.27,-1.95,-7.13,3.23,6,467
"full","Truman",1945-04-12,1948-10-01,42,-2.62,6.34,-15.04,9.8,0.06,1.91,-3.27,7.09,6,575
"full","Truman",1945-04-12,1948-11-01,43,16.34,5.88,4.81,27.86,18.74,3.21,-1.96,8.39,7,518
"full","Truman",1945-04-12,1948-12-01,44,-2.32,6.34,-14.74,10.1,0.36,2.35,-2.83,7.53,6,323
"full","Truman",1945-04-12,1949-01-01,45,0.28,5.88,-11.24,11.8,2.69,-2.55,-7.72,2.63,7,510
"full","Truman",1945-04-12,1949-02-01,46,-9.83,5.88,-21.35,1.69,-7.42,-6.25,-11.43,-1.08,7,353
"full","Truman",1945-04-12,1949-03-01,47,-11.46,5.88,-22.98,0.06,-9.06,-7.14,-12.32,-1.97,7,363
"full","Truman",1945-04-12,1949-04-01,48,-3.33,5.88,-14.85,8.19,-0.92,-6.45,-11.63,-1.28,7,291
"full","Truman",1945-04-12,1949-05-01,49,-5.07,5.88,-16.6,6.45,-2.67,-4.76,-9.93,0.42,7,302
"full","Truman",1945-04-12,1949-06-01,50,-2.74,6.34,-15.16,9.68,-0.29,-4.76,-9.94,0.41,6,302
"full","Truman",1945-04-12,1949-07-01,51,-5.99,5.88,-17.51,5.53,-3.59,-5.66,-10.83,-0.48,7,392
"full","Truman",1945-04-12,1949-08-01,52,-8.07,5.88,-19.59,3.45,-5.67,-6.93,-12.11,-1.75,7,345
"full","Truman",1945-04-12,1949-09-01,53,-6.58,5.88,-18.11,4.94,-4.18,-7.36,-12.54,-2.19,7,280
"full","Truman",1945-04-12,1949-10-01,54,-11.17,5.88,-22.69,0.35,-8.76,-5.67,-10.85,-0.5,7,349
"full","Truman",1945-04-12,1949-11-01,55,0.58,5.88,-10.94,12.11,2.99,-3.97,-9.15,1.21,7,312
"full","Truman",1945-04-12,1949-12-01,56,-1.2,5.88,-12.72,10.32,1.2,-1.86,-7.04,3.31,7,281
"full","Truman",1945-04-12,1950-01-01,57,-3.08,5.88,-14.6,8.44,-0.67,-1.93,-7.11,3.24,7,384
"full","Truman",1945-04-12,1950-02-01,58,2.41,5.88,-9.11,13.93,4.82,-4.55,-9.73,0.63,7,296
"full","Truman",1945-04-12,1950-03-01,59,-14.17,5.88,-25.7,-2.65,-11.77,-6.85,-12.03,-1.67,7,276
"full","Truman",1945-04-12,1950-04-01,60,-6.99,5.88,-18.51,4.53,-4.59,-9.31,-14.49,-4.14,7,324
"full","Truman",1945-04-12,1950-05-01,61,-12.99,5.88,-24.51,-1.47,-10.59,-7.91,-13.08,-2.73,7,459
"full","Truman",1945-04-12,1950-06-01,62,-5.85,5.51,-16.65,4.95,-3.66,-3.86,-9.03,1.32,8,397
"full","Truman",1945-04-12,1950-07-01,63,5.34,5.51,-5.45,16.14,7.53,0.08,-5.09,5.26,8,394
"full","Truman",1945-04-12,1950-08-01,64,4.85,5.51,-5.95,15.65,7.04,2.12,-3.06,7.3,8,305
"full","Truman",1945-04-12,1950-09-01,65,1.06,5.51,-9.73,11.86,3.25,0.44,-4.73,5.62,8,413
"full","Truman",1945-04-12,1950-10-01,66,-3.27,5.88,-14.79,8.26,-0.87,-2.04,-7.22,3.13,7,346
"full","Truman",1945-04-12,1950-11-01,67,-7.99,5.88,-19.51,3.53,-5.59,-3.74,-8.91,1.44,7,343
"full","Truman",1945-04-12,1950-12-01,68,1.86,5.51,-8.94,12.66,4.05,-5.72,-10.9,-0.55,8,428
"full","Truman",1945-04-12,1951-01-01,69,-11.87,5.51,-22.67,-1.07,-9.68,-7.35,-12.53,-2.17,8,391
"full","Truman",1945-04-12,1951-02-01,70,-8.38,5.51,-19.17,2.42,-6.19,-9.39,-14.57,-4.22,8,298
"full","Truman",1945-04-12,1951-03-01,71,-14.71,5.88,-26.23,-3.19,-12.32,-8.1,-13.28,-2.92,7,298
"full","Truman",1945-04-12,1951-04-01,72,-3.57,5.88,-15.09,7.96,-1.17,-5.99,-11.17,-0.81,7,462
"full","Truman",1945-04-12,1951-05-01,73,3.75,5.51,-7.05,14.55,5.94,-5.77,-10.94,-0.59,8,311
"full","Truman",1945-04-12,1951-06-01,74,-13.17,5.51,-23.97,-2.37,-10.98,-6.82,-11.99,-1.64,8,368
"full","Truman",1945-04-12,1951-07-01,75,-10.78,5.51,-21.58,0.02,-8.59,-8.23,-13.41,-3.06,8,343
"full","Truman",1945-04-12,1951-08-01,76,-8.75,5.51,-19.55,2.04,-6.57,-7.32,-12.5,-2.15,8,349
"full","Truman",1945-04-12,1951-09-01,77,1.08,5.51,-9.71,11.88,3.27,-7.48,-12.66,-2.31,8,357
"full","Truman",1945-04-12,1951-10-01,78,-10.07,5.51,-20.86,0.73,-7.88,-9.7,-14.88,-4.53,8,389
"full","Truman",1945-04-12,1951-11-01,79,-18.89,5.88,-30.41,-7.37,-16.49,-12.41,-17.58,-7.23,7,361
"full","Truman",1945-04-12,1951-12-01,80,-13.7,5.51,-24.5,-2.91,-11.52,-12.92,-18.1,-7.74,8,313
"full","Truman",1945-04-12,1952-01-01,81,-9.95,5.51,-20.74,0.85,-7.76,-10.43,-15.6,-5.25,8,414
"full","Truman",1945-04-12,1952-02-01,82,-5.84,5.51,-16.63,4.96,-3.65,-8.49,-13.67,-3.31,8,385
"full","Truman",1945-04-12,1952-03-01,83,-6.7,5.51,-17.5,4.1,-4.51,-8.12,-13.3,-2.95,8,472
"full","Truman",1945-04-12,1952-04-01,84,-11.74,5.51,-22.54,-0.94,-9.55,-7.82,-13,-2.64,8,450
"full","Truman",1945-04-12,1952-05-01,85,-6.98,5.51,-17.78,3.82,-4.79,-6.67,-11.84,-1.49,8,324
"full","Truman",1945-04-12,1952-06-01,86,-3.57,5.51,-14.37,7.23,-1.38,-5.62,-10.8,-0.45,8,321
"full","Truman",1945-04-12,1952-07-01,87,-0.67,5.51,-11.47,10.12,1.51,-6.19,-11.36,-1.01,8,384
"full","Truman",1945-04-12,1952-08-01,88,-14.62,5.88,-26.15,-3.1,-12.23,-8.29,-13.47,-3.12,7,324
"full","Truman",1945-04-12,1952-09-01,89,-6.32,5.88,-17.85,5.2,-3.93,-10.96,-16.13,-5.78,7,298
"full","Truman",1945-04-12,1952-10-01,90,-19.45,5.88,-30.97,-7.93,-17.05,-10.03,-15.21,-4.86,7,574
"full","Truman",1945-04-12,1952-11-01,91,-3.39,5.88,-14.91,8.13,-1,-8.09,-12.81,-3.38,7,256
"full","Truman",1945-04-12,1952-12-01,92,-4.97,5.88,-16.49,6.55,-2.58,-6.01,-11.86,-0.16,7,255
"full","Truman",1945-04-12,1953-01-01,93,-5.13,4.36,-13.69,3.42,-1.78,-3.78,-11.99,4.42,7,224
"full","Trump I",2017-01-20,2017-01-01,0,-13.9,2.49,-18.78,-9.03,-13.82,-15.37,-21.93,-8.81,26,1408
"full","Trump I",2017-01-20,2017-02-01,1,-18.27,3.09,-24.33,-12.2,-17.31,-17.42,-22.11,-12.74,27,2121
"full","Trump I",2017-01-20,2017-03-01,2,-23,3.2,-29.27,-16.72,-21.84,-19.5,-23.27,-15.72,25,1734
"full","Trump I",2017-01-20,2017-04-01,3,-17.66,3.2,-23.94,-11.38,-16.93,-21.65,-25.8,-17.51,25,1565
"full","Trump I",2017-01-20,2017-05-01,4,-22.99,3.26,-29.39,-16.59,-22.13,-23.29,-27.44,-19.14,24,1532
"full","Trump I",2017-01-20,2017-06-01,5,-29.62,3.26,-36.02,-23.23,-28.77,-25,-29.14,-20.85,24,1213
"full","Trump I",2017-01-20,2017-07-01,6,-22.66,3.26,-29.06,-16.26,-21.8,-25.88,-30.03,-21.74,24,1332
"full","Trump I",2017-01-20,2017-08-01,7,-30.2,3.26,-36.6,-23.8,-29.35,-23.79,-27.94,-19.65,24,1331
"full","Trump I",2017-01-20,2017-09-01,8,-17.4,3.4,-24.05,-10.74,-15.1,-21.88,-26.03,-17.74,22,1069
"full","Trump I",2017-01-20,2017-10-01,9,-18.88,3.4,-25.54,-12.23,-16.59,-20.38,-24.53,-16.24,22,1068
"full","Trump I",2017-01-20,2017-11-01,10,-20.35,3.47,-27.15,-13.55,-19.14,-20.27,-24.41,-16.12,21,843
"full","Trump I",2017-01-20,2017-12-01,11,-22.62,3.63,-29.74,-15.5,-20.54,-20.83,-24.98,-16.69,19,857
"full","Trump I",2017-01-20,2018-01-01,12,-20.42,3.4,-27.07,-13.76,-18.91,-20.96,-25.1,-16.81,22,1244
"full","Trump I",2017-01-20,2018-02-01,13,-19.96,3.47,-26.76,-13.15,-17.48,-20.96,-25.1,-16.81,21,787
"full","Trump I",2017-01-20,2018-03-01,14,-21.41,3.47,-28.21,-14.61,-18.9,-20.79,-24.94,-16.64,21,1135
"full","Trump I",2017-01-20,2018-04-01,15,-22.37,3.47,-29.18,-15.57,-20.49,-20.18,-24.33,-16.03,21,941
"full","Trump I",2017-01-20,2018-05-01,16,-17.47,3.47,-24.27,-10.67,-14.96,-19.17,-23.32,-15.02,21,955
"full","Trump I",2017-01-20,2018-06-01,17,-17.9,3.4,-24.56,-11.24,-16,-18.64,-22.79,-14.5,22,1084
"full","Trump I",2017-01-20,2018-07-01,18,-16.85,3.33,-23.38,-10.33,-15.86,-19.55,-23.7,-15.4,23,1224
"full","Trump I",2017-01-20,2018-08-01,19,-24.64,3.4,-31.29,-17.98,-23.11,-19.99,-24.14,-15.84,22,945
"full","Trump I",2017-01-20,2018-09-01,20,-20.57,3.64,-27.69,-13.44,-19.35,-19.82,-23.97,-15.68,19,665
"full","Trump I",2017-01-20,2018-10-01,21,-15.3,3.63,-22.43,-8.18,-13.05,-20.15,-24.3,-16,19,744
"full","Trump I",2017-01-20,2018-11-01,22,-19.9,3.55,-26.85,-12.94,-17.37,-21.26,-25.4,-17.11,20,783
"full","Trump I",2017-01-20,2018-12-01,23,-29.13,3.47,-35.93,-22.33,-27.63,-22.1,-26.25,-17.96,21,716
"full","Trump I",2017-01-20,2019-01-01,24,-20.91,3.47,-27.71,-14.11,-19.41,-22.27,-26.42,-18.13,21,731
"full","Trump I",2017-01-20,2019-02-01,25,-17.43,3.4,-24.09,-10.78,-15.91,-21.14,-25.29,-17,22,709
"full","Trump I",2017-01-20,2019-03-01,26,-23.4,3.47,-30.2,-16.6,-21.9,-20.35,-24.5,-16.2,21,649
"full","Trump I",2017-01-20,2019-04-01,27,-18.64,3.73,-25.94,-11.33,-16.31,-21.59,-25.74,-17.45,18,598
"full","Trump I",2017-01-20,2019-05-01,28,-22.91,3.73,-30.22,-15.61,-20.68,-22.87,-27.01,-18.72,18,699
"full","Trump I",2017-01-20,2019-06-01,29,-26.23,3.55,-33.19,-19.27,-24.66,-24.51,-28.66,-20.37,20,737
"full","Trump I",2017-01-20,2019-07-01,30,-24.42,3.55,-31.37,-17.46,-22.02,-26.27,-30.41,-22.12,20,778
"full","Trump I",2017-01-20,2019-08-01,31,-29.8,3.47,-36.6,-22.99,-29.2,-26.7,-30.85,-22.55,21,740
"full","Trump I",2017-01-20,2019-09-01,32,-25.96,3.64,-33.09,-18.83,-24.34,-26.25,-30.4,-22.11,19,690
"full","Trump I",2017-01-20,2019-10-01,33,-26.02,3.47,-32.83,-19.22,-25.43,-24.94,-29.09,-20.79,21,824
"full","Trump I",2017-01-20,2019-11-01,34,-20.44,3.55,-27.39,-13.48,-19.23,-24.79,-28.94,-20.65,20,709
"full","Trump I",2017-01-20,2019-12-01,35,-25.91,3.73,-33.22,-18.61,-23.39,-23.71,-27.85,-19.56,18,596
"full","Trump I",2017-01-20,2020-01-01,36,-30.1,3.73,-37.4,-22.79,-27.75,-21.19,-25.33,-17.04,18,635
"full","Trump I",2017-01-20,2020-02-01,37,-7.07,3.55,-14.03,-0.11,-5.22,-19.71,-23.85,-15.56,20,655
"full","Trump I",2017-01-20,2020-03-01,38,-20.44,3.83,-27.94,-12.93,-19.22,-18.71,-22.85,-14.56,17,467
"full","Trump I",2017-01-20,2020-04-01,39,-21.26,3.73,-28.56,-13.95,-19.99,-21.17,-25.32,-17.03,18,501
"full","Trump I",2017-01-20,2020-05-01,40,-25.63,4.06,-33.59,-17.67,-23.12,-23.81,-27.96,-19.67,15,528
"full","Trump I",2017-01-20,2020-06-01,41,-25.5,4.35,-34.02,-16.99,-22.83,-24.14,-28.28,-19.99,13,677
"full","Trump I",2017-01-20,2020-07-01,42,-24.18,3.73,-31.49,-16.88,-21.84,-22.98,-27.13,-18.83,18,745
"full","Trump I",2017-01-20,2020-08-01,43,-19.16,3.63,-26.28,-12.03,-16.64,-21.91,-26.06,-17.76,19,755
"full","Trump I",2017-01-20,2020-09-01,44,-20.23,3.73,-27.54,-12.92,-18.91,-22.35,-26.5,-18.21,18,904
"full","Trump I",2017-01-20,2020-10-01,45,-24.69,3.55,-31.66,-17.73,-24.18,-23.94,-28.08,-19.79,20,1158
"full","Trump I",2017-01-20,2020-11-01,46,-28.83,3.83,-36.33,-21.33,-26.8,-23.72,-27.49,-19.94,17,838
"full","Trump I",2017-01-20,2020-12-01,47,-23.51,3.94,-31.23,-15.79,-21.48,-23.24,-27.92,-18.55,16,531
"full","Trump I",2017-01-20,2021-01-01,48,-19.72,2.71,-25.03,-14.4,-36.07,-22.34,-28.91,-15.76,19,695
"full","Trump II",2025-01-20,2025-01-01,0,-15.55,2.94,-21.31,-9.78,-19.5,-21.14,-28.01,-14.27,17,690
"full","Trump II",2025-01-20,2025-02-01,1,-27.35,3.64,-34.48,-20.22,-25.81,-24.27,-29.18,-19.37,19,1305
"full","Trump II",2025-01-20,2025-03-01,2,-33.14,3.64,-40.27,-26.02,-31.6,-26.86,-30.82,-22.91,19,1324
"full","Trump II",2025-01-20,2025-04-01,3,-31.29,3.64,-38.42,-24.16,-29.74,-28.79,-33.13,-24.45,19,1339
"full","Trump II",2025-01-20,2025-05-01,4,-23.51,3.73,-30.82,-16.2,-21.9,-26.38,-30.73,-22.04,18,1155
"full","Trump II",2025-01-20,2025-06-01,5,-25.44,3.83,-32.95,-17.94,-23.86,-23.37,-27.71,-19.03,17,990
"full","Trump II",2025-01-20,2025-07-01,6,-17.72,3.64,-24.85,-10.59,-16.18,-22.67,-27.01,-18.33,19,1082
"full","Trump II",2025-01-20,2025-08-01,7,-23.62,3.73,-30.93,-16.31,-22.11,-22.64,-26.99,-18.3,18,1127
"full","Trump II",2025-01-20,2025-09-01,8,-26.52,3.83,-34.03,-19.02,-24.28,-22.97,-27.31,-18.63,17,1047
"full","Trump II",2025-01-20,2025-10-01,9,-19.74,3.83,-27.25,-12.24,-17.5,-23.74,-27.69,-19.78,17,1088
"full","Trump II",2025-01-20,2025-11-01,10,-24.64,3.83,-32.14,-17.13,-22.4,-24.33,-29.24,-19.43,17,909
"full","Trump II",2025-01-20,2025-12-01,11,-25.85,3.63,-32.97,-18.73,-23.53,-24.95,-31.82,-18.07,19,1005
"core","Biden",2021-01-20,2021-01-01,0,-18.71,3.1,-24.79,-12.64,-2.64,-9.05,-22.76,4.65,7,303
"core","Biden",2021-01-20,2021-02-01,1,0.8,4.37,-7.77,9.36,1.07,-7.94,-17.73,1.85,7,338
"core","Biden",2021-01-20,2021-03-01,2,-3.12,4.37,-11.69,5.44,-2.86,-7.49,-15.39,0.4,7,315
"core","Biden",2021-01-20,2021-04-01,3,-0.8,4.37,-9.36,7.77,-0.53,-8.27,-16.93,0.39,7,381
"core","Biden",2021-01-20,2021-05-01,4,-24,4.72,-33.25,-14.76,-23.65,-11.55,-20.21,-2.88,6,264
"core","Biden",2021-01-20,2021-06-01,5,-11.68,4.72,-20.92,-2.43,-11.33,-16.68,-25.34,-8.01,6,250
"core","Biden",2021-01-20,2021-07-01,6,-11.42,4.72,-20.67,-2.18,-11.07,-22.26,-30.92,-13.59,6,248
"core","Biden",2021-01-20,2021-08-01,7,-41.59,5.16,-51.71,-31.47,-41.61,-26.1,-34.76,-17.44,5,232
"core","Biden",2021-01-20,2021-09-01,8,-29.17,4.72,-38.41,-19.92,-28.82,-28.98,-37.64,-20.31,6,273
"core","Biden",2021-01-20,2021-10-01,9,-25.82,4.72,-35.06,-16.57,-25.47,-26.1,-34.76,-17.43,6,226
"core","Biden",2021-01-20,2021-11-01,10,-21.76,4.72,-31,-12.51,-21.41,-22.43,-31.09,-13.77,6,218
"core","Biden",2021-01-20,2021-12-01,11,-14.64,4.72,-23.88,-5.39,-14.29,-20.47,-29.13,-11.8,6,206
"core","Biden",2021-01-20,2022-01-01,12,-28.89,4.72,-38.13,-19.64,-28.54,-17.61,-26.28,-8.95,6,209
"core","Biden",2021-01-20,2022-02-01,13,-6.94,4.37,-15.51,1.62,-6.67,-17.36,-26.02,-8.69,7,181
"core","Biden",2021-01-20,2022-03-01,14,-16.09,4.72,-25.33,-6.84,-15.74,-17.12,-25.78,-8.46,6,237
"core","Biden",2021-01-20,2022-04-01,15,-23.65,5.16,-33.77,-13.53,-23.67,-19.09,-27.75,-10.43,5,136
"core","Biden",2021-01-20,2022-05-01,16,-17.64,4.72,-26.89,-8.4,-17.29,-23.28,-31.94,-14.61,6,188
"core","Biden",2021-01-20,2022-06-01,17,-29.54,4.72,-38.78,-20.29,-29.19,-23.88,-32.55,-15.22,6,178
"core","Biden",2021-01-20,2022-07-01,18,-29.64,4.72,-38.88,-20.39,-29.29,-21.58,-30.24,-12.91,6,250
"core","Biden",2021-01-20,2022-08-01,19,-9.13,4.72,-18.38,0.11,-8.78,-17.95,-26.61,-9.28,6,162
"core","Biden",2021-01-20,2022-09-01,20,-13.86,4.37,-22.42,-5.29,-13.59,-13.77,-22.43,-5.11,7,166
"core","Biden",2021-01-20,2022-10-01,21,-12.16,5.16,-22.28,-2.04,-12.19,-11.8,-20.46,-3.14,5,147
"core","Biden",2021-01-20,2022-11-01,22,-13.64,4.72,-22.89,-4.4,-13.29,-10.65,-19.31,-1.99,6,175
"core","Biden",2021-01-20,2022-12-01,23,-3.43,4.72,-12.67,5.82,-3.08,-9.92,-18.58,-1.25,6,122
"core","Biden",2021-01-20,2023-01-01,24,-13.51,4.72,-22.75,-4.26,-13.16,-9.88,-18.55,-1.22,6,208
"core","Biden",2021-01-20,2023-02-01,25,-7.54,4.72,-16.79,1.7,-7.19,-12.2,-20.86,-3.54,6,213
"core","Biden",2021-01-20,2023-03-01,26,-18.27,4.72,-27.52,-9.03,-17.92,-14.67,-23.33,-6.01,6,192
"core","Biden",2021-01-20,2023-04-01,27,-15.43,4.72,-24.67,-6.18,-15.08,-14.59,-23.25,-5.93,6,165
"core","Biden",2021-01-20,2023-05-01,28,-21.82,4.72,-31.07,-12.58,-21.47,-12.18,-20.85,-3.52,6,184
"core","Biden",2021-01-20,2023-06-01,29,8.73,4.72,-0.52,17.97,9.08,-12.23,-20.89,-3.56,6,147
"core","Biden",2021-01-20,2023-07-01,30,-23.7,4.72,-32.94,-14.45,-23.35,-13.91,-22.58,-5.25,6,152
"core","Biden",2021-01-20,2023-08-01,31,-15.17,4.72,-24.41,-5.92,-14.82,-19.57,-28.23,-10.9,6,141
"core","Biden",2021-01-20,2023-09-01,32,-32.72,4.72,-41.97,-23.48,-32.37,-22.23,-30.89,-13.56,6,203
"core","Biden",2021-01-20,2023-10-01,33,-16.18,4.72,-25.42,-6.93,-15.83,-22.77,-31.43,-14.1,6,158
"core","Biden",2021-01-20,2023-11-01,34,-24.21,4.72,-33.46,-14.97,-23.87,-23.04,-31.7,-14.38,6,165
"core","Biden",2021-01-20,2023-12-01,35,-20.05,4.72,-29.3,-10.81,-19.7,-25.01,-33.68,-16.35,6,158
"core","Biden",2021-01-20,2024-01-01,36,-35.26,4.72,-44.5,-26.01,-34.91,-24.96,-33.62,-16.29,6,188
"core","Biden",2021-01-20,2024-02-01,37,-23.89,4.72,-33.13,-14.64,-23.54,-23.39,-32.06,-14.73,6,235
"core","Biden",2021-01-20,2024-03-01,38,-11.45,4.72,-20.69,-2.2,-11.1,-22.68,-31.34,-14.02,6,240
"core","Biden",2021-01-20,2024-04-01,39,-25.5,4.72,-34.75,-16.26,-25.15,-24.11,-32.77,-15.45,6,212
"core","Biden",2021-01-20,2024-05-01,40,-32.01,4.72,-41.25,-22.76,-31.66,-27.99,-36.65,-19.32,6,240
"core","Biden",2021-01-20,2024-06-01,41,-32.54,4.72,-41.78,-23.3,-32.19,-28.92,-37.59,-20.26,6,294
"core","Biden",2021-01-20,2024-07-01,42,-27.69,4.37,-36.26,-19.13,-27.42,-26.96,-35.62,-18.29,7,463
"core","Biden",2021-01-20,2024-08-01,43,-17.23,5.17,-27.36,-7.09,-16.63,-24.92,-33.58,-16.26,5,118
"core","Biden",2021-01-20,2024-09-01,44,-30.43,5.17,-40.56,-20.3,-29.83,-23.58,-32.25,-14.92,5,87
"core","Biden",2021-01-20,2024-10-01,45,-18.14,5.78,-29.46,-6.82,-17.95,-25.66,-34.32,-17,4,88
"core","Biden",2021-01-20,2024-11-01,46,-30.05,5.16,-40.18,-19.93,-30.08,-26.92,-34.81,-19.03,5,91
"core","Biden",2021-01-20,2024-12-01,47,-32.2,4.72,-41.45,-22.96,-31.85,-27.84,-37.63,-18.05,6,131
"core","Biden",2021-01-20,2025-01-01,48,-25.33,3.22,-31.63,-19.03,-22.58,-28.81,-42.55,-15.08,6,121
"core","Bush 41",1989-01-20,1989-01-01,0,0.47,3.1,-5.61,6.55,3.57,-6.83,-15.01,1.36,7,408
"core","Bush 41",1989-01-20,1989-02-01,1,-14.2,4.37,-22.77,-5.64,-13.93,-7.22,-13.07,-1.38,7,776
"core","Bush 41",1989-01-20,1989-03-01,2,-13.45,4.37,-22.02,-4.89,-13.18,-7.37,-12.08,-2.66,7,613
"core","Bush 41",1989-01-20,1989-04-01,3,-2.83,4.37,-11.39,5.74,-2.56,-6.8,-11.97,-1.63,7,627
"core","Bush 41",1989-01-20,1989-05-01,4,-3.65,4.37,-12.21,4.91,-3.38,-4.07,-9.24,1.11,7,686
"core","Bush 41",1989-01-20,1989-06-01,5,-1.83,4.37,-10.39,6.74,-1.56,-4.21,-9.38,0.96,7,590
"core","Bush 41",1989-01-20,1989-07-01,6,-4.79,4.37,-13.35,3.78,-4.52,-5.45,-10.63,-0.28,7,537
"core","Bush 41",1989-01-20,1989-08-01,7,-12.36,4.37,-20.92,-3.79,-12.09,-5.93,-11.1,-0.75,7,459
"core","Bush 41",1989-01-20,1989-09-01,8,-0.75,4.37,-9.31,7.82,-0.48,-6.54,-11.71,-1.37,7,670
"core","Bush 41",1989-01-20,1989-10-01,9,-7.75,4.37,-16.32,0.81,-7.48,-5.49,-10.66,-0.31,7,549
"core","Bush 41",1989-01-20,1989-11-01,10,-6.89,4.37,-15.46,1.67,-6.62,-4.33,-9.5,0.84,7,616
"core","Bush 41",1989-01-20,1989-12-01,11,-0.67,4.37,-9.23,7.9,-0.4,-3.59,-8.77,1.58,7,548
"core","Bush 41",1989-01-20,1990-01-01,12,-1.18,4.37,-9.75,7.38,-0.91,-2.82,-7.99,2.36,7,599
"core","Bush 41",1989-01-20,1990-02-01,13,-5.56,4.37,-14.13,3,-5.29,-3.51,-8.68,1.66,7,635
"core","Bush 41",1989-01-20,1990-03-01,14,-1.91,4.37,-10.48,6.65,-1.64,-5.46,-10.63,-0.28,7,490
"core","Bush 41",1989-01-20,1990-04-01,15,-10.52,4.37,-19.09,-1.96,-10.25,-6.84,-12.01,-1.67,7,445
"core","Bush 41",1989-01-20,1990-05-01,16,-6.66,4.37,-15.23,1.9,-6.4,-8.83,-14,-3.66,7,630
"core","Bush 41",1989-01-20,1990-06-01,17,-10.64,4.37,-19.2,-2.07,-10.37,-9.9,-15.07,-4.73,7,516
"core","Bush 41",1989-01-20,1990-07-01,18,-13,4.37,-21.56,-4.44,-12.73,-9.55,-14.72,-4.38,7,482
"core","Bush 41",1989-01-20,1990-08-01,19,-7.52,4.37,-16.09,1.04,-7.25,-9.19,-14.36,-4.01,7,553
"core","Bush 41",1989-01-20,1990-09-01,20,-4.96,4.37,-13.52,3.61,-4.69,-8.98,-14.15,-3.8,7,530
"core","Bush 41",1989-01-20,1990-10-01,21,-13.57,4.37,-22.13,-5,-13.3,-9.36,-14.54,-4.19,7,664
"core","Bush 41",1989-01-20,1990-11-01,22,-8.44,4.37,-17,0.13,-8.17,-9.67,-14.85,-4.5,7,687
"core","Bush 41",1989-01-20,1990-12-01,23,-12.8,4.37,-21.36,-4.23,-12.53,-8.26,-13.43,-3.08,7,562
"core","Bush 41",1989-01-20,1991-01-01,24,0.07,4.37,-8.49,8.64,0.34,-6.7,-11.87,-1.52,7,673
"core","Bush 41",1989-01-20,1991-02-01,25,-10.77,4.37,-19.34,-2.21,-10.51,-5.46,-10.64,-0.29,7,657
"core","Bush 41",1989-01-20,1991-03-01,26,1.72,4.37,-6.85,10.28,1.99,-6.62,-11.8,-1.45,7,526
"core","Bush 41",1989-01-20,1991-04-01,27,-15.48,4.37,-24.05,-6.92,-15.22,-7.56,-12.73,-2.39,7,464
"core","Bush 41",1989-01-20,1991-05-01,28,-3.93,4.37,-12.5,4.63,-3.66,-9.77,-14.94,-4.59,7,708
"core","Bush 41",1989-01-20,1991-06-01,29,-14.72,4.37,-23.28,-6.16,-14.45,-10.19,-15.36,-5.02,7,474
"core","Bush 41",1989-01-20,1991-07-01,30,-10.67,4.37,-19.23,-2.1,-10.4,-9.57,-14.74,-4.39,7,562
"core","Bush 41",1989-01-20,1991-08-01,31,-6.71,4.37,-15.28,1.85,-6.45,-9.18,-14.35,-4,7,490
"core","Bush 41",1989-01-20,1991-09-01,32,-6.14,4.37,-14.7,2.43,-5.87,-10.1,-15.27,-4.93,7,569
"core","Bush 41",1989-01-20,1991-10-01,33,-14.66,4.37,-23.22,-6.09,-14.39,-12.5,-17.68,-7.33,7,506
"core","Bush 41",1989-01-20,1991-11-01,34,-17.88,4.37,-26.44,-9.31,-17.61,-14.83,-20.01,-9.66,7,598
"core","Bush 41",1989-01-20,1991-12-01,35,-14.63,4.37,-23.19,-6.06,-14.36,-16.64,-21.81,-11.47,7,617
"core","Bush 41",1989-01-20,1992-01-01,36,-15.76,4.37,-24.32,-7.19,-15.49,-16.95,-22.12,-11.78,7,952
"core","Bush 41",1989-01-20,1992-02-01,37,-23.46,4.37,-32.03,-14.9,-23.19,-14.64,-19.81,-9.46,7,828
"core","Bush 41",1989-01-20,1992-03-01,38,-8.68,4.37,-17.25,-0.12,-8.41,-11.66,-16.83,-6.48,7,750
"core","Bush 41",1989-01-20,1992-04-01,39,-1.72,4.37,-10.29,6.84,-1.46,-9.09,-14.27,-3.92,7,499
"core","Bush 41",1989-01-20,1992-05-01,40,-11.3,4.37,-19.87,-2.74,-11.04,-9.66,-14.83,-4.49,7,631
"core","Bush 41",1989-01-20,1992-06-01,41,-11.3,4.37,-19.87,-2.74,-11.04,-13.73,-18.91,-8.56,7,690
"core","Bush 41",1989-01-20,1992-07-01,42,-22.09,4.37,-30.65,-13.52,-21.82,-16.21,-21.38,-11.04,7,771
"core","Bush 41",1989-01-20,1992-08-01,43,-17.56,4.37,-26.13,-9,-17.29,-16.97,-22.15,-11.8,7,1341
"core","Bush 41",1989-01-20,1992-09-01,44,-13.37,4.37,-21.93,-4.81,-13.1,-16.93,-22.1,-11.76,7,1111
"core","Bush 41",1989-01-20,1992-10-01,45,-17.08,4.37,-25.64,-8.52,-16.81,-15.66,-20.83,-10.48,7,1283
"core","Bush 41",1989-01-20,1992-11-01,46,-19.97,4.37,-28.53,-11.4,-19.7,-12.86,-17.57,-8.15,7,471
"core","Bush 41",1989-01-20,1992-12-01,47,-4.47,4.37,-13.04,4.09,-4.2,-10.37,-16.21,-4.52,7,304
"core","Bush 41",1989-01-20,1993-01-01,48,-8.38,3.1,-14.46,-2.31,-10.42,-7.4,-15.6,0.8,7,286
"core","Bush 43",2001-01-20,2001-01-01,0,-5.29,3.1,-11.36,0.79,-4.71,-5.87,-14.15,2.41,7,392
"core","Bush 43",2001-01-20,2001-02-01,1,-7.5,4.37,-16.07,1.06,-7.23,-8.62,-14.54,-2.71,7,606
"core","Bush 43",2001-01-20,2001-03-01,2,-11.94,4.37,-20.51,-3.38,-11.68,-11.02,-15.79,-6.25,7,679
"core","Bush 43",2001-01-20,2001-04-01,3,-18.72,4.37,-27.28,-10.15,-18.45,-13.16,-18.4,-7.93,7,612
"core","Bush 43",2001-01-20,2001-05-01,4,-11.27,4.37,-19.84,-2.71,-11,-12.43,-17.67,-7.2,7,637
"core","Bush 43",2001-01-20,2001-06-01,5,-10.87,4.37,-19.44,-2.31,-10.61,-10.42,-15.66,-5.19,7,525
"core","Bush 43",2001-01-20,2001-07-01,6,-4.15,4.37,-12.72,4.41,-3.88,-9.09,-14.33,-3.86,7,510
"core","Bush 43",2001-01-20,2001-08-01,7,-14.72,4.37,-23.29,-6.16,-14.46,-7.05,-12.29,-1.82,7,462
"core","Bush 43",2001-01-20,2001-09-01,8,-2.11,4.37,-10.67,6.46,-1.84,-5.2,-10.43,0.04,7,541
"core","Bush 43",2001-01-20,2001-10-01,9,-1.33,4.72,-10.57,7.92,-1.38,-3.12,-8.35,2.12,6,409
"core","Bush 43",2001-01-20,2001-11-01,10,-0.59,4.37,-9.15,7.98,-0.32,-3.42,-8.65,1.82,7,386
"core","Bush 43",2001-01-20,2001-12-01,11,-5.7,4.72,-14.95,3.54,-5.76,-5.6,-10.84,-0.37,6,320
"core","Bush 43",2001-01-20,2002-01-01,12,-12.36,4.37,-20.92,-3.79,-12.09,-6.81,-12.05,-1.58,7,465
"core","Bush 43",2001-01-20,2002-02-01,13,-5.11,4.37,-13.67,3.45,-4.84,-7.39,-12.62,-2.15,7,509
"core","Bush 43",2001-01-20,2002-03-01,14,-4.32,4.37,-12.89,4.24,-4.06,-8.03,-13.26,-2.79,7,442
"core","Bush 43",2001-01-20,2002-04-01,15,-10.73,4.37,-19.29,-2.16,-10.46,-9.04,-14.27,-3.8,7,350
"core","Bush 43",2001-01-20,2002-05-01,16,-14.88,4.37,-23.44,-6.31,-14.61,-10.43,-15.66,-5.19,7,411
"core","Bush 43",2001-01-20,2002-06-01,17,-5.23,4.37,-13.8,3.33,-4.96,-11.57,-16.8,-6.33,7,467
"core","Bush 43",2001-01-20,2002-07-01,18,-16.29,4.37,-24.85,-7.72,-16.02,-11.56,-16.79,-6.32,7,440
"core","Bush 43",2001-01-20,2002-08-01,19,-9.98,4.37,-18.55,-1.42,-9.72,-11.71,-16.95,-6.48,7,361
"core","Bush 43",2001-01-20,2002-09-01,20,-14.92,4.37,-23.49,-6.36,-14.66,-8.5,-13.73,-3.26,7,465
"core","Bush 43",2001-01-20,2002-10-01,21,-3.2,4.37,-11.76,5.37,-2.93,-4.04,-9.27,1.2,7,430
"core","Bush 43",2001-01-20,2002-11-01,22,7.95,4.37,-0.61,16.52,8.22,-2.24,-7.48,2.99,7,383
"core","Bush 43",2001-01-20,2002-12-01,23,-3.34,4.37,-11.9,5.22,-3.07,-4.2,-9.44,1.03,7,416
"core","Bush 43",2001-01-20,2003-01-01,24,-13.53,4.37,-22.09,-4.96,-13.26,-9.16,-14.4,-3.93,7,696
"core","Bush 43",2001-01-20,2003-02-01,25,-14.93,4.37,-23.49,-6.36,-14.66,-11.89,-17.13,-6.66,7,507
"core","Bush 43",2001-01-20,2003-03-01,26,-13.87,4.37,-22.44,-5.31,-13.6,-10.79,-16.02,-5.56,7,533
"core","Bush 43",2001-01-20,2003-04-01,27,-2.49,4.72,-11.74,6.75,-2.55,-9.24,-14.48,-4.01,6,374
"core","Bush 43",2001-01-20,2003-05-01,28,-9.87,4.37,-18.44,-1.31,-9.61,-8.39,-13.62,-3.15,7,473
"core","Bush 43",2001-01-20,2003-06-01,29,-9.47,4.37,-18.04,-0.91,-9.2,-10.46,-15.7,-5.23,7,417
"core","Bush 43",2001-01-20,2003-07-01,30,-10.98,4.72,-20.23,-1.74,-11.04,-14.11,-19.34,-8.87,6,555
"core","Bush 43",2001-01-20,2003-08-01,31,-21.47,4.72,-30.72,-12.23,-21.53,-16.5,-21.73,-11.26,6,253
"core","Bush 43",2001-01-20,2003-09-01,32,-20.33,4.37,-28.89,-11.77,-20.06,-17.96,-23.2,-12.73,7,428
"core","Bush 43",2001-01-20,2003-10-01,33,-13.55,4.37,-22.11,-4.98,-13.28,-17.56,-22.8,-12.33,7,459
"core","Bush 43",2001-01-20,2003-11-01,34,-20.46,4.72,-29.71,-11.22,-20.52,-15.44,-20.67,-10.2,6,392
"core","Bush 43",2001-01-20,2003-12-01,35,-10.64,4.37,-19.2,-2.08,-10.37,-14.23,-19.46,-8.99,7,361
"core","Bush 43",2001-01-20,2004-01-01,36,-13.26,4.37,-21.82,-4.7,-12.99,-13.99,-19.22,-8.75,7,549
"core","Bush 43",2001-01-20,2004-02-01,37,-11.73,4.37,-20.29,-3.16,-11.46,-14.78,-20.02,-9.55,7,621
"core","Bush 43",2001-01-20,2004-03-01,38,-23.97,4.37,-32.53,-15.4,-23.7,-15.2,-20.44,-9.97,7,584
"core","Bush 43",2001-01-20,2004-04-01,39,-8.06,4.37,-16.63,0.5,-7.8,-16.02,-21.26,-10.79,7,590
"core","Bush 43",2001-01-20,2004-05-01,40,-19.21,4.37,-27.78,-10.65,-18.95,-15.77,-21.01,-10.54,7,532
"core","Bush 43",2001-01-20,2004-06-01,41,-14.61,4.37,-23.17,-6.04,-14.34,-16.24,-21.47,-11,7,518
"core","Bush 43",2001-01-20,2004-07-01,42,-20.47,4.37,-29.03,-11.9,-20.2,-15.29,-20.53,-10.06,7,488
"core","Bush 43",2001-01-20,2004-08-01,43,-10.6,4.37,-19.16,-2.04,-10.33,-12.89,-18.12,-7.65,7,627
"core","Bush 43",2001-01-20,2004-09-01,44,-10.29,4.37,-18.85,-1.73,-10.02,-8.35,-13.59,-3.12,7,760
"core","Bush 43",2001-01-20,2004-10-01,45,-4.96,4.37,-13.52,3.61,-4.69,-3.71,-8.94,1.53,7,782
"core","Bush 43",2001-01-20,2004-11-01,46,6.39,4.37,-2.17,14.96,6.66,-1.77,-7,3.47,7,593
"core","Bush 43",2001-01-20,2004-12-01,47,-2.21,4.37,-10.78,6.35,-1.94,-1.97,-7.21,3.26,7,404
"core","Bush 43",2001-01-20,2005-01-01,48,-7.33,4.37,-15.9,1.23,-7.06,-4.94,-10.18,0.29,7,462
"core","Bush 43",2001-01-20,2005-02-01,49,-6,4.37,-14.56,2.57,-5.73,-8.77,-14.01,-3.54,7,542
"core","Bush 43",2001-01-20,2005-03-01,50,-13.72,4.72,-22.96,-4.47,-13.78,-10.9,-16.13,-5.66,6,351
"core","Bush 43",2001-01-20,2005-04-01,51,-14.3,4.72,-23.55,-5.06,-14.36,-13.11,-18.35,-7.88,6,248
"core","Bush 43",2001-01-20,2005-05-01,52,-10.21,4.37,-18.78,-1.65,-9.94,-14.84,-20.07,-9.6,7,310
"core","Bush 43",2001-01-20,2005-06-01,53,-22.7,4.37,-31.27,-14.14,-22.43,-14.08,-19.32,-8.85,7,291
"core","Bush 43",2001-01-20,2005-07-01,54,-10.44,4.72,-19.68,-1.19,-10.49,-13.16,-18.4,-7.93,6,339
"core","Bush 43",2001-01-20,2005-08-01,55,-8.4,4.72,-17.64,0.85,-8.46,-12.97,-18.2,-7.73,6,239
"core","Bush 43",2001-01-20,2005-09-01,56,-11.7,4.72,-20.95,-2.46,-11.76,-15.09,-20.33,-9.86,6,390
"core","Bush 43",2001-01-20,2005-10-01,57,-26.05,4.37,-34.62,-17.49,-25.79,-16.61,-21.85,-11.38,7,394
"core","Bush 43",2001-01-20,2005-11-01,58,-18.54,4.37,-27.11,-9.98,-18.28,-15.66,-20.9,-10.43,7,380
"core","Bush 43",2001-01-20,2005-12-01,59,-5.41,4.37,-13.98,3.15,-5.15,-13.01,-18.25,-7.78,7,347
"core","Bush 43",2001-01-20,2006-01-01,60,-11,4.37,-19.56,-2.43,-10.73,-11.9,-17.13,-6.66,7,294
"core","Bush 43",2001-01-20,2006-02-01,61,-12.77,4.37,-21.34,-4.21,-12.5,-14.16,-19.4,-8.93,7,357
"core","Bush 43",2001-01-20,2006-03-01,62,-22.23,4.37,-30.79,-13.67,-21.96,-16.17,-21.41,-10.94,7,347
"core","Bush 43",2001-01-20,2006-04-01,63,-14.33,4.37,-22.9,-5.77,-14.06,-16.59,-21.83,-11.36,7,308
"core","Bush 43",2001-01-20,2006-05-01,64,-17.42,4.72,-26.66,-8.17,-17.47,-14.85,-20.09,-9.62,6,304
"core","Bush 43",2001-01-20,2006-06-01,65,-10.33,4.37,-18.89,-1.76,-10.06,-12.79,-18.02,-7.55,7,235
"core","Bush 43",2001-01-20,2006-07-01,66,-13.03,4.72,-22.28,-3.79,-13.09,-10.48,-15.72,-5.25,6,271
"core","Bush 43",2001-01-20,2006-08-01,67,-5.81,4.72,-15.06,3.43,-5.87,-9.45,-14.68,-4.21,6,185
"core","Bush 43",2001-01-20,2006-09-01,68,-8.59,4.37,-17.15,-0.02,-8.32,-9.62,-14.85,-4.39,7,302
"core","Bush 43",2001-01-20,2006-10-01,69,-12.02,4.72,-21.26,-2.77,-12.07,-10.47,-15.71,-5.24,6,235
"core","Bush 43",2001-01-20,2006-11-01,70,-12.78,4.72,-22.03,-3.54,-12.84,-12.74,-17.97,-7.5,6,268
"core","Bush 43",2001-01-20,2006-12-01,71,-9.6,4.72,-18.85,-0.36,-9.66,-16.21,-21.44,-10.97,6,229
"core","Bush 43",2001-01-20,2007-01-01,72,-26.64,4.37,-35.21,-18.08,-26.37,-18.63,-23.86,-13.39,7,468
"core","Bush 43",2001-01-20,2007-02-01,73,-21.4,4.72,-30.64,-12.15,-21.45,-19.89,-25.12,-14.65,6,231
"core","Bush 43",2001-01-20,2007-03-01,74,-17.5,4.72,-26.74,-8.25,-17.55,-17.83,-23.06,-12.59,6,287
"core","Bush 43",2001-01-20,2007-04-01,75,-14.65,4.72,-23.89,-5.4,-14.7,-14.99,-20.23,-9.76,6,209
"core","Bush 43",2001-01-20,2007-05-01,76,-8.92,4.37,-17.48,-0.35,-8.65,-13.84,-19.07,-8.6,7,257
"core","Bush 43",2001-01-20,2007-06-01,77,-18.7,4.72,-27.95,-9.46,-18.76,-13.18,-18.41,-7.94,6,249
"core","Bush 43",2001-01-20,2007-07-01,78,-9.72,4.37,-18.29,-1.16,-9.45,-12.62,-17.86,-7.39,7,306
"core","Bush 43",2001-01-20,2007-08-01,79,-15.61,4.72,-24.86,-6.37,-15.67,-10.49,-15.72,-5.25,6,186
"core","Bush 43",2001-01-20,2007-09-01,80,-1.44,4.72,-10.68,7.81,-1.49,-9.91,-15.14,-4.67,6,255
"core","Bush 43",2001-01-20,2007-10-01,81,-12.72,4.72,-21.97,-3.48,-12.78,-9.83,-15.06,-4.59,6,159
"core","Bush 43",2001-01-20,2007-11-01,82,-12.55,4.72,-21.79,-3.3,-12.61,-10.89,-16.13,-5.66,6,208
"core","Bush 43",2001-01-20,2007-12-01,83,-10.24,4.37,-18.8,-1.67,-9.97,-11.39,-16.63,-6.16,7,185
"core","Bush 43",2001-01-20,2008-01-01,84,-12.59,4.72,-21.84,-3.35,-12.65,-9.76,-15,-4.53,6,248
"core","Bush 43",2001-01-20,2008-02-01,85,-7.32,4.72,-16.56,1.93,-7.37,-7.05,-12.29,-1.82,6,171
"core","Bush 43",2001-01-20,2008-03-01,86,-3.91,4.72,-13.15,5.34,-3.96,-5.43,-10.66,-0.19,6,148
"core","Bush 43",2001-01-20,2008-04-01,87,3.03,4.37,-5.53,11.6,3.3,-7.28,-12.52,-2.05,7,183
"core","Bush 43",2001-01-20,2008-05-01,88,-19.46,4.72,-28.71,-10.22,-19.52,-9.38,-14.62,-4.15,6,167
"core","Bush 43",2001-01-20,2008-06-01,89,-14.27,4.72,-23.51,-5.02,-14.32,-11.15,-16.38,-5.91,6,138
"core","Bush 43",2001-01-20,2008-07-01,90,-5.2,5.17,-15.33,4.94,-5.09,-10.04,-15.27,-4.81,5,146
"core","Bush 43",2001-01-20,2008-08-01,91,-10.31,5.17,-20.44,-0.18,-10.2,-7.7,-12.93,-2.46,5,102
"core","Bush 43",2001-01-20,2008-09-01,92,-2.98,4.72,-12.22,6.27,-3.04,-7.77,-13,-2.53,6,125
"core","Bush 43",2001-01-20,2008-10-01,93,-12.1,4.72,-21.34,-2.85,-12.16,-8.44,-13.68,-3.21,6,97
"core","Bush 43",2001-01-20,2008-11-01,94,-6.44,4.72,-15.69,2.8,-6.5,-7.96,-12.73,-3.19,6,99
"core","Bush 43",2001-01-20,2008-12-01,95,-15.2,4.72,-24.44,-5.95,-15.25,-6.57,-12.48,-0.65,6,134
"core","Bush 43",2001-01-20,2009-01-01,96,1.28,3.22,-5.02,7.58,-3.6,-4.93,-13.24,3.37,6,97
"core","Carter",1977-01-20,1977-01-01,0,0.2,3.1,-5.87,6.28,-2.93,-0.05,-6.53,6.43,7,351
"core","Carter",1977-01-20,1977-02-01,1,-1.43,4.37,-10,7.13,-1.17,-1.92,-6.55,2.71,7,738
"core","Carter",1977-01-20,1977-03-01,2,-3.94,4.37,-12.5,4.63,-3.67,-3.66,-7.39,0.07,7,814
"core","Carter",1977-01-20,1977-04-01,3,-8.69,4.37,-17.26,-0.13,-8.43,-5.38,-9.47,-1.28,7,804
"core","Carter",1977-01-20,1977-05-01,4,-2.27,4.37,-10.84,6.29,-2.01,-6.63,-10.73,-2.53,7,747
"core","Carter",1977-01-20,1977-06-01,5,-11.45,4.37,-20.01,-2.89,-11.18,-6.5,-10.6,-2.4,7,607
"core","Carter",1977-01-20,1977-07-01,6,-4.21,4.37,-12.78,4.35,-3.95,-7.36,-11.46,-3.27,7,645
"core","Carter",1977-01-20,1977-08-01,7,-6.81,4.37,-15.38,1.75,-6.55,-8.66,-12.75,-4.56,7,570
"core","Carter",1977-01-20,1977-09-01,8,-12.46,4.37,-21.02,-3.9,-12.19,-10.54,-14.63,-6.44,7,560
"core","Carter",1977-01-20,1977-10-01,9,-12.82,4.37,-21.39,-4.26,-12.56,-12.4,-16.49,-8.3,7,637
"core","Carter",1977-01-20,1977-11-01,10,-15.06,4.37,-23.63,-6.5,-14.79,-12.15,-16.24,-8.05,7,439
"core","Carter",1977-01-20,1977-12-01,11,-9.78,4.37,-18.34,-1.21,-9.51,-10.35,-14.44,-6.25,7,532
"core","Carter",1977-01-20,1978-01-01,12,-7.81,4.37,-16.37,0.75,-7.54,-7.98,-12.07,-3.88,7,623
"core","Carter",1977-01-20,1978-02-01,13,-3.91,4.37,-12.47,4.66,-3.64,-7.22,-11.31,-3.12,7,425
"core","Carter",1977-01-20,1978-03-01,14,-7.17,4.37,-15.73,1.4,-6.9,-8.09,-12.19,-4,7,516
"core","Carter",1977-01-20,1978-04-01,15,-12.73,4.37,-21.3,-4.17,-12.47,-9.56,-13.66,-5.46,7,595
"core","Carter",1977-01-20,1978-05-01,16,-9.86,4.37,-18.43,-1.3,-9.59,-11.67,-15.77,-7.58,7,544
"core","Carter",1977-01-20,1978-06-01,17,-11.46,4.37,-20.02,-2.9,-11.19,-13.18,-17.28,-9.08,7,513
"core","Carter",1977-01-20,1978-07-01,18,-19.21,4.37,-27.77,-10.64,-18.94,-12.12,-16.21,-8.02,7,437
"core","Carter",1977-01-20,1978-08-01,19,-11.62,4.37,-20.19,-3.06,-11.35,-8.37,-12.47,-4.27,7,385
"core","Carter",1977-01-20,1978-09-01,20,3.03,4.72,-6.22,12.28,2.81,-4,-8.1,0.1,6,351
"core","Carter",1977-01-20,1978-10-01,21,2.61,4.72,-6.64,11.85,2.39,-1.78,-5.87,2.32,6,416
"core","Carter",1977-01-20,1978-11-01,22,-6.39,4.37,-14.95,2.18,-6.12,-3.42,-7.52,0.68,7,402
"core","Carter",1977-01-20,1978-12-01,23,-5.01,4.37,-13.57,3.56,-4.74,-7.22,-11.32,-3.12,7,427
"core","Carter",1977-01-20,1979-01-01,24,-12.71,4.37,-21.28,-4.15,-12.45,-9.03,-13.12,-4.93,7,485
"core","Carter",1977-01-20,1979-02-01,25,-11.46,4.37,-20.02,-2.89,-11.19,-9.48,-13.58,-5.39,7,416
"core","Carter",1977-01-20,1979-03-01,26,-5.14,4.37,-13.71,3.42,-4.88,-9.76,-13.85,-5.66,7,536
"core","Carter",1977-01-20,1979-04-01,27,-11.15,4.37,-19.71,-2.59,-10.88,-8.84,-12.93,-4.74,7,420
"core","Carter",1977-01-20,1979-05-01,28,-12.12,4.37,-20.68,-3.55,-11.85,-8,-12.1,-3.9,7,484
"core","Carter",1977-01-20,1979-06-01,29,-0.65,4.37,-9.22,7.91,-0.39,-7.91,-12.01,-3.82,7,528
"core","Carter",1977-01-20,1979-07-01,30,-9.81,4.37,-18.37,-1.24,-9.54,-7.05,-11.14,-2.95,7,662
"core","Carter",1977-01-20,1979-08-01,31,-9.89,4.37,-18.45,-1.32,-9.62,-6.23,-10.33,-2.14,7,453
"core","Carter",1977-01-20,1979-09-01,32,-3.16,4.37,-11.73,5.4,-2.9,-4.89,-8.99,-0.8,7,527
"core","Carter",1977-01-20,1979-10-01,33,-0.02,4.37,-8.58,8.55,0.25,-2.42,-6.52,1.68,7,484
"core","Carter",1977-01-20,1979-11-01,34,-4.65,4.37,-13.21,3.92,-4.38,-0.06,-4.15,4.04,7,464
"core","Carter",1977-01-20,1979-12-01,35,5.76,4.37,-2.8,14.33,6.03,0.8,-3.3,4.9,7,442
"core","Carter",1977-01-20,1980-01-01,36,1.23,4.37,-7.34,9.79,1.49,0.6,-3.49,4.7,7,543
"core","Carter",1977-01-20,1980-02-01,37,0.26,4.37,-8.3,8.83,0.53,-2.22,-6.32,1.88,7,453
"core","Carter",1977-01-20,1980-03-01,38,-8.28,4.37,-16.84,0.29,-8.01,-5.2,-9.3,-1.1,7,616
"core","Carter",1977-01-20,1980-04-01,39,-10.62,4.37,-19.19,-2.06,-10.36,-7.16,-11.26,-3.07,7,547
"core","Carter",1977-01-20,1980-05-01,40,-2.9,4.37,-11.47,5.66,-2.64,-8.45,-12.55,-4.35,7,485
"core","Carter",1977-01-20,1980-06-01,41,-12.73,4.37,-21.29,-4.17,-12.46,-7.51,-11.61,-3.41,7,563
"core","Carter",1977-01-20,1980-07-01,42,-8.02,4.37,-16.59,0.54,-7.75,-6.67,-10.77,-2.58,7,554
"core","Carter",1977-01-20,1980-08-01,43,0.06,4.37,-8.51,8.62,0.32,-6.25,-10.35,-2.15,7,788
"core","Carter",1977-01-20,1980-09-01,44,-8.32,4.37,-16.88,0.24,-8.05,-6.43,-10.52,-2.33,7,626
"core","Carter",1977-01-20,1980-10-01,45,-8.04,4.37,-16.6,0.53,-7.77,-8.69,-12.79,-4.59,7,835
"core","Carter",1977-01-20,1980-11-01,46,-11.88,4.37,-20.44,-3.31,-11.61,-9.24,-12.97,-5.5,7,304
"core","Carter",1977-01-20,1980-12-01,47,-12.08,4.37,-20.65,-3.52,-11.81,-9.33,-13.95,-4.7,7,164
"core","Carter",1977-01-20,1981-01-01,48,-5.96,3.1,-12.03,0.12,-9.38,-9.15,-15.65,-2.66,7,179
"core","Clinton",1993-01-20,1993-01-01,0,-8.38,3.1,-14.46,-2.31,-5.82,-5.33,-12.6,1.94,7,732
"core","Clinton",1993-01-20,1993-02-01,1,-6.94,4.37,-15.5,1.63,-6.67,-6.81,-12,-1.62,7,1511
"core","Clinton",1993-01-20,1993-03-01,2,0.59,4.37,-7.98,9.15,0.85,-8.53,-12.72,-4.35,7,1072
"core","Clinton",1993-01-20,1993-04-01,3,-15.65,4.37,-24.21,-7.08,-15.38,-10.19,-14.78,-5.6,7,1101
"core","Clinton",1993-01-20,1993-05-01,4,-15.07,4.37,-23.63,-6.51,-14.8,-11.74,-16.34,-7.15,7,1153
"core","Clinton",1993-01-20,1993-06-01,5,-12.89,4.37,-21.46,-4.33,-12.62,-10.65,-15.24,-6.06,7,940
"core","Clinton",1993-01-20,1993-07-01,6,-1.56,4.37,-10.12,7.01,-1.29,-8.42,-13.01,-3.82,7,868
"core","Clinton",1993-01-20,1993-08-01,7,-11.19,4.37,-19.76,-2.63,-10.93,-6.21,-10.81,-1.62,7,683
"core","Clinton",1993-01-20,1993-09-01,8,-2.88,4.37,-11.44,5.69,-2.61,-5.61,-10.2,-1.01,7,978
"core","Clinton",1993-01-20,1993-10-01,9,-5.71,4.37,-14.28,2.85,-5.44,-4.93,-9.52,-0.33,7,895
"core","Clinton",1993-01-20,1993-11-01,10,-2.92,4.37,-11.49,5.64,-2.65,-5.16,-9.75,-0.56,7,686
"core","Clinton",1993-01-20,1993-12-01,11,-6.81,4.37,-15.37,1.76,-6.54,-6.63,-11.23,-2.04,7,670
"core","Clinton",1993-01-20,1994-01-01,12,-8.21,4.37,-16.77,0.35,-7.94,-8.71,-13.3,-4.11,7,863
"core","Clinton",1993-01-20,1994-02-01,13,-12.52,4.37,-21.08,-3.96,-12.25,-10.6,-15.19,-6.01,7,749
"core","Clinton",1993-01-20,1994-03-01,14,-11.02,4.37,-19.59,-2.46,-10.76,-12.04,-16.64,-7.45,7,754
"core","Clinton",1993-01-20,1994-04-01,15,-13.93,4.37,-22.49,-5.36,-13.66,-12.02,-16.61,-7.42,7,586
"core","Clinton",1993-01-20,1994-05-01,16,-12.73,4.37,-21.3,-4.17,-12.46,-11.36,-15.96,-6.77,7,762
"core","Clinton",1993-01-20,1994-06-01,17,-6.77,4.37,-15.34,1.79,-6.5,-11.04,-15.63,-6.44,7,594
"core","Clinton",1993-01-20,1994-07-01,18,-12.95,4.37,-21.51,-4.38,-12.68,-10.81,-15.4,-6.21,7,535
"core","Clinton",1993-01-20,1994-08-01,19,-11.15,4.37,-19.72,-2.59,-10.88,-10.57,-15.17,-5.98,7,518
"core","Clinton",1993-01-20,1994-09-01,20,-12.2,4.37,-20.76,-3.64,-11.93,-9.19,-13.78,-4.59,7,517
"core","Clinton",1993-01-20,1994-10-01,21,-2.46,4.37,-11.02,6.11,-2.19,-8.59,-13.19,-4,7,528
"core","Clinton",1993-01-20,1994-11-01,22,-8.98,4.37,-17.54,-0.41,-8.71,-8.06,-12.65,-3.46,7,473
"core","Clinton",1993-01-20,1994-12-01,23,-13.39,4.37,-21.95,-4.83,-13.12,-7.37,-11.97,-2.78,7,506
"core","Clinton",1993-01-20,1995-01-01,24,-1.95,4.37,-10.51,6.62,-1.68,-6.3,-10.89,-1.7,7,509
"core","Clinton",1993-01-20,1995-02-01,25,-4.79,4.37,-13.36,3.77,-4.52,-3.34,-7.93,1.26,7,543
"core","Clinton",1993-01-20,1995-03-01,26,-1.77,4.37,-10.34,6.79,-1.51,-1.78,-6.38,2.81,7,462
"core","Clinton",1993-01-20,1995-04-01,27,3.33,4.37,-5.23,11.89,3.6,-2.74,-7.33,1.86,7,449
"core","Clinton",1993-01-20,1995-05-01,28,-7.06,4.37,-15.62,1.51,-6.79,-4.28,-8.88,0.31,7,530
"core","Clinton",1993-01-20,1995-06-01,29,-9.49,4.37,-18.06,-0.93,-9.22,-5.95,-10.55,-1.36,7,521
"core","Clinton",1993-01-20,1995-07-01,30,-5,4.37,-13.57,3.56,-4.74,-5.74,-10.34,-1.15,7,444
"core","Clinton",1993-01-20,1995-08-01,31,-4.69,4.37,-13.26,3.87,-4.42,-3.51,-8.11,1.08,7,390
"core","Clinton",1993-01-20,1995-09-01,32,0.34,4.37,-8.23,8.9,0.6,-1.65,-6.25,2.94,7,363
"core","Clinton",1993-01-20,1995-10-01,33,-0.22,4.37,-8.78,8.35,0.05,-0.23,-4.82,4.36,7,418
"core","Clinton",1993-01-20,1995-11-01,34,0.08,4.37,-8.48,8.65,0.35,-0.32,-4.92,4.27,7,421
"core","Clinton",1993-01-20,1995-12-01,35,1.95,4.37,-6.61,10.51,2.22,-1.46,-6.06,3.13,7,431
"core","Clinton",1993-01-20,1996-01-01,36,-8.23,4.37,-16.8,0.33,-7.96,-1.73,-6.33,2.86,7,446
"core","Clinton",1993-01-20,1996-02-01,37,0.9,4.37,-7.66,9.47,1.17,-1.65,-6.24,2.95,7,374
"core","Clinton",1993-01-20,1996-03-01,38,-1.1,4.37,-9.66,7.47,-0.83,-0.23,-4.83,4.36,7,430
"core","Clinton",1993-01-20,1996-04-01,39,2.91,4.37,-5.66,11.47,3.18,-0.84,-5.43,3.76,7,428
"core","Clinton",1993-01-20,1996-05-01,40,-0.69,4.37,-9.25,7.87,-0.42,-3.25,-7.84,1.35,7,456
"core","Clinton",1993-01-20,1996-06-01,41,-13.03,4.37,-21.59,-4.46,-12.76,-4.72,-9.31,-0.12,7,436
"core","Clinton",1993-01-20,1996-07-01,42,-3.43,4.37,-11.99,5.13,-3.16,-4.32,-8.92,0.27,7,451
"core","Clinton",1993-01-20,1996-08-01,43,-2.1,4.37,-10.66,6.47,-1.83,-0.8,-5.4,3.79,7,569
"core","Clinton",1993-01-20,1996-09-01,44,6.11,4.37,-2.46,14.67,6.38,1.7,-2.9,6.29,7,679
"core","Clinton",1993-01-20,1996-10-01,45,4.15,4.37,-4.42,12.71,4.41,2.08,-2.52,6.67,7,571
"core","Clinton",1993-01-20,1996-11-01,46,-2.38,4.37,-10.94,6.18,-2.11,1.25,-3.35,5.84,7,515
"core","Clinton",1993-01-20,1996-12-01,47,1.38,4.37,-7.18,9.94,1.65,-0.53,-5.12,4.07,7,424
"core","Clinton",1993-01-20,1997-01-01,48,-0.97,4.37,-9.53,7.6,-0.7,-2.42,-7.01,2.18,7,495
"core","Clinton",1993-01-20,1997-02-01,49,-4.8,4.37,-13.37,3.76,-4.53,-4.26,-8.86,0.33,7,553
"core","Clinton",1993-01-20,1997-03-01,50,-10.24,4.37,-18.81,-1.68,-9.97,-5.09,-9.68,-0.49,7,496
"core","Clinton",1993-01-20,1997-04-01,51,-1.48,4.37,-10.04,7.08,-1.21,-5.16,-9.76,-0.57,7,390
"core","Clinton",1993-01-20,1997-05-01,52,-4.4,4.37,-12.97,4.16,-4.14,-4,-8.6,0.59,7,444
"core","Clinton",1993-01-20,1997-06-01,53,-5.03,4.37,-13.59,3.54,-4.76,-2.67,-7.26,1.93,7,474
"core","Clinton",1993-01-20,1997-07-01,54,-0.48,4.37,-9.04,8.09,-0.21,-2,-6.6,2.59,7,400
"core","Clinton",1993-01-20,1997-08-01,55,1.77,4.37,-6.8,10.33,2.04,-1.62,-6.21,2.98,7,318
"core","Clinton",1993-01-20,1997-09-01,56,-5.89,4.37,-14.45,2.68,-5.62,-2.74,-7.33,1.86,7,413
"core","Clinton",1993-01-20,1997-10-01,57,0.12,4.37,-8.45,8.68,0.38,-5.03,-9.63,-0.44,7,492
"core","Clinton",1993-01-20,1997-11-01,58,-14.82,4.37,-23.39,-6.26,-14.55,-6.32,-10.92,-1.73,7,412
"core","Clinton",1993-01-20,1997-12-01,59,0.66,4.37,-7.9,9.23,0.93,-8.76,-13.35,-4.16,7,396
"core","Clinton",1993-01-20,1998-01-01,60,-16.79,4.37,-25.35,-8.22,-16.52,-9.9,-14.49,-5.3,7,686
"core","Clinton",1993-01-20,1998-02-01,61,-8.52,4.37,-17.08,0.04,-8.25,-11.71,-16.3,-7.11,7,619
"core","Clinton",1993-01-20,1998-03-01,62,-15.8,4.37,-24.36,-7.23,-15.53,-11.51,-16.1,-6.91,7,612
"core","Clinton",1993-01-20,1998-04-01,63,-9.7,4.37,-18.26,-1.13,-9.43,-9.66,-14.26,-5.07,7,426
"core","Clinton",1993-01-20,1998-05-01,64,-6.19,4.37,-14.75,2.37,-5.92,-7.28,-11.88,-2.69,7,361
"core","Clinton",1993-01-20,1998-06-01,65,-3.89,4.37,-12.45,4.68,-3.62,-7.17,-11.76,-2.57,7,391
"core","Clinton",1993-01-20,1998-07-01,66,-4.39,4.37,-12.96,4.17,-4.13,-11.79,-16.39,-7.2,7,379
"core","Clinton",1993-01-20,1998-08-01,67,-23.64,4.37,-32.2,-15.07,-23.37,-17.16,-21.76,-12.57,7,604
"core","Clinton",1993-01-20,1998-09-01,68,-28.55,4.37,-37.12,-19.99,-28.28,-20.06,-24.66,-15.47,7,960
"core","Clinton",1993-01-20,1998-10-01,69,-15.38,4.37,-23.94,-6.82,-15.11,-20.04,-24.63,-15.44,7,506
"core","Clinton",1993-01-20,1998-11-01,70,-14.2,4.37,-22.76,-5.64,-13.93,-18.18,-22.77,-13.58,7,364
"core","Clinton",1993-01-20,1998-12-01,71,-22.96,4.37,-31.52,-14.39,-22.69,-16.92,-21.51,-12.32,7,657
"core","Clinton",1993-01-20,1999-01-01,72,-14.15,4.37,-22.71,-5.58,-13.88,-16.51,-21.11,-11.92,7,700
"core","Clinton",1993-01-20,1999-02-01,73,-15.15,4.37,-23.72,-6.59,-14.89,-15.04,-19.64,-10.45,7,551
"core","Clinton",1993-01-20,1999-03-01,74,-12.59,4.37,-21.16,-4.03,-12.32,-14.72,-19.32,-10.13,7,332
"core","Clinton",1993-01-20,1999-04-01,75,-15.37,4.37,-23.93,-6.8,-15.1,-14.3,-18.89,-9.71,7,351
"core","Clinton",1993-01-20,1999-05-01,76,-18.66,4.37,-27.23,-10.1,-18.4,-11.77,-16.37,-7.18,7,312
"core","Clinton",1993-01-20,1999-06-01,77,-3.59,4.37,-12.15,4.98,-3.32,-9.26,-13.86,-4.67,7,338
"core","Clinton",1993-01-20,1999-07-01,78,-2.96,4.37,-11.52,5.61,-2.69,-7.18,-11.77,-2.58,7,317
"core","Clinton",1993-01-20,1999-08-01,79,-11.52,4.37,-20.08,-2.95,-11.25,-6.56,-11.15,-1.96,7,259
"core","Clinton",1993-01-20,1999-09-01,80,-5.85,4.37,-14.42,2.71,-5.59,-6.92,-11.52,-2.33,7,272
"core","Clinton",1993-01-20,1999-10-01,81,-6.3,4.37,-14.86,2.27,-6.03,-6.58,-11.18,-1.99,7,296
"core","Clinton",1993-01-20,1999-11-01,82,-3.8,4.37,-12.37,4.76,-3.54,-6.32,-10.92,-1.73,7,356
"core","Clinton",1993-01-20,1999-12-01,83,-11.48,4.37,-20.04,-2.91,-11.21,-5.56,-10.16,-0.97,7,249
"core","Clinton",1993-01-20,2000-01-01,84,-0.9,4.37,-9.46,7.67,-0.63,-5.11,-9.7,-0.51,7,359
"core","Clinton",1993-01-20,2000-02-01,85,-4.29,4.37,-12.86,4.27,-4.03,-3.58,-8.18,1.01,7,295
"core","Clinton",1993-01-20,2000-03-01,86,-4.23,4.37,-12.79,4.34,-3.96,-2.81,-7.4,1.79,7,429
"core","Clinton",1993-01-20,2000-04-01,87,1.14,4.37,-7.43,9.7,1.41,-3.86,-8.45,0.74,7,250
"core","Clinton",1993-01-20,2000-05-01,88,-6.93,4.37,-15.5,1.63,-6.67,-4.45,-9.05,0.14,7,315
"core","Clinton",1993-01-20,2000-06-01,89,-8.94,4.37,-17.5,-0.37,-8.67,-5.14,-9.73,-0.54,7,286
"core","Clinton",1993-01-20,2000-07-01,90,-0.4,4.37,-8.97,8.16,-0.13,-5.19,-9.78,-0.59,7,394
"core","Clinton",1993-01-20,2000-08-01,91,-8.03,4.37,-16.59,0.53,-7.76,-3.46,-8.05,1.14,7,457
"core","Clinton",1993-01-20,2000-09-01,92,-0.28,4.37,-8.85,8.28,-0.02,-2.53,-7.13,2.06,7,409
"core","Clinton",1993-01-20,2000-10-01,93,-0.85,4.37,-9.42,7.71,-0.59,-1.47,-6.06,3.13,7,351
"core","Clinton",1993-01-20,2000-11-01,94,-1.36,4.37,-9.92,7.2,-1.09,-1.71,-5.89,2.48,7,416
"core","Clinton",1993-01-20,2000-12-01,95,0.01,4.37,-8.55,8.58,0.28,-2.36,-7.55,2.83,7,421
"core","Clinton",1993-01-20,2001-01-01,96,-5.29,3.1,-11.36,0.79,-5.33,-3.2,-10.49,4.09,7,287
"core","Eisenhower",1953-01-20,1953-01-01,0,-3.39,3.34,-9.94,3.17,-3.8,3.19,-6.95,13.33,6,114
"core","Eisenhower",1953-01-20,1953-02-01,1,14.94,4.72,5.69,24.18,15.29,4.37,-2.87,11.61,6,189
"core","Eisenhower",1953-01-20,1953-03-01,2,3.2,5.16,-6.92,13.33,3.9,5.65,-0.18,11.49,5,145
"core","Eisenhower",1953-01-20,1953-04-01,3,5.19,5.16,-4.93,15.31,5.89,6.06,-0.35,12.47,5,184
"core","Eisenhower",1953-01-20,1953-05-01,4,5.15,5.16,-4.97,15.27,5.85,6.63,0.22,13.04,5,179
"core","Eisenhower",1953-01-20,1953-06-01,5,9.33,4.72,0.09,18.58,9.68,8.35,1.95,14.76,6,206
"core","Eisenhower",1953-01-20,1953-07-01,6,11.05,4.72,1.81,20.3,11.4,9.49,3.08,15.9,6,211
"core","Eisenhower",1953-01-20,1953-08-01,7,10.02,4.72,0.77,19.26,10.37,8.41,2,14.82,6,155
"core","Eisenhower",1953-01-20,1953-09-01,8,8.43,5.16,-1.69,18.55,9.13,5.77,-0.64,12.18,5,157
"core","Eisenhower",1953-01-20,1953-10-01,9,-3.96,5.16,-14.08,6.16,-3.26,4.27,-2.13,10.68,5,169
"core","Eisenhower",1953-01-20,1953-11-01,10,6.92,5.16,-3.2,17.04,7.62,4.37,-2.04,10.77,5,140
"core","Eisenhower",1953-01-20,1953-12-01,11,4.73,5.16,-5.4,14.85,5.42,6.21,-0.2,12.62,5,184
"core","Eisenhower",1953-01-20,1954-01-01,12,13.37,4.72,4.13,22.62,13.72,6.25,-0.16,12.66,6,187
"core","Eisenhower",1953-01-20,1954-02-01,13,0.43,5.78,-10.9,11.75,1.52,5.52,-0.89,11.93,4,100
"core","Eisenhower",1953-01-20,1954-03-01,14,3.93,4.72,-5.32,13.17,4.28,3.78,-2.63,10.18,6,133
"core","Eisenhower",1953-01-20,1954-04-01,15,4.89,5.16,-5.23,15.01,5.59,2.05,-4.36,8.45,5,117
"core","Eisenhower",1953-01-20,1954-05-01,16,-0.55,5.78,-11.87,10.78,0.55,1.14,-5.27,7.55,4,109
"core","Eisenhower",1953-01-20,1954-06-01,17,-2.68,5.78,-14.01,8.64,-1.59,1.22,-5.19,7.62,4,113
"core","Eisenhower",1953-01-20,1954-07-01,18,3.41,5.16,-6.72,13.53,4.11,3.17,-3.24,9.57,5,105
"core","Eisenhower",1953-01-20,1954-08-01,19,7.62,4.72,-1.62,16.87,7.97,6.8,0.39,13.21,6,161
"core","Eisenhower",1953-01-20,1954-09-01,20,9.75,5.77,-1.56,21.06,10.91,8.86,2.45,15.27,4,122
"core","Eisenhower",1953-01-20,1954-10-01,21,15.05,5.78,3.73,26.37,16.14,7.54,1.13,13.95,4,155
"core","Eisenhower",1953-01-20,1954-11-01,22,-0.9,5.77,-12.21,10.41,0.26,5.18,-1.23,11.59,4,109
"core","Eisenhower",1953-01-20,1954-12-01,23,1.86,5.16,-8.26,11.98,2.56,2.92,-3.48,9.33,5,104
"core","Eisenhower",1953-01-20,1955-01-01,24,1.25,4.72,-7.99,10.5,1.8,2.93,-3.48,9.34,6,142
"core","Eisenhower",1953-01-20,1955-02-01,25,7.94,5.17,-2.19,18.08,8.54,2.94,-3.46,9.35,5,124
"core","Eisenhower",1953-01-20,1955-03-01,26,1.52,5.17,-8.61,11.65,2.12,2.83,-3.58,9.24,5,119
"core","Eisenhower",1953-01-20,1955-04-01,27,-2.32,5.16,-12.45,7.8,-1.68,4.02,-2.39,10.43,5,124
"core","Eisenhower",1953-01-20,1955-05-01,28,8.28,5.16,-1.84,18.4,8.92,5.73,-0.68,12.14,5,139
"core","Eisenhower",1953-01-20,1955-06-01,29,13.75,6.67,0.69,26.82,15.59,7.1,0.69,13.51,3,120
"core","Eisenhower",1953-01-20,1955-07-01,30,2.73,4.72,-6.51,11.98,3.08,7.09,0.68,13.49,6,153
"core","Eisenhower",1953-01-20,1955-08-01,31,5.64,6.67,-7.43,18.71,7.48,5.25,-1.15,11.66,3,112
"core","Eisenhower",1953-01-20,1955-09-01,32,5.02,5.78,-6.31,16.34,6.11,4.25,-2.16,10.66,4,148
"core","Eisenhower",1953-01-20,1955-10-01,33,2.72,5.16,-7.4,12.84,3.42,5.61,-0.8,12.02,5,133
"core","Eisenhower",1953-01-20,1955-11-01,34,3.93,6.67,-9.13,17,5.77,8.37,1.96,14.78,3,94
"core","Eisenhower",1953-01-20,1955-12-01,35,19.66,5.16,9.53,29.78,20.35,10.29,3.88,16.7,5,107
"core","Eisenhower",1953-01-20,1956-01-01,36,10.01,4.72,0.76,19.25,10.36,9.71,3.3,16.12,6,171
"core","Eisenhower",1953-01-20,1956-02-01,37,8.02,6.67,-5.04,21.09,9.86,7.22,0.81,13.63,3,134
"core","Eisenhower",1953-01-20,1956-03-01,38,-6.54,5.78,-17.86,4.78,-5.45,7.37,0.96,13.78,4,158
"core","Eisenhower",1953-01-20,1956-04-01,39,20.63,5.17,10.49,30.76,21.22,8.99,2.58,15.4,5,115
"core","Eisenhower",1953-01-20,1956-05-01,40,9.01,5.16,-1.11,19.14,9.71,11.31,4.9,17.72,5,112
"core","Eisenhower",1953-01-20,1956-06-01,41,16.29,5.77,4.98,27.6,17.45,10.74,4.34,17.15,4,138
"core","Eisenhower",1953-01-20,1956-07-01,42,-0.92,5.16,-11.04,9.2,-0.22,10.42,4.01,16.82,5,118
"core","Eisenhower",1953-01-20,1956-08-01,43,19.28,4.72,10.03,28.52,19.63,10.21,3.8,16.62,6,150
"core","Eisenhower",1953-01-20,1956-09-01,44,6.58,5.78,-4.74,17.9,7.67,14.25,7.84,20.66,4,160
"core","Eisenhower",1953-01-20,1956-10-01,45,15.92,4.72,6.68,25.17,16.27,17.87,11.46,24.28,6,253
"core","Eisenhower",1953-01-20,1956-11-01,46,34.25,5.16,24.13,44.38,34.95,15.8,9.39,22.21,5,216
"core","Eisenhower",1953-01-20,1956-12-01,47,9.03,6.67,-4.04,22.1,10.87,10.49,4.08,16.9,3,53
"core","Eisenhower",1953-01-20,1957-01-01,48,-10.89,4.72,-20.14,-1.65,-10.54,4.07,-2.34,10.48,6,147
"core","Eisenhower",1953-01-20,1957-02-01,49,3.14,5.78,-8.18,14.46,4.24,0.73,-5.68,7.14,4,105
"core","Eisenhower",1953-01-20,1957-03-01,50,6.48,4.72,-2.77,15.72,6.83,2.23,-4.18,8.64,6,103
"core","Eisenhower",1953-01-20,1957-04-01,51,0.53,5.78,-10.79,11.86,1.63,3.09,-3.32,9.5,4,87
"core","Eisenhower",1953-01-20,1957-05-01,52,5.14,5.17,-4.99,15.27,5.73,1.01,-5.4,7.42,5,88
"core","Eisenhower",1953-01-20,1957-06-01,53,-3.52,5.17,-13.65,6.62,-2.92,-1.96,-8.37,4.45,5,98
"core","Eisenhower",1953-01-20,1957-07-01,54,-3.47,5.77,-14.78,7.84,-2.31,-5.43,-11.84,0.98,4,56
"core","Eisenhower",1953-01-20,1957-08-01,55,-14.31,5.17,-24.44,-4.18,-13.72,-6.39,-12.8,0.02,5,97
"core","Eisenhower",1953-01-20,1957-09-01,56,-3.74,5.78,-15.07,7.58,-2.65,-5.86,-12.27,0.55,4,93
"core","Eisenhower",1953-01-20,1957-10-01,57,-0.78,4.72,-10.03,8.46,-0.44,-3.8,-10.21,2.61,6,97
"core","Eisenhower",1953-01-20,1957-11-01,58,-5.7,5.78,-17.02,5.63,-4.6,-0.98,-7.39,5.42,4,91
"core","Eisenhower",1953-01-20,1957-12-01,59,2.73,5.78,-8.6,14.05,3.82,0.97,-5.44,7.38,4,90
"core","Eisenhower",1953-01-20,1958-01-01,60,5.26,5.78,-6.06,16.58,6.29,2.99,-3.42,9.4,4,90
"core","Eisenhower",1953-01-20,1958-02-01,61,3.78,5.78,-7.55,15.1,4.81,3.2,-3.21,9.61,4,93
"core","Eisenhower",1953-01-20,1958-03-01,62,3.78,5.78,-7.54,15.1,4.81,1.35,-5.05,7.76,4,78
"core","Eisenhower",1953-01-20,1958-04-01,63,-4.75,5.78,-16.07,6.58,-3.72,0.25,-6.16,6.66,4,72
"core","Eisenhower",1953-01-20,1958-05-01,64,-0.09,5.77,-11.4,11.22,1.07,0.36,-6.05,6.77,4,99
"core","Eisenhower",1953-01-20,1958-06-01,65,2.88,6.67,-10.18,15.95,3.52,2.38,-4.03,8.79,3,74
"core","Eisenhower",1953-01-20,1958-07-01,66,4.89,5.17,-5.24,15.03,5.49,4.22,-2.19,10.62,5,125
"core","Eisenhower",1953-01-20,1958-08-01,67,7.94,5.16,-2.18,18.07,8.59,5.1,-1.31,11.51,5,103
"core","Eisenhower",1953-01-20,1958-09-01,68,0.46,5.77,-10.85,11.77,1.61,5.9,-0.51,12.31,4,64
"core","Eisenhower",1953-01-20,1958-10-01,69,11.6,5.17,1.47,21.74,12.2,5.56,-0.85,11.97,5,131
"core","Eisenhower",1953-01-20,1958-11-01,70,2.7,8.16,-13.3,18.69,4.35,4.53,-1.88,10.94,2,42
"core","Eisenhower",1953-01-20,1958-12-01,71,6.25,8.16,-9.75,22.24,7.89,2.08,-4.33,8.49,2,35
"core","Eisenhower",1953-01-20,1959-01-01,72,-8.64,5.16,-18.76,1.49,-7.99,2.25,-4.16,8.66,5,78
"core","Eisenhower",1953-01-20,1959-02-01,73,6.51,8.16,-9.49,22.5,8.16,4.57,-1.84,10.98,2,56
"core","Eisenhower",1953-01-20,1959-03-01,74,11.88,5.78,0.55,23.2,12.91,7.24,0.83,13.65,4,78
"core","Eisenhower",1953-01-20,1959-04-01,75,12.46,6.67,-0.61,25.53,13.1,6.69,0.28,13.1,3,67
"core","Eisenhower",1953-01-20,1959-05-01,76,-1.69,6.67,-14.76,11.37,-1.06,3.56,-2.84,9.97,3,69
"core","Eisenhower",1953-01-20,1959-06-01,77,-1.49,6.67,-14.56,11.58,-0.85,2.41,-4,8.82,3,70
"core","Eisenhower",1953-01-20,1959-07-01,78,0.48,6.66,-12.58,13.53,1.28,5.19,-1.22,11.6,3,70
"core","Eisenhower",1953-01-20,1959-08-01,79,18.99,4.72,9.75,28.24,19.34,8.07,1.66,14.48,6,165
"core","Eisenhower",1953-01-20,1959-09-01,80,7.34,5.17,-2.79,17.48,7.94,9.67,3.26,16.08,5,135
"core","Eisenhower",1953-01-20,1959-10-01,81,7.61,5.78,-3.72,18.93,8.63,8.88,2.47,15.29,4,87
"core","Eisenhower",1953-01-20,1959-11-01,82,6.97,6.67,-6.1,20.03,8.8,8.65,2.25,15.06,3,81
"core","Eisenhower",1953-01-20,1959-12-01,83,11.22,4.72,1.98,20.47,11.57,8.73,2.32,15.14,6,194
"core","Eisenhower",1953-01-20,1960-01-01,84,10.9,6.67,-2.17,23.96,12.73,6,-0.4,12.41,3,88
"core","Eisenhower",1953-01-20,1960-02-01,85,1.63,5.78,-9.69,12.96,2.73,2.14,-4.26,8.55,4,104
"core","Eisenhower",1953-01-20,1960-03-01,86,-11.16,4.72,-20.41,-1.92,-10.81,-0.81,-7.22,5.6,6,105
"core","Eisenhower",1953-01-20,1960-04-01,87,6.2,6.66,-6.85,19.25,7,-2.24,-8.65,4.17,3,67
"core","Eisenhower",1953-01-20,1960-05-01,88,-7.01,5.16,-17.13,3.11,-6.31,-0.46,-6.87,5.95,5,122
"core","Eisenhower",1953-01-20,1960-06-01,89,4.73,5.78,-6.59,16.06,5.83,0.58,-5.83,6.99,4,134
"core","Eisenhower",1953-01-20,1960-07-01,90,-1.31,8.16,-17.31,14.68,0.34,3.18,-3.23,9.58,2,65
"core","Eisenhower",1953-01-20,1960-08-01,91,7.33,6.67,-5.74,20.4,9.17,6.24,-0.17,12.65,3,60
"core","Eisenhower",1953-01-20,1960-09-01,92,11.61,5.78,0.29,22.94,11.81,7.96,1.55,14.37,4,99
"core","Eisenhower",1953-01-20,1960-10-01,93,10.21,6.67,-2.86,23.28,12.05,8.47,2.06,14.87,3,80
"core","Eisenhower",1953-01-20,1960-11-01,94,2.58,6.67,-10.49,15.64,4.41,7.63,1.79,13.47,3,62
"core","Eisenhower",1953-01-20,1960-12-01,95,11.62,6.67,-1.45,24.69,13.46,6.25,-0.99,13.49,3,53
"core","Eisenhower",1953-01-20,1961-01-01,96,2.91,3.49,-3.94,9.76,6.61,4.98,-5.18,15.15,4,87
"core","Ford",1974-08-09,1974-08-01,0,-14.19,3.1,-20.27,-8.12,5.77,-12.53,-17.79,-7.27,7,790
"core","Ford",1974-08-09,1974-09-01,1,-8.7,4.37,-17.27,-0.14,-8.44,-10.59,-14.34,-6.83,7,823
"core","Ford",1974-08-09,1974-10-01,2,-10.12,4.37,-18.68,-1.56,-9.85,-8.86,-11.89,-5.84,7,805
"core","Ford",1974-08-09,1974-11-01,3,-3.29,4.37,-11.85,5.27,-3.02,-7.61,-10.93,-4.29,7,585
"core","Ford",1974-08-09,1974-12-01,4,-7.74,4.37,-16.3,0.83,-7.47,-8.64,-11.97,-5.32,7,493
"core","Ford",1974-08-09,1975-01-01,5,-12.16,4.37,-20.72,-3.59,-11.89,-10.58,-13.91,-7.26,7,607
"core","Ford",1974-08-09,1975-02-01,6,-14.45,4.37,-23.02,-5.89,-14.18,-11.27,-14.6,-7.95,7,495
"core","Ford",1974-08-09,1975-03-01,7,-10.71,4.37,-19.27,-2.14,-10.44,-9.29,-12.62,-5.97,7,429
"core","Ford",1974-08-09,1975-04-01,8,-4.87,4.37,-13.44,3.69,-4.6,-5.96,-9.29,-2.64,7,477
"core","Ford",1974-08-09,1975-05-01,9,-0.47,4.37,-9.03,8.1,-0.2,-3.65,-6.98,-0.33,7,536
"core","Ford",1974-08-09,1975-06-01,10,-2.51,4.37,-11.08,6.05,-2.24,-3.84,-7.17,-0.52,7,486
"core","Ford",1974-08-09,1975-07-01,11,-5.53,4.37,-14.09,3.04,-5.26,-6.01,-9.33,-2.69,7,536
"core","Ford",1974-08-09,1975-08-01,12,-10.98,4.37,-19.54,-2.41,-10.71,-8.19,-11.51,-4.87,7,517
"core","Ford",1974-08-09,1975-09-01,13,-9.17,4.37,-17.74,-0.61,-8.9,-9.64,-12.96,-6.31,7,562
"core","Ford",1974-08-09,1975-10-01,14,-10.18,4.37,-18.75,-1.62,-9.91,-10.12,-13.44,-6.8,7,726
"core","Ford",1974-08-09,1975-11-01,15,-10.26,4.37,-18.82,-1.7,-9.99,-10.64,-13.96,-7.31,7,635
"core","Ford",1974-08-09,1975-12-01,16,-11.17,4.37,-19.73,-2.61,-10.9,-10.35,-13.67,-7.03,7,549
"core","Ford",1974-08-09,1976-01-01,17,-12.99,4.37,-21.56,-4.43,-12.73,-8.39,-11.71,-5.06,7,531
"core","Ford",1974-08-09,1976-02-01,18,-1.64,4.37,-10.21,6.92,-1.37,-6.08,-9.4,-2.75,7,498
"core","Ford",1974-08-09,1976-03-01,19,-3.48,4.37,-12.05,5.08,-3.21,-4.29,-7.62,-0.97,7,494
"core","Ford",1974-08-09,1976-04-01,20,-2.64,4.37,-11.21,5.92,-2.38,-4.31,-7.64,-0.99,7,354
"core","Ford",1974-08-09,1976-05-01,21,-8.98,4.37,-17.54,-0.41,-8.71,-3.34,-6.67,-0.02,7,518
"core","Ford",1974-08-09,1976-06-01,22,-1.95,4.37,-10.52,6.61,-1.69,-1.11,-4.43,2.21,7,406
"core","Ford",1974-08-09,1976-07-01,23,7.58,4.37,-0.99,16.14,7.84,0.91,-2.41,4.23,7,438
"core","Ford",1974-08-09,1976-08-01,24,0.74,4.37,-7.83,9.3,1,1.34,-1.99,4.66,7,568
"core","Ford",1974-08-09,1976-09-01,25,-0.58,4.37,-9.15,7.98,-0.31,0.07,-3.25,3.4,7,752
"core","Ford",1974-08-09,1976-10-01,26,-4.76,4.37,-13.32,3.81,-4.49,-0.3,-3.62,3.03,7,1002
"core","Ford",1974-08-09,1976-11-01,27,5.11,4.37,-3.45,13.68,5.38,-0.2,-3.23,2.82,7,326
"core","Ford",1974-08-09,1976-12-01,28,-1.66,4.37,-10.22,6.9,-1.39,0.16,-3.6,3.91,7,243
"core","Ford",1974-08-09,1977-01-01,29,0.2,3.1,-5.87,6.28,3.87,0.45,-4.81,5.72,7,254
"core","Johnson",1963-11-22,1963-11-01,0,11.57,3.1,5.49,17.64,21.2,10.7,2.75,18.66,7,282
"core","Johnson",1963-11-22,1963-12-01,1,10.95,4.37,2.39,19.52,11.22,8.69,3.02,14.37,7,620
"core","Johnson",1963-11-22,1964-01-01,2,2.37,4.37,-6.19,10.93,2.64,7.05,2.47,11.63,7,565
"core","Johnson",1963-11-22,1964-02-01,3,2.5,4.37,-6.07,11.06,2.77,5.38,0.36,10.41,7,379
"core","Johnson",1963-11-22,1964-03-01,4,10.66,4.37,2.1,19.22,10.93,5.17,0.14,10.19,7,373
"core","Johnson",1963-11-22,1964-04-01,5,2.28,4.37,-6.28,10.84,2.55,6.36,1.33,11.38,7,412
"core","Johnson",1963-11-22,1964-05-01,6,6.44,4.37,-2.12,15.01,6.71,7.55,2.52,12.57,7,384
"core","Johnson",1963-11-22,1964-06-01,7,10.67,4.37,2.1,19.23,10.93,9.35,4.32,14.37,7,343
"core","Johnson",1963-11-22,1964-07-01,8,13.09,4.37,4.53,21.65,13.36,12.06,7.03,17.08,7,313
"core","Johnson",1963-11-22,1964-08-01,9,10.47,4.37,1.91,19.04,10.74,14.99,9.96,20.02,7,521
"core","Johnson",1963-11-22,1964-09-01,10,22.34,4.37,13.78,30.91,22.61,17.43,12.4,22.45,7,515
"core","Johnson",1963-11-22,1964-10-01,11,18.33,4.37,9.77,26.9,18.6,19.18,14.15,24.21,7,640
"core","Johnson",1963-11-22,1964-11-01,12,23.17,4.72,13.93,32.42,23.52,17.37,12.34,22.4,6,405
"core","Johnson",1963-11-22,1964-12-01,13,12.02,4.37,3.46,20.59,12.29,14.61,9.58,19.64,7,260
"core","Johnson",1963-11-22,1965-01-01,14,7.02,4.37,-1.55,15.58,7.29,11.6,6.58,16.63,7,351
"core","Johnson",1963-11-22,1965-02-01,15,15.84,4.72,6.59,25.08,16.19,8.05,3.03,13.08,6,299
"core","Johnson",1963-11-22,1965-03-01,16,1.28,4.37,-7.28,9.84,1.55,6.04,1.01,11.07,7,296
"core","Johnson",1963-11-22,1965-04-01,17,1.76,4.72,-7.48,11.01,2.11,3.8,-1.22,8.83,6,314
"core","Johnson",1963-11-22,1965-05-01,18,4.56,4.37,-4,13.12,4.83,3.23,-1.8,8.25,7,353
"core","Johnson",1963-11-22,1965-06-01,19,2.16,4.72,-7.08,11.41,2.51,4.48,-0.55,9.5,6,307
"core","Johnson",1963-11-22,1965-07-01,20,7.85,4.37,-0.71,16.41,8.12,6.64,1.61,11.66,7,325
"core","Johnson",1963-11-22,1965-08-01,21,4.98,4.37,-3.59,13.54,5.24,8.95,3.92,13.98,7,319
"core","Johnson",1963-11-22,1965-09-01,22,20.94,4.37,12.38,29.51,21.21,8.02,3,13.05,7,233
"core","Johnson",1963-11-22,1965-10-01,23,-0.79,4.37,-9.35,7.78,-0.52,5.44,0.42,10.47,7,246
"core","Johnson",1963-11-22,1965-11-01,24,1.5,4.37,-7.06,10.07,1.77,1.11,-3.92,6.13,7,211
"core","Johnson",1963-11-22,1965-12-01,25,-5.82,4.37,-14.39,2.74,-5.56,-0.4,-5.43,4.63,7,216
"core","Johnson",1963-11-22,1966-01-01,26,2.76,4.37,-5.81,11.32,3.03,0.37,-4.65,5.4,7,283
"core","Johnson",1963-11-22,1966-02-01,27,2.57,4.72,-6.68,11.81,2.92,1.38,-3.65,6.41,6,241
"core","Johnson",1963-11-22,1966-03-01,28,2.64,5.17,-7.49,12.78,3.24,0.82,-4.21,5.85,5,228
"core","Johnson",1963-11-22,1966-04-01,29,-1.6,4.72,-10.85,7.64,-1.25,-0.75,-5.78,4.28,6,235
"core","Johnson",1963-11-22,1966-05-01,30,-4.63,4.72,-13.88,4.61,-4.28,-1.2,-6.22,3.83,6,227
"core","Johnson",1963-11-22,1966-06-01,31,-0.36,4.72,-9.6,8.89,-0.01,-0.91,-5.93,4.12,6,216
"core","Johnson",1963-11-22,1966-07-01,32,3.7,4.72,-5.54,12.95,4.05,-0.73,-5.76,4.3,6,239
"core","Johnson",1963-11-22,1966-08-01,33,-4.05,4.37,-12.61,4.51,-3.78,-0.43,-5.46,4.59,7,253
"core","Johnson",1963-11-22,1966-09-01,34,-2,4.72,-11.25,7.24,-1.65,-0.71,-5.73,4.32,6,295
"core","Johnson",1963-11-22,1966-10-01,35,3.28,4.37,-5.29,11.84,3.55,0.03,-5,5.06,7,330
"core","Johnson",1963-11-22,1966-11-01,36,-3.05,4.37,-11.61,5.52,-2.78,1.84,-3.19,6.87,7,215
"core","Johnson",1963-11-22,1966-12-01,37,7.88,4.37,-0.69,16.44,8.15,2.59,-2.43,7.62,7,183
"core","Johnson",1963-11-22,1967-01-01,38,0.56,4.72,-8.68,9.81,0.91,4.07,-0.95,9.1,6,217
"core","Johnson",1963-11-22,1967-02-01,39,6.4,4.72,-2.85,15.64,6.75,4.67,-0.36,9.69,6,205
"core","Johnson",1963-11-22,1967-03-01,40,5.56,4.72,-3.68,14.81,5.91,4.43,-0.6,9.45,6,253
"core","Johnson",1963-11-22,1967-04-01,41,4.72,4.72,-4.53,13.96,5.07,3.12,-1.91,8.14,6,210
"core","Johnson",1963-11-22,1967-05-01,42,-0.78,4.72,-10.02,8.47,-0.43,2.42,-2.61,7.45,6,205
"core","Johnson",1963-11-22,1967-06-01,43,-1.03,4.37,-9.6,7.53,-0.77,2.25,-2.77,7.28,7,195
"core","Johnson",1963-11-22,1967-07-01,44,11.41,4.72,2.17,20.66,11.76,0.25,-4.78,5.27,6,139
"core","Johnson",1963-11-22,1967-08-01,45,-6.49,4.72,-15.74,2.75,-6.14,-3.42,-8.45,1.6,6,212
"core","Johnson",1963-11-22,1967-09-01,46,-10.23,4.72,-19.48,-0.99,-9.88,-8.64,-13.67,-3.62,6,172
"core","Johnson",1963-11-22,1967-10-01,47,-17.6,4.72,-26.84,-8.35,-17.25,-9.71,-14.74,-4.68,6,195
"core","Johnson",1963-11-22,1967-11-01,48,-6.72,4.37,-15.29,1.84,-6.45,-6.33,-11.35,-1.3,7,241
"core","Johnson",1963-11-22,1967-12-01,49,3.39,4.37,-5.17,11.95,3.66,-1.09,-6.12,3.94,7,251
"core","Johnson",1963-11-22,1968-01-01,50,2.71,4.37,-5.85,11.28,2.98,3.12,-1.91,8.14,7,248
"core","Johnson",1963-11-22,1968-02-01,51,7.25,4.37,-1.32,15.81,7.52,4.06,-0.96,9.09,7,191
"core","Johnson",1963-11-22,1968-03-01,52,2.84,4.37,-5.72,11.4,3.11,4.42,-0.61,9.44,7,299
"core","Johnson",1963-11-22,1968-04-01,53,2.19,4.37,-6.37,10.75,2.46,4.14,-0.89,9.17,7,281
"core","Johnson",1963-11-22,1968-05-01,54,9.09,4.72,-0.15,18.34,9.44,2.58,-2.45,7.61,6,165
"core","Johnson",1963-11-22,1968-06-01,55,-2.73,4.72,-11.97,6.52,-2.38,1.71,-3.32,6.74,6,163
"core","Johnson",1963-11-22,1968-07-01,56,-1.75,4.37,-10.31,6.82,-1.48,0.94,-4.09,5.97,7,185
"core","Johnson",1963-11-22,1968-08-01,57,3.92,4.37,-4.64,12.49,4.19,1.23,-3.8,6.25,7,174
"core","Johnson",1963-11-22,1968-09-01,58,2.28,4.72,-6.97,11.52,2.63,3.71,-1.32,8.74,6,145
"core","Johnson",1963-11-22,1968-10-01,59,2.38,4.72,-6.86,11.63,2.73,5.85,0.83,10.88,6,167
"core","Johnson",1963-11-22,1968-11-01,60,16.13,4.37,7.57,24.7,16.4,5.42,0.84,10,7,149
"core","Johnson",1963-11-22,1968-12-01,61,0.59,4.72,-8.65,9.84,0.94,5.32,-0.36,10.99,6,151
"core","Johnson",1963-11-22,1969-01-01,62,4.08,3.22,-2.22,10.38,9.38,4.74,-3.23,12.71,6,123
"core","Kennedy",1961-01-20,1961-01-01,0,2.91,3.49,-3.94,9.76,1.66,4.7,-1.41,10.81,7,375
"core","Kennedy",1961-01-20,1961-02-01,1,3.51,4.37,-5.05,12.08,3.78,3.94,-0.43,8.3,7,725
"core","Kennedy",1961-01-20,1961-03-01,2,7.15,4.37,-1.42,15.71,7.41,2.89,-0.62,6.41,7,716
"core","Kennedy",1961-01-20,1961-04-01,3,3.19,4.37,-5.37,11.75,3.46,1.77,-2.09,5.64,7,606
"core","Kennedy",1961-01-20,1961-05-01,4,-5.16,4.37,-13.72,3.41,-4.89,0.17,-3.69,4.03,7,642
"core","Kennedy",1961-01-20,1961-06-01,5,-0.04,4.37,-8.6,8.53,0.23,-0.48,-4.34,3.39,7,611
"core","Kennedy",1961-01-20,1961-07-01,6,1.29,4.37,-7.28,9.85,1.55,0.53,-3.33,4.39,7,494
"core","Kennedy",1961-01-20,1961-08-01,7,2.09,4.37,-6.47,10.66,2.36,1.33,-2.53,5.2,7,391
"core","Kennedy",1961-01-20,1961-09-01,8,1.5,4.72,-7.74,10.75,1.85,1.51,-2.36,5.37,6,372
"core","Kennedy",1961-01-20,1961-10-01,9,0.22,4.37,-8.35,8.78,0.48,2.12,-1.74,5.98,7,414
"core","Kennedy",1961-01-20,1961-11-01,10,3.53,4.37,-5.04,12.09,3.8,2.91,-0.95,6.77,7,443
"core","Kennedy",1961-01-20,1961-12-01,11,5.57,4.37,-3,14.13,5.84,3.65,-0.22,7.51,7,469
"core","Kennedy",1961-01-20,1962-01-01,12,2.6,4.37,-5.97,11.16,2.86,4.17,0.31,8.04,7,532
"core","Kennedy",1961-01-20,1962-02-01,13,4.52,4.37,-4.04,13.09,4.79,3.94,0.08,7.81,7,582
"core","Kennedy",1961-01-20,1962-03-01,14,4.88,4.37,-3.69,13.44,5.15,3.42,-0.44,7.28,7,618
"core","Kennedy",1961-01-20,1962-04-01,15,1.71,4.37,-6.85,10.28,1.98,2.03,-1.84,5.89,7,470
"core","Kennedy",1961-01-20,1962-05-01,16,1.59,4.37,-6.98,10.15,1.86,0.11,-3.75,3.97,7,545
"core","Kennedy",1961-01-20,1962-06-01,17,-5.76,4.37,-14.33,2.8,-5.49,-1.24,-5.11,2.62,7,527
"core","Kennedy",1961-01-20,1962-07-01,18,2.04,4.37,-6.53,10.6,2.31,-1.72,-5.58,2.15,7,456
"core","Kennedy",1961-01-20,1962-08-01,19,-6.92,4.37,-15.49,1.64,-6.65,1.12,-2.75,4.98,7,454
"core","Kennedy",1961-01-20,1962-09-01,20,7.9,4.37,-0.66,16.46,8.17,3.44,-0.43,7.3,7,448
"core","Kennedy",1961-01-20,1962-10-01,21,11.3,4.37,2.73,19.86,11.57,4.48,0.62,8.34,7,558
"core","Kennedy",1961-01-20,1962-11-01,22,-1.59,4.37,-10.16,6.97,-1.32,4.18,0.32,8.05,7,313
"core","Kennedy",1961-01-20,1962-12-01,23,3.09,4.37,-5.47,11.66,3.36,1.05,-2.81,4.92,7,369
"core","Kennedy",1961-01-20,1963-01-01,24,1.6,4.37,-6.97,10.16,1.87,-2.04,-5.9,1.82,7,401
"core","Kennedy",1961-01-20,1963-02-01,25,-9.65,4.37,-18.21,-1.08,-9.38,-3.79,-7.65,0.07,7,345
"core","Kennedy",1961-01-20,1963-03-01,26,-6.56,4.37,-15.12,2.01,-6.29,-4.67,-8.53,-0.8,7,308
"core","Kennedy",1961-01-20,1963-04-01,27,-0.57,4.37,-9.14,7.99,-0.31,-3.81,-7.67,0.05,7,382
"core","Kennedy",1961-01-20,1963-05-01,28,-3.23,4.37,-11.8,5.33,-2.96,-2.46,-6.32,1.4,7,428
"core","Kennedy",1961-01-20,1963-06-01,29,-1.73,4.37,-10.29,6.84,-1.46,-2.48,-6.34,1.39,7,547
"core","Kennedy",1961-01-20,1963-07-01,30,-2.85,4.37,-11.41,5.72,-2.58,-2.48,-6.34,1.38,7,351
"core","Kennedy",1961-01-20,1963-08-01,31,-3.63,4.37,-12.2,4.93,-3.36,-1.93,-5.79,1.93,7,287
"core","Kennedy",1961-01-20,1963-09-01,32,0.36,4.37,-8.2,8.93,0.63,0.71,-2.8,4.23,7,403
"core","Kennedy",1961-01-20,1963-10-01,33,-0.78,4.37,-9.35,7.78,-0.51,4.01,-0.36,8.37,7,401
"core","Kennedy",1961-01-20,1963-11-01,34,11.57,3.1,5.49,17.64,2.47,7.53,1.41,13.65,7,227
"core","Nixon",1969-01-20,1969-01-01,0,4.08,3.22,-2.22,10.38,0.1,1.3,-5.33,7.93,7,310
"core","Nixon",1969-01-20,1969-02-01,1,-1.13,4.37,-9.69,7.43,-0.86,0.58,-4.16,5.31,7,748
"core","Nixon",1969-01-20,1969-03-01,2,-4.01,4.37,-12.58,4.55,-3.75,0,-3.82,3.81,7,730
"core","Nixon",1969-01-20,1969-04-01,3,0.79,4.37,-7.78,9.35,1.06,-0.47,-4.66,3.72,7,607
"core","Nixon",1969-01-20,1969-05-01,4,3.59,4.37,-4.98,12.15,3.85,-0.75,-4.94,3.44,7,565
"core","Nixon",1969-01-20,1969-06-01,5,-4.8,4.37,-13.36,3.77,-4.53,-1.01,-5.2,3.18,7,512
"core","Nixon",1969-01-20,1969-07-01,6,-3.53,4.37,-12.09,5.04,-3.26,-2.62,-6.81,1.57,7,627
"core","Nixon",1969-01-20,1969-08-01,7,2.77,4.37,-5.8,11.33,3.03,-4.38,-8.57,-0.19,7,561
"core","Nixon",1969-01-20,1969-09-01,8,-14.4,4.37,-22.96,-5.83,-14.13,-3.43,-7.62,0.76,7,522
"core","Nixon",1969-01-20,1969-10-01,9,-1.02,4.37,-9.59,7.54,-0.75,-1.88,-6.07,2.31,7,573
"core","Nixon",1969-01-20,1969-11-01,10,6.08,4.37,-2.48,14.64,6.35,0.46,-3.73,4.65,7,650
"core","Nixon",1969-01-20,1969-12-01,11,2.69,4.37,-5.87,11.26,2.96,1.12,-3.07,5.31,7,577
"core","Nixon",1969-01-20,1970-01-01,12,-2.76,4.37,-11.32,5.81,-2.49,-1.31,-5.5,2.88,7,535
"core","Nixon",1969-01-20,1970-02-01,13,-4,4.37,-12.57,4.56,-3.74,-3.99,-8.18,0.2,7,508
"core","Nixon",1969-01-20,1970-03-01,14,-7.86,4.37,-16.43,0.7,-7.6,-4.85,-9.04,-0.66,7,534
"core","Nixon",1969-01-20,1970-04-01,15,-3.92,4.37,-12.48,4.64,-3.65,-4.91,-9.1,-0.72,7,492
"core","Nixon",1969-01-20,1970-05-01,16,-2.87,4.37,-11.44,5.69,-2.61,-5.43,-9.62,-1.24,7,727
"core","Nixon",1969-01-20,1970-06-01,17,-6.32,4.37,-14.88,2.25,-6.05,-6.58,-10.77,-2.39,7,558
"core","Nixon",1969-01-20,1970-07-01,18,-11.89,4.37,-20.46,-3.33,-11.62,-6.86,-11.05,-2.67,7,477
"core","Nixon",1969-01-20,1970-08-01,19,-5.93,4.37,-14.49,2.64,-5.66,-5.75,-9.94,-1.56,7,420
"core","Nixon",1969-01-20,1970-09-01,20,-0.2,4.37,-8.77,8.36,0.06,-4.35,-8.54,-0.16,7,483
"core","Nixon",1969-01-20,1970-10-01,21,-3.16,4.37,-11.72,5.41,-2.89,-4.57,-8.76,-0.38,7,722
"core","Nixon",1969-01-20,1970-11-01,22,-7.71,4.37,-16.27,0.86,-7.44,-6.51,-10.7,-2.32,7,457
"core","Nixon",1969-01-20,1970-12-01,23,-10.36,4.37,-18.93,-1.8,-10.09,-8.25,-12.44,-4.06,7,517
"core","Nixon",1969-01-20,1971-01-01,24,-8.06,4.37,-16.63,0.5,-7.8,-8.9,-13.09,-4.71,7,488
"core","Nixon",1969-01-20,1971-02-01,25,-9.19,4.37,-17.75,-0.62,-8.92,-8.16,-12.35,-3.97,7,460
"core","Nixon",1969-01-20,1971-03-01,26,-8.04,4.37,-16.61,0.52,-7.77,-5.86,-10.05,-1.67,7,541
"core","Nixon",1969-01-20,1971-04-01,27,-3.58,4.37,-12.14,4.99,-3.31,-2.5,-6.69,1.69,7,533
"core","Nixon",1969-01-20,1971-05-01,28,5.26,4.37,-3.3,13.83,5.53,0.45,-3.74,4.64,7,465
"core","Nixon",1969-01-20,1971-06-01,29,1.63,4.37,-6.93,10.19,1.9,1.4,-2.79,5.59,7,416
"core","Nixon",1969-01-20,1971-07-01,30,2.45,4.37,-6.12,11.01,2.71,-0.21,-4.4,3.98,7,547
"core","Nixon",1969-01-20,1971-08-01,31,-6.89,4.37,-15.46,1.67,-6.63,-1.91,-6.1,2.28,7,617
"core","Nixon",1969-01-20,1971-09-01,32,-0.95,4.37,-9.51,7.61,-0.68,-3.82,-8.01,0.37,7,587
"core","Nixon",1969-01-20,1971-10-01,33,-4.8,4.37,-13.36,3.76,-4.53,-4.21,-8.4,-0.02,7,612
"core","Nixon",1969-01-20,1971-11-01,34,-7.9,4.37,-16.47,0.66,-7.63,-3.76,-7.95,0.43,7,530
"core","Nixon",1969-01-20,1971-12-01,35,1.3,4.37,-7.26,9.86,1.57,-3.71,-7.9,0.48,7,610
"core","Nixon",1969-01-20,1972-01-01,36,-5.01,4.37,-13.57,3.56,-4.74,-3.78,-7.97,0.41,7,633
"core","Nixon",1969-01-20,1972-02-01,37,-2.93,4.37,-11.49,5.64,-2.66,-5.83,-10.02,-1.64,7,708
"core","Nixon",1969-01-20,1972-03-01,38,-11.29,4.37,-19.86,-2.73,-11.02,-7.13,-11.32,-2.94,7,508
"core","Nixon",1969-01-20,1972-04-01,39,-9.4,4.37,-17.96,-0.83,-9.13,-5.96,-10.15,-1.77,7,494
"core","Nixon",1969-01-20,1972-05-01,40,-2.24,4.37,-10.8,6.32,-1.97,-2.57,-6.76,1.62,7,659
"core","Nixon",1969-01-20,1972-06-01,41,5.03,4.37,-3.53,13.59,5.3,1.29,-2.9,5.48,7,430
"core","Nixon",1969-01-20,1972-07-01,42,3.24,4.37,-5.33,11.8,3.5,4.01,-0.18,8.2,7,432
"core","Nixon",1969-01-20,1972-08-01,43,5.27,4.37,-3.29,13.84,5.54,5.31,1.12,9.5,7,705
"core","Nixon",1969-01-20,1972-09-01,44,6.6,4.37,-1.96,15.16,6.87,6.68,2.49,10.87,7,635
"core","Nixon",1969-01-20,1972-10-01,45,7.68,4.37,-0.89,16.24,7.95,6.54,2.35,10.73,7,931
"core","Nixon",1969-01-20,1972-11-01,46,11.42,4.37,2.85,19.98,11.68,2.84,-1.35,7.03,7,688
"core","Nixon",1969-01-20,1972-12-01,47,-8.09,4.37,-16.65,0.48,-7.82,-1.48,-5.67,2.71,7,449
"core","Nixon",1969-01-20,1973-01-01,48,-9.98,4.37,-18.54,-1.41,-9.71,-5.37,-9.56,-1.18,7,556
"core","Nixon",1969-01-20,1973-02-01,49,-2.93,4.37,-11.49,5.63,-2.66,-7.21,-11.4,-3.02,7,601
"core","Nixon",1969-01-20,1973-03-01,50,-8.22,4.37,-16.78,0.35,-7.95,-7.64,-11.83,-3.45,7,578
"core","Nixon",1969-01-20,1973-04-01,51,-8.96,4.37,-17.53,-0.4,-8.7,-8.85,-13.04,-4.66,7,565
"core","Nixon",1969-01-20,1973-05-01,52,-12.29,4.37,-20.85,-3.73,-12.02,-9.74,-13.93,-5.55,7,788
"core","Nixon",1969-01-20,1973-06-01,53,-7.28,4.37,-15.84,1.29,-7.01,-10.42,-14.61,-6.23,7,692
"core","Nixon",1969-01-20,1973-07-01,54,-12.25,4.37,-20.81,-3.68,-11.98,-10.06,-14.25,-5.87,7,835
"core","Nixon",1969-01-20,1973-08-01,55,-11.37,4.37,-19.93,-2.8,-11.1,-10.4,-14.59,-6.21,7,739
"core","Nixon",1969-01-20,1973-09-01,56,-5.36,4.37,-13.92,3.21,-5.09,-11.61,-15.8,-7.42,7,591
"core","Nixon",1969-01-20,1973-10-01,57,-18.87,4.37,-27.44,-10.31,-18.6,-11.45,-15.64,-7.26,7,654
"core","Nixon",1969-01-20,1973-11-01,58,-10.88,4.37,-19.44,-2.32,-10.61,-11.88,-16.07,-7.69,7,899
"core","Nixon",1969-01-20,1973-12-01,59,-7.34,4.37,-15.91,1.22,-7.08,-11.76,-15.95,-7.57,7,669
"core","Nixon",1969-01-20,1974-01-01,60,-14.97,4.37,-23.53,-6.41,-14.7,-12.16,-16.35,-7.97,7,760
"core","Nixon",1969-01-20,1974-02-01,61,-11.37,4.37,-19.94,-2.81,-11.1,-14.3,-18.49,-10.11,7,675
"core","Nixon",1969-01-20,1974-03-01,62,-19.75,4.37,-28.31,-11.19,-19.48,-15.04,-19.23,-10.85,7,797
"core","Nixon",1969-01-20,1974-04-01,63,-14,4.37,-22.56,-5.44,-13.73,-14.61,-18.8,-10.42,7,785
"core","Nixon",1969-01-20,1974-05-01,64,-13.66,4.37,-22.22,-5.09,-13.39,-13.5,-17.69,-9.31,7,966
"core","Nixon",1969-01-20,1974-06-01,65,-8.88,4.37,-17.44,-0.32,-8.61,-13.77,-17.58,-9.95,7,840
"core","Nixon",1969-01-20,1974-07-01,66,-17.3,4.37,-25.86,-8.73,-17.03,-13.95,-18.68,-9.21,7,732
"core","Nixon",1969-01-20,1974-08-01,67,-14.19,3.1,-20.27,-8.12,-33.62,-14.46,-21.11,-7.82,7,238
"core","Obama",2009-01-20,2009-01-01,0,1.28,3.22,-5.02,7.58,5.68,-0.74,-10.67,9.18,7,393
"core","Obama",2009-01-20,2009-02-01,1,-5.14,4.72,-14.38,4.11,-5.19,-0.91,-8,6.18,6,482
"core","Obama",2009-01-20,2009-03-01,2,1.13,4.72,-8.12,10.37,1.07,-1.21,-6.93,4.5,6,544
"core","Obama",2009-01-20,2009-04-01,3,-1.3,4.37,-9.86,7.26,-1.03,-1.27,-7.54,5.01,7,527
"core","Obama",2009-01-20,2009-05-01,4,-0.12,4.72,-9.37,9.12,-0.18,-2.43,-8.71,3.84,6,415
"core","Obama",2009-01-20,2009-06-01,5,-6.37,4.37,-14.93,2.19,-6.1,-4.12,-10.4,2.15,7,469
"core","Obama",2009-01-20,2009-07-01,6,-5.43,4.72,-14.67,3.82,-5.48,-5.37,-11.65,0.9,6,343
"core","Obama",2009-01-20,2009-08-01,7,-7.41,4.72,-16.65,1.84,-7.46,-4.96,-11.23,1.32,6,276
"core","Obama",2009-01-20,2009-09-01,8,-2.69,4.37,-11.26,5.87,-2.43,-4.25,-10.53,2.02,7,475
"core","Obama",2009-01-20,2009-10-01,9,-1.09,4.37,-9.65,7.48,-0.82,-3.8,-10.07,2.48,7,374
"core","Obama",2009-01-20,2009-11-01,10,-7.56,4.72,-16.81,1.68,-7.62,-3.71,-9.98,2.57,6,287
"core","Obama",2009-01-20,2009-12-01,11,-1.14,4.72,-10.39,8.1,-1.2,-4.28,-10.55,2,6,289
"core","Obama",2009-01-20,2010-01-01,12,-6.94,4.37,-15.5,1.62,-6.67,-3.83,-10.1,2.45,7,345
"core","Obama",2009-01-20,2010-02-01,13,-1.25,4.72,-10.49,8,-1.3,-4.24,-10.52,2.04,6,306
"core","Obama",2009-01-20,2010-03-01,14,-4.67,4.72,-13.92,4.57,-4.73,-5.78,-12.05,0.5,6,288
"core","Obama",2009-01-20,2010-04-01,15,-7.9,4.72,-17.15,1.34,-7.96,-8.01,-14.28,-1.73,6,285
"core","Obama",2009-01-20,2010-05-01,16,-13.96,4.72,-23.21,-4.72,-14.02,-9.52,-15.8,-3.24,6,237
"core","Obama",2009-01-20,2010-06-01,17,-8.39,4.72,-17.64,0.85,-8.45,-10.02,-16.29,-3.74,6,248
"core","Obama",2009-01-20,2010-07-01,18,-8.68,4.72,-17.93,0.56,-8.74,-9.87,-16.15,-3.6,6,188
"core","Obama",2009-01-20,2010-08-01,19,-10.13,4.72,-19.37,-0.88,-10.18,-9.41,-15.69,-3.14,6,159
"core","Obama",2009-01-20,2010-09-01,20,-12.36,4.72,-21.61,-3.12,-12.42,-9.76,-16.03,-3.48,6,215
"core","Obama",2009-01-20,2010-10-01,21,-2.7,4.72,-11.95,6.54,-2.76,-10.65,-16.93,-4.38,6,170
"core","Obama",2009-01-20,2010-11-01,22,-20.51,4.72,-29.76,-11.27,-20.57,-8.68,-14.95,-2.4,6,191
"core","Obama",2009-01-20,2010-12-01,23,-4.36,4.72,-13.61,4.88,-4.42,-5.38,-11.66,0.9,6,185
"core","Obama",2009-01-20,2011-01-01,24,2.59,4.72,-6.65,11.84,2.54,-1.24,-7.52,5.03,6,209
"core","Obama",2009-01-20,2011-02-01,25,7.36,4.72,-1.88,16.61,7.31,0.7,-5.58,6.97,6,173
"core","Obama",2009-01-20,2011-03-01,26,-7.03,4.72,-16.28,2.21,-7.09,1.55,-4.73,7.82,6,204
"core","Obama",2009-01-20,2011-04-01,27,1.6,4.72,-7.64,10.85,1.55,1.49,-4.78,7.77,6,197
"core","Obama",2009-01-20,2011-05-01,28,10.09,4.72,0.85,19.34,10.04,1.26,-5.02,7.53,6,234
"core","Obama",2009-01-20,2011-06-01,29,-4.89,4.72,-14.13,4.36,-4.95,0.16,-6.12,6.43,6,196
"core","Obama",2009-01-20,2011-07-01,30,-0.92,4.72,-10.17,8.32,-0.98,-3.76,-10.03,2.52,6,187
"core","Obama",2009-01-20,2011-08-01,31,-9.5,4.72,-18.75,-0.26,-9.56,-5.91,-12.18,0.37,6,165
"core","Obama",2009-01-20,2011-09-01,32,-8.12,4.72,-17.36,1.13,-8.17,-6.88,-13.16,-0.61,6,260
"core","Obama",2009-01-20,2011-10-01,33,-3.74,4.72,-12.98,5.51,-3.79,-7.1,-13.37,-0.82,6,186
"core","Obama",2009-01-20,2011-11-01,34,-10.65,5.16,-20.77,-0.53,-10.67,-5.94,-12.22,0.34,5,156
"core","Obama",2009-01-20,2011-12-01,35,-2.59,5.16,-12.71,7.53,-2.61,-5.77,-12.04,0.51,5,122
"core","Obama",2009-01-20,2012-01-01,36,-4.47,4.72,-13.72,4.77,-4.53,-4.25,-10.52,2.03,6,211
"core","Obama",2009-01-20,2012-02-01,37,-7.73,4.72,-16.98,1.51,-7.79,-2.27,-8.55,4,6,210
"core","Obama",2009-01-20,2012-03-01,38,7.48,5.16,-2.64,17.6,7.46,-1.97,-8.24,4.31,5,225
"core","Obama",2009-01-20,2012-04-01,39,-5.67,4.72,-14.91,3.58,-5.73,-1.8,-8.07,4.48,6,218
"core","Obama",2009-01-20,2012-05-01,40,-2.33,4.72,-11.57,6.92,-2.38,-3.71,-9.98,2.57,6,261
"core","Obama",2009-01-20,2012-06-01,41,-7.17,4.72,-16.42,2.07,-7.23,-5.9,-12.18,0.37,6,214
"core","Obama",2009-01-20,2012-07-01,42,-4.95,4.72,-14.2,4.29,-5.01,-6.42,-12.7,-0.14,6,189
"core","Obama",2009-01-20,2012-08-01,43,-14.09,4.72,-23.34,-4.85,-14.15,-4.95,-11.23,1.32,6,198
"core","Obama",2009-01-20,2012-09-01,44,6.85,4.72,-2.39,16.1,6.8,-2.48,-8.76,3.79,6,305
"core","Obama",2009-01-20,2012-10-01,45,-6.75,4.72,-16,2.49,-6.81,2.16,-4.12,8.43,6,305
"core","Obama",2009-01-20,2012-11-01,46,13.88,4.72,4.64,23.13,13.83,2.62,-3.65,8.9,6,323
"core","Obama",2009-01-20,2012-12-01,47,1.91,4.37,-6.66,10.47,2.17,0.52,-5.76,6.79,7,162
"core","Obama",2009-01-20,2013-01-01,48,-8.08,4.72,-17.33,1.16,-8.14,-3.37,-9.64,2.91,6,254
"core","Obama",2009-01-20,2013-02-01,49,-8.42,4.72,-17.66,0.83,-8.47,-7.75,-14.03,-1.48,6,171
"core","Obama",2009-01-20,2013-03-01,50,-7.66,5.16,-17.78,2.46,-7.68,-10.83,-17.1,-4.55,5,163
"core","Obama",2009-01-20,2013-04-01,51,-14.92,4.72,-24.16,-5.67,-14.98,-13.09,-19.37,-6.82,6,156
"core","Obama",2009-01-20,2013-05-01,52,-18.35,4.72,-27.6,-9.11,-18.41,-12.12,-18.39,-5.84,6,217
"core","Obama",2009-01-20,2013-06-01,53,-12.97,5.16,-23.09,-2.84,-12.99,-8.27,-14.55,-2,5,201
"core","Obama",2009-01-20,2013-07-01,54,10.66,4.72,1.42,19.91,10.61,-6.49,-12.77,-0.22,6,126
"core","Obama",2009-01-20,2013-08-01,55,-10.83,5.16,-20.95,-0.71,-10.85,-7.81,-14.08,-1.53,5,158
"core","Obama",2009-01-20,2013-09-01,56,-16.13,4.72,-25.37,-6.88,-16.18,-14.54,-20.82,-8.27,6,189
"core","Obama",2009-01-20,2013-10-01,57,-19.96,5.16,-30.08,-9.84,-19.98,-20.38,-26.65,-14.1,5,133
"core","Obama",2009-01-20,2013-11-01,58,-30.84,5.16,-40.96,-20.71,-30.86,-21.2,-27.47,-14.92,5,137
"core","Obama",2009-01-20,2013-12-01,59,-15.19,5.16,-25.31,-5.07,-15.21,-19.23,-25.5,-12.95,5,150
"core","Obama",2009-01-20,2014-01-01,60,-17.17,4.72,-26.41,-7.92,-17.22,-14.34,-20.61,-8.06,6,157
"core","Obama",2009-01-20,2014-02-01,61,-5.6,5.78,-16.92,5.73,-5.4,-10.16,-16.43,-3.88,4,143
"core","Obama",2009-01-20,2014-03-01,62,-9.91,4.37,-18.47,-1.35,-9.64,-7.78,-14.06,-1.51,7,227
"core","Obama",2009-01-20,2014-04-01,63,-0.86,5.16,-10.99,9.26,-0.89,-8.84,-15.12,-2.57,5,142
"core","Obama",2009-01-20,2014-05-01,64,-15.61,5.17,-25.74,-5.48,-15.5,-11.79,-18.07,-5.52,5,143
"core","Obama",2009-01-20,2014-06-01,65,-14.91,5.16,-25.03,-4.79,-14.93,-16.26,-22.54,-9.99,5,198
"core","Obama",2009-01-20,2014-07-01,66,-22.73,5.16,-32.85,-12.61,-22.76,-18.68,-24.96,-12.41,5,166
"core","Obama",2009-01-20,2014-08-01,67,-20.64,5.16,-30.77,-10.52,-20.67,-18.43,-24.71,-12.16,5,174
"core","Obama",2009-01-20,2014-09-01,68,-14.81,4.72,-24.05,-5.56,-14.86,-16.45,-22.72,-10.17,6,201
"core","Obama",2009-01-20,2014-10-01,69,-13.91,4.37,-22.47,-5.34,-13.64,-12.48,-18.75,-6.2,7,165
"core","Obama",2009-01-20,2014-11-01,70,-10.62,4.72,-19.87,-1.38,-10.68,-8.28,-14.55,-2,6,277
"core","Obama",2009-01-20,2014-12-01,71,1,5.16,-9.12,11.13,0.98,-6.82,-13.09,-0.54,5,156
"core","Obama",2009-01-20,2015-01-01,72,-4.38,5.16,-14.5,5.74,-4.4,-8.82,-15.09,-2.54,5,222
"core","Obama",2009-01-20,2015-02-01,73,-18.66,5.16,-28.79,-8.54,-18.69,-11.49,-17.77,-5.22,5,172
"core","Obama",2009-01-20,2015-03-01,74,-19.68,5.16,-29.8,-9.56,-19.7,-11.91,-18.18,-5.63,5,145
"core","Obama",2009-01-20,2015-04-01,75,-0.67,5.78,-11.99,10.65,-0.48,-9.96,-16.24,-3.69,4,126
"core","Obama",2009-01-20,2015-05-01,76,-8.61,5.16,-18.73,1.51,-8.63,-7.18,-13.46,-0.9,5,141
"core","Obama",2009-01-20,2015-06-01,77,-6.48,5.16,-16.61,3.64,-6.51,-7.82,-14.1,-1.55,5,139
"core","Obama",2009-01-20,2015-07-01,78,-9.05,5.16,-19.17,1.08,-9.07,-8.78,-15.06,-2.51,5,152
"core","Obama",2009-01-20,2015-08-01,79,-13.66,5.16,-23.78,-3.54,-13.68,-8.66,-14.94,-2.38,5,116
"core","Obama",2009-01-20,2015-09-01,80,-1.61,5.16,-11.73,8.51,-1.63,-9.52,-15.79,-3.24,5,131
"core","Obama",2009-01-20,2015-10-01,81,-13.56,5.16,-23.68,-3.44,-13.58,-10.11,-16.39,-3.84,5,141
"core","Obama",2009-01-20,2015-11-01,82,-11.71,5.78,-23.03,-0.39,-11.52,-10.72,-17,-4.45,4,132
"core","Obama",2009-01-20,2015-12-01,83,-14.38,4.72,-23.62,-5.13,-14.43,-9.09,-15.37,-2.82,6,108
"core","Obama",2009-01-20,2016-01-01,84,-0.35,4.72,-9.59,8.9,-0.41,-5.55,-11.83,0.73,6,187
"core","Obama",2009-01-20,2016-02-01,85,-5.17,4.72,-14.41,4.08,-5.23,-2.58,-8.85,3.7,6,150
"core","Obama",2009-01-20,2016-03-01,86,7.34,4.72,-1.91,16.58,7.28,-3.1,-9.38,3.17,6,178
"core","Obama",2009-01-20,2016-04-01,87,-14.47,5.16,-24.59,-4.34,-14.49,-4.45,-10.72,1.83,5,126
"core","Obama",2009-01-20,2016-05-01,88,-1.38,4.72,-10.62,7.87,-1.43,-6.68,-12.96,-0.4,6,149
"core","Obama",2009-01-20,2016-06-01,89,-13.02,4.37,-21.59,-4.46,-12.76,-6.66,-12.93,-0.38,7,119
"core","Obama",2009-01-20,2016-07-01,90,0.3,4.37,-8.27,8.86,0.57,-7.21,-13.48,-0.93,7,158
"core","Obama",2009-01-20,2016-08-01,91,-11.95,4.37,-20.52,-3.39,-11.69,-7.13,-13.41,-0.86,7,119
"core","Obama",2009-01-20,2016-09-01,92,-7.53,4.37,-16.1,1.03,-7.27,-5.9,-12.18,0.38,7,183
"core","Obama",2009-01-20,2016-10-01,93,-5.43,4.72,-14.68,3.81,-5.08,-4.15,-10.42,2.13,6,98
"core","Obama",2009-01-20,2016-11-01,94,6.88,4.72,-2.37,16.12,7.23,-6.43,-12.14,-0.71,6,155
"core","Obama",2009-01-20,2016-12-01,95,-12.26,4.37,-20.82,-3.69,-11.99,-8.84,-15.93,-1.75,7,181
"core","Obama",2009-01-20,2017-01-01,96,-15.37,3.1,-21.45,-9.29,-13.7,-12.16,-22.12,-2.21,7,191
"core","Reagan",1981-01-20,1981-01-01,0,-5.96,3.1,-12.03,0.12,-2,-7.14,-14.51,0.22,7,352
"core","Reagan",1981-01-20,1981-02-01,1,-8.05,4.37,-16.62,0.51,-7.78,-7.03,-12.29,-1.77,7,897
"core","Reagan",1981-01-20,1981-03-01,2,-8.21,4.37,-16.77,0.36,-7.94,-6.88,-11.12,-2.64,7,910
"core","Reagan",1981-01-20,1981-04-01,3,-5.6,4.37,-14.16,2.97,-5.33,-6.64,-11.3,-1.99,7,743
"core","Reagan",1981-01-20,1981-05-01,4,-5.94,4.37,-14.51,2.62,-5.68,-6.38,-11.04,-1.73,7,655
"core","Reagan",1981-01-20,1981-06-01,5,-5.99,4.37,-14.55,2.58,-5.72,-6.68,-11.33,-2.02,7,609
"core","Reagan",1981-01-20,1981-07-01,6,-8.82,4.37,-17.39,-0.26,-8.55,-7.72,-12.38,-3.07,7,537
"core","Reagan",1981-01-20,1981-08-01,7,-6.13,4.37,-14.69,2.43,-5.86,-9.04,-13.7,-4.39,7,480
"core","Reagan",1981-01-20,1981-09-01,8,-14.9,4.37,-23.46,-6.33,-14.63,-10.03,-14.69,-5.38,7,656
"core","Reagan",1981-01-20,1981-10-01,9,-6.03,4.37,-14.59,2.53,-5.76,-11.57,-16.22,-6.91,7,692
"core","Reagan",1981-01-20,1981-11-01,10,-17.51,4.37,-26.08,-8.95,-17.25,-12.03,-16.69,-7.38,7,653
"core","Reagan",1981-01-20,1981-12-01,11,-9.12,4.37,-17.68,-0.55,-8.85,-13.84,-18.49,-9.18,7,611
"core","Reagan",1981-01-20,1982-01-01,12,-16.31,4.37,-24.88,-7.75,-16.05,-15.57,-20.23,-10.92,7,702
"core","Reagan",1981-01-20,1982-02-01,13,-19.42,4.37,-27.99,-10.86,-19.16,-16.12,-20.77,-11.46,7,647
"core","Reagan",1981-01-20,1982-03-01,14,-18.19,4.37,-26.75,-9.62,-17.92,-15.06,-19.72,-10.41,7,616
"core","Reagan",1981-01-20,1982-04-01,15,-7.83,4.37,-16.39,0.74,-7.56,-12.94,-17.6,-8.29,7,540
"core","Reagan",1981-01-20,1982-05-01,16,-12.22,4.37,-20.79,-3.66,-11.95,-10.37,-15.02,-5.71,7,550
"core","Reagan",1981-01-20,1982-06-01,17,-9.53,4.37,-18.09,-0.97,-9.26,-8.97,-13.62,-4.31,7,506
"core","Reagan",1981-01-20,1982-07-01,18,-5.9,4.37,-14.46,2.66,-5.63,-9.03,-13.69,-4.38,7,475
"core","Reagan",1981-01-20,1982-08-01,19,-8.02,4.37,-16.59,0.54,-7.75,-10.26,-14.92,-5.61,7,453
"core","Reagan",1981-01-20,1982-09-01,20,-16.14,4.37,-24.71,-7.58,-15.88,-12.12,-16.77,-7.46,7,565
"core","Reagan",1981-01-20,1982-10-01,21,-13.54,4.37,-22.11,-4.98,-13.27,-13,-17.65,-8.34,7,534
"core","Reagan",1981-01-20,1982-11-01,22,-13.66,4.37,-22.23,-5.1,-13.4,-11.69,-16.34,-7.03,7,466
"core","Reagan",1981-01-20,1982-12-01,23,-6.68,4.37,-15.24,1.89,-6.41,-10.44,-15.1,-5.79,7,535
"core","Reagan",1981-01-20,1983-01-01,24,-9.64,4.37,-18.2,-1.07,-9.37,-9.67,-14.33,-5.02,7,640
"core","Reagan",1981-01-20,1983-02-01,25,-11.97,4.37,-20.53,-3.4,-11.7,-9.57,-14.23,-4.92,7,456
"core","Reagan",1981-01-20,1983-03-01,26,-7.54,4.37,-16.1,1.03,-7.27,-8.91,-13.57,-4.26,7,589
"core","Reagan",1981-01-20,1983-04-01,27,-10.63,4.37,-19.19,-2.07,-10.36,-6.69,-11.35,-2.04,7,539
"core","Reagan",1981-01-20,1983-05-01,28,0.11,4.37,-8.45,8.67,0.38,-5.3,-9.96,-0.65,7,523
"core","Reagan",1981-01-20,1983-06-01,29,-5.36,4.37,-13.92,3.21,-5.09,-5.11,-9.77,-0.46,7,481
"core","Reagan",1981-01-20,1983-07-01,30,-4.81,4.37,-13.38,3.75,-4.55,-6.86,-11.51,-2.2,7,475
"core","Reagan",1981-01-20,1983-08-01,31,-13.04,4.37,-21.6,-4.47,-12.77,-8.54,-13.2,-3.89,7,418
"core","Reagan",1981-01-20,1983-09-01,32,-7.68,4.37,-16.24,0.88,-7.41,-9.17,-13.83,-4.52,7,534
"core","Reagan",1981-01-20,1983-10-01,33,-10.59,4.37,-19.15,-2.02,-10.32,-8.38,-13.03,-3.72,7,510
"core","Reagan",1981-01-20,1983-11-01,34,-4.26,4.37,-12.82,4.31,-3.99,-7.56,-12.21,-2.9,7,452
"core","Reagan",1981-01-20,1983-12-01,35,-9.72,4.37,-18.29,-1.16,-9.45,-6.44,-11.09,-1.78,7,476
"core","Reagan",1981-01-20,1984-01-01,36,-3.58,4.37,-12.14,4.98,-3.31,-5.7,-10.36,-1.05,7,666
"core","Reagan",1981-01-20,1984-02-01,37,-5.76,4.37,-14.32,2.81,-5.49,-4.88,-9.53,-0.22,7,648
"core","Reagan",1981-01-20,1984-03-01,38,-2.81,4.37,-11.37,5.76,-2.54,-4.78,-9.44,-0.13,7,469
"core","Reagan",1981-01-20,1984-04-01,39,-6.11,4.37,-14.67,2.45,-5.84,-4.76,-9.41,-0.1,7,550
"core","Reagan",1981-01-20,1984-05-01,40,-5.76,4.37,-14.32,2.81,-5.49,-3.86,-8.52,0.79,7,485
"core","Reagan",1981-01-20,1984-06-01,41,-2.3,4.37,-10.87,6.26,-2.03,-2.63,-7.28,2.03,7,461
"core","Reagan",1981-01-20,1984-07-01,42,2.29,4.37,-6.28,10.85,2.56,-2,-6.65,2.66,7,461
"core","Reagan",1981-01-20,1984-08-01,43,-4.66,4.37,-13.23,3.9,-4.4,-2.43,-7.09,2.22,7,672
"core","Reagan",1981-01-20,1984-09-01,44,-2.94,4.37,-11.51,5.62,-2.68,-2.85,-7.51,1.8,7,781
"core","Reagan",1981-01-20,1984-10-01,45,-6.96,4.37,-15.52,1.61,-6.69,-1.55,-6.2,3.11,7,881
"core","Reagan",1981-01-20,1984-11-01,46,7.42,4.37,-1.15,15.98,7.68,-0.29,-4.95,4.36,7,612
"core","Reagan",1981-01-20,1984-12-01,47,-2.31,4.37,-10.87,6.25,-2.04,-0.49,-5.15,4.16,7,344
"core","Reagan",1981-01-20,1985-01-01,48,2.49,4.37,-6.07,11.06,2.76,-3.96,-8.62,0.69,7,486
"core","Reagan",1981-01-20,1985-02-01,49,-16.73,4.37,-25.29,-8.16,-16.46,-7.31,-11.97,-2.66,7,446
"core","Reagan",1981-01-20,1985-03-01,50,-5.4,4.37,-13.97,3.16,-5.13,-10.72,-15.37,-6.06,7,493
"core","Reagan",1981-01-20,1985-04-01,51,-15.33,4.37,-23.89,-6.77,-15.06,-11.09,-15.75,-6.44,7,567
"core","Reagan",1981-01-20,1985-05-01,52,-11.98,4.37,-20.54,-3.42,-11.71,-10.57,-15.22,-5.91,7,607
"core","Reagan",1981-01-20,1985-06-01,53,-5.61,4.37,-14.18,2.95,-5.35,-10.61,-15.26,-5.95,7,535
"core","Reagan",1981-01-20,1985-07-01,54,-12.19,4.37,-20.75,-3.62,-11.92,-9.85,-14.51,-5.2,7,408
"core","Reagan",1981-01-20,1985-08-01,55,-12.66,4.37,-21.22,-4.1,-12.39,-8.82,-13.48,-4.17,7,304
"core","Reagan",1981-01-20,1985-09-01,56,-4.71,4.37,-13.28,3.85,-4.45,-6.82,-11.47,-2.16,7,476
"core","Reagan",1981-01-20,1985-10-01,57,-2.95,4.37,-11.52,5.61,-2.68,-4,-8.66,0.65,7,508
"core","Reagan",1981-01-20,1985-11-01,58,-2.45,4.37,-11.02,6.11,-2.19,-1.77,-6.43,2.88,7,490
"core","Reagan",1981-01-20,1985-12-01,59,-0.51,4.37,-9.07,8.06,-0.24,-1.46,-6.11,3.19,7,367
"core","Reagan",1981-01-20,1986-01-01,60,2.88,4.37,-5.69,11.44,3.15,-4.02,-8.67,0.64,7,487
"core","Reagan",1981-01-20,1986-02-01,61,-11.28,4.37,-19.84,-2.72,-11.01,-7.53,-12.19,-2.88,7,540
"core","Reagan",1981-01-20,1986-03-01,62,-15.75,4.37,-24.31,-7.18,-15.48,-9.89,-14.55,-5.24,7,537
"core","Reagan",1981-01-20,1986-04-01,63,-9.42,4.37,-17.98,-0.85,-9.15,-9.83,-14.49,-5.18,7,473
"core","Reagan",1981-01-20,1986-05-01,64,-3.5,4.37,-12.07,5.06,-3.24,-8.94,-13.6,-4.29,7,378
"core","Reagan",1981-01-20,1986-06-01,65,-10.62,4.37,-19.18,-2.05,-10.35,-8.27,-12.92,-3.61,7,460
"core","Reagan",1981-01-20,1986-07-01,66,-12.25,4.37,-20.81,-3.68,-11.98,-7.82,-12.47,-3.16,7,357
"core","Reagan",1981-01-20,1986-08-01,67,-2.36,4.37,-10.92,6.21,-2.09,-6.94,-11.6,-2.29,7,410
"core","Reagan",1981-01-20,1986-09-01,68,-6.21,4.37,-14.77,2.36,-5.94,-7.2,-11.86,-2.55,7,390
"core","Reagan",1981-01-20,1986-10-01,69,-4.71,4.37,-13.27,3.85,-4.44,-11.34,-15.99,-6.68,7,551
"core","Reagan",1981-01-20,1986-11-01,70,-23.79,4.37,-32.35,-15.22,-23.52,-14.85,-19.5,-10.19,7,543
"core","Reagan",1981-01-20,1986-12-01,71,-20.57,4.37,-29.14,-12.01,-20.31,-16.35,-21,-11.69,7,553
"core","Reagan",1981-01-20,1987-01-01,72,-9.14,4.37,-17.7,-0.57,-8.87,-15.21,-19.86,-10.55,7,595
"core","Reagan",1981-01-20,1987-02-01,73,-15.28,4.37,-23.84,-6.72,-15.01,-13.31,-17.97,-8.66,7,450
"core","Reagan",1981-01-20,1987-03-01,74,-10.13,4.37,-18.7,-1.57,-9.86,-12.98,-17.63,-8.32,7,618
"core","Reagan",1981-01-20,1987-04-01,75,-19.26,4.37,-27.82,-10.7,-18.99,-11.47,-16.12,-6.81,7,361
"core","Reagan",1981-01-20,1987-05-01,76,-2.98,4.37,-11.55,5.58,-2.71,-10.94,-15.59,-6.28,7,442
"core","Reagan",1981-01-20,1987-06-01,77,-10.49,4.37,-19.06,-1.93,-10.23,-10.89,-15.54,-6.23,7,454
"core","Reagan",1981-01-20,1987-07-01,78,-14.42,4.37,-22.99,-5.86,-14.16,-12.32,-16.97,-7.66,7,481
"core","Reagan",1981-01-20,1987-08-01,79,-14.89,4.37,-23.46,-6.33,-14.62,-13.12,-17.78,-8.47,7,354
"core","Reagan",1981-01-20,1987-09-01,80,-13.72,4.37,-22.28,-5.15,-13.45,-11.92,-16.57,-7.26,7,292
"core","Reagan",1981-01-20,1987-10-01,81,-5.83,4.37,-14.4,2.73,-5.57,-10.2,-14.85,-5.54,7,484
"core","Reagan",1981-01-20,1987-11-01,82,-12.22,4.37,-20.78,-3.66,-11.95,-7.73,-12.39,-3.08,7,370
"core","Reagan",1981-01-20,1987-12-01,83,-3.84,4.37,-12.41,4.72,-3.57,-6.82,-11.48,-2.17,7,327
"core","Reagan",1981-01-20,1988-01-01,84,-3.72,4.37,-12.28,4.85,-3.45,-8.07,-12.73,-3.42,7,331
"core","Reagan",1981-01-20,1988-02-01,85,-10.49,4.37,-19.06,-1.93,-10.22,-10.12,-14.77,-5.46,7,282
"core","Reagan",1981-01-20,1988-03-01,86,-21.05,4.37,-29.62,-12.49,-20.79,-10.01,-14.66,-5.35,7,271
"core","Reagan",1981-01-20,1988-04-01,87,-3.69,4.37,-12.26,4.87,-3.43,-8.1,-12.75,-3.44,7,243
"core","Reagan",1981-01-20,1988-05-01,88,0.44,4.37,-8.13,9,0.71,-5.29,-9.94,-0.63,7,356
"core","Reagan",1981-01-20,1988-06-01,89,-7.02,4.37,-15.59,1.54,-6.76,-4.16,-8.81,0.5,7,292
"core","Reagan",1981-01-20,1988-07-01,90,-5.62,4.37,-14.18,2.94,-5.35,-3.91,-8.57,0.74,7,212
"core","Reagan",1981-01-20,1988-08-01,91,-4.42,4.37,-12.99,4.14,-4.16,-2.65,-7.3,2.01,7,251
"core","Reagan",1981-01-20,1988-09-01,92,5.88,4.37,-2.69,14.44,6.14,-2.3,-6.96,2.35,7,221
"core","Reagan",1981-01-20,1988-10-01,93,-7.42,4.37,-15.98,1.15,-7.15,-1.98,-6.63,2.68,7,224
"core","Reagan",1981-01-20,1988-11-01,94,-3.95,4.37,-12.51,4.62,-3.68,-1.47,-5.71,2.77,7,247
"core","Reagan",1981-01-20,1988-12-01,95,0.99,4.37,-7.58,9.55,1.26,-0.93,-6.19,4.32,7,212
"core","Reagan",1981-01-20,1989-01-01,96,0.47,3.1,-5.61,6.55,-2.09,0,-7.39,7.38,7,320
"core","Truman",1945-04-12,1947-11-01,31,-4.15,4.72,-13.39,5.1,-3.8,-3.49,-11.36,4.37,6,268
"core","Truman",1945-04-12,1947-12-01,32,-4.4,4.37,-12.97,4.16,-4.13,-5.94,-11.56,-0.33,7,266
"core","Truman",1945-04-12,1948-01-01,33,-9.22,4.37,-17.78,-0.65,-8.95,-8.28,-12.81,-3.76,7,361
"core","Truman",1945-04-12,1948-02-01,34,-10.13,4.37,-18.7,-1.57,-9.87,-10.58,-15.54,-5.61,7,333
"core","Truman",1945-04-12,1948-03-01,35,-16.45,4.37,-25.01,-7.89,-16.18,-9.51,-14.48,-4.54,7,459
"core","Truman",1945-04-12,1948-04-01,36,-6.45,4.37,-15.02,2.11,-6.18,-6.13,-11.1,-1.16,7,330
"core","Truman",1945-04-12,1948-05-01,37,3.89,4.37,-4.67,12.45,4.16,-2.57,-7.54,2.4,7,332
"core","Truman",1945-04-12,1948-06-01,38,-0.45,4.37,-9.01,8.12,-0.18,-0.94,-5.91,4.03,7,404
"core","Truman",1945-04-12,1948-07-01,39,-2.73,4.37,-11.3,5.83,-2.46,-1.72,-6.69,3.25,7,505
"core","Truman",1945-04-12,1948-08-01,40,-4.63,4.37,-13.19,3.94,-4.36,-2.19,-7.16,2.78,7,311
"core","Truman",1945-04-12,1948-09-01,41,-0.27,4.72,-9.52,8.97,0.27,0.18,-4.78,5.15,6,467
"core","Truman",1945-04-12,1948-10-01,42,-0.49,4.72,-9.73,8.76,0.06,4.04,-0.92,9.01,6,575
"core","Truman",1945-04-12,1948-11-01,43,18.47,4.37,9.91,27.04,18.74,5.35,0.38,10.32,7,518
"core","Truman",1945-04-12,1948-12-01,44,-0.18,4.72,-9.43,9.06,0.36,4.49,-0.48,9.46,6,323
"core","Truman",1945-04-12,1949-01-01,45,2.42,4.37,-6.15,10.98,2.69,-0.41,-5.38,4.56,7,510
"core","Truman",1945-04-12,1949-02-01,46,-7.69,4.37,-16.25,0.87,-7.42,-4.11,-9.08,0.86,7,353
"core","Truman",1945-04-12,1949-03-01,47,-9.32,4.37,-17.89,-0.76,-9.06,-5,-9.97,-0.04,7,363
"core","Truman",1945-04-12,1949-04-01,48,-1.19,4.37,-9.76,7.37,-0.92,-4.32,-9.29,0.65,7,291
"core","Truman",1945-04-12,1949-05-01,49,-2.94,4.37,-11.5,5.63,-2.67,-2.63,-7.6,2.34,7,302
"core","Truman",1945-04-12,1949-06-01,50,-0.64,4.72,-9.88,8.61,-0.29,-2.64,-7.61,2.33,6,302
"core","Truman",1945-04-12,1949-07-01,51,-3.86,4.37,-12.42,4.71,-3.59,-3.53,-8.5,1.44,7,392
"core","Truman",1945-04-12,1949-08-01,52,-5.93,4.37,-14.5,2.63,-5.67,-4.8,-9.77,0.17,7,345
"core","Truman",1945-04-12,1949-09-01,53,-4.45,4.37,-13.01,4.12,-4.18,-5.23,-10.2,-0.26,7,280
"core","Truman",1945-04-12,1949-10-01,54,-9.03,4.37,-17.6,-0.47,-8.76,-3.54,-8.51,1.43,7,349
"core","Truman",1945-04-12,1949-11-01,55,2.72,4.37,-5.84,11.28,2.99,-1.84,-6.8,3.13,7,312
"core","Truman",1945-04-12,1949-12-01,56,0.93,4.37,-7.63,9.5,1.2,0.28,-4.69,5.24,7,281
"core","Truman",1945-04-12,1950-01-01,57,-0.94,4.37,-9.51,7.62,-0.67,0.2,-4.77,5.17,7,384
"core","Truman",1945-04-12,1950-02-01,58,4.55,4.37,-4.01,13.11,4.82,-2.41,-7.38,2.55,7,296
"core","Truman",1945-04-12,1950-03-01,59,-12.04,4.37,-20.6,-3.47,-11.77,-4.72,-9.69,0.25,7,276
"core","Truman",1945-04-12,1950-04-01,60,-4.86,4.37,-13.42,3.71,-4.59,-7.26,-12.23,-2.29,7,324
"core","Truman",1945-04-12,1950-05-01,61,-10.86,4.37,-19.42,-2.29,-10.59,-5.99,-10.95,-1.02,7,459
"core","Truman",1945-04-12,1950-06-01,62,-4.45,4.37,-13.01,4.12,-4.18,-1.91,-6.88,3.06,7,387
"core","Truman",1945-04-12,1950-07-01,63,7.24,4.37,-1.32,15.81,7.51,2.19,-2.78,7.16,7,381
"core","Truman",1945-04-12,1950-08-01,64,7.78,4.37,-0.79,16.34,8.05,4.58,-0.39,9.55,7,298
"core","Truman",1945-04-12,1950-09-01,65,3.45,4.37,-5.11,12.01,3.72,3.37,-1.6,8.34,7,397
"core","Truman",1945-04-12,1950-10-01,66,0.52,4.72,-8.72,9.77,1.07,1.19,-3.78,6.16,6,338
"core","Truman",1945-04-12,1950-11-01,67,-4.69,4.72,-13.94,4.55,-4.15,-0.04,-5.01,4.93,6,336
"core","Truman",1945-04-12,1950-12-01,68,5.79,4.37,-2.78,14.35,6.05,-1.8,-6.77,3.17,7,408
"core","Truman",1945-04-12,1951-01-01,69,-6.57,4.37,-15.14,1.99,-6.3,-2.99,-7.96,1.98,7,382
"core","Truman",1945-04-12,1951-02-01,70,-6.24,4.37,-14.8,2.32,-5.97,-4.59,-9.55,0.38,7,285
"core","Truman",1945-04-12,1951-03-01,71,-5.19,4.72,-14.44,4.05,-4.65,-4.27,-9.24,0.7,6,286
"core","Truman",1945-04-12,1951-04-01,72,-3.58,4.72,-12.82,5.67,-3.03,-2.95,-7.92,2.01,6,442
"core","Truman",1945-04-12,1951-05-01,73,3.92,4.37,-4.64,12.49,4.19,-3.57,-8.54,1.4,7,300
"core","Truman",1945-04-12,1951-06-01,74,-9.76,4.37,-18.32,-1.19,-9.49,-4.59,-9.56,0.38,7,354
"core","Truman",1945-04-12,1951-07-01,75,-7.57,4.37,-16.13,1,-7.3,-5.31,-10.27,-0.34,7,326
"core","Truman",1945-04-12,1951-08-01,76,-4.91,4.37,-13.48,3.65,-4.65,-4.17,-9.14,0.8,7,339
"core","Truman",1945-04-12,1951-09-01,77,2.37,4.37,-6.19,10.94,2.64,-4.29,-9.26,0.68,7,344
"core","Truman",1945-04-12,1951-10-01,78,-4.51,4.37,-13.07,4.06,-4.24,-7,-11.97,-2.03,7,374
"core","Truman",1945-04-12,1951-11-01,79,-17.94,4.72,-27.18,-8.69,-17.39,-9.71,-14.68,-4.74,6,343
"core","Truman",1945-04-12,1951-12-01,80,-12.24,4.37,-20.8,-3.67,-11.97,-10.3,-15.27,-5.33,7,301
"core","Truman",1945-04-12,1952-01-01,81,-5.05,4.37,-13.61,3.51,-4.78,-7.78,-12.75,-2.81,7,407
"core","Truman",1945-04-12,1952-02-01,82,-4.44,4.37,-13,4.13,-4.17,-5.49,-10.46,-0.52,7,377
"core","Truman",1945-04-12,1952-03-01,83,-2.57,4.37,-11.13,6,-2.3,-5.78,-10.75,-0.81,7,452
"core","Truman",1945-04-12,1952-04-01,84,-10.39,4.37,-18.96,-1.83,-10.12,-6.15,-11.12,-1.18,7,432
"core","Truman",1945-04-12,1952-05-01,85,-7.33,4.37,-15.9,1.23,-7.06,-5.67,-10.64,-0.7,7,315
"core","Truman",1945-04-12,1952-06-01,86,-1.85,4.37,-10.41,6.72,-1.58,-5.37,-10.34,-0.4,7,312
"core","Truman",1945-04-12,1952-07-01,87,-1.71,4.37,-10.28,6.85,-1.44,-6.01,-10.98,-1.04,7,375
"core","Truman",1945-04-12,1952-08-01,88,-14.81,4.72,-24.06,-5.57,-14.27,-7.78,-12.75,-2.81,6,312
"core","Truman",1945-04-12,1952-09-01,89,-5.13,4.72,-14.38,4.11,-4.59,-9.69,-14.66,-4.72,6,290
"core","Truman",1945-04-12,1952-10-01,90,-15.9,4.72,-25.14,-6.65,-15.35,-7.85,-12.82,-2.88,6,563
"core","Truman",1945-04-12,1952-11-01,91,-1.71,4.72,-10.95,7.54,-1.16,-5.52,-10.04,-0.99,6,246
"core","Truman",1945-04-12,1952-12-01,92,-0.52,4.72,-9.77,8.72,0.02,-3.27,-8.89,2.34,6,244
"core","Truman",1945-04-12,1953-01-01,93,-3.39,3.34,-9.94,3.17,-2.08,-0.94,-8.82,6.94,6,215
"core","Trump I",2017-01-20,2017-01-01,0,-15.37,3.1,-21.45,-9.29,-16.51,-17.61,-23.92,-11.31,7,814
"core","Trump I",2017-01-20,2017-02-01,1,-22.32,4.37,-30.89,-13.76,-22.05,-19.23,-23.73,-14.73,7,1309
"core","Trump I",2017-01-20,2017-03-01,2,-21.3,4.37,-29.87,-12.74,-21.04,-20.85,-24.48,-17.22,7,1087
"core","Trump I",2017-01-20,2017-04-01,3,-20.57,4.37,-29.14,-12.01,-20.31,-22.21,-26.2,-18.23,7,962
"core","Trump I",2017-01-20,2017-05-01,4,-24.25,4.37,-32.81,-15.68,-23.98,-22.65,-26.63,-18.67,7,922
"core","Trump I",2017-01-20,2017-06-01,5,-23.93,4.37,-32.5,-15.37,-23.66,-23.22,-27.21,-19.24,7,720
"core","Trump I",2017-01-20,2017-07-01,6,-21.46,4.37,-30.02,-12.89,-21.19,-23.57,-27.56,-19.59,7,820
"core","Trump I",2017-01-20,2017-08-01,7,-25.75,4.37,-34.31,-17.18,-25.48,-23.15,-27.14,-19.17,7,787
"core","Trump I",2017-01-20,2017-09-01,8,-22.46,4.37,-31.03,-13.9,-22.2,-22.65,-26.63,-18.67,7,638
"core","Trump I",2017-01-20,2017-10-01,9,-21.05,4.37,-29.62,-12.49,-20.78,-21.88,-25.86,-17.9,7,667
"core","Trump I",2017-01-20,2017-11-01,10,-20.53,4.37,-29.09,-11.97,-20.26,-21.47,-25.46,-17.49,7,531
"core","Trump I",2017-01-20,2017-12-01,11,-22.36,4.37,-30.92,-13.79,-22.09,-21.68,-25.66,-17.69,7,561
"core","Trump I",2017-01-20,2018-01-01,12,-22.02,4.37,-30.58,-13.45,-21.75,-21.81,-25.8,-17.83,7,728
"core","Trump I",2017-01-20,2018-02-01,13,-22.39,4.37,-30.95,-13.82,-22.12,-21.44,-25.42,-17.45,7,476
"core","Trump I",2017-01-20,2018-03-01,14,-19.62,4.37,-28.18,-11.05,-19.35,-21.29,-25.27,-17.3,7,724
"core","Trump I",2017-01-20,2018-04-01,15,-20.95,4.37,-29.51,-12.38,-20.68,-21.27,-25.25,-17.28,7,610
"core","Trump I",2017-01-20,2018-05-01,16,-23.38,4.37,-31.95,-14.82,-23.11,-21.06,-25.04,-17.08,7,608
"core","Trump I",2017-01-20,2018-06-01,17,-19.87,4.37,-28.43,-11.3,-19.6,-21.08,-25.07,-17.1,7,706
"core","Trump I",2017-01-20,2018-07-01,18,-19.18,4.37,-27.75,-10.62,-18.91,-21.48,-25.46,-17.5,7,668
"core","Trump I",2017-01-20,2018-08-01,19,-23.69,4.37,-32.25,-15.12,-23.42,-21.63,-25.62,-17.65,7,553
"core","Trump I",2017-01-20,2018-09-01,20,-24.66,4.37,-33.22,-16.09,-24.39,-21.1,-25.09,-17.12,7,435
"core","Trump I",2017-01-20,2018-10-01,21,-16.02,4.37,-24.58,-7.45,-15.75,-20.78,-24.76,-16.79,7,472
"core","Trump I",2017-01-20,2018-11-01,22,-19.22,4.37,-27.78,-10.66,-18.95,-20.85,-24.84,-16.87,7,487
"core","Trump I",2017-01-20,2018-12-01,23,-25.54,4.37,-34.1,-16.97,-25.27,-21.03,-25.02,-17.05,7,419
"core","Trump I",2017-01-20,2019-01-01,24,-22.1,4.37,-30.66,-13.53,-21.83,-20.82,-24.8,-16.83,7,456
"core","Trump I",2017-01-20,2019-02-01,25,-15.03,4.37,-23.6,-6.47,-14.77,-19.73,-23.72,-15.75,7,481
"core","Trump I",2017-01-20,2019-03-01,26,-21.46,4.37,-30.02,-12.89,-21.19,-18.92,-22.9,-14.94,7,430
"core","Trump I",2017-01-20,2019-04-01,27,-16.95,4.37,-25.51,-8.39,-16.68,-20.04,-24.02,-16.06,7,392
"core","Trump I",2017-01-20,2019-05-01,28,-23.48,4.37,-32.04,-14.91,-23.21,-20.86,-24.85,-16.88,7,470
"core","Trump I",2017-01-20,2019-06-01,29,-21.48,4.37,-30.05,-12.92,-21.22,-21.34,-25.33,-17.36,7,499
"core","Trump I",2017-01-20,2019-07-01,30,-21.22,4.37,-29.78,-12.65,-20.95,-21.56,-25.54,-17.58,7,515
"core","Trump I",2017-01-20,2019-08-01,31,-20.2,4.37,-28.76,-11.63,-19.93,-22.63,-26.61,-18.64,7,522
"core","Trump I",2017-01-20,2019-09-01,32,-24.3,4.37,-32.87,-15.74,-24.04,-24.57,-28.55,-20.59,7,475
"core","Trump I",2017-01-20,2019-10-01,33,-30.04,4.37,-38.6,-21.47,-29.77,-26,-29.98,-22.01,7,551
"core","Trump I",2017-01-20,2019-11-01,34,-25.86,4.37,-34.43,-17.3,-25.6,-27.18,-31.16,-23.19,7,486
"core","Trump I",2017-01-20,2019-12-01,35,-24.88,4.37,-33.45,-16.32,-24.61,-26.34,-30.32,-22.35,7,386
"core","Trump I",2017-01-20,2020-01-01,36,-32.37,4.37,-40.93,-23.81,-32.1,-23.43,-27.41,-19.45,7,444
"core","Trump I",2017-01-20,2020-02-01,37,-12.58,4.37,-21.14,-4.01,-12.31,-21.56,-25.55,-17.58,7,433
"core","Trump I",2017-01-20,2020-03-01,38,-19.42,4.37,-27.99,-10.86,-19.15,-20.94,-24.92,-16.96,7,335
"core","Trump I",2017-01-20,2020-04-01,39,-21.83,4.37,-30.39,-13.26,-21.56,-23.4,-27.38,-19.42,7,342
"core","Trump I",2017-01-20,2020-05-01,40,-33.03,4.72,-42.27,-23.78,-32.68,-26.14,-30.13,-22.16,6,383
"core","Trump I",2017-01-20,2020-06-01,41,-24.24,4.72,-33.48,-14.99,-23.89,-26.41,-30.4,-22.43,6,526
"core","Trump I",2017-01-20,2020-07-01,42,-29.05,4.37,-37.62,-20.49,-28.78,-23.18,-27.16,-19.2,7,552
"core","Trump I",2017-01-20,2020-08-01,43,-13.51,4.37,-22.08,-4.95,-13.25,-21.33,-25.32,-17.35,7,552
"core","Trump I",2017-01-20,2020-09-01,44,-18.56,4.37,-27.12,-9.99,-18.29,-21.85,-25.83,-17.87,7,619
"core","Trump I",2017-01-20,2020-10-01,45,-28.21,4.37,-36.77,-19.64,-27.94,-24.15,-28.14,-20.17,7,769
"core","Trump I",2017-01-20,2020-11-01,46,-29.16,4.37,-37.72,-20.59,-28.89,-24.18,-27.81,-20.55,7,572
"core","Trump I",2017-01-20,2020-12-01,47,-24.67,4.37,-33.24,-16.11,-24.41,-23.63,-28.13,-19.13,7,375
"core","Trump I",2017-01-20,2021-01-01,48,-18.71,3.1,-24.79,-12.64,-34.25,-22.43,-28.75,-16.12,7,444
"core","Trump II",2025-01-20,2025-01-01,0,-25.33,3.22,-31.63,-19.03,-27.11,-28.05,-32.9,-23.19,7,446
"core","Trump II",2025-01-20,2025-02-01,1,-30.44,4.37,-39,-21.88,-30.17,-28.86,-32.33,-25.39,7,890
"core","Trump II",2025-01-20,2025-03-01,2,-31.31,4.37,-39.87,-22.75,-31.04,-29.35,-32.14,-26.55,7,882
"core","Trump II",2025-01-20,2025-04-01,3,-33.23,4.37,-41.8,-24.67,-32.96,-29.43,-32.5,-26.36,7,959
"core","Trump II",2025-01-20,2025-05-01,4,-24.25,4.37,-32.82,-15.69,-23.98,-27.65,-30.72,-24.58,7,803
"core","Trump II",2025-01-20,2025-06-01,5,-25.97,4.72,-35.22,-16.73,-25.63,-25.89,-28.96,-22.82,6,688
"core","Trump II",2025-01-20,2025-07-01,6,-23.77,4.37,-32.34,-15.21,-23.5,-25.72,-28.79,-22.65,7,755
"core","Trump II",2025-01-20,2025-08-01,7,-27.96,4.37,-36.52,-19.4,-27.69,-25.48,-28.54,-22.41,7,778
"core","Trump II",2025-01-20,2025-09-01,8,-26.43,4.37,-34.99,-17.86,-26.16,-24.76,-27.83,-21.69,7,695
"core","Trump II",2025-01-20,2025-10-01,9,-19.78,4.37,-28.34,-11.22,-19.51,-24.42,-27.21,-21.62,7,738
"core","Trump II",2025-01-20,2025-11-01,10,-25.49,4.37,-34.06,-16.93,-25.22,-23.91,-27.37,-20.44,7,625
"core","Trump II",2025-01-20,2025-12-01,11,-24.12,4.37,-32.69,-15.56,-23.85,-23.55,-28.4,-18.69,7,558
