title,outlet,media_url,media_name,publish_date,url,language,date,debate_performance
"Trump pushes his $5,000 'dividend' pledge. Republican candidates, not as much",ABC News,abcnews.go.com,abcnews.go.com,2026-09-18,https://abcnews.com/Politics/wireStory/trump-pushes-5000-dividend-pledge-gop-wins-midterms-136554518,en,2026-09-18,
"Trump sanctions , inflation and a collapsing economy leaves Iran sick exposed",CNN,cnn.com,cnn.com,2026-09-20,https://us.cnn.com/2026/09/20/middleeast/trump-iran-sanctions-inflation-sick-intl,en,2026-09-20,
Trump tariffs flop with working - class voters,CNN,cnn.com,cnn.com,2026-09-20,https://us.cnn.com/2026/09/20/politics/trump-tariffs-working-class,en,2026-09-20,
Smithsonian faces Trump culture war as search for leader is on,CNN,cnn.com,cnn.com,2026-09-20,https://us.cnn.com/2026/09/20/politics/smithsonian-leader-trump,en,2026-09-20,
Trump UN ambassador defends press ban as news outlets prepare legal challenges,CNN,cnn.com,cnn.com,2026-09-20,https://us.cnn.com/2026/09/20/media/trump-cnn-msnow-politico-ban-waltz-first-amendment,en,2026-09-20,
Mayor Mamdani to meet with President Trump in NYC on Monday,CNN,cnn.com,cnn.com,2026-09-20,https://us.cnn.com/2026/09/20/politics/mamdani-trump-nyc-meeting,en,2026-09-20,
Denmark says Greenland sovereignty safe under Trump's deal,Reuters,reuters.com,reuters.com,2026-09-20,https://news.google.com/rss/articles/CBMipwFBVV95cUxQUUswdG5RR3A3czVTQV82SzUwWDh1ZDZrYjNXcld1cUQwOW9nZENwVlhQRVpfMXRQY2RXZ1pLcVlnal9jeGJxelREVVpWeTZyTTI2bnJKUXlIYUNtNklZQnkyWHNPX1NzZ1lIRVB2SVFfWkJTWkg4ZFM5WE5rdTVISldEczdQX1BIdkRyd21lYVhibzVLRkwwOGVIWXdfODNPRzloNWhEWQ?oc=5,en,2026-09-20,
DOJ announces $1.7B 'Anti-Weaponization Fund' as part of Trump IRS lawsuit settlement,ABC News,abcnews.go.com,abcnews.go.com,2026-09-21,https://news.google.com/rss/articles/CBMikgFBVV95cUxPR2xIOWQzVk9YNXYzWFVuWlMtR2N4LVMzaEN2TzlzdVpEeGRlc29QZnk5M0FzRnhwMGlRNmpUY3hqdmN3NU82bElvZjBWTXhkUUZTaGpyT2p1NHZfQml6Tkw4YWZCZU5QRXU4eFNDbXFIMXQ4cjhMWWQ5NmZ3NzBaVVc3R1pseF9uc3lhakx5N1dEd9IBlwFBVV95cUxNdXJEaXgxSWtFN3hWbURJQjFaUDlkVURpc2NWQjQzOGtuaU1ZVVQxcTdHYmZYOFdlbkVoZk9XZ2x0SlJDSmxkcm5SY3VkQVZWUmpXdHBYZVpfUlNHUXlsLXB3UGRvcWRGNGRLSWZDeGg3WUZ0U1ZvQ2hVdUdmM1Bqd3BDTTVoMW1remVpNThZci1sVUZPTE04?oc=5,en,2026-09-21,
Trump cancels signing of bipartisan housing bill until his SAVE America Act is passed,ABC News,abcnews.go.com,abcnews.go.com,2026-09-21,https://news.google.com/rss/articles/CBMiqgFBVV95cUxQZ05DS3BxSjRwaEhnWFlueEd1MjhnZWgwRk1hRnoyNlRndi1uMTJaclVWbTJ3M1JTVEEzTHpTVXpDQjZDcG5tVDdvM1UyRld6ZWp4YUFPZzNmNERsM2xSdG5lbzVnWktPSXoxTTB6eVM4bEEzbjVHY3Jla2FDUk5fZkpJbXZubXNwN2RoY3poSTZwMDI0OHZDbW1yVWFPRG9aVmtnRnNVVFlFQdIBrwFBVV95cUxNU0RTa0hHSzdfcGJHNXgyRTVYMmI5NjBEaXRjTl9OZ2lNcnJHMGdDSlIzMUkzZHQzNUViZWxfMDhXYklkSi1wR3EyZ2h6eDlUOEs2OTBYa1VFbmlFQWpMRjNNaHlhN0EwamhLREt6WW84RF95Vndxdk04anNETEhfN3BjTzZaOFp0UVNDeGlHcHQtTVpUbl9mUzJ1RDFNVFZhejQ4dmJEUjhjZlFPNDk0?oc=5,en,2026-09-21,
Trump says 'no interest' in Kennedy Center overhaul after judge orders his name removed,ABC News,abcnews.go.com,abcnews.go.com,2026-09-21,https://news.google.com/rss/articles/CBMinwFBVV95cUxNVmdiUzJlMThpWlYwMUl2WkpaaFVSR0w2RVREX2RvX1Y2QTBoTmNLSTdVNElFaGNkbzBsa1RaRjZKRWxta1Q3TGtvSjhsaFU4amxfeWFrMVd5TEg5S3dFVGdJdUpnUElDaER3Nmhwa3pzQ2p5VU5DMF9teWNLODVZWkQ0Uk9EMC1yZVY4SDA1Um9Tc093R19PaFFfSUctNXPSAaQBQVVfeXFMTjMweWJ4Y2JKZUdabDZBbGZxQldhUzR2ZS1nS0VUSkhIVEJ2ckVDVElyeThibzUtS0JmMjFBOUFDVzBIVEhMOTFfb1A0TVEzTmozVThvMVlablZYYl9TTkl3WURRTHlpODVQTkVPUHd3aGxrVUN5bTlSVGtieXEzY1VlSkZyWkpNYTRwZGhIaHdEMmF5YzJMVHNaZjYyc0tINEhWTVI?oc=5,en,2026-09-21,
Trump claims fallen soldiers said 'we cannot let Iran have a nuclear weapon',ABC News,abcnews.go.com,abcnews.go.com,2026-09-21,https://news.google.com/rss/articles/CBMipAFBVV95cUxNQjg5NHl4dWUyQ0JyWnVDQ2dkbHFxaGgycjRNcy1OYktOQXlaLUxqWk1aT2ZEdlVoWm9TakEwSXA3aTAwTmFjdXZOZEhHdzE2WVZOMzBXaHZvMU9FYzBqZ25Fb1hXbHBEdVcxWTZ6OG5xcmIzUEhhdkp3VEUxai11c09GZDctSVVaQUhsblhYUThGYWRwem91bE4yWU96QWJlcC1OMtIBqgFBVV95cUxQeDZUX3JYWnNEUjl0OXJpMmhodjg4TVFmbkg5UmxOMjdMRTFsOXVGUUFfbExtUWx6T1JOLTBBTDhwaTNMRzZ5REtCWHcyXzNjMlAyUU5yWlJpTkZwZnBJWXl1OXpBUGhMb1ZZd3dVNnhpbWQtVjc0U096VlVpM0d0dldmckpZVTZGVXd2VW02VnM1VWNyX3RwZGhpWU1jZ3hZWUxncGI1RW8xZw?oc=5,en,2026-09-21,
Trump gives Ukraine OK to produce Patriot missiles as war with Russia drags on,ABC News,abcnews.go.com,abcnews.go.com,2026-09-21,https://news.google.com/rss/articles/CBMilgFBVV95cUxPNzUxYW1DQXFGR3RsYThFQ3UxMmhQZTIwNG44ZHI1VENmWWNLYjN4Rm5QWTVpY1Rpa2JHX0ZrTHgzaEFldnFXeXVqbk9YajVmdk1tZTQ2bkNSZksxNmtGYk0tQ20zeFg1UVVqUGlReVhUMFRnV3RXTVc2TmR1VTZXNmRMTFlqQUZOMlVITTlQaXowUVl2UkHSAZsBQVVfeXFMTTJ5Y050Vm52ZWFjTkhvQzd2eHpxMm9FbXVSVU9KOXp5eXJYQzBDbnFXdVh1MS1iWXVRQ2RUemJqdVNIa2FHakozaW1rTHh5dldHeF9hU1p3SmNYRFVUSW4zTHBpUmoxTWFFS0VTSDdOZVhTWUJ6aTN3UnFWN2d3SndMb3lKRmhUWExBZGQxQzIxdmdERElvd0xJbm8?oc=5,en,2026-09-21,
Trump-backed Missouri congressional map returns to the Supreme Court for the third time,ABC News,abcnews.go.com,abcnews.go.com,2026-09-21,https://news.google.com/rss/articles/CBMirwFBVV95cUxQaVFfVnY1U0FXX2RGSWxZUHdoY19PWEhPbWNMbkpBb3FsLU5ULVBndUt5LXZDVlBQWlh3dXFLX2oxR3lBdmg5YUhOSVdKM2RrcjdELW91amZnbXJRQXJ1ZEpEeUN2WTB6MV9LMzBuZ044U3RZbWdvWGFaTFRZRWhSallvWm1MUmxONlJxZHZNbG5YaHVSVmJ5TUlaVjVKMGRjVmlNdG5TbjN3WWpKRTNv0gG0AUFVX3lxTE8tOEpSaUd2bDA0dWxrYTZ0SFJncGtTcXVJQnN5amxSbm5jcktUUGZKc2hQMTNIMkNCY1V2MENCQ1Nld2I2TVNNbmo5d1FCc0FQc0VMM2dmZkc2Ri1OdEdBSVJxN0V1UVl0ZklLMEltbmZyekpZWm1ybXZERkxGMDZoOTgzMkhhbjdUNDBBNmNvbE9OWEhEbDZwZVhjSldPT29zdUw1V2R1b0NIdlVZWlZZcnE2Zg?oc=5,en,2026-09-21,
Trump set to impose sweeping tariffs on 60 trade partners,ABC News,abcnews.go.com,abcnews.go.com,2026-09-21,https://news.google.com/rss/articles/CBMioAFBVV95cUxNa1BDcjdFRHFWaGlkYlMzZi1ZY2hCaVR5dGRpalctVTI1Q2poOGxFcXZqdmZfX2lqaVZxRmo3MWZIZ2ZUU0xCMm44OFdibDRCNF9BOVNmT1VHNURxR0tabkNtaVdoNTRaTW81cVIyVUdvanhBUS1rX3pEZFdyQmNSbDVDa0VMM2tPVGhYbDkwR1VhcUJJTDJXVmhNZVVVNi1L0gGmAUFVX3lxTE5UdFo2TDl4c1R2ZWRuX1ZxbTA3UmdwQnlrbVh1OXUyd1pucVlQS2dqY2VsbnRNSGt3WWljNkZ3V2kySmZNUzJ4WVBaT2NXSGRuUFlqRmx1UXNzSlEwZkV1MGRWVWxNbHdBcnY3Vm9CMVFqSWZxdnI3TkZqbWxValByNzBMRWxBR3BraFBtbEVuUFBvNDNpUVNBdWVkN3V6enc1YjlIWXc?oc=5,en,2026-09-21,
"Congress passes war powers resolution, offering rare rebuke of Trump",ABC News,abcnews.go.com,abcnews.go.com,2026-09-21,https://news.google.com/rss/articles/CBMinAFBVV95cUxNVk1VYWQ2VlZubkFtWnd4QVhRS2JwejNON3VaNTJyVlNiRDVCcThzckZuY2ZjRmFJRTNuM3pnSExrSnNYUHhUYlVadVVSVmN1OFdCVHZqMURUUWpBRTdZNk1UeW1ZRUlBYWV6MkMtM1k1b3ptbXo5ZkZMTmxaUDVhVmVwa2g2eGJzSnVPWHB3ZnVQc1ZjTVdNekFGcUzSAaIBQVVfeXFMTnAxeW9TMDQ3dkxsNHYtVFFQNFdtdlBGZ1RZZHlJMlNWeFlITWNMdnp0aVZNRFVJeEltc1hUNk9MRjhVMFJsbkFGanZvRVFQRU11NnJ4MGVLZGdpejQ0NmVaSEdmR0dEQVBoRHBTdDBFbGU2MUJsS085c2ZtYThIWlQ2VUJGclVlVmwyUUR4WGNSTE5fQUUwUGRsQ1pIZm9MR21n?oc=5,en,2026-09-21,
New renderings released for Trump's proposed 'triumphal arch',ABC News,abcnews.go.com,abcnews.go.com,2026-09-21,https://news.google.com/rss/articles/CBMipAFBVV95cUxNSk0zdHprWUZic0NIeTJ6RUhMQUZnaDduMjBEdkI2amdaTDNNVVJVTVA1eFlKa1g1N0p2Q3ZJZUdQYzFwd3hEMHpQTmpBYkFacVdTTS0tVlRNRm1xTEJ0Ty0zdFlmSHpMS0M3WDh0R3hUS2MzMzdjcXFNNjJCWXBNeHlEMndNdmJIbm1lZmgzVW1obmhXWEZ2MDJtRjVKWm9qR3YyMtIBqgFBVV95cUxQWWd4R3lyX2pwQVlxZHh0S0d3Rkc5VEY5MWRDVUFHNEZoVEZpelJVWVFxY081M2F5V09XME1abl9iNTVrdktiZWZLc2JvR2tuM1RGOUdLQzFYdkVWOHBOTWtiVUpwVThobl9CRDZsemxoNHM0QU53WDRSeFVfN0VxNHJNamJkcWxiTFU4SmFZeWdKc0dxZVIwNnBrTURhOG9xYy12OGt2TjVkZw?oc=5,en,2026-09-21,
'World's most luxurious plane': Trump unveils Qatari-donated 747 Air Force One,ABC News,abcnews.go.com,abcnews.go.com,2026-09-21,https://news.google.com/rss/articles/CBMimwFBVV95cUxNU3E2dEh1TWxoTDlOR1d5NnEyaHJXblpOZFhfRDdncFBBVGEtbTAtbXZld0VLdDJSYmZ3bnRPZVZtV215MEQ2dDhfZXBZV1lRSGRmcGZ0dHlPZnFWYnkwYVBWMmpFeklvZ2hmX1RjQnRHMDhSNjlqTy1PX0haTDEyMDZzRXZFeEpVY21FOGh5cXVmSmFkTkVvZjRSa9IBoAFBVV95cUxNckZKRUFXbE5EWktFV21FQ1VuWmJ0OFRUWmFHSDRaQnMxUl9uNDV1bkw5Ni1RajJ0RFdKWUdQTzhtWWhqSG10MEF1YTZ2UDZlWU1OZXNXV01IWW1Ea3YxeGNHdWlYZVpNUVFoVUh1ZS0yZV90WVF6T0tXbHZWcTFkMllxZERCQVgxN19tNGJQeWhRb09ld3U1X19tS2RKOGdK?oc=5,en,2026-09-21,
Southern California man dies after being beaten outside his Trump-themed home,ABC News,abcnews.go.com,abcnews.go.com,2026-09-21,https://news.google.com/rss/articles/CBMinAFBVV95cUxPem9rS0NEOXhTWEJmWkVqYjUxaThxckR3eWcybG15eWpHQWNFcVByeGdZTUJxZ1JvVHc4TWVRZWZuSjgwYmxPeUZjTFl3NWF4cVliaXk2VjdBcWNaN1JldTNob05xYnAwaXdNMVplaERkZTQ0a1d3azFEMDVvZDFZejc0akUwbC1tZGJnUVRsZUxwaHpQTjlzdURTQ2LSAaIBQVVfeXFMTk9qeVQzYUwtZGRyaE0zNlJqQmxVcmxXa0F3YjQzN0pPVFdDQ280V1ppTVZOc0ZwcnhYVVg1LWFtWVN0UGJkdGJfRzU2Yy1UQmZXcFJXNjhFZ1ZwN2owUTZzb0txcHFxeGJFVHlZZ1RKeE4yN3RJN0c3LUh0T2MxdHBMYk5MbFRHQnVodUlxOE9Pa1pjQWZDX0ZqbWt4SWVXaE93?oc=5,en,2026-09-21,
Zelenskyy says he spoke with President Trump,ABC News,abcnews.go.com,abcnews.go.com,2026-09-21,https://news.google.com/rss/articles/CBMiTEFVX3lxTE85VkFtMHdaYmJORGZwLUdaM0s4UUNaNGxWb294RFEyRVJZT1NjSUVDVmlIZFV5Qkp1UjhJbW9hdmtSMFRWakt6RWFWZXM?oc=5,en,2026-09-21,
She spent 30 years in banking. Now she farms cucumbers between solar panels in Big Lake.,CBS News,cbsnews.com,cbsnews.com,2026-09-21,https://www.cbsnews.com/minnesota/news/big-lake-solar-farm-agrivoltaics-minnesota-emerging-farmers/,en,2026-09-21,
"Live Updates: Trump says he's deciding between deal or driving Iran ""into hell with no chance of survival""",CBS News,cbsnews.com,cbsnews.com,2026-09-21,https://www.cbsnews.com/texas/live-updates/us-iran-war-trump-decision-tehran-warns-of-expansion/,en,2026-09-21,
"CNN, MS Now, Politico sue over Trump's White House access ban",CBS News,cbsnews.com,cbsnews.com,2026-09-21,https://www.cbsnews.com/philadelphia/video/cnn-ms-now-politico-sue-over-trumps-white-house-access-ban/,en,2026-09-21,
Trump White House justifies press ban by invoking Obama,CBS News,cbsnews.com,cbsnews.com,2026-09-21,https://www.cbsnews.com/video/trump-white-house-justifies-press-ban-invoking-obama/,en,2026-09-21,
"Trump reacts after CNN, MS NOW and Politico enter legal fight over White House access",CBS News,cbsnews.com,cbsnews.com,2026-09-21,https://www.cbsnews.com/video/trump-reacts-after-cnn-ms-now-and-politico-enter-legal-fight-over-white-house-access/,en,2026-09-21,
"CNN, MS NOW and Politico suing Trump administration over White House ban",CBS News,cbsnews.com,cbsnews.com,2026-09-21,https://www.cbsnews.com/minnesota/video/cnn-ms-now-and-politico-suing-trump-administration-over-white-house-ban/,en,2026-09-21,
3 news outlets sue White House over access ban,CBS News,cbsnews.com,cbsnews.com,2026-09-21,https://www.cbsnews.com/chicago/video/3-news-outlets-sue-white-house-over-access-ban/,en,2026-09-21,
TV networks suspend presidential pool coverage over Trump’s media restrictions,CBS News,cbsnews.com,cbsnews.com,2026-09-21,https://www.cbsnews.com/boston/video/tv-networks-suspend-presidential-pool-coverage-over-trumps-media-restrictions/,en,2026-09-21,
Three media outlets sue Trump administration,CBS News,cbsnews.com,cbsnews.com,2026-09-21,https://www.cbsnews.com/detroit/video/three-media-outlets-sue-trump-administration/,en,2026-09-21,
"Trump administration facing lawsuit over blocking CNN, MS NOW and Politico",CBS News,cbsnews.com,cbsnews.com,2026-09-21,https://www.cbsnews.com/atlanta/video/trump-administration-facing-lawsuit-over-blocking-cnn-ms-now-and-politico/,en,2026-09-21,
Major news outlets to sue Trump administration following White House ban,CBS News,cbsnews.com,cbsnews.com,2026-09-21,https://www.cbsnews.com/boston/video/major-news-outlets-to-sue-trump-administration-following-white-house-ban/,en,2026-09-21,
Bill Gates says Trump AI views point to societal blind spot,CBS News,cbsnews.com,cbsnews.com,2026-09-21,https://www.cbsnews.com/news/bill-gates-trump-ai-societal-blind-spot/,en,2026-09-21,
Ex - federal prosecutors say Trump media company scheme to sell early access to Truth Social posts is likely criminal,CBS News,cbsnews.com,cbsnews.com,2026-09-21,https://www.cbsnews.com/news/ex-federal-prosecutors-trump-media-early-access-truth-social-posts/,en,2026-09-21,
Bessent proposes AI safety notifications in talks with China ahead of Xi - Trump meeting,CNN,cnn.com,cnn.com,2026-09-21,https://us.cnn.com/2026/09/20/business/us-china-trade-talks-ai-intl-hnk,en,2026-09-21,
White House strips CNN of TV pool assignment as Trump press ban escalates,CNN,cnn.com,cnn.com,2026-09-21,https://us.cnn.com/2026/09/20/media/cnn-trump-white-house-pool-ban,en,2026-09-21,
DAVID MARCUS: In deep blue Minnesota a red dawn may be rising ahead of the midterms,Fox News,foxnews.com,foxnews.com,2026-09-21,https://www.foxnews.com/opinion/david-marcus-deep-blue-minnesota-red-dawn-rising-ahead-midterms,en,2026-09-21,
Chicago's half-empty schools reveal a crisis city leaders refuse to confront,Fox News,foxnews.com,foxnews.com,2026-09-21,https://www.foxnews.com/opinion/chicago-half-empty-schools-reveal-crisis-city-leaders-refuse-confront,en,2026-09-21,
"Fox News Power Rankings: For the Democrats, where could it possibly go wrong?",Fox News,foxnews.com,foxnews.com,2026-09-21,https://www.foxnews.com/politics/fox-news-power-rankings-democrats-where-could-go-wrong,en,2026-09-21,
Trump impulsa promesa de “dividendo” de $5.000 si los republicanos ganan la elección legislativa,Los Angeles Times,latimes.com,latimes.com,2026-09-21,https://www.latimes.com/espanol/california/articulo/2026-09-21/trump-impulsa-promesa-de-dividendo-de-5-000-si-los-republicanos-ganan-la-eleccion-legislativa,es,2026-09-21,
Pennsylvania Gov. Josh Shapiro on AI: 'I don't think we can kick the can down the road',NBC News,nbcnews.com,nbcnews.com,2026-09-21,https://www.nbcnews.com/video/pennsylvania-gov-josh-shapiro-on-ai-i-don-t-think-we-can-kick-the-can-down-the-road-270236229619,en,2026-09-21,
AI and autonomous weapons are high on the agenda at the UN General Assembly,NPR,npr.org,npr.org,2026-09-21,https://www.npr.org/2026/09/21/nx-s1-5974200/ai-and-autonomous-weapons-are-high-on-the-agenda-at-the-un-general-assembly,en,2026-09-21,
Republicans target Las Vegas congressional district with help from Trump  no tax on tip policy,NPR,npr.org,npr.org,2026-09-21,https://knpr.org/local/2026-09-21/republicans-target-las-vegas-congressional-district-with-help-from-trumps-no-tax-on-tips-policy,en,2026-09-21,
"CNN , MS NOW and Politico to sue Trump after being : NPR",NPR,npr.org,npr.org,2026-09-21,https://www.npr.org/transcripts/nx-s1-5975451,en,2026-09-21,
Trump pressures Ukraine to stop hitting oil refineries,NPR,npr.org,npr.org,2026-09-21,https://knpr.org/npr/2026-09-21/trump-pressures-ukraine-to-stop-hitting-oil-refineries,en,2026-09-21,
Who is the Putin ally behind Trump Jr.’s wedding bash?,USA Today,usatoday.com,usatoday.com,2026-09-21,https://www.usatoday.com/story/news/politics/2026/09/21/who-is-the-putin-ally-behind-trump-jr-s-wedding-bash/91793868007/,en,2026-09-21,
Austin ICE shooting: Conflicting accounts spur calls for probe,USA Today,usatoday.com,usatoday.com,2026-09-21,https://www.usatoday.com/story/news/nation/2026/09/21/austin-ice-shooting-conflicting-accounts-investigation/91871442007/,en,2026-09-21,
WATCH:  Trump uses UN speech to defend war with Iran,ABC News,abcnews.go.com,abcnews.go.com,2026-09-22,https://abcnews.com/video/136655841/,en,2026-09-22,
Trump says 'big decision' ahead: Make a deal or 'annihilate' Iran,ABC News,abcnews.go.com,abcnews.go.com,2026-09-22,https://abcnews.com/Politics/trump-addresses-global-leaders-united-nations-general-assembly/story?id=136648657,en,2026-09-22,
"Trump administration to remove 760,000 Affordable Care Act enrollees over fraud claims",ABC News,abcnews.go.com,abcnews.go.com,2026-09-22,https://abcnews.com/US/wireStory/trump-administration-remove-760000-affordable-care-act-enrollees-136657561,en,2026-09-22,
Republicans want to turn Mamdani into a bogeyman for the midterms. Trump just made that harder,ABC News,abcnews.go.com,abcnews.go.com,2026-09-22,https://abcnews.com/Politics/wireStory/republicans-turn-mamdani-bogeyman-midterms-trump-made-harder-136663896,en,2026-09-22,
"Trump administration tells Congress it will admit 17,500 white South African refugees",ABC News,abcnews.go.com,abcnews.go.com,2026-09-22,https://abcnews.com/US/wireStory/trump-administration-tells-congress-admit-17500-white-south-136665312,en,2026-09-22,
"Trump signs security agreement with Greenland and Denmark, but isn't 'complete' change",ABC News,abcnews.go.com,abcnews.go.com,2026-09-22,https://news.google.com/rss/articles/CBMirgFBVV95cUxNSTNSYnFXSWtTTUpxejdMeGJOY051d1AwTUJBOXBCWnBIZmxYaHRuN19xWkkzbHljODlKOUJtUFE4M2FFMTZKaW5jbVJmM0kxdEk0LXd6Z1NPVXJNajlhUWs3ZGU5SkZDUkhBZGdiMzNYRDYtT0hkdmV3NGNSeDQ2N3pXWXBCM2tGb29IQzlPcjJxOUVzcWdkeVMyTWE0TGxaV1Q0bHpjbGh1d282WXfSAbMBQVVfeXFMTlA1X2JtQlZBamtldGkxQnhYMS1PdGxlNDdnSDNULUlZR1Nnc1ljbWZHeWpiRTZ3UlZCMFozWlJFeUh4RlNCdnRWYVQ2VWNCVnRGMC1CZ0JiZHhKSTRaRGEwNGxWOFJDemN3YlAwbHFNMEpkdGt2c0Y4R2tEaVJIX3g3WXNmdVkzNnZBZ3JtdngwZFNZQVZGdjZmUWp0WEUzZ0UxaUZWdUwwd0V5TWI5bEx2bEE?oc=5,en,2026-09-22,
Trump in United Nations speech says 'big decision' ahead: Make a deal or 'annihilate' Iran,ABC News,abcnews.go.com,abcnews.go.com,2026-09-22,https://news.google.com/rss/articles/CBMirwFBVV95cUxOMUE1NENxalFRRGg5aGlpQTdUQzRHQ2wtLWZna08xUXp2LUctN1N4eUlRVEZZRzFLeWJJRjZkQ3lldFRicks3UHNWYjRXMVhEYmwtZnBWN0ZTYUN0QU44Q3A4YVlJNk5wTmtsbWVfRU5HQUh4YzhOUDdjME5OamtUWTgxQ1dWLVBoUEM0eE1NMG91bm5ZTDh2Vnp1ZVR5RE1tSmVtVzdLaVlnc3Y1T0Iw0gG0AUFVX3lxTE44Qk1PSHBScUNlTlNuVFAzUjdvNnduNG9sdjFqZzRPUXlfcnRwT2xBMUs5dGlDOVduaVdTcFhnMU1yb2FxZWVLMDU1OWdRNU5WcVFxbWNJUDRKOEhZeUJ1dk96ZFBSS0lNekNzUm9pN0pTMkdjanB0UlBVcklteXpiRUt3YkhMQm9oaWFrcVk1NHkyNTVoTTNDMWlKczBVV2x0bXFESGVxY1MtTHgwMUh0ek8yeg?oc=5,en,2026-09-22,
Bill Clinton takes veiled public shot at Trump's actions: 'Hard to make up',ABC News,abcnews.go.com,abcnews.go.com,2026-09-22,https://news.google.com/rss/articles/CBMiogFBVV95cUxOemJkdGVpTV9lRVJEdzNBdUp4NlZSMFVDSmFrbTFMS3hNRWhvVi1oV0MtUm4ta1BwTkstYXU5UkNaTzRiVzdLSld2UDZnSHhXeTdfbkFobzlUZVBoaXB1MC1GdjRyWks2N0tSV0lDdGVYaG5oMXZMeV9sc3EzWjZRMnFKcDhHNDRYak04Q0dCeDktb2lDRzd2SkhEWUJkd19XQkHSAacBQVVfeXFMUGdQc1pmZ1dMX0dCVE1sX24zamMzVHFDNThJcXRpMmV5WWRNWmxKdUliTk5KWVJRSzA0dkM5RnBjYTdQVHlBNXhWSjNIcEJKUkZfU2lzbGgwcjZobHMxdGMtMHllMjVSb0lWQlIyNzVZNFVtakQ3czlwTEE3dFRob3JKSDBLNDFyYVBRaGNsYzNhdklmeWdIalVhUjVNbkg3VWNjcExDZXc?oc=5,en,2026-09-22,
Judge strikes down a Trump policy barring some immigrants from Head Start preschools,ABC News,abcnews.go.com,abcnews.go.com,2026-09-22,https://news.google.com/rss/articles/CBMipgFBVV95cUxQa3BuQ0d6SDNaM1Z4VGNRMGRvb1pzWkNvdU10ZEdFVEc3LWF0anp3LUhmcVlmcFcwNjR2Qi1vNUs0V1dMOG9BNkU3VWx4T2FJWkdNSGtaUjAzeWI3YUdzWnBWRHRMMEk5anBsc3lMMEt3ZHZIQVBPRURGLXI2RVl2UDZTWnZ2V3hkYU9Ea2hWa3M1Yk1Ddm0zREtRa2xkQlJ5VFhhWWdn0gGrAUFVX3lxTE5mTzBBRFVjOTlSNVRFUExVUHRYengyRUJTRTdrMXlLZm1JeDdsQjMtOVJYZV9KNE9fRk9NeFdDVHVIU2tqRWJvNmtLekRUZDYyN01vWWd5UnRFQWNOY0VYNmhka3cxbTRLLWNBejhDTjBlYXNKaUFRNXVyeUFFUUJkLUVaSEkyaDNqUTMyNEZyT3JxLXJ6bGRxQnFNM1RTR3NPeE5TaGNmM1Bhaw?oc=5,en,2026-09-22,
Republican senator calls for Judiciary Committee to subpoena Donald Trump Jr. and Hunter Biden,ABC News,abcnews.go.com,abcnews.go.com,2026-09-22,https://news.google.com/rss/articles/CBMitAFBVV95cUxQbGlpZnhwMGNLcFRVSXpreElTb0tqV2c2eDhfa0dBUnUyb2pqQTFWaEk4eDNBbGFaM2ZramFKcmRod2JEakNqSHpmN19SMWQ3X2dPY0VTOTk5MjY0YmJhWXgwdkhYQ1FvcW4wczdnOWVTS0hzNkRIWTZHdmY1SVZzT0RydWtieFRIODE5NlVVODB5NUM5cDd0MmVFdHZBVjA0VVpGNk9pWk1LeXRPTERDTldEdUPSAboBQVVfeXFMTi1WdEd3MmxlUl9CWFVfdm1OTldhR0RadlNDZTVpNUNxb29BZHB3bmR0a2UzR3BUV19SdnNVMi1Dd09LTEU5Y1VZcUFOVnVkQnI2VzJvMXZNOFZURGVBOGlkZ3pJS0JMeVV3aFlzVnJ6S0VMSHl4UW82OWNrbkFpQjZ0dTItcG9SQXRjWlZ3ZWVIMHdBM082dmRqZGhZRWNCTzg5RjI2QUFSYWE2VlFVYnZzYTN0d3BTaDVn?oc=5,en,2026-09-22,
"New York, California sue to block Trump administration deals canceling offshore wind projects",ABC News,abcnews.go.com,abcnews.go.com,2026-09-22,https://news.google.com/rss/articles/CBMiqAFBVV95cUxPRW5OcHNaR29mYzltajFGQWlKMlEzQk1MMWxrclNNTGVTZ2ZLZmJ6SEsyZXM0WEhkU0FWaU92ZTBxb2FMZnR1RElCdmlnWnM2TnJ6ckdHdG1PbzZPazNLdjRvSFBqVFhJQThZSl9qSm5LWFpNOHNxTUhGTUN3Q1VUazlVRmxpM2h6cHU5eFhaNE5qYWNnNTBHUzQxYVlxcXdRRzhRT0J5UEXSAa4BQVVfeXFMTzZfekdXd2JUZjZaV1M4Z1JaX2ZVM3ByY2pHMlQyU0VCckxZc3RmYmd3LUpVeEFyZlVIQ1labWdPQlBTWWtwaXlGNU1KbWM1WGp3OW5OQkpycUk2UVJ2Rm9TSllTVERBSlE1OVI4U1UxTGNoeFhOWUc1QmxyeXROZUxnVU5ZYURIM1A3c2RQUFYtcWZKLWc2MVp4MkVuS0d5N1prNFVUdDBlVENobmF3?oc=5,en,2026-09-22,
Trump addresses global leaders at United Nations General Assembly,ABC News,abcnews.go.com,abcnews.go.com,2026-09-22,https://news.google.com/rss/articles/CBMitAFBVV95cUxOOEJNT0hwUnFDZU5TblRQM1I3bzZ3bjRvbHYxamc0T1F5X3J0cE9sQTFLOXRpQzlXbmlXU3BYZzFNcm9hcWVlSzA1NTlnUTVOVnFRcW1jSVA0SjhIWXlCdXZPemRQUktJTXpDc1JvaTdKUzJHY2pwdFJQVXJJbXl6YkVLd2JITEJvaGlha3FZNTR5MjU1aE0zQzFpSnMwVVdsdG1xREhlcWNTLUx4MDFIdHpPMnrSAbQBQVVfeXFMTjhCTU9IcFJxQ2VOU25UUDNSN282d240b2x2MWpnNE9ReV9ydHBPbEExSzl0aUM5V25pV1NwWGcxTXJvYXFlZUswNTU5Z1E1TlZxUXFtY0lQNEo4SFl5QnV2T3pkUFJLSU16Q3NSb2k3SlMyR2NqcHRSUFVySW15emJFS3diSExCb2hpYWtxWTU0eTI1NWhNM0MxaUpzMFVXbHRtcURIZXFjUy1MeDAxSHR6TzJ6?oc=5,en,2026-09-22,
Video Trump uses UN speech to defend war with Iran,ABC News,abcnews.go.com,abcnews.go.com,2026-09-22,https://news.google.com/rss/articles/CBMiTEFVX3lxTE52V3gzYXp4OFp1NlpYRTdLNmNaU2JGenEtLTdoYy1yVGQxb2Z2dEZSR1RFaGo2UjlSa3dnMjBfR3J1TmFXcS0xVjRNYy0?oc=5,en,2026-09-22,
"Video State Department spokesperson on Trump UN speech, war with Iran",ABC News,abcnews.go.com,abcnews.go.com,2026-09-22,https://news.google.com/rss/articles/CBMiTEFVX3lxTFBBckhlckc4MlZhRFFmMXFqTjZjRWQyeWt5YXdvdW5idzJlRHJhNkdkaUpxSVJUUGtLZlRtcnJIdndwOFFsbHY0WmwxcTY?oc=5,en,2026-09-22,
Video Trump makes his case to UNGA on Iran war,ABC News,abcnews.go.com,abcnews.go.com,2026-09-22,https://news.google.com/rss/articles/CBMiTEFVX3lxTE1mTE9ob1BhODFFS3E3eTFFazc0NzBjVU9wYnhQNm1McWV5ZTRNMkZTMlV1M1hua21OcHZpaW1pUGtLYmNNNng4M25tVks?oc=5,en,2026-09-22,
President Trump: U.S. military bases to be built in Greenland,ABC News,abcnews.go.com,abcnews.go.com,2026-09-22,https://news.google.com/rss/articles/CBMioAFBVV95cUxOcHBkeVhDNnJJMkVYU1NRSk1mU1UycTlIb0lFc3AyTUFwdEJpWFZSZXpSblE2aDNaTmVrOFFIU2RrS0I0OXlTSDd5X3RqZlBZNHpicGUwVk9MMTFjNW1QTmEweXNYZ1dLUlI3Q3hXRDFGXy1xTDNmNWpsZTRMMS1KNm94QmVtSnFiMDNBejBPOU1teG90Z29MWkZEeEVFZ0sy?oc=5,en,2026-09-22,
Video FULL SPEECH: Trump addresses United Nations General Assembly,ABC News,abcnews.go.com,abcnews.go.com,2026-09-22,https://news.google.com/rss/articles/CBMiTEFVX3lxTE1CY09ncHVIeEtwUk9qaXRXTjBrM2p1aER1WXg5VzlDcTc0ZnJLZE1sWnhtTTNVcnQzOUVtU1lCMUJnbTBXZlRYcU9MXy0?oc=5,en,2026-09-22,
Video President Trump addresses AI development at UN General Assembly,ABC News,abcnews.go.com,abcnews.go.com,2026-09-22,https://news.google.com/rss/articles/CBMiTEFVX3lxTE44MXpNU1RaemM4a2lPQ2VOVU1qbmthLWMxWUJncWVLbzU1OEhJM2JOYXhvZnFtX1M3c3dUUmhRYnU5REFkMkFiT1dFUTE?oc=5,en,2026-09-22,
Video President Trump speaks about war in Iran during UN General Assembly,ABC News,abcnews.go.com,abcnews.go.com,2026-09-22,https://news.google.com/rss/articles/CBMiTEFVX3lxTE5xRThMQy1IaXc5UUd2N1RsZ29USDA4Tk5BaEc4RzFzQThIenduc082WXdYbEtRT1Zla3ZDVzdKSEpUbF9GTDRXaFhxc3U?oc=5,en,2026-09-22,
President Trump says Mayor Mamdani has 'great potential',ABC News,abcnews.go.com,abcnews.go.com,2026-09-22,https://news.google.com/rss/articles/CBMiTEFVX3lxTE9jMURvYkI5SmxxNXllRW9pWWg1UmtiYWRaUC1RbmRmNmZzZndKaHlqeUVndjA2bXJnN2pSWGVXcnZ4WDg3a0ZWVWJ0bmg?oc=5,en,2026-09-22,
"Trump Administration Removes 760,000 From Obamacare Rolls",Bloomberg,bloomberg.com,bloomberg.com,2026-09-22,https://news.google.com/rss/articles/CBMirwFBVV95cUxOQnFhZ3hDT1Q4T2M2eTNZOTJsOGFsWEhUWWdRbE00UGNsSG01UkE1azhZWVBqSGw3R1haYlVRN3ItVFZ6eENJYkdiOEhaU0k3NE5FWHpnbzR1Wk5GQVFVZDJNM2RBZlVYNU1HajloVTZjWkxwTVdHSEtBUWJiUXp5cFB1UzhTdWxKTXpjV2NhazZxQ0pKdDBYakZBekh1T1djTW1FVlJZMHVpRE4xQjZ3?oc=5,en,2026-09-22,
Trump’s ‘Lavish Welcome’ for Xi Slammed by Key GOP Senator,Bloomberg,bloomberg.com,bloomberg.com,2026-09-22,https://news.google.com/rss/articles/CBMiqwFBVV95cUxPbHhTZURFMmptX3FfQzdJMWYzdDhuaGpJdzhBbEZ4TFNadmlERzA5S3pYWm9tdW1kY09YVTJCTXNuR0U3ZHpMSjlQb01hVmFwZlBfS1EzNE0tSzU1YjF4a1pWY09nNS1GR2I2V18tTDNxWVUtS3QzUUpjN0w1eUNpUHlsX3BTREh5eEVNQVp0bElGRk1QQU1QTmRZNVRpLTByVUVaZ2VNNmZwQVU?oc=5,en,2026-09-22,
"If Poland Gets a US Base It’ll Be Called Fort Trump, Nawrocki Says",Bloomberg,bloomberg.com,bloomberg.com,2026-09-22,https://news.google.com/rss/articles/CBMitwFBVV95cUxPZEFkaDFHTXJxaFBuZ3dRaHYtNlVtTTRHOTlTY0RDd25iRHo3b19zQ2pNN0NSaEVLVkhHNWVjMTE2UTl3cTdaY3BJcVVGX0p1enIzc25iOHg4dWlHRWpnQnFaNHRHZjFHTEpwdjNHYWJ2OE5XQllITGpFMnMzMUV0R2dWRXlGaDdtV0Utdi15VGwtb0JPOURQT2d0LV9mX2hIRER2X1lybUlPcDgwbTVHYnpFY2JjMEk?oc=5,en,2026-09-22,
Trump Threatens Iran Annihilation in Speech That Disregards UN,Bloomberg,bloomberg.com,bloomberg.com,2026-09-22,https://news.google.com/rss/articles/CBMiswFBVV95cUxPLW1kbDZ3MjRQYi1COTBNQlE4bVBGdXl3VG9MOGFOQlVUS0tCVUl4YjUzYXNCZ1otNFBXcGRYU29GUXVBTnhzTXhqYllvWUdpcUxsSG8waWRkMEdybnVGREFwR2ttam9vYTVZX0dYMk1PRXpvbDBXVmhlbUVBalYxNnltQTBPNERBTHlvZmhwOG9mT3lFamhtcGkzbWNmOWhYR3NCTTBienlCNUZyT25VQXNCYw?oc=5,en,2026-09-22,
Trump Rejects Push for International Pact to Manage Risks of AI,Bloomberg,bloomberg.com,bloomberg.com,2026-09-22,https://news.google.com/rss/articles/CBMitAFBVV95cUxOclg1Q2Z3UlZMbnZZRVF0Rl96N2ZHMW1PNWRLd3JkXy1uenpTSXVhNFNxSDhMcWpaMllZZ18xLW00T0hiTVJnVU1jQ2haSE5nUTc2enVLZUtGSFFGd3gtTXNMMUdVM1FGejJKMks5SHhEcjZGaW1oWVA5Z3lOQXlkb1pKV1p0WW5NbXhBLVZhWjg3RWFvbmNqcHZQa0tZVkNtcjl4bTI2Q09XRkdWUFJrVWFyZU8?oc=5,en,2026-09-22,
Trump Says He’s Pushed for Fuel Export Ban Amid Price Crunch,Bloomberg,bloomberg.com,bloomberg.com,2026-09-22,https://news.google.com/rss/articles/CBMisAFBVV95cUxNSE1BdmhBdVBNMjA3RXA4VXoyZFRTUVZ6M3g0dnhMcDVjdjNCQlFzcVFrbFNuZWt1SGMyMU0zQ2d1V0JnckxaNGo1bGVObndkbzNBUld4ZWZhaTl5Ym16alJNVW53N0NCZWdRNVpPMnlCZkFHMUtWQ1hHcXVHZWVMSkFqdDNrVnZSUl9VSklTUUpUU2FmYmJhV09RVXExOXEzRUN1UktqYUdZTkJBaGJySA?oc=5,en,2026-09-22,
Trump Is Setting Up the UN and Its Next Leader for Failure,Bloomberg,bloomberg.com,bloomberg.com,2026-09-22,https://news.google.com/rss/articles/CBMisgFBVV95cUxQUHNEMnFqZnBvVVVuaUxERkhIQ0YwNE9XR01YZDlkMTU5Smwwa1NZczZCZHdmamt1cmlnbDduN0dlTjlNd0czdmxKSzJGSXNiNDJ3cTEyRUZqbk93b1pkWk5HMGE2UEZNclpUc0JLM2VBeWVsM01Mc0Ezdm1oMGNUUVFaWmVoOUl5Qk0wRXFTUVp2LXJuazZrWk1YSHVXLW16bm84bDFyeTdWS3MyVFVGNGVR?oc=5,en,2026-09-22,
What’s on the Agenda When Xi and Trump Meet in Washington,Bloomberg,bloomberg.com,bloomberg.com,2026-09-22,https://news.google.com/rss/articles/CBMiugFBVV95cUxQQXBCSGczdU81QlZEVW55T2tQRzBScHBUbzQ5dnNTazhvMHlwaEtyMS1WSV9JeUUydjFIVHZOX3ZvRl9nQnVWdmhNcXIzTXl3aXdiNlZNd0tzZkhnMzBfTG04ZFJ2Ylp6UEJQNzRyajk5WFVnQmdhaTlPa1hjT1I2QnNOcHJxb2Y4RUlDSTRBZmc5a1A1aWItQ0wyejE3czYzMkhURE1qN0xFeVdsemdCbGJQX1pPR3FZbkE?oc=5,en,2026-09-22,
Lula Warns Against Election Meddling at UN as Trump Looms Over Vote,Bloomberg,bloomberg.com,bloomberg.com,2026-09-22,https://news.google.com/rss/articles/CBMiwwFBVV95cUxNSl9qc0ZTRTg2SERkQldUQTdOT1BmcWhsTXZiaDY5VVFxcHZsbEhRUjhNTnFxQXVEeDNiQ2RUUlBodjlqSG1fVFlBb0Z0SGNVZ3FvX3VHVDVzT3BjMzVQS1dMUXdRTmpZc0Nhd0pkWkNVczFqcEpGOVdPR0tFcFJfUjlTN2luejktNjNxX3hkaVVnQjZPcEhzM1l2cW9MVkZIVDBHMldoQTNrRnNqTDFoODFWdVBMejZaQkhWUHFTeXEwRGs?oc=5,en,2026-09-22,
Watch Trump Threatens Iran Annihilation in Speech That Disregards UN,Bloomberg,bloomberg.com,bloomberg.com,2026-09-22,https://news.google.com/rss/articles/CBMiowFBVV95cUxOY2diMF9BNmstdGg4ZnhCM2RfU0xBSURqcE4zQWl3S0JWVlFoTDdMSTFDQVNYV3A0cXhxMFg5Z05xa0dMWHBaX0psdkc1YjRQTHVkNmpaa0ZueS0xNjJ2eG9TM0QtX3RsZ1VvZmhybTB1bkZQcG9QWERLejZCc3RnMUdOamVYcEtla25ZY2hfTG9xTXB6dnJHVjdTeHZySWQzM2hF?oc=5,en,2026-09-22,
"Trump, Takaichi Discuss China in Meeting Ahead of Xi’s US Visit",Bloomberg,bloomberg.com,bloomberg.com,2026-09-22,https://news.google.com/rss/articles/CBMiswFBVV95cUxPUmNQbWkxUHNkcUNKTHIwSWN3em5QY1hxa1h0dWE2VkxsMWJJNEFJSWhRVVNBcXdMWGZhdEFfeEdsNi1KSTNhR28wRHdKUU8xajQwSzdCY1lubm9FX0d4b05nRW1YdVhld1dkYV91aTNEVVNaSFdRRnNXMDdTbnYwaXJmVTJUWVRwYjdpSnlqbm95bGpXWnVSVzlKZlN4UTRsajV6NFNPOS1KQkw2RkFqajEzQQ?oc=5,en,2026-09-22,
Meta’s Mark Zuckerberg to Join Tech Leaders at Trump-Xi Dinner,Bloomberg,bloomberg.com,bloomberg.com,2026-09-22,https://news.google.com/rss/articles/CBMiswFBVV95cUxQMWRpWmR4MnYtVmd5aWxIUFNJTFFyVk1TaUFjQU04YUdoWVlEUTNOVmh1WERSOVZ5WXV2emlKdjBUeUd6VkswZU5VRklEWmkyTEhkQ0xhT2VQMkhJTy1EVEwwMWtUOHo1TmVoY2lvdVhkVkdjNHJjWGVMRk9FMUg1RUJBaXJlaFdZMFg4cGs2VUgwQlFnbkVSNVl4bVZiTExSanE3WGo1Uy1abC1yNl9SdUdwOA?oc=5,en,2026-09-22,
Trump Ban on CNN Looms Over Paramount’s Plan for Oversight Board,Bloomberg,bloomberg.com,bloomberg.com,2026-09-22,https://news.google.com/rss/articles/CBMitgFBVV95cUxOdWE0V3BhckxQcWJmNm1yVVU3UkYwV3BjcWdwT3FEbEJHRXpFRUJqNnVSVXpIYmN1WV9kb2diVWFYc2FSMVhwWFJScVNBdXVGUVZ0MVBXb191eWh5VG1WNDJZcEZ4U2Jlc0tWMGhjZHVWYUxoeUVyU3J2X2VqRmg0cDkxc3JWNnRTelJnMTc0ZmZKamNrc1FCUFB1WDZQdmNUN0wxWVRibGZnSU1YeTE2Mm13Rjhxdw?oc=5,en,2026-09-22,
Trump Pressured by GOP Senator to Tap Home Heating Oil Reserve,Bloomberg,bloomberg.com,bloomberg.com,2026-09-22,https://news.google.com/rss/articles/CBMiswFBVV95cUxOMVJNYVpSRGNNaGMyeUNWU2xrUTlDTzIwcUNoVFV4ZENvZjJSeDRITHBPYmNiWm1IQlMtSG5mdnVJblRZTTZ6V3h6Sk5LLXFTTTRjRWR4SzFiUC1RTGFQVVNkaTgwZzRYbDJ2NWhhYWJlVkpiVTJicWYzeHJXSlA1a3E2dW42WHpWTENKcUlpUE5rZ2piRzJWNEZxYVlzZjM4OEl6SHF3b3EyMC1pZVIzSkkwaw?oc=5,en,2026-09-22,
"Trump, Burnham Discussed Bringing Up Jimmy Lai With China’s Xi",Bloomberg,bloomberg.com,bloomberg.com,2026-09-22,https://news.google.com/rss/articles/CBMisgFBVV95cUxNdlFoZ3ZhdG9WY3RnSXdZQ2tvd29QVGRwbFFxTmxueTlfR3JpWjI3azl2UkJpYkF4ZndxalNrb0h6eG1rdTBQR0RnSUNoUGNMVmtBNXFoZHFTeFlLY05vay14QkYwUXc1ZGZCNHE2YnRkdnItQ08wWXg4UDl1NmdUMzg4WVVnaHE5SmdpbmZpSW43UWxqNXpYWUc5eGdWWDdjLVJwSS14WjlsbzFWWE1UTFh3?oc=5,en,2026-09-22,
Trump’s Immigration Crackdown Is Changing How Undocumented People Bank,Bloomberg,bloomberg.com,bloomberg.com,2026-09-22,https://news.google.com/rss/articles/CBMivgFBVV95cUxOWkFVblFMSXEtU0o5SVY2bEw2eXJ0TUVUelBXWkk4d1Q4VVJBaFdGbXJOUGNJSWV5STBKS3hVUkNQSW5OV0FpZGxZblNXakNmVnoyRUNvLVItNTZfNk5nVldOdTg4WVZxcUtRd2twb2EyaHM1bUlaQkRFOEg0NWRPeEdIYnZXSHpZUjVaaGRHeWk5UmFUWVNJWW1Bb2dRT3RiMjlfVnRTNTdHUmt3YmY2OFdfdUgxTXFxUkNDLVd3?oc=5,en,2026-09-22,
When Presidents Meet: What Trump and Xi Really Want,Bloomberg,bloomberg.com,bloomberg.com,2026-09-22,https://news.google.com/rss/articles/CBMiswFBVV95cUxQSXZwQWs4ZXpBRnd1dFI3VEQzYkZURjhzUlg3Mm14Y0lxT1A1SVRoZWptVjRlZm5DNV9Hc2cyUmswQm9fdGlpQTdWc2haWkZGZWlTOVpVMlk4YXUxQ2FObXdrZ195XzRlUVp1aEZDT0RYYmY2VDRwX09HVkRMd01EcjdkS21zclNvOThlYXVfQlczeWs5MmJIaVBCVFJ5R1V2S2lySmMwVTYzdlMtRjc5dGNzcw?oc=5,en,2026-09-22,
Gulf States to Urge Trump to Avoid Any Escalation With Iran,Bloomberg,bloomberg.com,bloomberg.com,2026-09-22,https://news.google.com/rss/articles/CBMitAFBVV95cUxPQVVDT2VGMTJfcE82YV9LdjhTX0tUV2FvemZucUpWeVdLaHQ1cVJOazZlcHg4bFRTTHBKUjBtLWx4VDRVeVZfOWR2Z0t5VFF5dkF3bG4tdGZNd3FNZURmNi16TzZvS01mWGlaSEpXcjJOS21mUDhLbkFnbVc5cnY3M1l4QlpUNlkwYldSUU9UMnQ2WFFrVjdNSHQwSkxHT1dwWko2ZkJza00xUGJ5eHYyXzI5SlY?oc=5,en,2026-09-22,
Trump Plans Two Military Bases in Greenland as Deal Signed,Bloomberg,bloomberg.com,bloomberg.com,2026-09-22,https://news.google.com/rss/articles/CBMitgFBVV95cUxPVDc3RFB3SHBnUWNiZGthV2FVZUJoMTBwUUQ5X3prRl9FUW5WMTBjNVRpNXRFSF93TzZkbC1Od0F0WWR6UzhlLTFON0g2akwwOVB2eEtoUzN1aTQ5VU1fZjFhenp5U0RqSklabXd6X1RuWUV6LUtwNl92bEhrNnR0cGlLLTU3UVMtRkR0Z1hPZmdvbWZYNzZ6VHNiS1ZVRVhrYzB4LW1wY3JtdHM4ZDFrMnpaMFozZw?oc=5,en,2026-09-22,
Inside Trump’s Kennedy Center Renovation Plan,Bloomberg,bloomberg.com,bloomberg.com,2026-09-22,https://news.google.com/rss/articles/CBMisgFBVV95cUxONnhFaFJuNXBFWnJ0a0lsZEp3TVJGNjBsYlVvdTJ1OFkxZ3VoTFVOZzZvZHFYMy1HTXp3eWtSWE9MSWNzSG9RaGVsOUpWOW9kdDAzZEtnTkdwMkJPdXlpZmFOelBWRS1HamNWQUpicjFtQ1FtQlNxNk9wNG1NU3RHQ05USWNDRXUydEpFMHY0Vm4wU3VCRkJsRHpiVXo1bXJwWTRSQkpmcTdnazMtYjZMTW93?oc=5,en,2026-09-22,
"Trump administration to welcome up to 17,500 more White South Africans as refugees",CBS News,cbsnews.com,cbsnews.com,2026-09-22,https://www.cbsnews.com/texas/news/trump-administration-white-south-africans-refugees-afrikaners/,en,2026-09-22,
California Latino voters' views of Trump administration evolving,CBS News,cbsnews.com,cbsnews.com,2026-09-22,https://www.cbsnews.com/sanfrancisco/video/california-latino-voters-views-of-trump-administration-evolving/,en,2026-09-22,
California GOP lawmakers seek probe on wasteful high-speed rail consultant reimbursements,CBS News,cbsnews.com,cbsnews.com,2026-09-22,https://www.cbsnews.com/sanfrancisco/news/california-high-speed-rail-consultants-improper-payments-wasteful/,en,2026-09-22,
"Economic issues driving Latino voters away from Trump, polls show",CBS News,cbsnews.com,cbsnews.com,2026-09-22,https://www.cbsnews.com/sanfrancisco/video/economic-issues-driving-latino-voters-away-from-trump-polls-show/,en,2026-09-22,
President Trump addresses U.N. General Assembly,CBS News,cbsnews.com,cbsnews.com,2026-09-22,https://www.cbsnews.com/newyork/video/president-trump-addresses-u-n-general-assembly-2/,en,2026-09-22,
President Trump departs NYC after U.N. General Assembly speech,CBS News,cbsnews.com,cbsnews.com,2026-09-22,https://www.cbsnews.com/newyork/video/president-trump-departs-nyc-after-u-n-general-assembly-speech/,en,2026-09-22,
9/22: CBS Evening News,CBS News,cbsnews.com,cbsnews.com,2026-09-22,https://www.cbsnews.com/video/092226-cbs-evening-news/,en,2026-09-22,
"Foreign policy expert breaks down Trump's ""annihilation"" threat to Iran at U.N.",CBS News,cbsnews.com,cbsnews.com,2026-09-22,https://www.cbsnews.com/video/foreign-policy-expert-breaks-down-trumps-annihilation-threat-to-iran-at-un/,en,2026-09-22,
Trump hosting Venezuela's acting president at dinner for world leaders,CBS News,cbsnews.com,cbsnews.com,2026-09-22,https://www.cbsnews.com/video/trump-hosting-venezuela-acting-president-dinner-world-leaders/,en,2026-09-22,
"Trump tells U.N. General Assembly he will either strike a deal with Iran or ""annihilate"" country",CBS News,cbsnews.com,cbsnews.com,2026-09-22,https://www.cbsnews.com/video/trump-tells-un-general-assembly-he-will-either-strike-a-deal-with-iran-or-annihilate-country/,en,2026-09-22,
Trump uses U.N. speech to openly muse about attacking Iran,CBS News,cbsnews.com,cbsnews.com,2026-09-22,https://www.cbsnews.com/video/trump-uses-un-speech-openly-muse-attacking-iran/,en,2026-09-22,
DOJ charges Utah postal worker for allegedly dumping mail ballots in trash during state primary,CBS News,cbsnews.com,cbsnews.com,2026-09-22,https://www.cbsnews.com/news/justice-department-charges-utah-postal-worker-mail-ballots-trash/,en,2026-09-22,
9/22: The Takeout with Major Garrett,CBS News,cbsnews.com,cbsnews.com,2026-09-22,https://www.cbsnews.com/video/092226-the-takeout-with-major-garrett/,en,2026-09-22,
"2026 Presidents Cup set to tee off at Medinah Country Club in Bloomingdale, Illinois",CBS News,cbsnews.com,cbsnews.com,2026-09-22,https://www.cbsnews.com/chicago/news/2026-presidents-cup-medinah-country-club/,en,2026-09-22,
Free Iran rally held outside U.N. General Assembly,CBS News,cbsnews.com,cbsnews.com,2026-09-22,https://www.cbsnews.com/newyork/video/free-iran-rally-held-outside-u-n-general-assembly/,en,2026-09-22,
"Trump, Mamdani again discuss possible housing development at Sunnyside rail yard",CBS News,cbsnews.com,cbsnews.com,2026-09-22,https://www.cbsnews.com/newyork/video/trump-mamdani-again-discuss-possible-housing-development-at-sunnyside-rail-yard/,en,2026-09-22,
"Benjamin Netanyahu, NYC Mayor Zohran Mamdani trade barbs as Israeli PM heads to U.N.",CBS News,cbsnews.com,cbsnews.com,2026-09-22,https://www.cbsnews.com/newyork/news/benjamin-netanyahu-zohran-mamdani-trade-barbs/,en,2026-09-22,
Trump warns Iran of possible escalation in U.N. General Assembly address,CBS News,cbsnews.com,cbsnews.com,2026-09-22,https://www.cbsnews.com/texas/video/trump-warns-iran-of-possible-escalation-in-u-n-general-assembly-address/,en,2026-09-22,
Diesel prices just hit a new record. Would a U.S. export ban bring relief?,CBS News,cbsnews.com,cbsnews.com,2026-09-22,https://www.cbsnews.com/news/diesel-export-ban-record-price-impact/,en,2026-09-22,
Mike Rogers calls for quick end to Iran war and temporary halt on U.S. diesel exports,CBS News,cbsnews.com,cbsnews.com,2026-09-22,https://www.cbsnews.com/detroit/news/mike-rogers-iran-war-diesel-export-embargo-gas-tax/,en,2026-09-22,
Trump signs Greenland deal giving U.S. broad military authority on the island,CBS News,cbsnews.com,cbsnews.com,2026-09-22,https://www.cbsnews.com/news/trump-greenland-deal-denmark-united-nations/,en,2026-09-22,
South Dakota Republican who wouldn't say Biden won in 2020 now endorses a Democrat,CBS News,cbsnews.com,cbsnews.com,2026-09-22,https://www.cbsnews.com/minnesota/news/south-dakota-secretary-of-state-monae-johnson-endorses-terrence-davis/,en,2026-09-22,
President Trump addresses U.N. General Assembly in New York,CBS News,cbsnews.com,cbsnews.com,2026-09-22,https://www.cbsnews.com/chicago/video/president-trump-addresses-u-n-general-assembly-in-new-york/,en,2026-09-22,
Trump signs new U.S. security deal with Greenland,CBS News,cbsnews.com,cbsnews.com,2026-09-22,https://www.cbsnews.com/video/trump-signs-new-us-security-deal-with-greenland/,en,2026-09-22,
"Trump to UN: Whoever wins AI, wins",CBS News,cbsnews.com,cbsnews.com,2026-09-22,https://www.cbsnews.com/video/trump-to-un-whoever-wins-ai-wins/,en,2026-09-22,
"Gov. Healey proposes suspending Massachusetts gas tax, but House Speaker calls it ""fiscally irresponsible""",CBS News,cbsnews.com,cbsnews.com,2026-09-22,https://www.cbsnews.com/boston/news/healey-gas-tax-suspension-massachusetts/,en,2026-09-22,
City of San Francisco files suit against Truth Social over wealthy subscribers' early access to posts,CBS News,cbsnews.com,cbsnews.com,2026-09-22,https://www.cbsnews.com/sanfrancisco/news/san-francisco-lawsuit-truth-api-social-trump-media-technology-california-insider-trading/,en,2026-09-22,
What is the White House press pool and how does it work?,CBS News,cbsnews.com,cbsnews.com,2026-09-22,https://www.cbsnews.com/news/what-is-white-house-press-pool-how-does-it-work/,en,2026-09-22,
GOP senator asks Senate Judiciary Committee to subpoena Donald Trump Jr. and Hunter Biden,CBS News,cbsnews.com,cbsnews.com,2026-09-22,https://www.cbsnews.com/miami/news/john-curtis-subpoena-donald-trump-jr-hunter-biden/,en,2026-09-22,
Bipartisan senators press Rubio to prioritize release of American journalist held in Iran,CBS News,cbsnews.com,cbsnews.com,2026-09-22,https://www.cbsnews.com/news/senators-iran-marco-rubio-reza-valizadeh-american-journalist/,en,2026-09-22,
"Protests take place outside U.N. General Assembly, bringing several arrests",CBS News,cbsnews.com,cbsnews.com,2026-09-22,https://www.cbsnews.com/newyork/news/un-general-assembly-protests-arrests/,en,2026-09-22,
President Trump speaks at U.N. General Assembly,CBS News,cbsnews.com,cbsnews.com,2026-09-22,https://www.cbsnews.com/newyork/video/president-trump-speaks-at-u-n-general-assembly-team-coverage/,en,2026-09-22,
President Trump threatens Iran and defends handling of conflicts,CBS News,cbsnews.com,cbsnews.com,2026-09-22,https://www.cbsnews.com/newyork/video/president-trump-threatens-iran-and-defends-handling-of-conflicts/,en,2026-09-22,
"Chicago mayoral candidate Danielle Carter-Walters calls for local DOGE office, end to sanctuary city policies",CBS News,cbsnews.com,cbsnews.com,2026-09-22,https://www.cbsnews.com/chicago/news/chicago-mayoral-candidate-danielle-carter-walters/,en,2026-09-22,
"In U.N. speech, Trump threatens to ""annihilate"" Iran and defends handling of global conflicts",CBS News,cbsnews.com,cbsnews.com,2026-09-22,https://www.cbsnews.com/texas/news/trump-address-united-nations-general-assembly-meetings-world-leaders-iran-ukraine/,en,2026-09-22,
"CNN's Dana Bash says Trump's press ban is an ""unnecessary milestone""",CBS News,cbsnews.com,cbsnews.com,2026-09-22,https://www.cbsnews.com/video/cnns-dana-bash-says-trumps-press-ban-is-an-unnecessary-milestone/,en,2026-09-22,
"North Korea's Kim Jong Un lauds apparent hypersonic missile test, calls it ""incurable headache"" for foes",CBS News,cbsnews.com,cbsnews.com,2026-09-22,https://www.cbsnews.com/news/north-korea-kim-jong-un-hypersonic-missile-test-headache-foes/,en,2026-09-22,
"President Trump to address United Nations over war with Iran, other foreign endeavors",CBS News,cbsnews.com,cbsnews.com,2026-09-22,https://www.cbsnews.com/texas/video/president-trump-to-address-united-nations-over-war-with-iran-other-foreign-endeavors/,en,2026-09-22,
Iran war looms over Trump at U.N. General Assembly,CBS News,cbsnews.com,cbsnews.com,2026-09-22,https://www.cbsnews.com/video/trump-war-looms-trump-u-n-general-assembly/,en,2026-09-22,
Eye Opener: Thousands of flights canceled or delayed after Northeast computer issues,CBS News,cbsnews.com,cbsnews.com,2026-09-22,https://www.cbsnews.com/video/eye-opener-thousands-of-flights-canceled-or-delayed-after-northeast-computer-issues/,en,2026-09-22,
President Trump to speak at United Nations,CBS News,cbsnews.com,cbsnews.com,2026-09-22,https://www.cbsnews.com/detroit/video/president-trump-to-speak-at-united-nations-1/,en,2026-09-22,
What to expect from Trump's U.N. speech,CBS News,cbsnews.com,cbsnews.com,2026-09-22,https://www.cbsnews.com/video/what-to-expect-from-trumps-un-speech-1/,en,2026-09-22,
GOP lawmaker speaks out against Trump’s ‘petty’ media ban,CNN,cnn.com,cnn.com,2026-09-22,https://www.cnn.com/2026/09/22/us/video/ebof-gop-rep-don-bacon-trump-media-ban,en,2026-09-22,
White House launches ‘Trump TV’ after media outlet ban,CNN,cnn.com,cnn.com,2026-09-22,https://www.cnn.com/2026/09/22/us/video/white-house-launches-trump-tv-after-media-outlet-ban-digvid,en,2026-09-22,
"President Trump’s money managers made more than 1,100 trades in July",CNN,cnn.com,cnn.com,2026-09-22,https://www.cnn.com/2026/09/22/business/trump-more-than-1000-trades-july,en,2026-09-22,
Politics of the Day,CNN,cnn.com,cnn.com,2026-09-22,https://www.cnn.com/2026/09/22/politics/video/ac360-senator-mark-kelly-calls-for-action-amid-dire-ai-warnings,en,2026-09-22,
The GOP stampede away from Trump is growing — including in pretty red districts,CNN,cnn.com,cnn.com,2026-09-22,https://www.cnn.com/2026/09/22/politics/republicans-distance-trump-midterms,en,2026-09-22,
Scaramucci: Rubio should be ‘ashamed of himself’ for defending Trump’s WH press ban,CNN,cnn.com,cnn.com,2026-09-22,https://www.cnn.com/2026/09/22/politics/video/scaramucci-rubio-should-be-ashamed-of-himself-for-defending-trumps-wh-press-ban-lcl,en,2026-09-22,
GOP governor candidate’s campaign website removes some references to Trump,CNN,cnn.com,cnn.com,2026-09-22,https://www.cnn.com/2026/09/22/politics/byron-donalds-trump-florida-governor,en,2026-09-22,
Melania Trump breaks with the president on media ban,CNN,cnn.com,cnn.com,2026-09-22,https://www.cnn.com/2026/09/22/politics/melania-trump-media-ban,en,2026-09-22,
"Defending reporter ban, Justice Department argues stories on Trump’s ballroom project, Iran war threaten national security",CNN,cnn.com,cnn.com,2026-09-22,https://www.cnn.com/2026/09/22/politics/trump-admin-responds-press-lawsuit-white-house-access,en,2026-09-22,
New video released leading up to shooting of Venezuela man by ICE in Austin,CNN,cnn.com,cnn.com,2026-09-22,https://www.cnn.com/2026/09/22/us/video/ac360-new-video-released-leading-up-to-shooting-of-venezuela-man-by-ice-in-austin,en,2026-09-22,
Trump says judge ‘probably will’ rule in media’s favor in lawsuit over White House access,CNN,cnn.com,cnn.com,2026-09-22,https://www.cnn.com/2026/09/22/politics/video/cncpm-trump-says-judge-probably-will-rule-in-medias-favor-lawsuit-over-white-house-access,en,2026-09-22,
What to know about the Nolan Wells grand jury findings,CNN,cnn.com,cnn.com,2026-09-22,https://www.cnn.com/2026/09/22/us/video/nolan-wells-grand-jury-cli-hrzn,en,2026-09-22,
Sen Booker: President Trump’s press ban ‘should outrage all Americans’,CNN,cnn.com,cnn.com,2026-09-22,https://www.cnn.com/2026/09/22/politics/video/donald-trump-press-ban-white-house-kaitlan-collins-cnn-cory-booker-first-amendment,en,2026-09-22,
More than 100 riders claim Six Flags ride led to brain injuries,CNN,cnn.com,cnn.com,2026-09-22,https://www.cnn.com/2026/09/22/us/video/more-than-100-riders-claim-six-flags-ride-led-to-brain-injuries,en,2026-09-22,
Washington Post’s Rogin: Don Jr. wedding gift is ‘grift on steroids’,CNN,cnn.com,cnn.com,2026-09-22,https://www.cnn.com/2026/09/22/politics/video/washington-posts-rogin-don-jr-wedding-gift-is-grift-on-steroids,en,2026-09-22,
GOP Senators ask committee to subpoena Trump Jr. over Russian oligarch’s wedding gift,CNN,cnn.com,cnn.com,2026-09-22,https://www.cnn.com/2026/09/22/politics/video/ebof-dan-alexander-don-jr-wedding-gift-russia,en,2026-09-22,
"ICE mistakenly targets US citizen who was left injured on the ground in Chicago suburb, officials say",CNN,cnn.com,cnn.com,2026-09-22,https://www.cnn.com/2026/09/22/us/ice-agents-mistakenly-detain-us-citizen,en,2026-09-22,
New CNN poll shows cracks in Republican support for Iran War,CNN,cnn.com,cnn.com,2026-09-22,https://www.cnn.com/2026/09/22/politics/video/ac360-new-cnn-poll-shows-cracks-in-republican-support-for-iran-war,en,2026-09-22,
"ICE shooting, harmful stereotypes, Hayden Panettiere: Catch up on the day’s stories",CNN,cnn.com,cnn.com,2026-09-22,https://www.cnn.com/2026/09/22/us/5-things-pm-september-22-trnd,en,2026-09-22,
Ana Navarro: Rep. Ocasio-Cortez has ‘ginormous cojones’,CNN,cnn.com,cnn.com,2026-09-22,https://www.cnn.com/2026/09/22/politics/video/ana-navarro-rep-ocasio-cortez-has-ginormous-cojones,en,2026-09-22,
Trump ‘is his own worst enemy’: Ex-judge previews WH media ban hearing,CNN,cnn.com,cnn.com,2026-09-22,https://www.cnn.com/2026/09/22/politics/video/trump-wh-media-ban-reax-ytc,en,2026-09-22,
Priests protest over violence in Gaza,CNN,cnn.com,cnn.com,2026-09-22,https://www.cnn.com/2026/09/22/world/video/priests-protest-violence-gaza-digvid,en,2026-09-22,
GOP support for Trump’s handling of Iran falls 13 points since March in new CNN poll,CNN,cnn.com,cnn.com,2026-09-22,https://www.cnn.com/2026/09/22/politics/video/cnn-poll-trump-handling-iran-opposition-ip,en,2026-09-22,
Sen. Coons: ‘They’re starting to demand accountability’,CNN,cnn.com,cnn.com,2026-09-22,https://www.cnn.com/2026/09/22/us/video/sen-coons-theyre-starting-to-demand-accountability-cnc,en,2026-09-22,
Fact check: Trump’s false claims to the United Nations,CNN,cnn.com,cnn.com,2026-09-22,https://www.cnn.com/2026/09/22/politics/fact-check-trump-united-nations,en,2026-09-22,
"White House fraud task force will remove 760,000 Obamacare enrollees, some of whom may not exist",CNN,cnn.com,cnn.com,2026-09-22,https://www.cnn.com/2026/09/22/politics/vance-fraud-obamacare-enrollees,en,2026-09-22,
Trump’s press ban prompts widespread solidarity — and fewer images of the president,CNN,cnn.com,cnn.com,2026-09-22,https://www.cnn.com/2026/09/22/media/trump-cnn-msnow-politico-white-house-ban-solidarity-media,en,2026-09-22,
Democrat calls for a halt to the implementation of new AI tool at DC airport,CNN,cnn.com,cnn.com,2026-09-22,https://www.cnn.com/2026/09/22/politics/video/cnn-sitroom-blitzer,en,2026-09-22,
Trump to CNN’s Kaitlan Collins: ‘You should not be here’,CNN,cnn.com,cnn.com,2026-09-22,https://www.cnn.com/2026/09/22/politics/video/trump-united-nations-un-collins-digvid,en,2026-09-22,
GOP senator asks Senate committee to subpoena Donald Trump Jr. over wedding celebration funds,CNN,cnn.com,cnn.com,2026-09-22,https://www.cnn.com/2026/09/22/politics/wedding-investigation-donald-trump-jr,en,2026-09-22,
Can Kamala Harris help Abdul El-Sayed win over Black voters in Michigan?,CNN,cnn.com,cnn.com,2026-09-22,https://www.cnn.com/2026/09/22/politics/video/inside-politics-el-sayed-harris-campaigning,en,2026-09-22,
Analysis: Trump cites fake accomplishments as examples of what the media should be covering,CNN,cnn.com,cnn.com,2026-09-22,https://www.cnn.com/2026/09/22/politics/trump-press-fake-accomplishments,en,2026-09-22,
The Odds: Third Time’s the Charm?,CNN,cnn.com,cnn.com,2026-09-22,https://www.cnn.com/2026/09/22/us/video/bolduan-enten-theodds-kamala-harris-kalpar-cnc,en,2026-09-22,
Rep. Walkinshaw: ‘I support any meeting that brings an end to this war’,CNN,cnn.com,cnn.com,2026-09-22,https://www.cnn.com/2026/09/22/us/video/berman-walkinshaw-iran-trump-cnc,en,2026-09-22,
Trump administration says most refugees accepted in 2027 will be White South Africans,CNN,cnn.com,cnn.com,2026-09-22,https://www.cnn.com/2026/09/22/politics/trump-administration-south-african-refugees,en,2026-09-22,
Spain clears way for US extradition case against millionaire activist,CNN,cnn.com,cnn.com,2026-09-22,https://www.cnn.com/2026/09/22/europe/fergie-chambers-spain-us-extradition-case-intl,en,2026-09-22,
Trump says he faces a ‘big decision’ on Iran: make a deal or annihilate the country,CNN,cnn.com,cnn.com,2026-09-22,https://www.cnn.com/2026/09/22/politics/video/trump-united-nations-iran-annihilation-digvid,en,2026-09-22,
"Finland on Trump, Putin Ukraine: The Real Deal",CNN,cnn.com,cnn.com,2026-09-22,https://www.cnn.com/2026/09/22/world/video/trump-unga-speech-elina-valtonen-intv-092211aseg2-cnni-world-fast,en,2026-09-22,
Chinese President Xi set to arrive in DC for high-stakes Trump summit and more top headlines,Fox News,foxnews.com,foxnews.com,2026-09-22,https://www.foxnews.com/us/chinese-president-xi-set-arrive-dc-high-stakes-trump-summit-more-top-headlines,en,2026-09-22,
Trump anti-fraud division's future rests with Senate Dems after bipartisan House win,Fox News,foxnews.com,foxnews.com,2026-09-22,https://www.foxnews.com/politics/trump-anti-fraud-divisions-future-rests-senate-dems-after-bipartisan-house-win,en,2026-09-22,
Caleb Williams' initial response to criticism about how he handled hamstring injury proves the criticism right,Fox News,foxnews.com,foxnews.com,2026-09-22,https://www.foxnews.com/outkick-sports/caleb-williams-initial-response-criticism-hamstring-injury-proves-criticism-right,en,2026-09-22,
Karoline Leavitt says some White House reporters privately apologized for asking 'unfair' questions,Fox News,foxnews.com,foxnews.com,2026-09-22,https://www.foxnews.com/media/karoline-leavitt-white-house-reporters-privately-apologized-unfair-questions,en,2026-09-22,
EXCLUSIVE: Ossoff challenged to return Epstein-linked donation or retract ‘Epstein class’ attack,Fox News,foxnews.com,foxnews.com,2026-09-22,https://www.foxnews.com/politics/ossoff-challenged-return-epstein-linked-donation-retract-epstein-class-attack,en,2026-09-22,
Welder turned lawmaker sees a ‘nuclear bomb for work’ — and a chance to help blue collar Americans,Fox News,foxnews.com,foxnews.com,2026-09-22,https://www.foxnews.com/politics/welder-turned-lawmaker-sees-nuclear-bomb-work-chance-help-blue-collar-americans,en,2026-09-22,
Trump embraced a socialist he’s told voters to fear. Republicans aren’t thrilled,Fox News,foxnews.com,foxnews.com,2026-09-22,https://www.foxnews.com/politics/trump-embraced-socialist-hes-told-voters-fear-republicans-arent-thrilled,en,2026-09-22,
Zelenskyy to seek offramp for years-long Russia war in UN speech after Trump reveals peace deal is close,Fox News,foxnews.com,foxnews.com,2026-09-22,https://www.foxnews.com/politics/zelenskyy-seek-offramp-years-long-russia-war-un-speech-trump-reveals-peace-deal-close,en,2026-09-22,
Lukashenko reveals bizarre argument he and Putin have over who is the ‘bigger dictator’,Fox News,foxnews.com,foxnews.com,2026-09-22,https://www.foxnews.com/world/lukashenko-reveals-bizarre-argument-putin-bigger-dictator,en,2026-09-22,
‘Big Sister’ warning resurfaces as Massachusetts expands home visits after Clancy trial,Fox News,foxnews.com,foxnews.com,2026-09-22,https://www.foxnews.com/politics/big-sister-warning-resurfaces-massachusetts-expands-home-visits-after-clancy-trial,en,2026-09-22,
"Harris keeps 2028 door open as she hits midterm campaign trail, warns ‘28 won’t matter’ without 2026",Fox News,foxnews.com,foxnews.com,2026-09-22,https://www.foxnews.com/politics/harris-keeps-2028-door-open-hits-midterm-campaign-trail-warns-28-wont-matter-without-2026,en,2026-09-22,
Kamala Harris says 'attack on DEI is an attack on maternal care',Fox News,foxnews.com,foxnews.com,2026-09-22,https://www.foxnews.com/politics/kamala-harris-says-attack-dei-attack-maternal-care,en,2026-09-22,
"From Austin to New York, pro-China network fuels week of anti-US protests as Xi meets Trump",Fox News,foxnews.com,foxnews.com,2026-09-22,https://www.foxnews.com/politics/austin-new-york-pro-china-network-fuels-week-anti-us-protests-xi-meets-trump,en,2026-09-22,
"Evening Edition: President Trump Addresses UN, Talks Iran and US Power",Fox News,foxnews.com,foxnews.com,2026-09-22,https://radio.foxnews.com/2026/09/22/evening-edition-president-trump-addresses-un-talks-iran-and-us-power/,en,2026-09-22,
"All-Star Panel: President Trump's UN Address, Iran War & China Xi Summit",Fox News,foxnews.com,foxnews.com,2026-09-22,https://radio.foxnews.com/2026/09/22/all-star-panel-president-trumps-un-address-iran-war-china-xi-summit/,en,2026-09-22,
Sunshine: GOP Candidates Need To Keep Reminding Voters About How Bad Things Were With Democrats In Charge,Fox News,foxnews.com,foxnews.com,2026-09-22,https://radio.foxnews.com/2026/09/22/sunshine-gop-candidates-need-to-keep-reminding-voters-about-how-bad-things-were-with-democrats-in-charge/,en,2026-09-22,
'Reacher' star Alan Ritchson claims studios begged him to shut up about politics,Fox News,foxnews.com,foxnews.com,2026-09-22,https://www.foxnews.com/media/reacher-star-alan-ritchson-claims-studios-begged-him-shut-up-about-politics,en,2026-09-22,
"Beyond killer robots: China's real AI threat to America is already here, experts warn",Fox News,foxnews.com,foxnews.com,2026-09-22,https://www.foxnews.com/politics/beyond-killer-robots-chinas-real-ai-threat-america-already-here-experts-warn,en,2026-09-22,
Former news anchor working for California Democrat arrested by immigration authorities at Las Vegas airport,Fox News,foxnews.com,foxnews.com,2026-09-22,https://www.foxnews.com/us/former-news-anchor-working-california-democrat-arrested-immigration-authorities-las-vegas-airport,en,2026-09-22,
CNN staffers accept new reality as Paramount's takeover of Warner Bros Discovery goes full steam ahead,Fox News,foxnews.com,foxnews.com,2026-09-22,https://www.foxnews.com/media/cnn-staffers-accept-new-reality-paramount-takeover-warner-bros-discovery-goes-full-steam-ahead,en,2026-09-22,
Battle-tested Zelenskyy sounds chilling alarm on where Putin’s war could head next,Fox News,foxnews.com,foxnews.com,2026-09-22,https://www.foxnews.com/world/battle-tested-zelenskyy-sounds-chilling-alarm-where-putins-war-could-head-next,en,2026-09-22,
Fox News Poll: Voters question whether AI’s promise outweighs its risks,Fox News,foxnews.com,foxnews.com,2026-09-22,https://www.foxnews.com/politics/fox-news-poll-voters-question-whether-ais-promise-outweighs-its-risks,en,2026-09-22,
Father of 9/11 hero Todd Beamer appears in Michigan Senate race ad to condemn Hasan Piker rhetoric,Fox News,foxnews.com,foxnews.com,2026-09-22,https://www.foxnews.com/media/father-9-11-hero-todd-beamer-appears-michigan-senate-race-ad-condemn-hasan-piker-rhetoric,en,2026-09-22,
Joy Behar doubles down on argument US will not elect a woman president,Fox News,foxnews.com,foxnews.com,2026-09-22,https://www.foxnews.com/media/joy-behar-doubles-down-argument-us-will-not-elect-woman-president,en,2026-09-22,
Former USPS worker indicted after allegedly dumping 300-plus Utah mail-in ballots without delivering one,Fox News,foxnews.com,foxnews.com,2026-09-22,https://www.foxnews.com/politics/former-usps-worker-indicted-allegedly-dumping-300-plus-utah-mail-in-ballots-without-delivering-one,en,2026-09-22,
House Republicans drop Jack Smith transcripts in explosive Arctic Frost records fight,Fox News,foxnews.com,foxnews.com,2026-09-22,https://www.foxnews.com/politics/house-republicans-drop-jack-smith-transcripts-explosive-arctic-frost-records-fight,en,2026-09-22,
San Francisco sues Trump Media over alleged 'pay-to-play' Truth Social service,Fox News,foxnews.com,foxnews.com,2026-09-22,https://www.foxnews.com/politics/san-francisco-sues-trump-media-alleged-pay-play-truth-social-service,en,2026-09-22,
"White House to yank 750,000 fraudsters off ObamaCare, save taxpayers $2.2 billion, Vance says",Fox News,foxnews.com,foxnews.com,2026-09-22,https://www.foxnews.com/politics/white-house-yank-750000-fraudsters-obamacare-save-taxpayers-2-2-billion-vance-says,en,2026-09-22,
From campus radicals to Beijing's AI sabotage: Rep. Randy Fine says 'US fighting to save Western civilization',Fox News,foxnews.com,foxnews.com,2026-09-22,https://www.foxnews.com/politics/campus-radicals-beijings-ai-sabotage-rep-randy-fine-says-us-fighting-save-western-civilization,en,2026-09-22,
Russia's neighbor reveals personal appeals to Trump as US weighs NATO troop pullback in Europe,Fox News,foxnews.com,foxnews.com,2026-09-22,https://www.foxnews.com/politics/russia-neighbor-reveals-personal-appeals-trump-us-weighs-nato-troop-pullback-europe,en,2026-09-22,
"Federal judge temporarily blocks deportation of illegal immigrant shot by ICE officer in Austin, attorney says",Fox News,foxnews.com,foxnews.com,2026-09-22,https://www.foxnews.com/us/federal-judge-temporarily-blocks-deportation-illegal-immigrant-shot-ice-officer-austin-attorney-says,en,2026-09-22,
Red state Dem faces fury for suggesting illegal aliens should replace American workers,Fox News,foxnews.com,foxnews.com,2026-09-22,https://www.foxnews.com/politics/red-state-dem-faces-fury-suggesting-illegal-aliens-should-replace-american-workers,en,2026-09-22,
"Spanberger's data center plan on collision course with her party's green energy push, critics warn",Fox News,foxnews.com,foxnews.com,2026-09-22,https://www.foxnews.com/politics/spanbergers-data-center-plan-collision-course-partys-green-energy-push-critics-warn,en,2026-09-22,
Five top takeaways from Trump's high-stakes UN speech to the world,Fox News,foxnews.com,foxnews.com,2026-09-22,https://www.foxnews.com/opinion/five-top-takeaways-trumps-high-stakes-un-speech-world,en,2026-09-22,
Dem AG running for higher office dodges questions on bid to free man who killed pregnant woman,Fox News,foxnews.com,foxnews.com,2026-09-22,https://www.foxnews.com/politics/dem-ag-running-for-higher-office-dodges-questions-bid-free-man-killed-pregnant-woman,en,2026-09-22,
Reporter's Notebook: Congress struggles to find a message that resonates with voters ahead of midterms,Fox News,foxnews.com,foxnews.com,2026-09-22,https://www.foxnews.com/politics/reporters-notebook-congress-struggles-find-message-resonates-voters-ahead-midterms,en,2026-09-22,
Trump ally skips UNGA for first time — months after face-to-face with president gave way to bitter clash,Fox News,foxnews.com,foxnews.com,2026-09-22,https://www.foxnews.com/politics/trump-ally-skips-unga-first-time-months-after-face-to-face-president-gave-way-bitter-clash,en,2026-09-22,
"Federal judge temporarily blocks deportation of illegal immigrant shot by ICE agent in Austin, attorney says",Fox News,foxnews.com,foxnews.com,2026-09-22,https://www.foxnews.com/us/federal-judge-temporarily-blocks-deportation-illegal-immigrant-shot-ice-agent-austin-attorney-says,en,2026-09-22,
Trump flexes American power at UN with warnings to rivals around the globe,Fox News,foxnews.com,foxnews.com,2026-09-22,https://www.foxnews.com/politics/trump-flexes-american-power-un-warnings-rivals-around-globe,en,2026-09-22,
"Trump-backed Senate candidate says 'Groceries cost too much,' calls for Iran war to 'end quickly'",Fox News,foxnews.com,foxnews.com,2026-09-22,https://www.foxnews.com/politics/trump-backed-senate-candidate-groceries-cost-too-much-calls-iran-war-end-quickly,en,2026-09-22,
It's three strikes and you're out for China. Trump should make this Xi's last chance,Fox News,foxnews.com,foxnews.com,2026-09-22,https://www.foxnews.com/opinion/three-strikes-youre-out-china-trump-should-make-xi-last-chance,en,2026-09-22,
Rubio’s meme-worthy job collection takes new turn with permanent Trump upgrade,Fox News,foxnews.com,foxnews.com,2026-09-22,https://www.foxnews.com/politics/rubios-meme-worthy-job-collection-takes-new-turn-permanent-trump-upgrade,en,2026-09-22,
Rubio questions ‘point’ of NATO after allies blocked US from using bases during Iran conflict,Fox News,foxnews.com,foxnews.com,2026-09-22,https://www.foxnews.com/media/rubio-questions-point-nato-allies-blocked-us-using-bases-iran-conflict,en,2026-09-22,
Trump Jr under scrutiny from own party over Putin-linked oligarch's lavish gift,Fox News,foxnews.com,foxnews.com,2026-09-22,https://www.foxnews.com/politics/trump-jr-under-scrutiny-from-own-party-over-putin-linked-oligarchs-lavish-gift,en,2026-09-22,
Terry Moran says network rejected his Biden health story after he witnessed president’s frailty,Fox News,foxnews.com,foxnews.com,2026-09-22,https://www.foxnews.com/media/terry-moran-says-network-rejected-his-biden-health-story-after-he-witnessed-presidents-frailty,en,2026-09-22,
Federal appeals court orders Missouri to use congressional map rejected twice by Supreme Court,Fox News,foxnews.com,foxnews.com,2026-09-22,https://www.foxnews.com/politics/federal-appeals-court-orders-missouri-use-congressional-map-rejected-twice-supreme-court,en,2026-09-22,
House conservatives unleash multimillion-dollar midterm blitz against Dem 'socialist' insurgency,Fox News,foxnews.com,foxnews.com,2026-09-22,https://www.foxnews.com/politics/house-conservatives-unleash-multimillion-dollar-midterm-blitz-against-dem-socialist-insurgency,en,2026-09-22,
"Leavitt pulls back the curtain on Trump's 'tense,' unfiltered private talks with Putin, Xi, Starmer",Fox News,foxnews.com,foxnews.com,2026-09-22,https://www.foxnews.com/media/leavitt-pulls-back-curtain-trumps-tense-unfiltered-private-talks-putin-xi-starmer,en,2026-09-22,
Jeffries lashes out after House Dem bolsters Republican candidate on leader's home turf,Fox News,foxnews.com,foxnews.com,2026-09-22,https://www.foxnews.com/politics/jeffries-lashes-out-after-house-democrat-bolsters-republican-candidate-leaders-home-turf,en,2026-09-22,
Trump defends US interventions abroad ahead of 'big decision' on Iran: 'Settling years of unfinished business',Fox News,foxnews.com,foxnews.com,2026-09-22,https://www.foxnews.com/politics/trump-defends-us-interventions-abroad-ahead-big-decision-iran-settling-years-unfinished-business,en,2026-09-22,
"Dem reactions within moments of Austin ICE shooting spark viral outrage locally, online: 'Disqualifying'",Fox News,foxnews.com,foxnews.com,2026-09-22,https://www.foxnews.com/politics/dem-reactions-austin-ice-shooting-spark-viral-outrage-locally-online-disqualifying,en,2026-09-22,
"George W Bush raises money for Republicans, but not key Senate candidate",Fox News,foxnews.com,foxnews.com,2026-09-22,https://www.foxnews.com/politics/george-w-bush-raises-money-republicans-not-key-senate-candidate,en,2026-09-22,
Pentagon unveils battlefield test to ensure new generals are warfighters – not Washington bureaucrats,Fox News,foxnews.com,foxnews.com,2026-09-22,https://www.foxnews.com/politics/pentagon-unveils-battlefield-test-ensure-new-generals-warfighters-not-washington-bureaucrats,en,2026-09-22,
"UC San Francisco illegally favored Black and Latino medical school applicants, DOJ alleges",Los Angeles Times,latimes.com,latimes.com,2026-09-22,https://www.latimes.com/california/story/2026-09-22/doj-ucsf-medical-school-admissions-discrimination,en,2026-09-22,
"Trump administration tells Congress it will admit 17,500 South African refugees",Los Angeles Times,latimes.com,latimes.com,2026-09-22,https://www.latimes.com/world-nation/story/2026-09-22/trump-administration-tells-congress-it-will-admit-17-500-south-african-refugees,en,2026-09-22,
"Sons, mothers of people killed by ICE agents demand answers: ‘We still have so many questions’",Los Angeles Times,latimes.com,latimes.com,2026-09-22,https://www.latimes.com/politics/story/2026-09-22/sons-mothers-of-people-killed-by-ice-agents-demand-answers-we-still-have-so-many-questions,en,2026-09-22,
Republicans want to turn Mamdani into a boogeyman for the midterms. Trump just made that harder,Los Angeles Times,latimes.com,latimes.com,2026-09-22,https://www.latimes.com/world-nation/story/2026-09-22/republicans-want-to-turn-mamdani-into-boogeyman-for-midterms-trump-just-made-that-harder,en,2026-09-22,
"California deal on Paramount-Warner Bros. merger spurs frustration, questions about political pressure",Los Angeles Times,latimes.com,latimes.com,2026-09-22,https://www.latimes.com/politics/story/2026-09-22/california-deal-on-paramount-warner-bros-merger-spurs-frustration,en,2026-09-22,
Traffic sign on 405 hacked to display pro-Iran website,Los Angeles Times,latimes.com,latimes.com,2026-09-22,https://www.latimes.com/california/story/2026-09-22/traffic-sign-on-405-hacked-to-display-pro-iran-website,en,2026-09-22,
"Trump administration to remove 760,000 Affordable Care Act enrollees over fraud claims",Los Angeles Times,latimes.com,latimes.com,2026-09-22,https://www.latimes.com/world-nation/story/2026-09-22/trump-administration-to-remove-760-000-affordable-care-act-enrollees-over-fraud-claims,en,2026-09-22,
Alibaba de China presenta nuevo chip potente y ambiciosos planes de modelos de IA,Los Angeles Times,latimes.com,latimes.com,2026-09-22,https://www.latimes.com/espanol/eeuu/articulo/2026-09-22/alibaba-de-china-presenta-nuevo-chip-potente-y-ambiciosos-planes-de-modelos-de-ia,es,2026-09-22,
"Desordenado, conflictivo e impredecible: Diplomáticos describen un mundo convulso ante asamblea ONU",Los Angeles Times,latimes.com,latimes.com,2026-09-22,https://www.latimes.com/espanol/eeuu/articulo/2026-09-22/desordenado-conflictivo-e-impredecible-diplomaticos-describen-un-mundo-convulso-ante-asamblea-onu,es,2026-09-22,
Juez no bloqueará canje de tierras que otorga a SpaceX varias hectáreas de refugio de vida silvestre,Los Angeles Times,latimes.com,latimes.com,2026-09-22,https://www.latimes.com/espanol/eeuu/articulo/2026-09-22/juez-no-bloqueara-canje-de-tierras-que-otorga-spacex-varias-hectareas-de-refugio-de-vida-silvestre,es,2026-09-22,
México muestra apoyo a Cuba y festeja su día en la isla con concurso de mariachis,Los Angeles Times,latimes.com,latimes.com,2026-09-22,https://www.latimes.com/espanol/mexico/articulo/2026-09-22/mexico-muestra-apoyo-cuba-y-festeja-su-dia-en-la-isla-con-concurso-de-mariachis,es,2026-09-22,
California y Nueva York demandan a Trump por plan para frenar la generación de energía eólica,Los Angeles Times,latimes.com,latimes.com,2026-09-22,https://www.latimes.com/espanol/california/articulo/2026-09-22/california-y-nueva-york-demandan-trump-por-plan-para-frenar-la-generacion-de-energia-eolica,es,2026-09-22,
La guerra de Irán subió los precios; ahora la disputa EEUU-Canadá añade presión a pequeñas empresas,Los Angeles Times,latimes.com,latimes.com,2026-09-22,https://www.latimes.com/espanol/california/articulo/2026-09-22/la-guerra-de-iran-subio-los-precios-ahora-la-disputa-eeuu-canada-anade-presion-pequenas-empresas,es,2026-09-22,
An editorial board will oversee CNN and CBS News. What does that mean?,Los Angeles Times,latimes.com,latimes.com,2026-09-22,https://www.latimes.com/entertainment-arts/business/story/2026-09-22/editorial-board-will-oversee-cnn-cbs-news-what-does-that-mean,en,2026-09-22,
RFK Jr.-linked group offered access to U.S. officials for a fee,Los Angeles Times,latimes.com,latimes.com,2026-09-22,https://www.latimes.com/science/story/2026-09-22/rfk-jr-linked-group-offered-access-to-us-officials-for-fee,en,2026-09-22,
The AI deal only Trump and Xi Jinping could make,Los Angeles Times,latimes.com,latimes.com,2026-09-22,https://www.latimes.com/opinion/story/2026-09-22/ai-deal-trump-xi-jinping-state-visit,en,2026-09-22,
Abdul El-Sayed says Kamala Harris' visit for his Michigan U.S. Senate race is about Democratic unity,Los Angeles Times,latimes.com,latimes.com,2026-09-22,https://www.latimes.com/world-nation/story/2026-09-22/abdul-el-sayed-says-kamala-harris-visit-for-his-michigan-u-s-senate-race-is-about-democratic-unity,en,2026-09-22,
New York airport operations resume after disruptions across U.S. Northeast due to technical problems,Los Angeles Times,latimes.com,latimes.com,2026-09-22,https://www.latimes.com/world-nation/story/2026-09-22/new-york-airport-operations-resume-after-disruptions-across-u-s-northeast-due-to-technical-problems,en,2026-09-22,
Russia and Ukraine trade deadly strikes ahead of Zelensky's meeting with Trump,Los Angeles Times,latimes.com,latimes.com,2026-09-22,https://www.latimes.com/world-nation/story/2026-09-22/russia-ukraine-trade-deadly-strikes-ahead-of-zelenskys-meeting-with-trump,en,2026-09-22,
Republicans target Las Vegas congressional district with help from Trump's 'no tax on tips' policy,Los Angeles Times,latimes.com,latimes.com,2026-09-22,https://www.latimes.com/world-nation/story/2026-09-22/republicans-target-las-vegas-congressional-district-with-help-from-trumps-no-tax-on-tips-policy,en,2026-09-22,
Trump threatens to send Iran 'into hell' if war carries on,Los Angeles Times,latimes.com,latimes.com,2026-09-22,https://www.latimes.com/politics/story/2026-09-22/trump-threatens-to-send-iran-into-hell-if-war-carries-on,en,2026-09-22,
Letters to the Editor: The only way to slow AI is to stop building power plants and data centers,Los Angeles Times,latimes.com,latimes.com,2026-09-22,https://www.latimes.com/opinion/letters-to-the-editor/story/2026-09-22/ai-power-plants-data-centers,en,2026-09-22,
"Letters to the Editor: America’s free press hasn’t always been perfect, but it still needs to be protected",Los Angeles Times,latimes.com,latimes.com,2026-09-22,https://www.latimes.com/opinion/letters-to-the-editor/story/2026-09-22/white-house-press-bans,en,2026-09-22,
What the Paramount settlement means for Hollywood,Los Angeles Times,latimes.com,latimes.com,2026-09-22,https://www.latimes.com/entertainment-arts/business/newsletter/2026-09-22/wide-shot-paramount-settlement,en,2026-09-22,
China’s Alibaba races to close the AI gap with a powerful new chip,Los Angeles Times,latimes.com,latimes.com,2026-09-22,https://www.latimes.com/business/story/2026-09-22/chinas-alibaba-races-to-close-ai-gap-with-powerful-new-chip,en,2026-09-22,
GOP Sen. John Curtis calls for probe of Trump Jr. after wedding party bankrolled by Russian oligarch,Los Angeles Times,latimes.com,latimes.com,2026-09-22,https://www.latimes.com/world-nation/story/2026-09-22/gop-sen-john-curtis-calls-for-probe-of-trump-jr-after-wedding-party-bankrolled-by-russian-oligarch,en,2026-09-22,
Byron Donalds scrubs most Trump references from new campaign site for Florida governor’s race,NBC News,nbcnews.com,nbcnews.com,2026-09-22,https://www.nbcnews.com/politics/2026-election/byron-donalds-scrubs-trump-references-new-campaign-site-florida-govern-rcna599251,en,2026-09-22,
Russia and Ukraine trade deadly strikes as Zelenskyy prepares to meet with Trump,NBC News,nbcnews.com,nbcnews.com,2026-09-22,https://www.nbcnews.com/world/ukraine/russia-ukraine-deadly-strikes-zelenskyy-trump-meeting-un-new-york-rcna599157,en,2026-09-22,
Trump addresses U.N. General Assembly,NBC News,nbcnews.com,nbcnews.com,2026-09-22,https://www.nbcnews.com/politics/trump-administration/live-blog/trump-un-speech-iran-gaza-ukraine-congress-2026-election-live-updates-rcna599086,en,2026-09-22,
Poll: Voter priorities on immigration shift amid Trump crackdown,NBC News,nbcnews.com,nbcnews.com,2026-09-22,https://www.nbcnews.com/politics/2026-election/poll-voter-priorities-immigration-shift-trump-crackdown-rcna599036,en,2026-09-22,
Russia’s forced POW videos and Trump to address U.N. assembly: Morning Rundown,NBC News,nbcnews.com,nbcnews.com,2026-09-22,https://www.nbcnews.com/news/us-news/russias-forced-pow-videos-trump-un-assembly-morning-rundown-rcna599153,en,2026-09-22,
Democratic governors rush to rein in AI amid tech industry and voter concerns,NBC News,nbcnews.com,nbcnews.com,2026-09-22,https://www.nbcnews.com/politics/elections/democratic-governors-rush-rein-ai-tech-industry-voter-concerns-rcna599215,en,2026-09-22,
Trump’s pointed threat against Iran,NBC News,nbcnews.com,nbcnews.com,2026-09-22,https://www.nbcnews.com/world/iran/trumps-pointed-threat-iran-rcna599288,en,2026-09-22,
Federal agents mistakenly target U.S. citizen during operation outside Chicago,NBC News,nbcnews.com,nbcnews.com,2026-09-22,https://www.nbcnews.com/video/federal-agents-mistakenly-target-u-s-citizen-during-operation-outside-chicago-270305861852,en,2026-09-22,
Hayden Panettiere cause of death revealed,NBC News,nbcnews.com,nbcnews.com,2026-09-22,https://www.nbcnews.com/nightly-news/video/hayden-panettiere-cause-of-death-revealed-270331973901,en,2026-09-22,
Trump’s focus on the press distracts Republicans from pocketbook issues ahead of Election Day,NBC News,nbcnews.com,nbcnews.com,2026-09-22,https://www.nbcnews.com/politics/donald-trump/trump-press-distracts-republicans-pocketbook-issues-election-day-rcna598995,en,2026-09-22,
"Postal worker threw out 300 mail-in ballots out of self-described ‘laziness,’ DOJ says",NBC News,nbcnews.com,nbcnews.com,2026-09-22,https://www.nbcnews.com/politics/justice-department/postal-worker-tossed-300-mail-ballots-parking-lot-garbage-laziness-rcna599224,en,2026-09-22,
U.S. negotiators meet with Iranian officials at U.N.,NBC News,nbcnews.com,nbcnews.com,2026-09-22,https://www.nbcnews.com/nightly-news/video/u-s-negotiators-meet-with-iranian-officials-at-u-n-270330437734,en,2026-09-22,
"Trump administration cuts ACA coverage for 750,000 people it says were ‘fraudulently’ enrolled",NBC News,nbcnews.com,nbcnews.com,2026-09-22,https://www.nbcnews.com/health/health-news/trump-administration-cuts-aca-coverage-750000-people-says-fraudulently-rcna599258,en,2026-09-22,
GOP defections from Trump start to pile up: From the Politics Desk,NBC News,nbcnews.com,nbcnews.com,2026-09-22,https://www.nbcnews.com/politics/politics-news/gop-defections-trump-start-pile-politics-desk-rcna599316,en,2026-09-22,
"Trump bought and sold shares in Musk’s SpaceX in July, financial disclosure shows",NBC News,nbcnews.com,nbcnews.com,2026-09-22,https://www.nbcnews.com/business/markets/trump-july-stock-trades-financial-disclosure-rcna599301,en,2026-09-22,
Climate scientists fired by Trump step in to fill U.S. report gap,NBC News,nbcnews.com,nbcnews.com,2026-09-22,https://www.nbcnews.com/science/climate-change/climate-scientists-fired-trump-step-fill-us-report-gap-rcna598585,en,2026-09-22,
GOP senator calls for subpoenaing Donald Trump Jr. and Hunter Biden to question them on their business dealings,NBC News,nbcnews.com,nbcnews.com,2026-09-22,https://www.nbcnews.com/politics/congress/gop-senator-subpoena-donald-trump-jr-hunter-biden-kremlev-wedding-rcna599182,en,2026-09-22,
Trump touts peace settlements he has brokered in remarks to United Nations,NBC News,nbcnews.com,nbcnews.com,2026-09-22,https://www.nbcnews.com/now/video/trump-touts-peace-settlements-he-has-brokered-in-remarks-to-united-nations-270288965810,en,2026-09-22,
Trumps says the U.S. will 'only encourage superintelligence' in AI,NBC News,nbcnews.com,nbcnews.com,2026-09-22,https://www.nbcnews.com/now/video/trumps-says-the-u-s-will-only-encourage-superintelligence-in-ai-270293573917,en,2026-09-22,
"Rubio defends Trump’s banning media organizations, arguing there aren’t ‘soldiers kicking down the doors’ of the outlets",NBC News,nbcnews.com,nbcnews.com,2026-09-22,https://www.nbcnews.com/politics/trump-administration/rubio-defends-trump-white-house-ban-cnn-politico-ms-now-rcna599169,en,2026-09-22,
Explaining Trump TV — and how it could help or hurt President Trump,NPR,npr.org,npr.org,2026-09-22,https://www.npr.org/2026/09/22/nx-s1-5977750/explaining-trump-tv-and-how-it-could-help-or-hurt-president-trump,en,2026-09-22,
"Baltimore Orioles owner says if you want to be loved, don't buy a sports team",NPR,npr.org,npr.org,2026-09-22,https://www.npr.org/2026/09/22/nx-s1-5760932/baltimore-orioles-owner-says-if-you-want-to-be-loved-dont-buy-a-sports-team,en,2026-09-22,
"HHS cancels health insurance of 760,000 individuals enrolled in healthcare.gov plans",NPR,npr.org,npr.org,2026-09-22,https://www.npr.org/2026/09/22/nx-s1-5977991/hhs-cancels-health-insurance-of-760-000-individuals-enrolled-in-healthcare-gov-plans,en,2026-09-22,
The United Nations General Assembly is meeting. Is it accomplishing anything?,NPR,npr.org,npr.org,2026-09-22,https://www.npr.org/2026/09/22/nx-s1-5955445/the-united-nations-general-assembly-is-meeting-is-it-accomplishing-anything,en,2026-09-22,
The White House launched Trump TV. Will it change how the president communicates?,NPR,npr.org,npr.org,2026-09-22,https://www.npr.org/2026/09/22/nx-s1-5978011/the-white-house-launched-trump-tv-will-it-change-how-the-president-communicates,en,2026-09-22,
"News Outlets Protest Trump's Media Bans, Trump At UNGA, Paramount Merger Settlement",NPR,npr.org,npr.org,2026-09-22,https://www.npr.org/2026/09/22/nx-s1-5977558/news-outlets-protest-trumps-media-bans-trump-at-unga-paramount-merger-settlement,en,2026-09-22,
White House launches 'Trump TV' after ban on major news outlets,NPR,npr.org,npr.org,2026-09-22,https://www.npr.org/2026/09/22/nx-s1-5977768/trump-tv-media-ban-white-house,en,2026-09-22,
Marking the 100th birthday of jazz great John Coltrane,NPR,npr.org,npr.org,2026-09-22,https://www.npr.org/2026/09/22/nx-s1-5976887/marking-the-100th-birthday-of-jazz-great-john-coltrane,en,2026-09-22,
Trump's D.C. arch is now a military complex. Here's how that complicates things,NPR,npr.org,npr.org,2026-09-22,https://www.npr.org/2026/09/22/nx-s1-5977646/trump-dc-arch-military-complex-questions,en,2026-09-22,
Paramount settles lawsuit with 12 states over Warner Bros. Discovery merger,NPR,npr.org,npr.org,2026-09-22,https://www.npr.org/2026/09/22/nx-s1-5977050/paramount-settles-lawsuit-with-12-states-over-warner-bros-discovery-merger,en,2026-09-22,
Is President Trump the world's peacekeeper?,NPR,npr.org,npr.org,2026-09-22,https://www.npr.org/2026/09/22/nx-s1-5976857/is-president-trump-the-worlds-peacekeeper,en,2026-09-22,
"Missouri court rules in favor of Trump-backed map, but Supreme Court will weigh in",NPR,npr.org,npr.org,2026-09-22,https://www.npr.org/2026/09/22/nx-s1-5977084/missouri-court-rules-in-favor-of-trump-backed-map-but-supreme-court-will-weigh-in,en,2026-09-22,
A journalist once barred from the White House says this media ban is different,NPR,npr.org,npr.org,2026-09-22,https://www.npr.org/2026/09/22/nx-s1-5976755/jim-acosta-white-house-media-ban,en,2026-09-22,
Mr. Xi Goes To Washington,NPR,npr.org,npr.org,2026-09-22,https://www.npr.org/2026/09/22/nx-s1-5977963/mr-xi-goes-to-washington,en,2026-09-22,
"CNN, MS NOW and Politico sue Trump. And, Paramount settles in massive merger lawsuit",NPR,npr.org,npr.org,2026-09-22,https://www.npr.org/2026/09/22/g-s1-144512/up-first-newsletter-press-lawsuit-cnn-msnow-politico-unga-trump-speech-paramount-deal,en,2026-09-22,
News organizations barred from White House sue Trump as other outlets protests ban,NPR,npr.org,npr.org,2026-09-22,https://www.npr.org/2026/09/22/nx-s1-5976917/news-organizations-barred-from-white-house-sue-trump-as-other-outlets-protests-ban,en,2026-09-22,
Trump D . C . arch is now a military complex . Here how that complicates things,NPR,npr.org,npr.org,2026-09-22,https://knpr.org/npr/2026-09-22/trumps-d-c-arch-is-now-a-military-complex-heres-how-that-complicates-things,en,2026-09-22,
Ethiopian Rebel Groups Join Forces Against the Government,New York Times,nytimes.com,nytimes.com,2026-09-22,https://www.nytimes.com/2026/09/22/world/africa/ethiopia-rebel-alliance.html,en,2026-09-22,
Latin American Allies of Trump Plan to Label Cartels as ‘Terrorist’,New York Times,nytimes.com,nytimes.com,2026-09-22,https://www.nytimes.com/2026/09/22/world/americas/unga-trump-allies-latin-america-cartels-terrorist-label.html,en,2026-09-22,
Cuban officials walk out after Trump calls the nation a ‘failed state’ in his speech.,New York Times,nytimes.com,nytimes.com,2026-09-22,https://www.nytimes.com/live/2026/09/22/world/un-general-assembly-trump-speech-news/cuban-officials-walk-out-after-trump-calls-the-nation-a-failed-state-in-his-speech,en,2026-09-22,
An A.I. Image of Trump Kissing a Woman Was Fake. It Spread Anyway.,New York Times,nytimes.com,nytimes.com,2026-09-22,https://www.nytimes.com/2026/09/22/business/trump-natalie-harp-photo-ai.html,en,2026-09-22,
"Trump Is Back on TV, Briefly, as Many Networks Carry His U.N. Speech Live",New York Times,nytimes.com,nytimes.com,2026-09-22,https://www.nytimes.com/2026/09/22/business/media/trump-tv-un-speech.html,en,2026-09-22,
"Trump Officials Eject 750,000 From Obamacare Markets, Claiming Fraud",New York Times,nytimes.com,nytimes.com,2026-09-22,https://www.nytimes.com/2026/09/22/us/politics/aca-obamacare-vance-fraud.html,en,2026-09-22,
Fact-Checking Trump’s Speech at the United Nations,New York Times,nytimes.com,nytimes.com,2026-09-22,https://www.nytimes.com/2026/09/22/us/politics/fact-check-trump-united-nations.html,en,2026-09-22,
"Hispanic Voters, Abandoning Trump, Are Transforming the Midterm Map",New York Times,nytimes.com,nytimes.com,2026-09-22,https://www.nytimes.com/2026/09/22/upshot/hispanic-voters-midterm-elections.html,en,2026-09-22,
Rosie O’Donnell Says ABC Delayed a Skit as It Readied Trump Suit,New York Times,nytimes.com,nytimes.com,2026-09-22,https://www.nytimes.com/2026/09/22/business/rosie-odonnell-abc-trump-skit.html,en,2026-09-22,
"At U.N., Trump Says He Will Strike a Deal With Iran or ‘Annihilate’ It",New York Times,nytimes.com,nytimes.com,2026-09-22,https://www.nytimes.com/2026/09/22/world/americas/trump-annihilate-iran-unga.html,en,2026-09-22,
Zelensky Says He Hopes Trump Helps Him to End the War ‘Before Winter’,New York Times,nytimes.com,nytimes.com,2026-09-22,https://www.nytimes.com/2026/09/22/world/europe/zelensky-trump-war-russia.html,en,2026-09-22,
Trump Says He Supports Banning Diesel Exports to Bring Down Prices,New York Times,nytimes.com,nytimes.com,2026-09-22,https://www.nytimes.com/2026/09/22/business/energy-environment/trump-diesel-exports-iran-war.html,en,2026-09-22,
Trump Uses U.N. Address to Threaten Annihilation of Iran,New York Times,nytimes.com,nytimes.com,2026-09-22,https://www.nytimes.com/2026/09/22/briefing/trump-un-speech-iran-unions-ai-threats.html,en,2026-09-22,
Republican Senator Urges Congress to Investigate Donald Trump Jr.,New York Times,nytimes.com,nytimes.com,2026-09-22,https://www.nytimes.com/2026/09/22/us/politics/curtis-urges-investigation-donald-trump-jr.html,en,2026-09-22,
"At the U.N., Trump Lays Out a Winner-Takes-All Vision of U.S. Power",New York Times,nytimes.com,nytimes.com,2026-09-22,https://www.nytimes.com/2026/09/22/us/politics/un-trump-speech-iran-venezuela-greenland.html,en,2026-09-22,
Hospitals Shutter Youth Gender Clinics in Deal With Trump Administration,New York Times,nytimes.com,nytimes.com,2026-09-22,https://www.nytimes.com/2026/09/22/us/trangender-youths-hospital-settlements.html,en,2026-09-22,
"As Trump Lobs Threats, Other World Leaders Mostly Avoid Talk of Iran",New York Times,nytimes.com,nytimes.com,2026-09-22,https://www.nytimes.com/2026/09/22/world/trump-threats-world-leaders-iran-war.html,en,2026-09-22,
Mamdani and Trump face frosty reception in Queens over Sunnyside Yard plan,Politico,politico.com,politico.com,2026-09-22,https://www.politico.com/newsletters/new-york-playbook-pm/2026/09/22/mamdani-and-trump-face-frosty-reception-in-queens-over-sunnyside-yard-plan-01088341,en,2026-09-22,
Appeals court’s Capitol steps ruling may signal trouble for Trump on media ban,Politico,politico.com,politico.com,2026-09-22,https://www.politico.com/news/2026/09/22/dc-circuit-ruling-capitol-steps-01087843,en,2026-09-22,
Trump’s man DOGE-ing the UN,Politico,politico.com,politico.com,2026-09-22,https://news.google.com/rss/articles/CBMihwFBVV95cUxNdmh2WU9VQy05MGtjU0Z2OUlnYUtmSFdLM3pVWktJbDVoNk5vbm1IS2dTUkFIN09oRlgwTG1rX1RCTGZDN29xdVgwYmkzUklkaHl2Wjl1MU56Nk82Y2ZLbkFieHRNU3hiQTVXV2RmWHRYWlB2Q3pSdDBQd1ZPNnlWVXc5VjN4ems?oc=5,en,2026-09-22,
Trump says decision on possible diesel export ban to come ‘fast’,Politico,politico.com,politico.com,2026-09-22,https://news.google.com/rss/articles/CBMikAFBVV95cUxOWGlYY21oS3dmV1A2OFdNR2l6bVRtNDBLdmQwNF94eHRiUlhENlBsVTN4VjRIRDFDZ2F1RmFWNnhkNzVZSU9LOE9JaDhiWGhxZ0luMlRxOXZEQVpsN3N3QTRGenNVYXJISVplRWxqX1NsMTlJWHVZWWdfYmRpUGZfdnlsMTM0OUtHY0VMeHIwNmY?oc=5,en,2026-09-22,
British PM asks Trump to bring up Jimmy Lai with Xi,Politico,politico.com,politico.com,2026-09-22,https://news.google.com/rss/articles/CBMiekFVX3lxTFB0c2JNb0ZHT1pZa3d2ZVVBM3RranRITjZma1J0NXVpQjhoYVdqTXNMbS1ycmhETmRzc2xJTTZESFBLREpoaEMxMm1uSTVtdnNvdHJRY1o0cjNGYlRQZ0MzT2o5WERWWS1XZTg5bndHdU5KQmU4RmF0YVJR?oc=5,en,2026-09-22,
"Trump talks peace, threatens annihilation of Iran in UNGA speech",Politico,politico.com,politico.com,2026-09-22,https://news.google.com/rss/articles/CBMijgFBVV95cUxQanBYUW5GMEhURmVGN2Q0a2I5bHJteEx6WDY1cV9mSEMzMXlaX1hid2h4bXlsOWJwTGl2N1FaeXpFdmk2NUtrMVdYY1NvWC1oWDdIOWd6amxxOFhadjA2M0lYX1h1THNDTmRKSXFSdDI4djNGbTk3aXJrekp6dS1TVzBHZGFDREhyZ19udmFn?oc=5,en,2026-09-22,
Trump rejects global entity for AI oversight,Politico,politico.com,politico.com,2026-09-22,https://news.google.com/rss/articles/CBMilAFBVV95cUxNWjFSMGM0WDEzdFVqc3RrczI5d0JkSTlzX0pUTVFpa1V6bGh1UUZxeHNsTDNmRkJOQ2tGUWh3NnJ1MzZBclF1QnpCeHg1ZjR6cVZ3cU9jbUp6SzVWMFY4WFZZUmVQOE1mczBPdGR1TTk5VVNMTFlWc2Y3cjBGWkJSVElfZXMtbTRaWExTTnZCY0tJQ01i?oc=5,en,2026-09-22,
"Trump, dragged down by Iran war, hits lowest approval ever on foreign affairs in new poll",Politico,politico.com,politico.com,2026-09-22,https://news.google.com/rss/articles/CBMilgFBVV95cUxOTW52enhYRWRmYlZYQmxiTWR6Yi10dy10eHhRMno2QnN1eHFtN1cyblBGS1ktcUVNT0FDR1RzU1J4aGE4dXFnaXJHSld5R3JoVGUzR3otM1FFdWJiMTBfb3JkeVNRRG4wbmxJVHhfZHdJdVNQbWFISmdWdTRYNWFaeDl1TlQtb0ZiU2FsdWd5Z1lnMHBDOFE?oc=5,en,2026-09-22,
Firm behind Trump social accounts sues ex-partner alleging he embezzled millions,Politico,politico.com,politico.com,2026-09-22,https://news.google.com/rss/articles/CBMikAFBVV95cUxOeXFpMU5UejFFakcyOFVTODdtZHE0VVBkSjlHc2phS1lXTDFSZzh5SWliaHFCVG5OdGNMbzVkNGNEbGlKMF8yaV9BN1BCWlNjdXJuM0RIbkROY2pyUkZoam9yOUw2aXQwbWRTRU4yN19OcGpTaE95TGUwM0ZNZHNvbzFEQTJ5MEV1dy1kZ044NXE?oc=5,en,2026-09-22,
Trump threatens Iran in UNGA speech,Politico,politico.com,politico.com,2026-09-22,https://news.google.com/rss/articles/CBMipwFBVV95cUxQeFMza09lZjMtUFVqU0pBUmpKVmJGbE5FLWFfXzgyOXBsd1RVWnMzVjRCNy1QUWR6M2VRdzdtM3BqbWM2dE9pWGs0Y3hsSlZxWFNkZVV6Ul9RVzI3dTA1XzEwVS05UWhiRmU2Y3c5QTYtVWVMandWRkgzcUMzQ1lxV2hzY0M4T0U0RkVmUFJhendwTE96eVZuRnBwRnRSU3F6WUkxRG42SQ?oc=5,en,2026-09-22,
Trump pitches peace — and war — at UN,Politico,politico.com,politico.com,2026-09-22,https://news.google.com/rss/articles/CBMitAFBVV95cUxObzRYNkpjRm5EVTh1Y2hGY3RweGpxMnNvdTQ1RF9vdWFCdnQ3eVp4VlhleWp3VUw3SzRVX2N5NW96YXNtNVFzT0IyWGFWR3NhbUV2dmE2Q0lqaFprTDVpZnVHa3MweTJkeUlVUkY0STk2dzBxV1BWMGV0UUEzRnE1UUNXOXdzY1FLSjQ0NnJQUkttaFlKR2xQdk5ZajNTQmVjVHl5SVljSGh3T2xOTk5DVXN3SHI?oc=5,en,2026-09-22,
A Republican targets Trump family’s Russia ties,Politico,politico.com,politico.com,2026-09-22,https://news.google.com/rss/articles/CBMivwFBVV95cUxQRkdyN3RqMzZGM2N3akpEUEJrLS1JVE1PNHNXN1ZjcDZ3djMxRktvVUo1ZFdGZG5vUmJCWldaNkY1OURxV1VDZUJjT2h6UENtUFg3eWZ3NGE3R3V0elFhVEt3UjJELW1ydlZOUFY0SlItemxwVUFMbUpVT2dJZFk2QUlla2ZzS2Y1UHhIcjRXM3dQM1BFTWc2YWFWcGxwTlRyNG11NmZqSUs3d09vUWxaeWtSWXdGaFFubkpyNDdHZw?oc=5,en,2026-09-22,
Donald Trump,Politico,politico.com,politico.com,2026-09-22,https://news.google.com/rss/articles/CBMiWkFVX3lxTE4xNThvZEZ3cUJaczh0dlVCSGh1MkhrQmIxZV8zRm9IS1ZLVjhRVWRoX0I3bDMwQkdJZzdlaFpvN0V0ZThIN1M3SW95R2FjZ0hVUHV2U2Q5WVczZw?oc=5,en,2026-09-22,
Trump meets Venezuela's Rodriguez for first time since Maduro's capture,Reuters,reuters.com,reuters.com,2026-09-22,https://news.google.com/rss/articles/CBMitgFBVV95cUxNNC16N2FEN1QtSGNHWGFtbDRiVGx6Ymp4RWtNSG05bG9relBsN0dXV0V1czZ6UzM4cXNVVVVNZWh4b1lqQkN0ZnEyVk15dVloMl9WaDVPRkJRTnBudHprOUJ3Yk10azlJcHlremJFLWxTOXp4ZjlfaUtrU0xNamVZZlozQ3M1dDJGZGE0QUxxSW5Pd3VjUXRJWGs0cEI1aF9YQmhNZzQ2V1RlWldGSDNkRVN5azlzQQ?oc=5,en,2026-09-22,
"In UN farewell, Macron denounces Trump's Gaza diplomacy as spectacle of shame",Reuters,reuters.com,reuters.com,2026-09-22,https://news.google.com/rss/articles/CBMitgFBVV95cUxPa2JxU1lEYzdqQzRSTmRPbUJMSWd2WTJqSWlReHpJb1A0bXJLcThQV0JGR2xIOHZsVHVucmRvSGhiOHIwMFpPWWtRVUdiWlc2OWNPNWZFOGluUkpqdlFTRS12ZDZ6Mi1mdWNIMWFxcDNZU01CaVBJalhEeHJhV1liTXFsWm1ER0hZOGFaSjdCOGpUYW13alFZakxJSTVfak53UWlwbVp1RGNHekxfYThBYkVrYXo1UQ?oc=5,en,2026-09-22,
"Trump bought and sold shares in Musk's SpaceX in July, financial disclosure shows",Reuters,reuters.com,reuters.com,2026-09-22,https://news.google.com/rss/articles/CBMivwFBVV95cUxPdzhnVngxUmJueEVxdFFBX3JwR3RsNFpkZjE3UmdpX1ljWlJMc1ZHUFpuZnppMnJZRE9VR1pMSUJQNzFuaDVIMTFsZGlycDdjaUNqVjJ0NVBYdUVYcUlYNTZVWkNlYjBPdm9QY3VlNXBvNEhhaVBxVWZFaTRzS3JJb0Zqb2hkdkVaSjVCVUdYV3pYTlBDeHNSSWVyQmRKQWRaWVF0VE9uSUFZaWVFU0NjYk04UzZxdUM5M2lLMkFycw?oc=5,en,2026-09-22,
Trump supports diesel export ban as fuel prices hit records,Reuters,reuters.com,reuters.com,2026-09-22,https://news.google.com/rss/articles/CBMikgFBVV95cUxPRVVYazU2NVBYOUFueHpwS0lxNDJzbFgzYVhRZ1ZjcjRyTGdESUlaT0UzQ0MtbDcyYklsVkk0TVRseTZHUjI0dlU4UmhfVmhQNzEwVVAwY1FTMVFaSHByTDNXd19NUHc5bXRuMWYyaGhmbXBsRUo0TkQ5LVRBQm5ZbndBSEc1amtZR3BrN21XWkFsZw?oc=5,en,2026-09-22,
"Trump says US will keep buying Canadian potash, Belarus would sell at lower price",Reuters,reuters.com,reuters.com,2026-09-22,https://news.google.com/rss/articles/CBMixwFBVV95cUxPc2lRM2RhSTdiZUFFVXExVkx0WWVFOUlBY0pDOHRkS0tvU3FtQ2FteGwteGNfQjd6YmxIMFdkNU9jUWQzVzhveHd0bmtiMEk2M1VvOWhPVVJGZUFpSkptRDh3XzBzRVI2UW95UXd1YTV6d0hXd1RvR3ByZnNaLXhCbHVHSUNfRDN2dEVCbEViakdxdmRUSDQ2cEZ1RlhibDNzbUxTTlR5YVpDclItLUw3Rk54ZFJMdmFNeE0tU1pJNDRoeGJMaXdV?oc=5,en,2026-09-22,
Trump says talks with Iran continue and he thinks settlement will be reached,Reuters,reuters.com,reuters.com,2026-09-22,https://news.google.com/rss/articles/CBMixAFBVV95cUxPN3J1Q19pcFNqX1dZdk1GNllCTzNBWWlmWHB3bF9nMGNrcEdvUjc2anM1bndiLWFOYlVjRl9qeTBKby1qaW1zaWY1ZEU1ZEFnM3RTWXB5WUFwNTczcjlOT2ZXc3pfdW1nNFJzY185Wkkxc0UzcEstaHhxNVhHMk0zbERBc2lQTGtKY0dyaGhTWHg5LW5TZUZITXFwTklFcmZadVh4eks3Q1VZeGFGUm1QTW5yV3MzOVZBeFp6SGp1U09NNThl?oc=5,en,2026-09-22,
"Trump at UN: Threats, diplomacy and 'super intelligence'",Reuters,reuters.com,reuters.com,2026-09-22,https://news.google.com/rss/articles/CBMilAFBVV95cUxPb05jNXUydzFHZ2tRUzBGUndIZFAxTW1jYUtVU3U5NzI1ZjRsckp2YXJuOG9KRE9hOTg1Q3B3b3U1ZC1jWmN1d2J0VU1OMkVfbElFRGhONElJd3I4UklnbVZHTExmT1g2dHFESmJhQWplNWlYUzZsU1ctMW9HRVBXVDJGazNhd1JDbWltQ0hEYmttU2hh?oc=5,en,2026-09-22,
Trump calls on all ICC members to resign immediately,Reuters,reuters.com,reuters.com,2026-09-22,https://news.google.com/rss/articles/CBMimgFBVV95cUxNNXRNVVJaZXRXRER3cjgyUlU1UkxJeXNCU25Zb2pZdHE1OFFTMjI0RFpveWxqS2ZiWWxpTnRMQUJQWEg3emNLTnEwRVl6VHN5SnRVZS04NVZ0dnRZTWRCWFpwa1ZBbmZIZWxzUWFRbjFaNml5bElqZEFab3M0YS1UTDhCOTNXdXcyNTJ5T2R5Q2l0Nl9vNUpka2pB?oc=5,en,2026-09-22,
Banned White House outlets cover Trump at UN as court hearing looms,Reuters,reuters.com,reuters.com,2026-09-22,https://news.google.com/rss/articles/CBMitAFBVV95cUxOUkpHTVpnWHI5c0RnRGgwalRFMGxSRUZRUTFIYnlXTXhnT29NQ0N2QVlxTXFVZzRRbzhUaHo5MmR3RzZBSmRzQ0h0TWN0R2JPRWhPRm1JQzdpSUpyUmhqa1VWRkNXeWVLZXp2VFhFZUNnWDVxcERYVE9aOG56ZG5QdHVSMEpOd01zMDBfNkJhcmdtc1RVbW52bHItbWxHQ05zQk1jS19hWVg1LWVVZjhyeFZLaEk?oc=5,en,2026-09-22,
Trump says freedom will come to Cuba in UN speech,Reuters,reuters.com,reuters.com,2026-09-22,https://news.google.com/rss/articles/CBMioAFBVV95cUxOT1ZfWXo2Vjc4Z1k3WHVVMTd3NTJ5eWpoOERzajNfd3paVmI0WnRseGxWamFiSzZ4czY1YmJDLUF5eFJxSFp2anJBT2Y0OHVfSXpDZ2xZOUpkVjE2UlVfMUxSUW1PdEttczRZRzlTWnhTbE9MVm8tX0ktc0o5ekNRQTNRUUJOWUlhRVYzSFZKc1lsNmJ0S0RLQkE1WHQ1Y0dC?oc=5,en,2026-09-22,
Trump pledges 'unmatched military might' against drug cartels,Reuters,reuters.com,reuters.com,2026-09-22,https://news.google.com/rss/articles/CBMiwwFBVV95cUxPN3ZiLV9yeVlIX0gzQ2dPLUp0QVVZMVFhcVJ4Uy16TktGdjBXdDkzQ2RkVDRIVXUwVHE5TE5mTzY0Y3RQU1ZIcEkxSGVjekN3M1RGc1FLRzgyOHRYWW43bVpsX0FzM3gzbDdBREhBQXRSOHdjSnpsd3E1MFItY3JhcTRlRUJaR09ORWZhQ3NnandqNDNSV1hpRFJvbDZuak9vc216VzM3aVJnc2JSUmJhX3l0VjdRZ0FqTERxQlEtVVNySUE?oc=5,en,2026-09-22,
Trump says US Justice Department could rein in AI companies if needed,Reuters,reuters.com,reuters.com,2026-09-22,https://news.google.com/rss/articles/CBMirgFBVV95cUxOYkFwcnFpOFFycEx0SEwwNUxZazVuTTh6aUNKZ0pUUHlPU2toMkk2WXAyc3RkYTdKWlVsTEVoTmR5VGJaZlhaU21OdHp2aXRWZ0VGNGtJdERKVGUtWXBiMWdKRm9JY04zTnZ3YXp5akdBU2RsS0tHZG9ESTVmR0hOWUYyaWpjYVNCcFF3c3RBVk53NC1SanNTaXpxOHdMei1SNUJPWnhLLTkzU2VOaUE?oc=5,en,2026-09-22,
Republican senator calls for probe of Trump family business dealings,Reuters,reuters.com,reuters.com,2026-09-22,https://news.google.com/rss/articles/CBMivAFBVV95cUxNQ1VINWFaTnNHOU1IY3ZueVY0UjMwWXFVTmx1bnA3RjlxT0t4Q0tUcEtpVFRqWVZpUF9JZk1kWkNPNmk0TV9UVVlfMW1sMnBHVzFLRGhpOXBlMU1EYzBrbE1jZzB4dzgtNDFUemg3ZnVpT1B1a1VJWXkwZ0tGMmtCRk80cWFoRVJVdUxPc190dGFkUzk3aUtNT1U5U2lpOW9rVXloYlA5WUhMQWd6OG9tVXhvUXM3VjZSZ0lkRA?oc=5,en,2026-09-22,
"EXCLUSIVE: Standoff with Trump administration sidelines UN refugee agency deputy, sources say",Reuters,reuters.com,reuters.com,2026-09-22,https://news.google.com/rss/articles/CBMiuwFBVV95cUxOM2FPQlZGM2E2UksyUktZUUJFclFmWFBRdE9lMnhxZ041WUNUcDhSRXp0bXo4OEhVYjloY3lOdWFURVoza3RwUnNGOUo1dlBPVjhEQVZ4dzc2dFJfUV9CeWx3SkU2ZWY5MUJBc29xVXdOaFZOMWhMNXJJMlFRSV90MUxEUlF5ZjV1dnJ0YTZMS2wzTW14N0Y4enVKNC1hNVNKcEw5Y2lCcDFhTTZrbl9hYVhfbUVEMTZxRldR?oc=5,en,2026-09-22,
Lithuania says Trump deploys fresh US troops to the country,Reuters,reuters.com,reuters.com,2026-09-22,https://news.google.com/rss/articles/CBMitgFBVV95cUxNa2hkNDhERVk5MC02LW84MnA5QllIYWNuRzc3TjhYTEMwSHFlaHd5R3UxNzhpOVRxRTV3dTdCQnRyT1JwYzliMmxXVG5LUXFRd2F3TjI1SFQ3X0VPVk5WM0NiZTE1SzdaeG9DZDh1ZUZVQUFwVklkejgxR3ltY0FPOUd1M1lpZG5NMjVZQ3lvbENQVmFNbUIzbnJtOTF2cVNsWHFPRmh0X1k0LVc5SzMzNU9VdS11UQ?oc=5,en,2026-09-22,
Trump hails Burnham as 'natural business person' after first meeting,Reuters,reuters.com,reuters.com,2026-09-22,https://news.google.com/rss/articles/CBMivwFBVV95cUxQakxzMjBKTVRJSzN2ZXZOQU9ralRZd2lVb2RwLUdjZnBsaC1IWFQtUEt2R1p4cmxIQ1hwbmxscThkUExXdHdUSUo1NmpXWEFSTV9EUGl2VmZTR0RJcmpaZ3dRZktYanlKblNmLUlTaUc5Y08tX0VqaVIweTJsQ25hRUZ3YmZic0hFVGpXX2RqcGV4ZE92TFUxd09RRlc1VFh0bU81QTRRTmhEeHR1OWFqRE5paGpSOEFsUVFZUG5UZw?oc=5,en,2026-09-22,
Trump says he thinks US will make deal with Iran after election,Reuters,reuters.com,reuters.com,2026-09-22,https://news.google.com/rss/articles/CBMisAFBVV95cUxPYkw1RzVpeWp6Q0lENW1HSzFGSUJoNEx5VmJZdWlpa2otcmNiY3RUeXlJc0FJMnNCc3Zsa2c0dUkxN3c3cGhiemFFd2xEWjZMUWtVQ1VvdG9sNmYtZF9XV1NoMjZFNEMzUTZJaVJkWlBlQ1VPRTA0WjB5QVNNUHlKZEw4SW1pNmI5TmM3RktzX1Zvbmp6cWQ1WXVWNUVab2NidTR5d2g3YmR3UWZuYVJUcQ?oc=5,en,2026-09-22,
Trump administration to admit primarily Afrikaners under new refugee proposal,Reuters,reuters.com,reuters.com,2026-09-22,https://news.google.com/rss/articles/CBMixgFBVV95cUxOTDE0Wll0QWxsaTIzUzdtOEhTYm1Yd0NwNk1FWUc3RlBySnlSUldMSGlUNXJ2cVhMWERuREtkd1hVbHJjODNhQ3FGbTJ1N0liT3BMcnAwMFUwRm9qRXhKRzZSN3JhU3hNYUk5RHZyVWtfNHljLXNoZjZ5MnhlekJEVXJHaTlIZjN4UjJjem1meDMxbHNIY09KanBlT2Q5STB4NDdCNFZzbi1OVHpKYV8wYlZLbzFsU094SkNldW9aQWVGeXJIdWc?oc=5,en,2026-09-22,
"Ukraine's Zelenskiy says he discussed peace efforts, energy ceasefire with Trump",Reuters,reuters.com,reuters.com,2026-09-22,https://news.google.com/rss/articles/CBMivAFBVV95cUxNNGNQbEljTmJnVWQ3dTBhelB0LWpGc1k1aWJnNjh0MTdBOGhUNDlkdnVUMWNEOE0zSHV0RE51SWFCY2FMbkJZY2hweWp3cWhJM2F2YXV3dy1Md2o0aFU4Y1I2Mk9EeGxwRjVReUp1dDJfZGVNU0stSlZPS3ZaeFZqSm0tMEU0N3FHTmNqekVoOHI0cWxRR2lGWGROdFl1cEo1YS0yTWdjZXZTeVRwZ2JBa3NFNzMzQXNsWm5qZQ?oc=5,en,2026-09-22,
"Meta CEO Mark Zuckerberg to join tech leaders at Trump-Xi dinner, Bloomberg News reports",Reuters,reuters.com,reuters.com,2026-09-22,https://news.google.com/rss/articles/CBMivgFBVV95cUxNYkIxSExzOHdadlVOdG11bVdhcjI3YURzek5oSE1nUWU0V25NVWdHN21QM0czR0lfWnAtdUtSZUgxeVM0cFh6R0pDTmhHb19ZbUVfNzk0Z0x5Z1cyVDJvMHotOHdfZENkc2VUM0MzLXVYU1ZVaEx0VkllS1BwOWNuNkNRQ1F6OHh2WGVlNjd6UEM1d3p2anV0VHB4TFBRQ3ZpZVM1bndnV19sZTUwNllhaFFsSHlWYWV3cVRQbUx3?oc=5,en,2026-09-22,
Trump says he will probably let banned media back to White House if court decides,Reuters,reuters.com,reuters.com,2026-09-22,https://news.google.com/rss/articles/CBMi0wFBVV95cUxOTE5NRzM2dW05NWptOGFpNlhTcGFjcVg4TWxsQ3AyQ19panVudGRKeVhUazVTRl85NU9yTmtwYmlUMXZBcVBfVWpWZDNsdXlRc3FRWFQ3T2cyTTRzVFIxMGlqMUI5YTVNQnNma01Pb3pXcDFyVWFoa0ZGRnlhN0xwSURtU180dmpZTmczTEl6eHBhTkRkWlotYnFlNk1fcUNuOG81WDhjbGgyemszVnV3NXdMOFZJUjBIU1o3cFlUcl9hNm02M0ZrVkZPbm5WcGhQM0RF?oc=5,en,2026-09-22,
"Zuckerberg, Bourla among CEOs to attend Trump's state dinner for Xi, sources say",Reuters,reuters.com,reuters.com,2026-09-22,https://news.google.com/rss/articles/CBMiwwFBVV95cUxOUExUMW95bUIybHVmcXdJMExkWHI5SkZ0YWRnZWNxYjBTbkpldldScEZRUnl2UGF0eHBDekRHXzY2TzJya1duamJVUVFzSEV6ZWZKQVBRNlV0amZ3ZER2akxJd0hZcGhkejhiUlJPbFdZa1h5TjZQaS12N0tOUjlhZE12aEdndDF5bUx4QmM5V2FHN09vd1VXc1RwS2dPb2o3TWx6TThlajZnRVhZcng1bXJ5ZmVUc3c5WnBoTDFydy1rbFE?oc=5,en,2026-09-22,
Trump administration asks US Supreme Court to allow detention of pro-Palestinian scholar,Reuters,reuters.com,reuters.com,2026-09-22,https://news.google.com/rss/articles/CBMixgFBVV95cUxQV25sTnNMLXVjNjRZMEVyamxreFd0b0E1ZURlR1UzOVJyNnREQXRCWkstc0QwZGczdGdnQU1oVklRMzVLNGNHeFN3VU92MWlVVHotM0RaeEU4V1pqaU1scm1KeVBJamFpMEJKaDBzbkFVMDY3cGlvX3ZqVEE4T25zNHY5c3RrRGVVZTFVU3pidW9NNUN0N0pRQnYxdEQtSzljVDByLWRMUkFZY0lDTTY2TnhNZTRDZ25tNEJmNUdELVF2UzdYM0E?oc=5,en,2026-09-22,
"Britain will stand firm over Falklands, UK PM Burnham tells Trump",Reuters,reuters.com,reuters.com,2026-09-22,https://news.google.com/rss/articles/CBMirgFBVV95cUxONElycFpNUlNJVTJ4SE9PYk5kZ3BOV0FaWWJJMmFWUHNubW5UYkhoNGtPR0dBYkVhai1abjVhWm5GUnRTZGlPX3kwSE52NlBneTlnYzc2bk56WXBDOVFHY3Rpd2ZidXVHM1JtdXVpdF9BbVUta2JXLURfOS04MkU3Z0RBaE9raTVvRmVIVHlZVEZjUTFEMGhjSVB1WWxlcGoydEFFY2FxMm1ndGRiV0E?oc=5,en,2026-09-22,
"PODCAST: Trump's UN speech, ICC sanctions and Turkey's LGBTQ+ crackdown (Updated)",Reuters,reuters.com,reuters.com,2026-09-22,https://news.google.com/rss/articles/CBMinwFBVV95cUxNSUdQTWg2T1FqNWc5SHhjOFdROWIyQjBQUkViWUpjYjhvWFM4V1V2LWJDQzZuRnVmYkVGdDVhUVBkUGYxdWV5bDNSTUNKZThUdjRHZ2VsbDFVeHNzcDdmVjdPRC14cnMzT2xVOEFnMUw4ai00VmRWZHFUWlZvd29oR0gwWWdNcEJwdi1OcGFHVWNNdHRCNmFvdzA5SjhEdFk?oc=5,en,2026-09-22,
Trump says he supports a ban on US diesel exports to ease prices,USA Today,usatoday.com,usatoday.com,2026-09-22,https://www.usatoday.com/story/news/politics/2026/09/22/trump-diesel-ban-gas-prices-republicans-midterms-iran-war/91891840007/,en,2026-09-22,
Ski resorts join fight over daylight saving time,USA Today,usatoday.com,usatoday.com,2026-09-22,https://www.usatoday.com/story/news/nation/2026/09/22/why-ski-resorts-oppose-permanent-daylight-saving-time/91885991007/,en,2026-09-22,
Jimmy Kimmel details Matthew McConaughey Emmys bathroom encounter,USA Today,usatoday.com,usatoday.com,2026-09-22,https://www.usatoday.com/story/entertainment/tv-streaming/2026/09/22/jimmy-kimmel-matthew-mcconaughney-bathroom-emmys/91889368007/,en,2026-09-22,
"AI to be referred to as 'superintelligence,' Trump says",USA Today,usatoday.com,usatoday.com,2026-09-22,https://www.usatoday.com/story/tech/2026/09/22/ai-superintelligence-whats-the-difference/91889315007/,en,2026-09-22,
"Putin is using Trump to stall for time in Ukraine, Estonia FM says",USA Today,usatoday.com,usatoday.com,2026-09-22,https://www.usatoday.com/story/news/world/2026/09/22/trump-putin-ukraine-war-estonia-margus-tsahkna/91888307007/,en,2026-09-22,
"Trump tells CNN's Kaitlan Collins, 'you should not be here' at U.N.",USA Today,usatoday.com,usatoday.com,2026-09-22,https://www.usatoday.com/story/news/politics/2026/09/22/trump-cnn-msnow-politico-credential-fight/91890774007/,en,2026-09-22,
Billy Bush joins Fox News. Here's his new role,USA Today,usatoday.com,usatoday.com,2026-09-22,https://www.usatoday.com/story/entertainment/celebrities/2026/09/22/billy-bush-returns-tv-new-fox-news-contributor-role/91888157007/,en,2026-09-22,
Trump makes Marco Rubio his full-time national security adviser,USA Today,usatoday.com,usatoday.com,2026-09-22,https://www.usatoday.com/story/news/politics/2026/09/22/marco-rubio-national-security-adviser-trump/91891708007/,en,2026-09-22,
Melania Trump's initiative secures tech partnerships to benefit children,USA Today,usatoday.com,usatoday.com,2026-09-22,https://www.usatoday.com/story/news/politics/2026/09/22/melania-trump-initiative-secures-tech-partnerships/91889196007/,en,2026-09-22,
Trump approval drops 5 points in new poll,USA Today,usatoday.com,usatoday.com,2026-09-22,https://www.usatoday.com/story/news/politics/2026/09/22/trump-approval-rating-poll-drop-democrats-lead/91889305007/,en,2026-09-22,
Republican demands probe into Don Jr. over oligarch-backed wedding bash,USA Today,usatoday.com,usatoday.com,2026-09-22,https://www.usatoday.com/story/news/politics/2026/09/22/don-jr-john-curtis-russia-wedding-investigation/91887320007/,en,2026-09-22,
"Presley Gerber death – Questions raised about rehab, ibogaine",USA Today,usatoday.com,usatoday.com,2026-09-22,https://www.usatoday.com/story/entertainment/celebrities/2026/09/22/presley-gerber-death-updates-rehab-ibogaine/91886226007/,en,2026-09-22,
"New poll shows El-Sayed leads Michigan Senate race, helped by Trump",USA Today,usatoday.com,usatoday.com,2026-09-22,https://www.usatoday.com/story/news/politics/elections/2026/09/22/abdul-el-sayed-leads-michigan-senate-race-trump-opposition/91879178007/,en,2026-09-22,
Fat bears could be just what we need to lower meat costs,USA Today,usatoday.com,usatoday.com,2026-09-22,https://www.usatoday.com/story/opinion/columnist/2026/09/22/fat-bear-week-beef-prices/91880162007/,en,2026-09-22,
Trump's Greenland grab won't give GOP a boost in midterms,USA Today,usatoday.com,usatoday.com,2026-09-22,https://www.usatoday.com/story/opinion/columnist/2026/09/22/trump-greenland-deal-us-denmark-midterms/91873392007/,en,2026-09-22,
"'Trump TV' promo features 'Friends,' 'Seinfeld,' 'Family Guy,' more",USA Today,usatoday.com,usatoday.com,2026-09-22,https://www.usatoday.com/story/entertainment/tv-streaming/2026/09/22/trump-tv-promo-friends-seinfeld-the-simpsons/91885333007/,en,2026-09-22,
Trump signs Greenland security agreement at sidelines of UN,USA Today,usatoday.com,usatoday.com,2026-09-22,https://www.usatoday.com/story/news/world/2026/09/22/trump-greenland-security-agreement-sign-united-nations/91876431007/,en,2026-09-22,
"Judge sets hearing in CNN, MS NOW, Politico lawsuit against Trump",USA Today,usatoday.com,usatoday.com,2026-09-22,https://www.usatoday.com/story/news/politics/2026/09/22/judge-hearing-cnn-ms-now-politico-lawsuit-trump-ban/91885026007/,en,2026-09-22,
"What to know about ibogaine, drug Presley Gerber used for treatment before death",USA Today,usatoday.com,usatoday.com,2026-09-22,https://www.usatoday.com/story/life/health-wellness/2026/09/22/ibogaine-drug-presley-gerber/91886771007/,en,2026-09-22,
SpaceX has launched Starship 13 times. Here's how each flight went,USA Today,usatoday.com,usatoday.com,2026-09-22,https://www.usatoday.com/story/tech/space/2026/09/22/spacex-starship-flight-tests-recap/91788380007/,en,2026-09-22,
Ireland's Heimir Hallgrimsson criticized for 'stupidity' by Israel FA,USA Today,usatoday.com,usatoday.com,2026-09-22,https://www.usatoday.com/story/sports/soccer/2026/09/22/ireland-heimir-hallgrimsson-criticized-for-stupidity-by-israel-fa/91883093007/,en,2026-09-22,
"Jon Stewart, Jon Stewart slam Trump's White House media ban",USA Today,usatoday.com,usatoday.com,2026-09-22,https://www.usatoday.com/story/entertainment/tv-streaming/2026/09/22/jon-stewart-kimmel-trump-white-house-press-ban/91885938007/,en,2026-09-22,
"Trump launches Trump TV amid media feud with CNN, MS NOW, Politico",USA Today,usatoday.com,usatoday.com,2026-09-22,https://www.usatoday.com/story/news/politics/2026/09/22/trump-tv-cnn-msnow-politico-media-ban/91885602007/,en,2026-09-22,
"Trump, Mamdani meeting shows mayor has the right strategy",USA Today,usatoday.com,usatoday.com,2026-09-22,https://www.usatoday.com/story/opinion/columnist/2026/09/22/trump-mamdani-meeting-gracie-mansion-nyc/91875008007/,en,2026-09-22,
"Andy Beshear on faith, the midterms and if he will run for president",USA Today,usatoday.com,usatoday.com,2026-09-22,https://www.usatoday.com/story/news/nation/2026/09/22/andy-beshear-on-faith-the-midterms-and-if-he-will-run-for-president-the-excerpt/91886658007/,en,2026-09-22,
"Republican candidates in Iowa, Michigan call for end to Iran war",USA Today,usatoday.com,usatoday.com,2026-09-22,https://www.usatoday.com/story/news/politics/2026/09/22/donald-trump-mike-rogers-ashley-hinson-iran-war/91886247007/,en,2026-09-22,
Live updates as Trump addresses United Nations General Assembly in NYC,USA Today,usatoday.com,usatoday.com,2026-09-22,https://www.usatoday.com/story/news/world/2026/09/22/trump-united-nations-general-assembly-2026-updates--live/91879521007/,en,2026-09-22,
"Trump, Mamdani address White House media ban. See video",USA Today,usatoday.com,usatoday.com,2026-09-22,https://www.usatoday.com/story/news/politics/2026/09/22/trump-white-house-media-ban-mamdani/91884834007/,en,2026-09-22,
What has happened since Trump killed US EV tax credits?,USA Today,usatoday.com,usatoday.com,2026-09-22,https://www.usatoday.com/story/cars/shopping/evs/2026/09/22/ev-sales-year-after-trump-ended-tax-credits/91887066007/,en,2026-09-22,
GOP senator calls for probe of Trump’s son over Russian oligarch’s role in wedding,Washington Post,washingtonpost.com,washingtonpost.com,2026-09-22,https://www.washingtonpost.com/politics/2026/09/22/republican-sen-john-curtis-calls-investigation-donald-trump-jr/,en,2026-09-22,
Trump warns U.N. he might ‘annihilate’ Iran as war overshadows diplomacy,Washington Post,washingtonpost.com,washingtonpost.com,2026-09-22,https://www.washingtonpost.com/politics/2026/09/22/trump-heads-un-tout-wins-iran-war-overshadows-diplomacy/,en,2026-09-22,
Trump says he’s called for a ban on diesel exports,Washington Post,washingtonpost.com,washingtonpost.com,2026-09-22,https://www.washingtonpost.com/business/2026/09/22/trump-administration-examining-whether-do-diesel-export-ban/,en,2026-09-22,
Florida governor candidate Byron Donalds removes Trump mentions from campaign website,Washington Post,washingtonpost.com,washingtonpost.com,2026-09-22,https://www.washingtonpost.com/elections/2026/09/22/byron-donalds-removes-trump-mentions-florida-governor-campaign-website/,en,2026-09-22,
"U.S. and Iran had ‘very good meeting’ over ongoing war, Trump says",Washington Post,washingtonpost.com,washingtonpost.com,2026-09-22,https://www.washingtonpost.com/politics/2026/09/22/us-iran-had-very-good-meeting-over-ongoing-war-trump-says/,en,2026-09-22,
"Trump officials cut 760,000 enrollees from ACA, claiming fraud",Washington Post,washingtonpost.com,washingtonpost.com,2026-09-22,https://www.washingtonpost.com/politics/2026/09/22/trump-officials-plan-cut-hundreds-thousands-aca-claiming-fraud/,en,2026-09-22,
Republican candidates are breaking with Trump on Iran as midterms loom,Washington Post,washingtonpost.com,washingtonpost.com,2026-09-22,https://www.washingtonpost.com/politics/2026/09/22/republican-candidates-are-breaking-with-trump-iran-midterms-loom/,en,2026-09-22,
Trump pledges to open new Arctic military bases as he signs Greenland deal,Washington Post,washingtonpost.com,washingtonpost.com,2026-09-22,https://www.washingtonpost.com/national-security/2026/09/22/trump-pledges-open-new-arctic-military-bases-he-signs-greenland-deal/,en,2026-09-22,
Trump says he’s renaming AI to ‘super intelligence’,Washington Post,washingtonpost.com,washingtonpost.com,2026-09-22,https://www.washingtonpost.com/technology/2026/09/22/trump-says-hes-renaming-ai-super-intelligence/,en,2026-09-22,
Senate Armed Services Committee chair criticizes Trump-Xi meeting,Washington Post,washingtonpost.com,washingtonpost.com,2026-09-22,https://www.washingtonpost.com/nation/2026/09/22/senate-armed-services-committee-chair-criticizes-trump-xi-meeting/,en,2026-09-22,
‘Just a bit poorer’: Four writers on the personal cost of Trump’s tariffs,Washington Post,washingtonpost.com,washingtonpost.com,2026-09-22,https://www.washingtonpost.com/opinions/2026/09/22/personal-cost-trumps-tariffs/,en,2026-09-22,
Opinion | What a new survey shows about Trump’s tariffs,Washington Post,washingtonpost.com,washingtonpost.com,2026-09-22,https://news.google.com/rss/articles/CBMijwFBVV95cUxPMkFNUU1PQmdMNmlpNjEydjN5d3k5UGdIbjk1aXdnTmhQbC1VUnFjeEtLSGZCVW02NElXU0Y5VjZPYnFNLXFCeXZMU0dVc0tQaWNOZWpicUNxZ0lmb2RfRXR5SmZxZjNpcTE2blhnOVVEeU9Xekc5bW91S3ppSWVlZGFTbXcwUVZkd05zSjMxcw?oc=5,en,2026-09-22,
"Trump-Xi meeting comes amid tensions on Iran, Taiwan and trade: What to know",ABC News,abcnews.go.com,abcnews.go.com,2026-09-23,https://abcnews.com/Politics/trump-xi-meeting-amid-tensions-iran-taiwan-trade/story?id=136650648,en,2026-09-23,
Rep. Donalds downplays Trump connection on his governor campaign website,ABC News,abcnews.go.com,abcnews.go.com,2026-09-23,https://abcnews.com/Politics/donalds-downplays-trump-connection-governor-campaign-website/story?id=136666550,en,2026-09-23,
Trump-backed Missouri congressional map returns to the Supreme Court again,ABC News,abcnews.go.com,abcnews.go.com,2026-09-23,https://abcnews.com/Politics/wireStory/trump-backed-missouri-congressional-map-returns-supreme-court-136673303,en,2026-09-23,
Trump says his ballroom will house a drone port. The Secret Service already has one.,ABC News,abcnews.go.com,abcnews.go.com,2026-09-23,https://abcnews.com/US/wireStory/trump-ballroom-house-drone-port-secret-service-door-136673943,en,2026-09-23,
China's Xi kicks off state visit to Washington on Wednesday with a rare planeside welcome from Trump,ABC News,abcnews.go.com,abcnews.go.com,2026-09-23,https://abcnews.com/US/wireStory/chinas-xi-kicks-off-state-visit-washington-wednesday-136673852,en,2026-09-23,
Trump signs US-Denmark-Greenland agreement to bolster Arctic security after prolonged tensions,ABC News,abcnews.go.com,abcnews.go.com,2026-09-23,https://abcnews.com/US/wireStory/trump-signs-us-denmark-greenland-agreement-bolster-arctic-136653778,en,2026-09-23,
A timeline of US President Donald Trump's interest in Greenland,ABC News,abcnews.go.com,abcnews.go.com,2026-09-23,https://abcnews.com/US/wireStory/timeline-us-president-donald-trumps-interest-greenland-136640630,en,2026-09-23,
Trump Administration,ABC News,abcnews.go.com,abcnews.go.com,2026-09-23,https://news.google.com/rss/articles/CBMiWkFVX3lxTE5vU3dSRW43SXFFZmdXV1ljQ0dUY0R6V2dTc0xxeTRCdzlHcjEzSF81WjRNUkhLazYwN044bE40NERNYXVVVkxWQ2FDR1hBby1Ba0xQSk41Qmw1dw?oc=5,en,2026-09-23,
Trump says his ballroom will house a drone port. The Secret Service already has one next door,ABC News,abcnews.go.com,abcnews.go.com,2026-09-23,https://news.google.com/rss/articles/CBMimgFBVV95cUxOVklXZWlOMHFIUEhKWlhnemo2eXoyNzUwd0FxbTd3QjZUTDB3SXRadDNZMEh2TjJwSUU5SkhfVEhXUHZZRUZSMDM5bGNnSXZJQ2pEOUhvYWV5bGxxRDU0M2FkaVdRNy1uWTE2UkFXWWdLYzJQVkpQbGxnb3cxLUx0TlRqWVNWMlRjVC1INnE0RnlSTkZWUm5kTlFn0gGfAUFVX3lxTE5yTFN6ZFJ0Q3ZJZnNWc2hfU1M2RzdvVnowX1ZobVl2VW1UZUhPR1Z5emdzUDN4ZWZYYnVGSnhIYmdHQndSWGpMZjhuT3hSR2tITW03NHpJeGpObTRMUmVlNnVUa044MTBRejRwcGx5d2ZRRTVYaF8ySGtpTVdfYXpjeldNNkJSUHBkSHQ4U0dPNG5ZRl9BOEpFTVAybXFINA?oc=5,en,2026-09-23,
Taiwan is watching closely as Xi and Trump meet and hopes US will keep up its arms sales,ABC News,abcnews.go.com,abcnews.go.com,2026-09-23,https://news.google.com/rss/articles/CBMiogFBVV95cUxOZkNlUG1EZVR4VFk5LUZKdWlfMHNfOFNoNnpjcGdMV2FBNXZjOWt0THVnUl9jdmZGYXBvUXRqUWUwNUZ3U1ludkhNdkg5aU13ZXlyVEpial9aLUVabzctbXZUQmRDTFM3cS1NN0ZBdTJsR3E4dmUyREJEcm1kMHNGOVc2VDZMV3NvY3RIV3VlYjBLU01Ha2VXVXBkb1dmOFlLLUHSAacBQVVfeXFMT0VLS3VfZ3I4dDB0OC1yU3lORVpHSl9IZ19NaGI3VXY2TW9LSkJFb2lFbjA2azNVUUVLQUwtVkdhbkZWX1dYYkk5Y0pTZjNuMkR1N3BVUTFoSE50REFwTXhyMXREU3ZGWDdWR2xhcWExZnVsUmp2U2huWlB5OVlJemVhYUFEcDdwUzNpeGRaMzFSQktYOUtRNERHclNLdUwyT0lMTGJ0SUE?oc=5,en,2026-09-23,
What to know about the agreement signed by President Trump and the leaders of Denmark and Greenland,ABC News,abcnews.go.com,abcnews.go.com,2026-09-23,https://news.google.com/rss/articles/CBMisgFBVV95cUxNNkFGd3dfcjNJSEJjWmtHTWtDZzhOd3cwSEtRcXZ6b3dyUFdZY08zT1h0c0tMeUo3RDNYNlpWNGR0bXpTeWw0UkoyWUlrSF9GMzVxRksxVWlMVEoyWm1scFFvOWRIZnJvVi1MazZqZnhkTzYyUk9YTThHMTlQNV94Yy1rbHZKYXhEeGk3NEdXLXRpblhwNEN6eUJHMzVuaFB3ZlFheDVnNXhQa3lUb0kycE9R0gG3AUFVX3lxTFBOOFFPUURZaHB0R3BaakVvaXNYUzJ3am9fTGQxOUp6SnpnbG5mc2hjZlpaR1BCaktEMm50dDhJVGd1czM1end0eWJfYUtKVmJocnJQWDRjalV1X1FiLTBfNjVGQ21UNHhRbEdMWlVKVEhjWHZCUkp5WGdwdV8xWUhLU3BkeVM2cnN5TnVMM0hfXzljaU11LTc3bl92RHVlLWtIbjlDM01MY1ZacHo4N0tqMG53bEgwUQ?oc=5,en,2026-09-23,
"‘You should not be here,' Trump tells CNN at UN as standoff with media outlets persists",ABC News,abcnews.go.com,abcnews.go.com,2026-09-23,https://news.google.com/rss/articles/CBMinAFBVV95cUxNRlJmbHhtdjI0NmpiTVN2VGh4NV8wWHE0dGhPMGptZDV1RmdKVXkyZmhjVWpFelJLUm1CM05jQmpnT0JkbkVyRVhIM29VZ1RoTWdrRXFhXzNwZFVQUW5JdlFtbFJwU0d6Q3dHZFlVLW1TX1JpQmc1V2FsMWtHblczdHhScVpTTEVSVTdEbXJMaUtZaWcyTHRCVDJNaVTSAaIBQVVfeXFMUDlLUkFOX0tGa1loTUlKYjVMSU9DSDBOeW1zVjJ2cEd6NGxyQXFpMG02TDVpZzBnWk14NzFDYndsMEo3eFI0SHFTWjhtNU1oUEdUeThoanZvaFFDTWw1SjdsV1hhcnVTZUhJNGFKMF9Sd2xpWTQtMTRUNlRJaDNNbjFfTzlVQy10YlhfcTFJQjNhcVB4RzVzbUxNbWNhUkJMYjRR?oc=5,en,2026-09-23,
President Trump faces choice to make a deal or 'annihilate' Iran,ABC News,abcnews.go.com,abcnews.go.com,2026-09-23,https://news.google.com/rss/articles/CBMiTEFVX3lxTE51THJWbktlTGEtUXhJZXBOMHZkaXo4XzJXZFB2ZkcycDc0bzBCODNoelBGRTNlRlpvSXN0aFZTQ2xLUW1mczRqTXFMbEY?oc=5,en,2026-09-23,
Video AI expected to take center stage as Trump hosts Xi for state dinner,ABC News,abcnews.go.com,abcnews.go.com,2026-09-23,https://news.google.com/rss/articles/CBMiTEFVX3lxTFB2RS1GdkM3RHBveUZ1VzBrRnBrc2w4bjB4SzM5dnNIUUFYbFB3bGJUNnJ3a3QtS2xSUFdJd3UzMThzbEJ0Q3F6RFlueU8?oc=5,en,2026-09-23,
Video Trump faces choice to make a deal or 'annihilate' Iran,ABC News,abcnews.go.com,abcnews.go.com,2026-09-23,https://news.google.com/rss/articles/CBMiTEFVX3lxTE1pWFFnV0hpbVczbTJ6UlJ1N0ZhRDN3NWpETzJUYUtqZlRJenBrd2NVbmItd2VGYTN2NFlhYmEwM1M5dWZ1dm5VamNkWEY?oc=5,en,2026-09-23,
British Columbia leader calls snap election as premier tells voters to say ‘hell no to Trump’,ABC News,abcnews.go.com,abcnews.go.com,2026-09-23,https://news.google.com/rss/articles/CBMisAFBVV95cUxOQXZHeEllLWNNTkdPRUxKcTIwVlM5MGRQRWNvdWJ5Wl9lWGgtWDd0WWN6bUxTTEF5OGRrVGYwZURTdzkwUGRtYXBQQzZqdWVKWXNfa25NaUVpT250aWVZSUd3R1B5RE9qUmxVSzM5T0ZZZl92ZDdqRzdwLTVJcGFqWVNyM09meV9zZjdPX2JTMEpLR3kwLWhQZjJ3QUgwSVgxOWZlNUtHNV9JUllfbFpKdNIBtgFBVV95cUxPaWN6S0tURnhoVmRXQzk4emdscmFZeDBLQWFyRFhyVUY1TW9GQm9yRUg3M1B2dEgtSnh1ZFU1NnJYVkRHVVAzam95eFpuenlIaHR5WWFzRHA5SHZNZkl6cVBOSUJ4RHRYSDBwckdTX1psdlQtY0VBYlB2WkRaZTVHMm15c0Uxa1RDVVYtSXlaMUYwMnFKU0dXeEx5bG5JSEt5RlVHOEtUZnh6YlVkMUJBOHFNczhhdw?oc=5,en,2026-09-23,
"Video Trump threatens to ""annihilate"" Iran in UN speech",ABC News,abcnews.go.com,abcnews.go.com,2026-09-23,https://news.google.com/rss/articles/CBMiTEFVX3lxTE91QU5jN1AzdlZHWm55NUVSbnJyYmdiMk1rUmstSFNkNEdWb1hxLUowU1ZSZk5LcUU5Y0JGSU02RDJidXdCNlJSRVMwXzA?oc=5,en,2026-09-23,
Trump Grip on GOP Slips as Midterm Election Anxiety Sets In,Bloomberg,bloomberg.com,bloomberg.com,2026-09-23,https://www.bloomberg.com/news/articles/2026-09-23/trump-s-grip-on-gop-slips-as-midterm-election-anxiety-sets-in,en,2026-09-23,
DOJ Tells Judge Trump White House Media Ban Is Lawful,Bloomberg,bloomberg.com,bloomberg.com,2026-09-23,https://www.bloomberg.com/news/articles/2026-09-23/doj-tells-judge-trump-white-house-media-ban-is-lawful,en,2026-09-23,
"Trump Seeks Power Over Midterm Voting With Redistricting, Mail Ballots",Bloomberg,bloomberg.com,bloomberg.com,2026-09-23,https://www.bloomberg.com/news/features/2026-09-23/trump-seeks-power-over-midterm-voting-with-redistricting-mail-ballots,en,2026-09-23,
Trump Makes the UN Irrelevant All Over Again,Bloomberg,bloomberg.com,bloomberg.com,2026-09-23,https://www.bloomberg.com/news/newsletters/2026-09-23/trump-makes-the-un-irrelevant-all-over-again,en,2026-09-23,
"Trump Hails US-Iran Talks, Reviving Hopes of Diplomacy",Bloomberg,bloomberg.com,bloomberg.com,2026-09-23,https://www.bloomberg.com/news/videos/2026-09-23/trump-hails-us-iran-talks-reviving-hopes-of-diplomacy-video,en,2026-09-23,
"Trump Hails ""Very Good"" Talks with Iran, Xi to Visit Washington",Bloomberg,bloomberg.com,bloomberg.com,2026-09-23,https://www.bloomberg.com/news/videos/2026-09-23/bloomberg-brief-09-23-2026-video,en,2026-09-23,
Space Weapons in Focus Ahead of Trump-Xi Summit,Bloomberg,bloomberg.com,bloomberg.com,2026-09-23,https://www.bloomberg.com/news/newsletters/2026-09-23/space-weapons-in-focus-ahead-of-trump-xi-summit,en,2026-09-23,
Trump Flexes Legal Muscle to Expand Power Over US Elections,Bloomberg,bloomberg.com,bloomberg.com,2026-09-23,https://news.google.com/rss/articles/CBMivAFBVV95cUxNV1ZOX3pnNFRLbDlWeDUyLUxpUjVXV0E0LUQ2ZmhMbW1lS3JBMUdLU0U4TjBXVTRRMjJZSUdQLWZuZmZhS0dvRHNlZGgta0NqVDBtRVduOVlQdlFOUDFERDF4NFpfZGtQU0h1VTNlQTZWLVg1YXQzOEtrVzV0b2JkWU81a1p2Y1MwRGlQdkNQVm45VmYzSWlvM2ZodFVQeUt1U21WNVZHVmhJWG1nczhpRlQ1LUhFdHVDZkZiTg?oc=5,en,2026-09-23,
Xi and Trump Seek Safe AI Without Slowing the Race for Supremacy,Bloomberg,bloomberg.com,bloomberg.com,2026-09-23,https://news.google.com/rss/articles/CBMitgFBVV95cUxQYjNsVU1heW5sVVpjSjIxSFJlbldscnI2ZFJWUHdEdXM4N1FYZkJWbEh3Q24tTWVkNXZpSkhPQXFfRGdxN0NtMFBpY3NiSy1SdTlOMVlmS2s2Smx0RUdGTGFVVlZJb0hsdFA3VjdFT2FYUHVPOWVzM09vT0NZc244cFEyTHR2Nm1Na1FUS2VSOV84azJWRHUxSFNxZElGX2d6ZkM3Mkk2ZmkwZ2FnQjh0eThsUjZHQQ?oc=5,en,2026-09-23,
Trump’s Grip on GOP Slips as Midterm Election Anxiety Sets In,Bloomberg,bloomberg.com,bloomberg.com,2026-09-23,https://news.google.com/rss/articles/CBMisgFBVV95cUxQa2lMMDNZcjFhMmdMdHVvVmhpMUJnNDNjQVVoVVNzUk0zRzN3ZlJoTTdlVVJZeTkxSkFVejdQZlZzTk5SX2VwQUZNVmZ3WlJQam10Q3E5S1B6cDM4WDRWYVpkZ3MyZWJTdTJkaWF3NHNjclF0NkNMaGFnS1VhS0oyMVF4TFZ1SjNMVkY0aUxnRElDRUM3VnktcFVyVmJtUldZZmxBYThLSWVTcmNWSkxZVkdB?oc=5,en,2026-09-23,
Xi Unlikely to Bring CEOs to Summit Where Trump Is Seeking Deals,Bloomberg,bloomberg.com,bloomberg.com,2026-09-23,https://news.google.com/rss/articles/CBMitgFBVV95cUxPRFlDWVY4MVdnNWRQWDhjQkJtcWhvdjE3WXU4dno4cDY2MnBaUDUzaG52T3ZHTjhyWGNqQjdFMG5tRXFmNjR5a0tUMzV1UTFTX2R5SmJmWkp2a1BvUnM5M0ZIMEphNktWZGVXbTVKVzF1em9pb3FMMTBJYzdwQkJoUjVIWGlibVZTZUc5VnA1MXd6VWlpc2RJbXF0TTJwR1M4MlZ6MEQ3T25abFFtN2paWmhrRmVxQQ?oc=5,en,2026-09-23,
Pageantry for Trump-Xi Summit Will Mask Feud Over AI Race,Bloomberg,bloomberg.com,bloomberg.com,2026-09-23,https://news.google.com/rss/articles/CBMirwFBVV95cUxNMVlZMVZRSnJBdFkzLXR1LS1GRnhPU3VzQ0dQWFQtc3FuZUJfcndPa05wX3dLN1Q5SzRTUDVUbnFuUzJITlBXbzZKSGtXMGZxa2pWcERPeExxUVFnbGJScEhaTFVVVnN6OEo2Ykh4ZlFYV1d4NXMyR2pUWFlsalRUQ082a0UzMHhlTGhQREt5TFF3eFlIVVlxY3dRX213TFdPMWd1ckRYa0JSQUptMHJv?oc=5,en,2026-09-23,
Trump Hails ‘Very Good’ Iran Talks After Annihilation Threat,Bloomberg,bloomberg.com,bloomberg.com,2026-09-23,https://news.google.com/rss/articles/CBMitgFBVV95cUxQdDA3R3hpRlNjbHJ5SWc3RnFGbnNNSmp6QVFFZ1hrWFdQMlg5U2JrVnhLd3hTSktKbFBlajJsZWxtSWpoM3pUcURlcmhwVEhkaC1jaGJ4cGdRQk1kLVBKZTZrSF9MNUR5YmJNYTJvaVdjWThBaHpicUQtVUt5OENPdzcxems1ZGlYVFg4Vm5HckdsZlRkMXhXMGozWlR3QU5FMmNnaHdXVmw1cXJqWnZUM3ZoQXdLZw?oc=5,en,2026-09-23,
Trump’s Fuel Export Ban Threat Sends European Diesel Soaring,Bloomberg,bloomberg.com,bloomberg.com,2026-09-23,https://news.google.com/rss/articles/CBMisAFBVV95cUxNTjU3S0ZiQnNqVmZacWdmeko4MHoxN1NwTnhjUzJnTzF2RDRsdkJzVWJRaXJkX1V3Q3p0S2c2Vm9PQnN0NHJDcXFBajNZVHNNYmlBWnM1V2wwYW5qNnBQMVZHVjZrbXhyaWRpMXZRNnN2SnhlWXdLQkg1TFl2cVhQWmNwQk8xeXFjbl9GRU9VSTFJQnZqYVhDa1hEaWNwX1JSc203eWtoc1phYUtKSUY4bA?oc=5,en,2026-09-23,
Finland’s Stubb Sees Trump Taking Stronger Role Again in Ukraine,Bloomberg,bloomberg.com,bloomberg.com,2026-09-23,https://news.google.com/rss/articles/CBMitgFBVV95cUxOdy1rWlNRSU5mM041NU9YM2RETWIwZmphanJYaXZwcWJKcUM1Q3pUa3M5ci1zRjFUN3V3NmxQWF90Y0pHRGZGRGhySWxSZTBoQmltcG9kdmZtZTV5dGc5ZlVoZ3B6b0xZeVpubE9YaHYtSkRIX0FPWmlkdkRpOEZ1VlV6RnNEdE11M0NZaFJVSTVqOGRvNDZoN1c4cGs0OVdTTzNjRGRHRUlVdWtfZXJHQ3pLUHNEZw?oc=5,en,2026-09-23,
Trump Was Rude About Manchester and Burnham Is Just Fine With That,Bloomberg,bloomberg.com,bloomberg.com,2026-09-23,https://news.google.com/rss/articles/CBMiuAFBVV95cUxPZE9zV1Zpc1k3U3NyV0d1eldKRXN4QjI3QjJLWm5WaHAxRUxxSnkwNl9uYlRTZGtGRFgtUjczeW9fUFpYdktwb3F0T0pNYy0wZ1BsSDlJaWJtX2tJdTBkNEhvQnMzU3p5OXZGS29ST19MVTJ5cXhRam5FMVE5cVEwWjNvVHZraC14RTJWYTAwRGZTVjZhSFc4c1ItRldQNEgxRkQzNmNrbG03VG8tUEhXeFRfQmdRdFZn?oc=5,en,2026-09-23,
South Korea’s President Urges Trump-Kim Talks to End Stalemate,Bloomberg,bloomberg.com,bloomberg.com,2026-09-23,https://news.google.com/rss/articles/CBMiswFBVV95cUxNOFUwVWlTWkVjUC11VjJ4eXZCemtiVnBzQ09yU2JfWF9MamZBZFVYMVVYNDU5S2N1cFY2dFFFdm9VelVCWnNkdlhQTlU0TnY0TmltTFhaWmhhN0NqSkV5OTJzZzl1czR5RmVneWd1bEJ4b3h5TkxZSTY2eTU0LXlVS05BV2FiNXVGVmppTmJGN0lMWjVhTzRqNXI3endlb283emhTZkJyeHA5RXd1Y2RpbHVabw?oc=5,en,2026-09-23,
"Zelenskyy seeks Ukraine-Russia energy ceasefire, U.S. drones deal details emerge",CBS News,cbsnews.com,cbsnews.com,2026-09-23,https://www.cbsnews.com/video/trump-meets-with-ukraines-zelenskyy-at-un-general-assembly/,en,2026-09-23,
Wife of American detained in China holds out hope for his return amid Trump-Xi meeting,CBS News,cbsnews.com,cbsnews.com,2026-09-23,https://www.cbsnews.com/video/wife-of-american-detained-in-china-holds-out-hope-for-his-return-amid-trump-xi-meeting/,en,2026-09-23,
Why Greenland and Denmark agreed to a deal with Trump,CBS News,cbsnews.com,cbsnews.com,2026-09-23,https://www.cbsnews.com/video/trumps-greenland-denmark-security-deal/,en,2026-09-23,
Redrawn Missouri congressional map lands before Supreme Court for third time,CBS News,cbsnews.com,cbsnews.com,2026-09-23,https://www.cbsnews.com/news/missouri-congressional-map-redrawn-supreme-court-third-time/,en,2026-09-23,
Wife of American scholar wrongfully detained in China wants Trump to press Xi to release him,CBS News,cbsnews.com,cbsnews.com,2026-09-23,https://www.cbsnews.com/news/min-zin-american-scholar-china-trump-xi-jinping-sylvia-zin/,en,2026-09-23,
Iran War Updates: U.S. and Iran hold first talks since June after Trump threatens regime with annihilation,CBS News,cbsnews.com,cbsnews.com,2026-09-23,https://www.cbsnews.com/live-updates/iran-war-trump-un-speech-annihilate-threat-talks-resume/,en,2026-09-23,
"Venezuela opposition leader María Corina Machado blocked from entering country 3 times in 24 hours, team says",CBS News,cbsnews.com,cbsnews.com,2026-09-23,https://www.cbsnews.com/news/venezuela-maria-corina-machado-opposition-leader-blocked-entering-country/,en,2026-09-23,
What the Paramount settlement means for Hollywood and the editorial independence of CNN and CBS,CNN,cnn.com,cnn.com,2026-09-23,https://www.cnn.com/2026/09/23/tv/video/amanpour-brian-stelter-paramount-settlement-white-house-ban,en,2026-09-23,
Exclusive: Mamdani discusses midterms and Netanyahu after Trump meeting,CNN,cnn.com,cnn.com,2026-09-23,https://www.cnn.com/2026/09/23/tv/video/amanpour-mamdani,en,2026-09-23,
"Missouri’s embattled, Trump-backed congressional map returns to Supreme Court for a third time",CNN,cnn.com,cnn.com,2026-09-23,https://www.cnn.com/2026/09/23/politics/missouri-redistricting-map-scotus-third-time,en,2026-09-23,
Trump is turning to a Putin ally to help America’s farmers. But there’s a big catch,CNN,cnn.com,cnn.com,2026-09-23,https://www.cnn.com/2026/09/23/economy/trump-potash-belarus-russia-putin-farmers,en,2026-09-23,
Kamala Harris emerges on the campaign trail for Abdul El-Sayed in Michigan,CNN,cnn.com,cnn.com,2026-09-23,https://www.cnn.com/2026/09/23/politics/video/kamala-harris-campaigns-in-michigan-for-el-sayed,en,2026-09-23,
Iran’s president to address UN as Trump mixes threats and diplomacy,CNN,cnn.com,cnn.com,2026-09-23,https://www.cnn.com/2026/09/23/world/live-news/united-nations-general-assembly-iran-trump-ukraine,en,2026-09-23,
Venezuela’s unelected leader Delcy Rodríguez seeks lost legitimacy. Will she get it?,CNN,cnn.com,cnn.com,2026-09-23,https://www.cnn.com/2026/09/23/americas/us-venezuela-rodriguez-un-trump-intl-hnk,en,2026-09-23,
"The calendar says it’s 2026, so why does it suddenly feel like 2028?",CNN,cnn.com,cnn.com,2026-09-23,https://www.cnn.com/2026/09/23/politics/2028-presidential-race-begins-aoc,en,2026-09-23,
Who is slain socialite Abby Choi?,CNN,cnn.com,cnn.com,2026-09-23,https://www.cnn.com/2026/09/23/world/video/who-is-slain-socialite-abby-choi-kristie-lu-stout-hnk-digvid,en,2026-09-23,
"Trump’s Greenland deal brings small changes, experts say, after months of turmoil",CNN,cnn.com,cnn.com,2026-09-23,https://www.cnn.com/2026/09/23/politics/what-does-trump-greenland-deal-military-do,en,2026-09-23,
Analysis: What kind of invasion is Trump preparing Washington for?,CNN,cnn.com,cnn.com,2026-09-23,https://www.cnn.com/2026/09/23/politics/washington-dc-trump-national-security-projects,en,2026-09-23,
Republican former state lawmaker vows he’ll ‘never’ support Paxton in new ad as Texas Senate race heats up,CNN,cnn.com,cnn.com,2026-09-23,https://www.cnn.com/2026/09/23/politics/talarico-ad-glenn-rogers-criticizes-ken-paxton-texas-senate,en,2026-09-23,
"Trump admin responds to lawsuit from CNN, Politico and MS NOW",CNN,cnn.com,cnn.com,2026-09-23,https://www.cnn.com/2026/09/23/politics/video/trump-admin-responds-to-lawsuit-from-cnn-politico-and-ms-now-lcl,en,2026-09-23,
Trump’s midterm woes deepen amid worsened economic backdrop: CNN poll,CNN,cnn.com,cnn.com,2026-09-23,https://www.cnn.com/2026/09/23/us/video/cnn-poll-trump-unpopularity-new-records,en,2026-09-23,
Trump’s been lobbing insults at Canada’s leader for more than a year. Now Carney is hitting back,CNN,cnn.com,cnn.com,2026-09-23,https://www.cnn.com/2026/09/23/americas/trump-carney-canada-us-tariffs-hnk,en,2026-09-23,
A lot’s changed since Xi Jinping’s last US state visit. Mostly in China’s favor,CNN,cnn.com,cnn.com,2026-09-23,https://www.cnn.com/2026/09/23/china/trump-xi-summit-washington-intl-hnk,en,2026-09-23,
Trump Admin Foreign Policy Wins Drive Midterm Strategy,Fox News,foxnews.com,foxnews.com,2026-09-23,https://radio.foxnews.com/2026/09/23/trump-admin-foreign-policy-wins-drive-midterm-strategy/,en,2026-09-23,
Superpower Tension: The Future of US-China Ties,Fox News,foxnews.com,foxnews.com,2026-09-23,https://radio.foxnews.com/2026/09/23/superpower-tension-the-future-of-us-china-ties/,en,2026-09-23,
Trump Torches The U.N. To Its Face,Fox News,foxnews.com,foxnews.com,2026-09-23,https://radio.foxnews.com/2026/09/23/trump-torches-the-u-n-to-its-face/,en,2026-09-23,
China’s Xi set to arrive in Washington for high-stakes Trump summit as AI supremacy battle looms large,Fox News,foxnews.com,foxnews.com,2026-09-23,https://www.foxnews.com/politics/chinas-xi-arrive-washington-high-stakes-trump-summit-ai-supremacy-battle-looms-large,en,2026-09-23,
Trump-backed Iowa US Senate hopeful says Iran war must 'be brought to a successful and immediate end',Fox News,foxnews.com,foxnews.com,2026-09-23,https://www.foxnews.com/politics/trump-backed-iowa-us-senate-hopeful-says-iran-war-must-be-brought-successful-immediate-end,en,2026-09-23,
"Mamdani fires back at Netanyahu, calls Israeli leader 'architect of horrific genocide' ahead of UN visit",Fox News,foxnews.com,foxnews.com,2026-09-23,https://www.foxnews.com/politics/mamdani-fires-back-netanyahu-calls-israeli-leader-architect-horrific-genocide-ahead-un-visit,en,2026-09-23,
"The Iran war is driving clean energy development. It's not enough to help the planet, yet",Los Angeles Times,latimes.com,latimes.com,2026-09-23,https://www.latimes.com/environment/story/2026-09-23/iran-war-is-driving-clean-energy-development-but-not-enough-yet,en,2026-09-23,
Contributor: There's precedent for regulating AI. Look to nuclear power,Los Angeles Times,latimes.com,latimes.com,2026-09-23,https://www.latimes.com/opinion/story/2026-09-23/regulating-artificial-intelligence-like-nuclear-power-industry,en,2026-09-23,
Canada's boycott forces the sale of a California winery,Los Angeles Times,latimes.com,latimes.com,2026-09-23,https://www.latimes.com/business/story/2026-09-23/canadas-boycott-forces-sale-of-california-winery,en,2026-09-23,
"Commentary: 'Cheat like hell.' Trump's summons to supporters lays bare his cynicism, hypocrisy",Los Angeles Times,latimes.com,latimes.com,2026-09-23,https://www.latimes.com/politics/newsletter/2026-09-23/trump-midterm-election-urges-supporters-to-cheat,en,2026-09-23,
"She thought her mother was a model, then found her in an old mail-order bride catalog",Los Angeles Times,latimes.com,latimes.com,2026-09-23,https://www.latimes.com/entertainment-arts/books/story/2026-09-23/katya-suvorova-ungrateful-immigrant-daughter-review-soviet-mail-order-brides,en,2026-09-23,
"Cocaine, crypto and soccer: Accused kingpin from Uruguay fights U.S. case",Los Angeles Times,latimes.com,latimes.com,2026-09-23,https://www.latimes.com/world-nation/story/2026-09-23/sebastian-marset-uruguay-cocaine-money-laundering-charges,en,2026-09-23,
"Defending Trump media ban, DOJ cites national security and says White House access is a ‘privilege’",NBC News,nbcnews.com,nbcnews.com,2026-09-23,https://www.nbcnews.com/politics/politics-news/trump-media-ban-white-house-access-privilege-national-security-doj-rcna599347,en,2026-09-23,
New campaign aims to help millions at risk of losing Medicaid coverage under work requirements,NBC News,nbcnews.com,nbcnews.com,2026-09-23,https://www.nbcnews.com/politics/politics-news/new-campaign-help-millions-risk-losing-medicaid-work-requirements-rcna598149,en,2026-09-23,
Two students dead in Mississippi,NBC News,nbcnews.com,nbcnews.com,2026-09-23,https://www.nbcnews.com/nightly-news/video/two-students-dead-in-mississippi-270335557697,en,2026-09-23,
China expands export controls on drug precursors ahead of Trump - Xi meeting,NBC News,nbcnews.com,nbcnews.com,2026-09-23,https://www.nbcnews.com/world/asia/china-expands-export-controls-drug-precursors-ahead-trump-xi-meeting-rcna599342,en,2026-09-23,
Trump touts his economy and U.S. actions in Iran in UNGA address,NPR,npr.org,npr.org,2026-09-23,https://www.npr.org/2026/09/23/nx-s1-5977795/trump-touts-his-economy-and-u-s-actions-in-iran-in-unga-address,en,2026-09-23,
Ukraine's Zelenskyy proposes energy truce with Russia during meeting with Trump,NPR,npr.org,npr.org,2026-09-23,https://www.npr.org/2026/09/23/nx-s1-5978127/ukraines-zelenskyy-proposes-energy-truce-with-russia-during-meeting-with-trump,en,2026-09-23,
China's Xi Jinping to meet with Trump at White House this week,NPR,npr.org,npr.org,2026-09-23,https://www.npr.org/2026/09/23/nx-s1-5974050/chinas-xi-jinping-to-meet-with-trump-at-white-house-this-week,en,2026-09-23,
Poll: Trust in the U.S. Postal Service delivering mail-in ballots on time has fallen,NPR,npr.org,npr.org,2026-09-23,https://www.npr.org/2026/09/23/nx-s1-5978081/usps-election-mail-in-ballot,en,2026-09-23,
How an 'AI freeze' could make big AI companies bigger and hurt smaller firms,NPR,npr.org,npr.org,2026-09-23,https://www.npr.org/2026/09/23/nx-s1-5973306/ai-slowdown-debate-openai-anthropic,en,2026-09-23,
There's growing concern that Trump may deploy the National Guard ahead of elections,NPR,npr.org,npr.org,2026-09-23,https://www.npr.org/2026/09/23/nx-s1-5978015/national-guard-election-military-midterms,en,2026-09-23,
Poll: Most voters agree the 2026 midterms are all about Trump — and they disapprove,NPR,npr.org,npr.org,2026-09-23,https://www.npr.org/2026/09/23/nx-s1-5977613/trump-poll-democrats-congress,en,2026-09-23,
"DOJ defends White House media ban, urges court to reject lawsuit",NPR,npr.org,npr.org,2026-09-23,https://www.npr.org/2026/09/23/nx-s1-5978614/doj-defend-white-house-media-ban,en,2026-09-23,
ICE is looking into 'mobile detention facilities',NPR,npr.org,npr.org,2026-09-23,https://www.npr.org/2026/09/23/nx-s1-5976875/ice-mobile-detention-facilities-immigration,en,2026-09-23,
Major news outlets banned by Trump will have their day in court,NPR,npr.org,npr.org,2026-09-23,https://www.npr.org/2026/09/23/nx-s1-5978069/cnn-msnow-politico-trump-white-house-ban,en,2026-09-23,
"Trump administration to remove 760,000 Affordable Care Act enrollees over fraud claims",NPR,npr.org,npr.org,2026-09-23,https://www.npr.org/2026/09/23/g-s1-144623/trump-affordable-care-act,en,2026-09-23,
Trump continues push to expand hunting and fishing on public lands,NPR,npr.org,npr.org,2026-09-23,https://knpr.org/2026-09-22/trump-continues-push-to-expand-hunting-and-fishing-on-public-lands,en,2026-09-23,
Blocking Windmills? Banning Press? Building an Arch? Trump Cites National Security.,New York Times,nytimes.com,nytimes.com,2026-09-23,https://www.nytimes.com/2026/09/22/us/politics/trump-arch-national-security.html,en,2026-09-23,
Trump Once Vowed to ‘Own’ Greenland. He Settled for Something Much Less.,New York Times,nytimes.com,nytimes.com,2026-09-23,https://www.nytimes.com/2026/09/22/us/politics/trump-greenland-denmark-agreement.html,en,2026-09-23,
"For Trump and Xi, There Is Only One Way Forward",New York Times,nytimes.com,nytimes.com,2026-09-23,https://www.nytimes.com/2026/09/23/opinion/trump-xi-meeting-us-china.html,en,2026-09-23,
Seth Meyers Prefers Trump Without Audio,New York Times,nytimes.com,nytimes.com,2026-09-23,https://www.nytimes.com/2026/09/23/arts/television/seth-meyers-trump-press-pool.html,en,2026-09-23,
The Former Fracking Executive Selling Trump’s ‘Energy Dominance’ Vision,New York Times,nytimes.com,nytimes.com,2026-09-23,https://www.nytimes.com/2026/09/23/climate/the-former-fracking-executive-selling-trumps-energy-dominance-vision.html,en,2026-09-23,
Trump’s New Favorite Neighbor: Mexico,New York Times,nytimes.com,nytimes.com,2026-09-23,https://www.nytimes.com/2026/09/23/world/americas/trump-mexico-trade-relations.html,en,2026-09-23,
"Trump’s Major Retreat on Greenland, and Why Texas Hit Pause on New Data Centers",New York Times,nytimes.com,nytimes.com,2026-09-23,https://www.nytimes.com/2026/09/23/podcasts/the-headlines/trump-greenland-texas-data-centers.html,en,2026-09-23,
Trump’s Diesel Dilemma,New York Times,nytimes.com,nytimes.com,2026-09-23,https://www.nytimes.com/2026/09/23/business/dealbook/trump-diesel-dilemma.html,en,2026-09-23,
Mike Lee could soon be in position to grant Trump a big Senate wish,Politico,politico.com,politico.com,2026-09-23,https://www.politico.com/news/2026/09/22/mike-lee-blue-slip-judiciary-01088985,en,2026-09-23,
Trump and Xi’s AI arms embrace,Politico,politico.com,politico.com,2026-09-23,https://www.politico.com/newsletters/playbook/2026/09/23/trump-and-xis-ai-arms-embrace-01089155,en,2026-09-23,
Trump’s on defense against a more powerful Xi Jinping,Politico,politico.com,politico.com,2026-09-23,https://news.google.com/rss/articles/CBMihgFBVV95cUxNUEdFVU9sVFQ2ak9CNjRVNVdyalpDbjJZbGZCRm54N1lNa0N5cVA1SHpyTE5sd1k2cHAtNnFEQkZWUlFOZE1hVmQySGRfLUdrMkFpMUhjcUVXVmJkY2YzOHpLeDNCZmJ2dXFfS2xMc3llUk1OVmFkY05YSWhjb29uUm1IT2tfQQ?oc=5,en,2026-09-23,
"Poll: Canadians and Americans agree, Trump was in the wrong with trade war",Politico,politico.com,politico.com,2026-09-23,https://news.google.com/rss/articles/CBMiiwFBVV95cUxNTC1hX2tnQUdoQjNwN2tUY0QyVm93Rk41Q1JkcU12ZkQ4YllRMXl5MVBsN2gzQ3N1bUl3MlY5N0U4MHUyMnpkUEJ4VWtSZ21sZV8xc3Z2dkdmSHE5R20wdjZpczlLbTF0YXRqN0d2bFBNRllRS3ZrTzFiLVNWbm5ray1DNGpoMThrRUZ3?oc=5,en,2026-09-23,
"Trump cites national security, midterms coverage to defend press ban",Politico,politico.com,politico.com,2026-09-23,https://news.google.com/rss/articles/CBMib0FVX3lxTE1YRldiRDhmUGpHcEVrdm9NU0laVUotUDBWblM1ZTUzVktWdE5qOWVCZFRXMWpmZEVHcHN0OGUxTWlDMURNQnVFM2IyRUFzaGphVEJLVmVoa2pzaHVsUnMtN3MwZS1GcjFuSmxsZTBLVQ?oc=5,en,2026-09-23,
World shows hints of bucking Trump at the UN,Politico,politico.com,politico.com,2026-09-23,https://news.google.com/rss/articles/CBMimgFBVV95cUxOTU1lSUZNRUh1cmJ2VklhNXZ3WF9LeXdOWkM1TFhESHN5YlNvYkMxSnZtam5lR2lwdXdONWdKdENqQWZEcDNEeXdpMG03MmZxS0FmVElObmpDd015bURqbHprUnhnTlZVbE1JemNzMEtodER6aGluVmIxZ1VabUtLTHRGTUNhSng3VHBTdTk3a09CamZ6S3otQTVB?oc=5,en,2026-09-23,
Trump’s drive to raise fears of election mischief zeroes in on Utah mailman,Politico,politico.com,politico.com,2026-09-23,https://news.google.com/rss/articles/CBMijwFBVV95cUxNeDJkR2JVcE53aTQ4NGo2TWpUWWxyaWRyWXJpMEg1eGNuSEFUeDEzM3dFVGZlUE5ZOGIwTWotV2twZWpkdU9vN3p3RHQyTGd1VENqSnZ6UXp4MFF4VDJONy1zd1JSdlctcHpsMFBsei1udDFndkZQWjZ3ODJkZWFxZmRBWEFMcDEybTdCbmF1OA?oc=5,en,2026-09-23,
Dems urge Trump to seek AI deal with China,Politico,politico.com,politico.com,2026-09-23,https://news.google.com/rss/articles/CBMilwFBVV95cUxNUUs4N3U4eGdDRHNTM1IzRlJodngzSE9aTk5jS0FuUHpOeFIzdzYyVXVsLTVyY2hFeHFnZm95LUdGenBZNzJUWlpYXzAtTXJsZnQ0X1dLMkFxcE4xTUV2R2czX0JQVG82Qkl2eVEyYTNKUzdSbWZXbG1lWE9LVWFSaExXNjRTNVNfWHg2R3BfVjJwOGVrV1Qw?oc=5,en,2026-09-23,
There's a reason Trump is the only one talking about 1% interest rates,Reuters,reuters.com,reuters.com,2026-09-23,https://news.google.com/rss/articles/CBMinwFBVV95cUxPYjQ0bXJDcnFwd3RhY2JmdnRjTVJvT3g4WEc3UGNDZ05mLUN6eGMtSjdSdzdkaFJPYjdKX3BZQWoyM2hVbUJfRjJaWERxNHZaSTNOQnJiblVRd1dKOFBUWXZHSnh5RzBCOUJYR0U3LXBGaTVvQ2RRcUNSMkhVU1o3Q1ZUYURqcFlwQ0R3bVNYTTlSZWdoOWl1SkVsbkUyTm8?oc=5,en,2026-09-23,
Trump plans grand spectacle for potentially tense Xi talks,Reuters,reuters.com,reuters.com,2026-09-23,https://news.google.com/rss/articles/CBMipAFBVV95cUxNaVBYbDJtMVNJRWNyaDlFLXhaWDBIbERYTkRRYVliRGR3eklaai1JTHBhZ2tOTjBqRk1CSTFvOENrMjduNVhWRUFiNzRsbDg0Y1ZJdFlKTy1oSUVBaUpTNlkwVS02emZkaHVUZVRaZjJleVhJWF9uY09xSHZMOVh3YXh2aVMwV09HeGJGSXVZTWZCRE5iNHdNdDI0bDU5aXZvMjJzMQ?oc=5,en,2026-09-23,
News outlets will ask judge to end Trump's White House ban at hearing,Reuters,reuters.com,reuters.com,2026-09-23,https://news.google.com/rss/articles/CBMitgFBVV95cUxQbHZCTDh5UkxYMTBaTFJxcElhNlpvemdJMmYxUnRleHFwTWNRdDBoNjRmcEoyMmJMWVluLVZOelE5ek9oQ2EydlpVcUp4aUQ4TF9DTGtOSnhDVFJlSmU0cUhFY2ZNQzJLUzhJaVBQUDkyLS1lbGlCSXNPMzVsWVF3c3NkNjQ0QzJuVDFMd0xDaENVNmRHbGxlMUhIem1ESXN1Z1kzaHVoZXhCSE9KVGV4dnlBNUEtUQ?oc=5,en,2026-09-23,
Russia pounds Kyiv with drone strikes after Zelenskiy-Trump talks,Reuters,reuters.com,reuters.com,2026-09-23,https://news.google.com/rss/articles/CBMilgFBVV95cUxPOTZWQVc0Z0NRMVp5VkdLOXk4RWM3TjBZZzNiaXk2djBNUl9wZm0yWHhJaC1iaTNxSDU4SUtxUk9tZ1ZEbjRGRklUcVRJMVFUcFFBT000NWlZUGZnNU1mU01KUnI0VE9tUjd0TExPR3JUdWFEaGNkSURjbHduMHVYdVNlT0kyYVRxQ0lTVW1Id1J1d0dFeWc?oc=5,en,2026-09-23,
Venezuelan opposition leader Machado fails in return attempts as Rodriguez meets Trump,Reuters,reuters.com,reuters.com,2026-09-23,https://news.google.com/rss/articles/CBMiywFBVV95cUxOakNGWTZvbWdDR3FCVGdCQlNRNVZJQW1DR1NxMTYtcGE4M3lCdjZac0VaX1phQ1ZNRzdmYW9USFBuSF9nVlhuWERhU3VCc0otemRFdGxIZzYtbjZ0LXdjeFltU212MUUtQ3RySmFsT1F2VWZ3TDMydExoY0lia1hBLTdEd0g3Z20xaFdYRjBOOENqNXJDQ1JDVnJzTjl0ZWp1WGNyc2xldmVYVklWeGlyTFExMTZ2aHRPZjVsMTFRX3dTa2psc19hd2NYRQ?oc=5,en,2026-09-23,
"Taiwan, human rights are 'red lines' for China, ambassador says ahead of Trump, Xi meeting",Reuters,reuters.com,reuters.com,2026-09-23,https://news.google.com/rss/articles/CBMiqwFBVV95cUxQREI2aVl0N1piOVVON19DaldDeEtkUGkyeEhKQVpjQU5CdGV6NXBpWEpUNWdUZERwa1Y2NlA2RUpWclJKMXpyeFoyeEhJX3RMcF9od29yWG5sdTF5R1VXODZCeXpwYTBaamlCbW1tMVlOMGpEem5LRVhlb05wQXRRLVl0MTZERjY3Y09XLWdqYUlraElERzJ3MkNFSElwclZNU05Qc01EM01QMDA?oc=5,en,2026-09-23,
"EXCLUSIVE: GM CEO Mary Barra to attend Trump's state dinner for Xi, sources say",Reuters,reuters.com,reuters.com,2026-09-23,https://news.google.com/rss/articles/CBMiwwFBVV95cUxNV3NsX2YyUlpFY1NObm1BdDlqYU9LRkxWQ1BIWFJMUFZFZE5oNlNXamQ1d3RKMTNuYlBFb1BQVDFqek1DRUQ0cmF6ZVo3ekxmdmdkcW9pU0dicTI3MnpMRlNyNGZTdXo0YldSWC1lblNZZUFYSmN0WU5OQ01DRlREOE9yUHREUlRoaW9BRG5nWFhDY3BPM3hvcWVicnN2UHVFWXpxWHpVRGVoOTdZZ0xCNDhKbURCUmlQQ0pUbjBDX3RQM2M?oc=5,en,2026-09-23,
China sets guidelines for fentanyl-related crimes prior to Trump-Xi summit,Reuters,reuters.com,reuters.com,2026-09-23,https://news.google.com/rss/articles/CBMivAFBVV95cUxNRXJjOGFMRk1QaDg3MWxZSWJSMTY4dFB5d1doUmZXWmR3RXBIc3R4OWxkS28zcnlsWFJNX2kxdmpqeU44UV9sN0pKeEh0UE02Y3BNemViSERVdEF4aWRra1RidHU3X1hiaUZ5LXVwMnVzNTdlQjRTZC02dHU1NU9sZ1Riczl3Slk4Z3EydVlsTDE0SzAyRjdpanpRWDYtdlMwWVZjWlRrdmszNUFUUkFFWEJNMlZ1T2V2T1hiag?oc=5,en,2026-09-23,
EXCLUSIVE: Wife of US seismologist held in China says Trump will ask Xi to free him,Reuters,reuters.com,reuters.com,2026-09-23,https://news.google.com/rss/articles/CBMisAFBVV95cUxPRlFoZGxqOEV4UGI2OWw2UG1hUm0zcHl4YndHOVRVSWtqeDVBaEpIZmx6QktVQlNwTXhHcU5OU2U4VzkzUjFRUjhacHNoT0VlenNjRVJ4RmNoc3N3RHFJeEh6bGRDZDNCbHE1VFBnT1Q0LTExc3RIR3lWSXh4VVJFNm5YbWhmaDhxUHlRV3RfcmJpZnRNZEdWMVE2SmFubTNvWW1wMEpSRjdaMVpLSlpMNg?oc=5,en,2026-09-23,
South Korea says Trump welcomes progress in US strategic investment projects,Reuters,reuters.com,reuters.com,2026-09-23,https://news.google.com/rss/articles/CBMivAFBVV95cUxPZlB0RThSZWlTb2UyS2NubkVBc19za21lQjVVV2V3bWhuTGgwSGhQbzl1cVhzYVFRS281M0pLaVMwZGRVUHlaWWl6VGpSTEk0Nm13cVdQUTZhdS1xSkQ1SldhTXducmF5T04tR0xNU25YdWF3eXdmRDNiUXN4UDVnTEdwZkhkWnQ0Rk0zUDc5b05SZmo1c053RkpfTFppMk9YSEllNFhtQzA1djhYdmdtcFdIXzlnSTdZWFlBNA?oc=5,en,2026-09-23,
"Trump's Board of Peace to unveil $2.45 billion Gaza recovery plan, Axios reports",Reuters,reuters.com,reuters.com,2026-09-23,https://news.google.com/rss/articles/CBMiwgFBVV95cUxPVEN3dTZ4OF80SGwwTXpoYTA1dks2bjlIZk5KbVJPVFdGYTJXM0s5YVZwbWRKYW93ODZ6OHlWRFpHYVlqUTdnSDlTYzFuZXhRbnM5bHhwX3RBVXZFS29nOG9rTWNyX0hVZE1FUmhrQ01MLU9XODg2MjR0azNMRmVOcUt4RU0zYTlDZjJYV3ZsYmFhdGxxbzhBX2dGT21qbGxEbHE1T253R3lSRDhYUm1HQnhUWENYTXJyczk0d3Z2RWNHUQ?oc=5,en,2026-09-23,
Japan PM says she had 'timely' discussion with Trump ahead of his Xi summit,Reuters,reuters.com,reuters.com,2026-09-23,https://news.google.com/rss/articles/CBMiwwFBVV95cUxOQlpDcE84dUc0aFF4WS1ETzVGSGp4cHVQQkNTQkV1WUhQeExuVVJKdWJnaXNLeHVlTl9OeDdYLWY3cHp6UFEzYzkxdmNDbkRwcURRMDI2dnNtMjh1TVg2TG40bGlFOEZrel9IU25VMThfWTgtN0NlVzlxOWtSeGhlT1JkZVI4WWVlallQWWlweFh5SmltdzhCZ2UzYXUyaTVoc29IRDVIaTQ1Q012cUdsTGN6WERPNzFHSW5oclBrTmZlUzg?oc=5,en,2026-09-23,
"COMMENTARY: Trump's diesel export dilemma — Good politics, bad economics",Reuters,reuters.com,reuters.com,2026-09-23,https://news.google.com/rss/articles/CBMizAFBVV95cUxOVHhBV3ZLd3BIV2JBWkhGRkRnOF9GN01MWllxb1oyT01MM0Z3eXFHQlYzWHFZSlAxcjNZOTdJcFRfaDZrT1F4SlA4WENiajBITWRFaHFlWGZ2eUNEZmlhd3FJcVV0RVFZOG1Ocm1uOE1WajJIeld2ZXpwMUhLM2lRajAwZjZZMDluajZRcUQ3anJzREJyaVFXazQtLVBLWmFyLU52alNMSWhkaFJDMlpNNGJNRjRDN1JVWktIN3pDRDFCbm5VTXJWenVpWVY?oc=5,en,2026-09-23,
"National Trust, after battling with Trump, to announce legal defense fund",Washington Post,washingtonpost.com,washingtonpost.com,2026-09-23,https://www.washingtonpost.com/politics/2026/09/23/national-trust-after-battling-with-trump-announces-legal-defense-fund/,en,2026-09-23,
A Miami Republican faces backlash after publicly giving Trump immigration advice,Washington Post,washingtonpost.com,washingtonpost.com,2026-09-23,https://www.washingtonpost.com/politics/2026/09/23/after-publicly-criticizing-trump-rep-mara-elvira-salazar-faces-backlash/,en,2026-09-23,
‘I am the code’: Trump clashed with ballroom architect over safety issues,Washington Post,washingtonpost.com,washingtonpost.com,2026-09-23,https://www.washingtonpost.com/investigations/2026/09/23/i-am-code-trump-clashed-with-ballroom-architect-over-safety-issues/,en,2026-09-23,
Iran’s president to address U.N. General Assembly after Trump threatens annihilation,Washington Post,washingtonpost.com,washingtonpost.com,2026-09-23,https://www.washingtonpost.com/world/2026/09/23/irans-president-address-un-general-assembly-after-trump-threatens-annihilation/,en,2026-09-23,
Summits can surprise. Will Trump and Xi make history?,Washington Post,washingtonpost.com,washingtonpost.com,2026-09-23,https://www.washingtonpost.com/opinions/interactive/2026/09/23/will-xis-visit-washington-be-historic/,en,2026-09-23,
Trump wants to make America 1988 again,Washington Post,washingtonpost.com,washingtonpost.com,2026-09-23,https://www.washingtonpost.com/opinions/2026/09/23/trumps-politics-maga-vision-are-stuck-americas-past/,en,2026-09-23,
How conservatism went from Reagan to Trump,Washington Post,washingtonpost.com,washingtonpost.com,2026-09-23,https://www.washingtonpost.com/podcasts/impromptu/how-conservatism-went-from-reagan-to-trump/,en,2026-09-23,
Trump tells judge media ban is necessary to protect national security,Washington Post,washingtonpost.com,washingtonpost.com,2026-09-23,https://news.google.com/rss/articles/CBMiugFBVV95cUxNcXRpYlQ0bzVKcFVjMEdaQ194MlJXckNJYUtwVUh3REFkNERvRUo1dGYydG9vLXVGaE9SQUhDVUd4S1NJSlN5UjNxaG9TZ3lHSmVnbDkyNDVRaS1jQlEyWG8wQ1RseGdPMmhYREwwQ1pVQmV6d3h3S3Rfbi1GdThDZVpiTVB4Nl9nRkJjTUR4aXhBbVJ5WUNSQjlwa0ZMYy1sTlVtaEpHejFnQTdPaWlsYWJNZ2Y2MzAxb1E?oc=5,en,2026-09-23,
Trump plans lavish welcome for Xi at summit focused on spectacle over solutions,Washington Post,washingtonpost.com,washingtonpost.com,2026-09-23,https://news.google.com/rss/articles/CBMirwFBVV95cUxQSkFGX3ZUSHZQbzVIQTA5RDBWRUgtNTNDS1BUaXo3bXVLTUhHTGZsbkZ4Slg4bnIyQ3pYcmJ2RkpqVG0zTnlIRzBoaUNrN0ZyQ3I4SzRxbWR4OE9oay1SRFhUMHRGTnFUUFRxT0dCMFV6VGhmRHBqRmgtVkFuMjV0emwzUWhNZmZydzdKeDktajFTLTBta3pfTFhTYjZ6UFBaZzVHRWxpU2cxbzJZUWdz?oc=5,en,2026-09-23,
Trump says he’s called for a ban on diesel exports,Washington Post,washingtonpost.com,washingtonpost.com,2026-09-23,https://news.google.com/rss/articles/CBMisAFBVV95cUxQVl9zYkdTTWxJLWpoTmt2c1NPdHE1dkR0QU8waFlhU2tDTm9GQmQyT25WMlcyNHpNOE5QdW1LRDZaN1ZaSzl6LWFLbFd6RlNoSDZISUZSZkFGTnBTSXNQYXNUdVB1R2lkcC1icm1OQVZHN2JLWVpxT2R5X2x2dTc5clpOM1VqZXc4c0stRmt2UERLR2c1ak14bDZXQ3NBbDkwTHd4T2JhNU9WSkZrcnozTA?oc=5,en,2026-09-23,
Senate Armed Services Committee chair criticizes Trump-Xi meeting,Washington Post,washingtonpost.com,washingtonpost.com,2026-09-23,https://news.google.com/rss/articles/CBMitgFBVV95cUxQMEh2UEtHeEY1Rzdna3FNLVZpT0E2Vk9FWTd0Z2NvN3JtSHE5T0QtQ09wVlgxanVEaWluTmhEdFVOX0xtTHdrajRXbmFZOU1LWHJNbEROOGhYZC1hM05raVdRRElPSjhGOXltaTlyM01xSU9zeno3N1lWN2NLNExwM2V5c29tSTN1R1ZiOG1hdmVwNGtIcVY4VGpIeTN1VFg1SWFNWWMzaVZfS0YzQ2tHZG9hRFlfdw?oc=5,en,2026-09-23,
Florida governor candidate Byron Donalds removes Trump mentions from campaign website,Washington Post,washingtonpost.com,washingtonpost.com,2026-09-23,https://news.google.com/rss/articles/CBMiwAFBVV95cUxNWVFWWENiZEJwUWFNakdCMGJjN2R2M00xdy12Y0dLY21zTEd6cWtHZ2ZmYmVtaVdNOEcwRGhDRG5hbDloa0p2eTJEZnhzYmZRVFNBaDNUY004S19JVkNEMi1yaURpUkthbWFMRWFlc3lIc2YtVmwycWxZazRsY3hQdjhzcGVBdU1aZmRUZEk1V0ZwRkpmSmhZVWtLeTRRbEN5ZVpRdUc3YkF3WHR1bEl4eXhFQVp4SEZSOWxSaEkwdjk?oc=5,en,2026-09-23,
"U.S. and Iran had ‘very good meeting’ over ongoing war, Trump says",Washington Post,washingtonpost.com,washingtonpost.com,2026-09-23,https://news.google.com/rss/articles/CBMirgFBVV95cUxNUE04MWtUR1pDQnU0RmYzdnREY3d3VERsN3hQR0dxbFBYZ2JGVlk2TzFES2RtdFJ5V2RDNXZZOGw5NHVfTHZyY3VKX0kzRjdlY1VoWFY3UmRMVXE0cWxuWHVHMFBZajR6YUxNZk5lbW93M2E1YzlmM1VhaFBrMXNDRUxzWXBRYTdUdHFDY0JINzNWdUc1YTZFWXlVME9PNndJd281eDZieWczQzR4d0E?oc=5,en,2026-09-23,
Republican candidates are breaking with Trump on Iran as midterms loom,Washington Post,washingtonpost.com,washingtonpost.com,2026-09-23,https://news.google.com/rss/articles/CBMitwFBVV95cUxNUjVlWnZhYnE1Y0t0YWI0bUpEWEozcjRjeWhsZFFhdUlnbmpDM3lObWg4SGNtWWdmTDllVE1pSDQ0SFc2ZnI5M3phQVBWTk5WZUVjaFRRMVNvQlZ3SE01ZlNLODRvMlN0a05EbjVVYUctcmg1eklWLWVGNVd1NUJxNUt5MW9FQWdRS1VvdW1nRkxBWmloOW9YaElfakE3N3ZJTW5ZcjdSNXpqWlRVbWRCU0dJTk81czQ?oc=5,en,2026-09-23,
Trump pledges to open new Arctic military bases as he signs Greenland deal,Washington Post,washingtonpost.com,washingtonpost.com,2026-09-23,https://news.google.com/rss/articles/CBMiyAFBVV95cUxPUFdOU2x3VDBtaTVVNVNhVFhNY0NndEdZdzNlVkNmajhXWlM2bkZ5SFF4ODJfVFZHZGN6NEtGYU10aEI0UV81WlpLODVOeTVVOTdvZ1o4cnRaekcxdmo2Mm9Tamh1akNVTGJiX29kWE1UM2NrWEUxTW02YThWdWU3dG9kMXJiamNXb0hFRTE4NzZodUYwdW5mRG4wRW0zOTJOeWVlMmlxQXlrWEJqRldXX3dWcUlBZUNKOTllNU5RckprdGhhVWZuTg?oc=5,en,2026-09-23,
Trump berates CNN’s Kaitlan Collins after ban: ‘You shouldn’t be covering me’,Washington Post,washingtonpost.com,washingtonpost.com,2026-09-23,https://news.google.com/rss/articles/CBMiwgFBVV95cUxOQkh2WVBjc0hPNjRoUzdLQTNPbDAtZ2lJOWh5azNhN2laS2tSSktiaVl2aEstNkZLNjZHNzY3OWIwd2k0WndDRmxNREdNd3VqS1JOeFNNQlllckJaczVuV0t1MUs1cHozc3VWOEVyenFXeVdmc2lQQ3NoN2VNZmkwOHZYSkxNRU9rRXdCZi02S2dMdDNVVWN1N1NYZ3JtREZjaXFZOEc4X3ZKWVZHZjhZMlhuWjB5MElBLWpuRWJBellPZw?oc=5,en,2026-09-23,
"Trump officials cut 760,000 enrollees from ACA, claiming fraud",Washington Post,washingtonpost.com,washingtonpost.com,2026-09-23,https://news.google.com/rss/articles/CBMitAFBVV95cUxOYjRCbkFFOWRvVUNzczF1Q25yV3hYZ0o3WHVMVHItWjZEb1Fmd3lId00yblR2ZXNJSFNxY2JMRU8tcjVOR0NxLW1GWm16ZVFiOVVvcDVUTmJlamNuV2U0amZXYUs2Z2JBZzZQNTNaZmcyWmh2YUkxMUR0UnZPRkVieTRTTm9ITi1iSTdDRjE5dWhISC1sZnVyUXBsRWZNblpkYURrUDdNajNtaHhDRmFGVXoyd1E?oc=5,en,2026-09-23,
GOP senator calls for probe of Trump’s son over Russian oligarch’s role in wedding,Washington Post,washingtonpost.com,washingtonpost.com,2026-09-23,https://news.google.com/rss/articles/CBMitAFBVV95cUxObFdXV3BZYTFOSGpEa2sySTgwV1h3SDUtVXhXbUdwSXVzY0JJdUJDcGZMNlFWQjJpaUlBdm9fb2VNMFdXMWlVdG9EX29RSkhrZmVPRjFqM09uQloxcTJXTlV4cWlSV2prWU11ZC1Bc0dGTV9IZVFYWmlndWl1TEQ0RmdoT2hvd2FNajh4NG1aVndFU3RxVTM2UHlDRjJpMWFlM3VKYS1DWGVLaWRPR3d3U2ZKYjk?oc=5,en,2026-09-23,
Trump warns U.N. he might ‘annihilate’ Iran as war overshadows diplomacy,Washington Post,washingtonpost.com,washingtonpost.com,2026-09-23,https://news.google.com/rss/articles/CBMiqwFBVV95cUxNeG94eldoMEVmeW5Relh3V0U5S29XbERMeXhRTktZOC1XalhLMVU0R3JFVzI1X2N2WHBwWVJRbl9JVE5IS3dCb2o3S3hQQmVQaXpMYjE5R2JyZEF2SmZfaDZYakxRR29jdGxpOTVlOXpzTlZiZVN6Q2xmUHYxVndMS1Z0NVJ5OWt6b3duX013RTJRZFBITXlKNWdHRmJaNVlPNU9SOVNtN0FnN0k?oc=5,en,2026-09-23,
