title,outlet,media_url,media_name,publish_date,url,language,date,debate_performance
"As a US attorney, I see fentanyl's horrifying toll up close. Congress must act now",Fox News,foxnews.com,foxnews.com,2026-08-19,https://www.foxnews.com/opinion/us-attorney-fentanyl-horrifying-toll-congress-must-act-now,en,2026-08-19,
Conservatives can fight the rise of socialism by defending the American family,Fox News,foxnews.com,foxnews.com,2026-08-19,https://www.foxnews.com/opinion/conservatives-fight-rise-socialism-defending-american-family,en,2026-08-19,
3 big questions to ask Mom and Dad before you make a major financial commitment,Fox News,foxnews.com,foxnews.com,2026-08-19,https://www.foxnews.com/opinion/3-big-questions-ask-mom-dad-before-major-financial-commitment,en,2026-08-19,
Trump’s wake-up call to Seoul,Politico,politico.com,politico.com,2026-08-19,https://news.google.com/rss/articles/CBMimgFBVV95cUxPQlJua0N6My1vSHlleXZ1Mk1yLXd4dWxuVGhvS09oVGJ3b3NkZjFmdEx2eVFQeHBVYWE4WERVZGpKT2tJY2hMT1I0ZHpqTGpKTy1mUDFJWFpXcFhJSFh6S0J3M2NjVzlYMV9QS0x5VHNkT0xFZTN3cjlubEtGRWpFSDJHLTJ4OVhLSWZLOHFEalJZVFp3bkMwdEJ3?oc=5,en,2026-08-19,
"Trump discloses 21,000 securities trades during first year in office",ABC News,abcnews.go.com,abcnews.go.com,2026-08-20,https://news.google.com/rss/articles/CBMioAFBVV95cUxNRXRKN3Z0andHTXp5WjRNQ2xkUjcxS2tCeHpfdG9EeFRpaGM1Q2IxZFM4akNkQm5IZkt6NnEwRFNsNUQ2VUpYaXdaQW5LZEFsNC1OcHhKNWczS0QxSDZ6RE9qbGFieUdvaHpsNldGczhQa1hTQjF2aGZiSl9wcUhlaENId0I5VWx1cGJFZ1NCM0IyY2M2LWtKRkVDX3I4WDYz0gGmAUFVX3lxTE9Dc2ZEcnpkNmxPUVphbjRJcnBpaGNsM0EyVXlsQTFwdmg3TWZXekcxSUR0cGp3RWttdU5NMkRFVkZlV280MHV1V0RQOWtrTzlLQTlRQkE5eGpXaF9Yajh2NC1ITkdqSmhYcFY2ZFlLeE9nTjFKWUdKaG12WDlVTzl3VWIxeTdJRldpOFpsbEdXM29abG1KejFLLWdnWVBBVEtXSHdtU2c?oc=5,en,2026-08-20,
Trump claims fallen soldiers said 'we cannot let Iran have a nuclear weapon',ABC News,abcnews.go.com,abcnews.go.com,2026-08-20,https://news.google.com/rss/articles/CBMipAFBVV95cUxNQjg5NHl4dWUyQ0JyWnVDQ2dkbHFxaGgycjRNcy1OYktOQXlaLUxqWk1aT2ZEdlVoWm9TakEwSXA3aTAwTmFjdXZOZEhHdzE2WVZOMzBXaHZvMU9FYzBqZ25Fb1hXbHBEdVcxWTZ6OG5xcmIzUEhhdkp3VEUxai11c09GZDctSVVaQUhsblhYUThGYWRwem91bE4yWU96QWJlcC1OMtIBqgFBVV95cUxQeDZUX3JYWnNEUjl0OXJpMmhodjg4TVFmbkg5UmxOMjdMRTFsOXVGUUFfbExtUWx6T1JOLTBBTDhwaTNMRzZ5REtCWHcyXzNjMlAyUU5yWlJpTkZwZnBJWXl1OXpBUGhMb1ZZd3dVNnhpbWQtVjc0U096VlVpM0d0dldmckpZVTZGVXd2VW02VnM1VWNyX3RwZGhpWU1jZ3hZWUxncGI1RW8xZw?oc=5,en,2026-08-20,
Trump accuses Democrats of 'trickery' over candidate with same name as Alaska Sen. Dan Sullivan,ABC News,abcnews.go.com,abcnews.go.com,2026-08-20,https://news.google.com/rss/articles/CBMiqgFBVV95cUxPQjdGZjVxZndiVm1MakVaMlpuZ3FFOHEwX0pMYXBUdkllcmo1VkZyTWxTZnZ2OWlQOEtEQ0N1RXVoMlpwRmhHQjBuQ05JYmQ4RDFPbjVDTWZyUzQyWF81UW1INWx0QjdONFo4U0laLUpYZk92bnl6MFI2Y2tsR3JRckF6TEFndE9yRUI4YXdJNEpQVDZpc1lfY00zd3hMN1pZVS1Ra0NCbTdYQdIBrwFBVV95cUxNOUhjLWUxSlRnTzdEbENOak9zMFhUSmpWUWdVLVlyWUJxZEtzeDI2QWVDR210MnlGb1JONkx5cGFpdi1xMU51dWxEYU84WU5XYzFsc28tcHMtQ004S25YVHZPaFZfaEFENURLREQ3YU55ZC1SWUZWWE5Qbk9ZZ3Q3YnV6ZFBFTXlJU29mOFRQQURSejBXMmU5Q2JuS2tvZjlvS0lGaXhiZkw1UHJyR0JV?oc=5,en,2026-08-20,
Cook Political Report downgrades Finstad's reelection odds in Minnesota's 1st District,CBS News,cbsnews.com,cbsnews.com,2026-08-20,https://www.cbsnews.com/minnesota/news/minnesota-1st-district-jake-johnson-brad-finstad/,en,2026-08-20,
Coalition alleges companies are violating Maryland's new data privacy law,CBS News,cbsnews.com,cbsnews.com,2026-08-20,https://www.cbsnews.com/baltimore/news/maryland-data-privacy-law-violations/,en,2026-08-20,
"Trump threatens Iran with ""economic D-Day""",CBS News,cbsnews.com,cbsnews.com,2026-08-20,https://www.cbsnews.com/detroit/video/trump-threatens-iran-with-economic-d-day/,en,2026-08-20,
Trump claims North Korea has 57 nuclear weapons,CBS News,cbsnews.com,cbsnews.com,2026-08-20,https://www.cbsnews.com/video/trump-says-north-korea-has-57-nuclear-weapons/,en,2026-08-20,
Trump to rally with Darline Graham ahead of South Carolina Senate runoff,CBS News,cbsnews.com,cbsnews.com,2026-08-20,https://www.cbsnews.com/video/trump-to-rally-with-darline-graham-ahead-of-south-carolina-senate-runoff/,en,2026-08-20,
Michael Cohen hosts Trump on radio show,CBS News,cbsnews.com,cbsnews.com,2026-08-20,https://www.cbsnews.com/detroit/video/michael-cohen-hosts-trump-on-radio-show/,en,2026-08-20,
Maggie Haberman: People in Trump’s world are ‘not happy’ the President is reuniting with Michael Cohen,CNN,cnn.com,cnn.com,2026-08-20,https://www.cnn.com/2026/08/20/politics/video/donald-trump-michael-cohen-maggie-haberman,en,2026-08-20,
Michael Cohen says no modern dispute has been more public than his feud with Trump,CNN,cnn.com,cnn.com,2026-08-20,https://www.cnn.com/2026/08/20/politics/video/michael-cohen-trump-jackson-burr-digvid,en,2026-08-20,
"U.S. Navy considering renaming carrier slated to honor Black war hero, potentially switching it to Trump",CNN,cnn.com,cnn.com,2026-08-20,https://www.cnn.com/2026/08/20/politics/video/u-s-navy-considering-renaming-carrier-slated-to-honor-black-war-hero-potentially-switching-it-to-trump,en,2026-08-20,
Michael Cohen says he’s submitted pardon application to Trump WH,CNN,cnn.com,cnn.com,2026-08-20,https://www.cnn.com/2026/08/20/politics/video/michael-cohen-says-hes-submitted-pardon-application-to-trump-white-house-the-lead-jake-tapper,en,2026-08-20,
Questions grow over why Trump Cohen reunite after massive rift,CNN,cnn.com,cnn.com,2026-08-20,https://www.cnn.com/2026/08/20/politics/video/ebof-lanny-davis-reacts-michael-cohen-donald-trump-interview,en,2026-08-20,
A Maryland community on edge as Trump targets Haitians for deportation,CNN,cnn.com,cnn.com,2026-08-20,https://www.cnn.com/2026/08/20/politics/video/maryland-haitians-trump-deportation,en,2026-08-20,
Great nephew of Black WWII hero: ‘a shock’ to hear ship may be renamed,CNN,cnn.com,cnn.com,2026-08-20,https://www.cnn.com/2026/08/20/politics/video/great-nephew-of-black-wwii-hero-a-shock-to-hear-ship-may-be-renamed-lcl,en,2026-08-20,
Michael Cohen on repairing his relationship with Trump: ‘Forgiveness does not require amnesia’,CNN,cnn.com,cnn.com,2026-08-20,https://www.cnn.com/2026/08/20/politics/video/michael-cohen-on-repairing-his-relationship-with-trump-forgiveness-does-not-require-amnesia-the-lead-jake-tapper,en,2026-08-20,
Together again: Pres. Trump interviewed by man he once called a ‘rat’,CNN,cnn.com,cnn.com,2026-08-20,https://www.cnn.com/2026/08/20/politics/video/ac360-trump-cohen-reunion,en,2026-08-20,
AI wealth fueling housing market frenzy in San Francisco,CNN,cnn.com,cnn.com,2026-08-20,https://www.cnn.com/2026/08/20/business/video/ai-san-francisco-real-estate-market-didomenico-live-082004pseg2-cnni-business-fast,en,2026-08-20,
Geoff Duncan: ‘There are warning signs going off every which way’,CNN,cnn.com,cnn.com,2026-08-20,https://www.cnn.com/2026/08/20/politics/video/geoff-duncan-there-are-warning-signs-going-off-every-which-way,en,2026-08-20,
"Trump’s new strategy, claiming Hormuz for US more | Military experts on Iran",CNN,cnn.com,cnn.com,2026-08-20,https://www.cnn.com/2026/08/20/world/video/military-experts-82026-ytc,en,2026-08-20,
Michael Cohen on burying the hatchet with President Trump,CNN,cnn.com,cnn.com,2026-08-20,https://www.cnn.com/2026/08/20/politics/video/michael-cohen-on-burying-the-hatchet-with-president-trump-the-lead-jake-tapper,en,2026-08-20,
"Cambridge professor's death after resignation sparking dangerous calls for media censorship, scholar warns",Fox News,foxnews.com,foxnews.com,2026-08-20,https://www.foxnews.com/media/cambridge-professors-death-after-resignation-sparking-dangerous-calls-media-censorship-scholar-warns,en,2026-08-20,
Tea Party founder launches nationwide 'Data Center Revolt' against AI data center expansion,Fox News,foxnews.com,foxnews.com,2026-08-20,https://www.foxnews.com/media/tea-party-founder-launches-nationwide-data-center-revolt-against-ai-data-center-expansion,en,2026-08-20,
Fentanyl deaths plummet as White House points to Trump's sweeping crackdown and more top headlines,Fox News,foxnews.com,foxnews.com,2026-08-20,https://www.foxnews.com/us/fentanyl-deaths-plummet-white-house-points-trumps-sweeping-crackdown-more-top-headlines,en,2026-08-20,
EXCLUSIVE: Fentanyl deaths plunge 22% as Trump White House touts crackdown on deadly drug crisis,Fox News,foxnews.com,foxnews.com,2026-08-20,https://www.foxnews.com/politics/exclusive-fentanyl-deaths-plunge-22-trump-white-house-touts-crackdown-deadly-drug-crisis,en,2026-08-20,
"TPUSA school clash spirals into threats and outrage as mother denies touching, screaming at Indiana teen",Fox News,foxnews.com,foxnews.com,2026-08-20,https://www.foxnews.com/media/tpusa-school-clash-spirals-threats-outrage-mother-denies-touching-screaming-indiana-teen,en,2026-08-20,
The 24-hour American diner is vanishing — here's what's driving the decline,Fox News,foxnews.com,foxnews.com,2026-08-20,https://www.foxnews.com/food-drink/24-hour-american-diner-vanishing-heres-whats-driving-decline,en,2026-08-20,
Walmart mantiene expectativas cautelosas tras obtener el menor crecimiento de ventas en 6 años,Los Angeles Times,latimes.com,latimes.com,2026-08-20,https://www.latimes.com/espanol/eeuu/articulo/2026-08-20/walmart-mantiene-expectativas-cautelosas-tras-obtener-el-menor-crecimiento-de-ventas-en-6-anos,es,2026-08-20,
Premier de Manitoba arremete contra Trump y pide a Canadá no ceder en acuerdo comercial,Los Angeles Times,latimes.com,latimes.com,2026-08-20,https://www.latimes.com/espanol/internacional/articulo/2026-08-20/premier-de-manitoba-arremete-contra-trump-y-pide-canada-no-ceder-en-acuerdo-comercial,es,2026-08-20,
South Korea military drills / Pivot to Asia? / USS Lincoln,NPR,npr.org,npr.org,2026-08-20,https://www.npr.org/2026/08/20/nx-s1-5937963/south-korea-military-drills-pivot-to-asia-uss-lincoln,en,2026-08-20,
NEWSLETTER: Trump's DC makeover advances as Iran agenda stalls,Reuters,reuters.com,reuters.com,2026-08-20,https://news.google.com/rss/articles/CBMilgFBVV95cUxNTDM2MUlpY2Zhc0xTLTg0VXM4T0s5Z0xiOVVqejAtRlJhTi12eTlZY3MyU0hKY0NjTFFvbHY3OTFuWDJwR0diRENXbkRKOU1jczhienF2bnRRZW9xRnd1QXltd1VvZ1FKUjN6TmdqR2ZVcTN6RnJManJpXzA1TWFnZ3JyY3ROZ3lHeEhGZS1iRzNqRVVIUWc?oc=5,en,2026-08-20,
Navy may name new aircraft carrier after Trump and not WWII hero,USA Today,usatoday.com,usatoday.com,2026-08-20,https://www.usatoday.com/story/news/politics/2026/08/20/navy-trump-aircraft-carrier-doris-miller-rename/91396754007/,en,2026-08-20,
Thursday briefing: Harry and Meghan; tea benefits; Trump’s Irish ballroom plan; and more,Washington Post,washingtonpost.com,washingtonpost.com,2026-08-20,https://news.google.com/rss/articles/CBMijgFBVV95cUxQdHJ0SnVhcWMwZXNfdXdWQkRMclRmMTZEUGJOeVN6MGdBWTgtLXFINnk2eHlIWnVuVHFjSmpVYnBXbEJCRk84aVQtMVVHZ1Q1dWxmdkZaa25zQUNHZTN3MUNUY19YYXB0NW96a1JnelJROVMzTTk5VkpYMk00LXdQS1ptTTliamVXNE1nX0l3?oc=5,en,2026-08-20,
MAHA activists urge Trump against promoting coal to power energy-hungry AI data centers,ABC News,abcnews.go.com,abcnews.go.com,2026-08-21,https://abcnews.com/Politics/wireStory/maha-activists-urge-trump-promoting-coal-power-energy-135845160,en,2026-08-21,
Video Hamas agrees to disarmament in Gaza: Trump,ABC News,abcnews.go.com,abcnews.go.com,2026-08-21,https://news.google.com/rss/articles/CBMiTEFVX3lxTFA2YWtneWFGQVRmR2ZwT1poQ1ljMW5jXzBnTURrcjAxVkJ1N3Q3QjRCSVBmWnVYdjlVa2dNUUFjUWNJaWxNakZYellqaVk?oc=5,en,2026-08-21,
Trump announces temporary pause of beef import tariffs in effort to lower prices ahead of midterms,ABC News,abcnews.go.com,abcnews.go.com,2026-08-21,https://news.google.com/rss/articles/CBMiqgFBVV95cUxNODA5OGRVSGZIMzNPTzAzdzFpWC1ZWnJQYV83VUJicnBCeDF0WUhMR2pjTlU5d1VnbElidWEteVZGNXpzdjBCSF9zNmFCdnJxZm50UlpjTC1EdTdUOVQ3N0xTSkZ1UEpwSENCLXJBNllYRFdaYUNSTnRqZzRBOVRWdXVBMGh4N1N4b3AxVWJCUjkxX29QRGtOT2VpX0JvTC16SUlnRDVlNFluUdIBrwFBVV95cUxPakhVVTNzRVRNNVBSNHJjS2lOTDRkcFB5M19EbHY5bEg2VTZMcTNmdk80VWVIWjB4cVRiS2lERUx0N3dpX3JTSjB3Yzc2eDNaSTBNSkdDbVdRUDVrdm5LZWl5Z3BVclhOLUZIb0t5akxfNDY0SnlxNGRrM2JlR2w4ZjRyUk9YQXdIOXBiVDBDMGNRMFhkNjZuUFZ5Und4aG8xMm5wNklLMTl0bUpCR1lv?oc=5,en,2026-08-21,
‘Go home. We love you’: Trump to protesters,ABC News,abcnews.go.com,abcnews.go.com,2026-08-21,https://news.google.com/rss/articles/CBMiS0FVX3lxTE82UzlUV0JtY3Z4aWdzczNWbEV0aEkwakVmVHVhX1dPblZ3Q04tekwyUE5Kb3FISXlvV19ZT0pTdHNqOEkxQlhqTlhiOA?oc=5,en,2026-08-21,
"Trump says Ed Martin, pardon attorney, is departing DOJ",ABC News,abcnews.go.com,abcnews.go.com,2026-08-21,https://news.google.com/rss/articles/CBMimAFBVV95cUxPTi1fcE1mWGgwNHpKUGZWaDEySnNmOE0wQTR0RWdLUk9IVG82bzM0YVdfSVlkZjZYOHlSV0lTd0dXLUk4V29KTWNjZjlRdFdIbXFsYXVfUURrNUVTMkpVcjF6Vm40Y0szZWlPWkxLQUZ6d0tfNW9oMHo2MVJ6elNRTmtZZnUzUWFNQ1NocXBsWDdHUFR0QTNRRtIBngFBVV95cUxOOVpMcG14R3hjV3pYQ25fd3RPTW1vaW1Fa09rVjQ0bWpQcVd3LXMwNU5qT2FGN0dmZTlCNjVoUE41clJVeFU2S0hxaks4X1NFYWpuMlBkZXVLbnRTc3M3RUk5WjJ4NkdITWduUG9JTnhkSURRTExQQnFSbFZFNlUyRTM2b0ZXY3RvM1pyN0lvcXFYMnplV2E3SkFHWl9zQQ?oc=5,en,2026-08-21,
"Trump's signature will be added to US currency, Treasury says",ABC News,abcnews.go.com,abcnews.go.com,2026-08-21,https://news.google.com/rss/articles/CBMilgFBVV95cUxPSVBSb21sWjJSbFlBS2lIQ1NWLWFadVRkV3ZqN2xpaTZIb3NiSXFVWUhmVS1ETGZjcTVaMEtHMmFUdWVnNjgyZWZhT3lFaVNlQkNlTUlLZ2JSV3pfejczYmlEQlR4WVJudVFWcVEzNE44UmgtVzB2WFhuUlE3UUlrdDVRc3VsYmhFdElOUUUwMWItNXByc0HSAZsBQVVfeXFMT1VBc0xjSnFuMU1meGhLcl9PcUZpRXJFZGZrdkE5Q0tRMm9Ob1RSZ184SzNJY2RZdTVlRUVYWlp5VEVYOE9GZUkxU0dBNVJUWm9SZThCRl9sanE2cDl4aWh4RVhWVzVKMFZhejVJU2Nyb2oyaHVObmNWOUJFMl9GUlJnbjJMN19aTUswRW11eUlJMHNJcTBoaGNkUW8?oc=5,en,2026-08-21,
"Trump replacing Pam Bondi as attorney general, Todd Blanche to step in",ABC News,abcnews.go.com,abcnews.go.com,2026-08-21,https://news.google.com/rss/articles/CBMingFBVV95cUxOMlF6RlZzSWU5aXFxWkNoR1IyUnRIY2NVeXFsejhreTV4ajQwUlh6SDhVdmZHblFtQzY5VFlPbVZTYjU3UWRFRFItOWROdEtvdjU1U0J5b19Hb042ZVZZOFRIVE11T0p5TTJYT1dWRi1TTC0teXVyQTI3ZEttOXR0alFIWnhiQnRxWjVJQjJNSjJxX2xlZVVQQllNZGo4UdIBowFBVV95cUxNaGdYajUtQXotMFpXWGI2NXpPQlJIU2g2TGxkd1YycUpPVGhBYUJmY1lBUDROZi1PLUJic0dKWkVRRzlyTHZNZmpfNG1mTTg1Vk9lbmhBRTF4RFQ5ZVBja0l1c1FhekstWGlTT0ZFZDU5bUJfd3hhSE92eVlmUm5zT0R6eEluX1lUYmkxWXNHQi1LMlctQUQzSUFZRElkbGs0VFZR?oc=5,en,2026-08-21,
'It's his decision': Netanyahu says choice on how to proceed with Iran is Trump's,ABC News,abcnews.go.com,abcnews.go.com,2026-08-21,https://news.google.com/rss/articles/CBMikAFBVV95cUxQd3N3QWRxSWRObVZaQ1JBQWxYOUxwQU9DNl9IdWJ5Yk5jelc4aEpPMnZkblhGRXRLckpxWmNISmg4WUVBZ2o1RWxsQmdsSE1LMmF6V0ZOQW1wNjQtejVHYlJRZVNwalVOSndIZkZFLWNCNi00Tm1qM3BMMGlxdzlFUTRqOG1XWl9OZE5nSmZkN1PSAZYBQVVfeXFMTUt0b2FHckFRN2sxb2VLZUU4UnhCSjNiVnpyczRmdW42RkVPRzZxMzluTFM2clNQb0c4WWppNEFtb0xNQ2Z3TkN4Nm93ZWFOWnJKQ0xBbHd0QWlHYXpDSkczekhhUWR0dTA4SGRQXzh6ajlrbmtnMHNEdlkyX2NPUFdJc3RZR0ZtdEQ3VERlMHdsRGVHRHpB?oc=5,en,2026-08-21,
Trump cancels signing of bipartisan housing bill until his SAVE America Act is passed,ABC News,abcnews.go.com,abcnews.go.com,2026-08-21,https://news.google.com/rss/articles/CBMiqgFBVV95cUxQZ05DS3BxSjRwaEhnWFlueEd1MjhnZWgwRk1hRnoyNlRndi1uMTJaclVWbTJ3M1JTVEEzTHpTVXpDQjZDcG5tVDdvM1UyRld6ZWp4YUFPZzNmNERsM2xSdG5lbzVnWktPSXoxTTB6eVM4bEEzbjVHY3Jla2FDUk5fZkpJbXZubXNwN2RoY3poSTZwMDI0OHZDbW1yVWFPRG9aVmtnRnNVVFlFQQ?oc=5,en,2026-08-21,
Navy mulls stripping Black war hero’s name from aircraft carrier for Trump: Sources,ABC News,abcnews.go.com,abcnews.go.com,2026-08-21,https://news.google.com/rss/articles/CBMiowFBVV95cUxNODZFSkdqN2ljN2hqcWZpWkxnMFhJRjFVZmhaVEtGZHdLODRCeE9CUlFHT2pfWDl5ZUJuNURpeF8xQmFWb3owbGpKVEd6d2hiNTBZcEVQZFpiLW9iTVAwcFlCVWtBWmU4X1VQcWg4R2Y1QnppUUdmT0J2VlZ5a0p0Q2psWjhqS2ZKVGZER2ZBcEFoZzc4RnJHbDVsVThYT1lSTnZj0gGoAUFVX3lxTE9OTzczaUJCV1NkcWF2Z1FycDJKWDBscUgzTU8yRlVZdDZSNFNXR2lSX09BUUtpVk1KWUlhZWY5aDJsT1hWUjZCc2RaQW9JcU1RdXZtdjF6MkoyQkJmU29EQXRMS1dYOHVYUGNXVlNnaWVJYWxleGxSV3diUElxd3poeTU2VDJqekNZMXZ0azNtX1NaNDk0NDFBelAzTDBKS2lmTEdtSGNFXw?oc=5,en,2026-08-21,
Video President Trump to appear on Michael Cohen’s radio show for an interview,ABC News,abcnews.go.com,abcnews.go.com,2026-08-21,https://news.google.com/rss/articles/CBMiTEFVX3lxTE91SHZmTVJtU1hSdkloZ1BSTHJWckpZRzNLTTdybmpGQkw1ci1hX1RlYkxqSXEyWlBVYmxWTjhxeVVHQkNCbXdwNWZ1UzA?oc=5,en,2026-08-21,
Trump blasts MAGA influencers who have split with him over Iran,ABC News,abcnews.go.com,abcnews.go.com,2026-08-21,https://news.google.com/rss/articles/CBMikgFBVV95cUxOQWhVU3VuU01YSXZEaWt2YXVkT3BmZ05vU2p1SGdwb1JOSzU2bS1oU1Y4SjBfUTE4RkdVQ0Vzb2hHRmdMbXpiQms3UzJ5VXdIa3BCaXIzbU0zR0JheG5DZUxvLWpKVlI2R3diR21xZmlHRzM3dldhaTkwN1VXRV8yOXdWRmhJNjM4Y0RVaXhPM3JMd9IBlwFBVV95cUxQWlFkY1lrcnpvVk5MM2FXY21Wa0hLRFplcjktQU1jTW1Td2E3SjRCS3NGZ2dCLXgxeVhYQmVmcURrZFBuekhySmxqM2V1eVl4bm9GemJOQm9fYzhSUDlYMFNKdXBWZU1VbWplQ05xNGlNal82YmV5UXJGRUIwTFAwUUJXRllTRERMdDNNVHJVNnNlWFYxUEE0?oc=5,en,2026-08-21,
Trump says he's sending ICE agents to airports Monday amid DHS funding impasse,ABC News,abcnews.go.com,abcnews.go.com,2026-08-21,https://news.google.com/rss/articles/CBMipgFBVV95cUxQWUlxd3p6cUJBN0ZLOWZ3anVVM2pteURrLVo5T29yVnliRk9xVlBzS0N3Nm1WbThtMU1BX3RVYXpPRlJ5eTBSbjFTNXV1bGtCMUNWaU9HMXJVSHVtUEpXaVlpMjdnSUZWM21MM0xyckxtX1VHV2R5dmRpdW9Ncmp0N3NHd21FbUNnSFIwRVZlbHFia1IyME5KbFlKNXFtMDg0aGFXempB0gGrAUFVX3lxTE1WbXEwTjhTU2JiNVhGTUk1cXNiaUowbW5mYWExWnBZell0T3MydXZQY0tmR2ptdjZSaUx4NElnR2xkYjAwQk1jckl1R2dvczNfb3E4QThrN2pJTW9RNlBhVGZ3TlZKQkNJS1Z4dHZua1VpZmNESklxM1l3MTNNd3hsdF9NRnZvbDdCWHpITk1xd3hzYnNnOUxrM3c1QUdDMk1UTmxMblVsRlZ2Yw?oc=5,en,2026-08-21,
White House says Iran 'backed down' to Trump in agreeing to ceasefire,ABC News,abcnews.go.com,abcnews.go.com,2026-08-21,https://news.google.com/rss/articles/CBMinAFBVV95cUxNWlFUWUlFZVlBbGNWQkNvWlRkMGNsRlRBQzdIbEN1cWJxSDZVWUI2cVcxdTlGUFFyUW1IeHVWN3RCZFRVdWlld3A5Mkk0bERKYjBUb0xCWGRmcUgyMUVCbFhQUEQ2SW9YNzdBc0FmUVU2eFRLWVZMWmJmSS10NnR5UEZUQnZBY3BPNFBpRldkUHJxaE8zeVFyZkNPZVjSAaIBQVVfeXFMTnVrbFFDcnEzbmxyQ280Qk9STF94YVFzdFBlWWJOWUo2UHB1SGtxZ2ZXX2JndklWZ3dMZ21fVGNUaVZXWkcxYTZMX1JaMVVFMEdXYnd2TlFRamxWQlhvS21pUUN0VF9EN0F6RjlyX0FkU1BkN1ZhQ0o5bUZBbUg5MUxhYW1xNTVhUzVYYjBPMlEtaUJ1R0JqcklRMjFXaHFac1Bn?oc=5,en,2026-08-21,
Trump floats suspending the federal gas tax amid rising prices,ABC News,abcnews.go.com,abcnews.go.com,2026-08-21,https://news.google.com/rss/articles/CBMioAFBVV95cUxPWVRWb2MtSjNmZGtla2wxZDVUR0oyVFVaTV9RQ1dpYVB2dmtGOUVmUmVucWR1ckxfZXpFVlIzRGZDZmtRZTdtNmxsbUJzU3hiMzVIYm1EYncyX3h4dmwwdWRjdjFmR0RFelB2SzhNampmMThpSzNON21rOWNlT3FrV1NnbHBXdk03bmNzUWxHN3NkRGk3aXZ6UjFwNzBGSHlF0gGmAUFVX3lxTFBzb2JUV01zbnQza1ZnWEpmWHpGZy1QNXdTdzVwWU5ZOGtTZE1RVzNGcDRfV2Rkb185Qnp0NzBXMXQzdnd3Q0JFNnNJNHJFdThheFNodjFCZVVSTEQ2dkVWUUZHXzFYVmRkUHBwTmNjWTRlbHZQMDVWV1BwZ0M4TnVXak1FbnBkOE9UblZjN0JuTkdSNXA5RlBTdVVsdmdRZm5MQlJhSFE?oc=5,en,2026-08-21,
2 officers who defended Capitol on Jan. 6 sue to stop Trump's Anti-Weaponization Fund,ABC News,abcnews.go.com,abcnews.go.com,2026-08-21,https://news.google.com/rss/articles/CBMijAFBVV95cUxOM3RLcHYtTzhrdng5M3dHUzhUbnRoRDlUcmN3UlVKbWdVVVEyUnF2M1VzTWlBelBocVlmTXVxdHQxU21BVlRyM0g3a01CSVhFTHY4VGY1TEFOMVkxNnJGdUQ1VmtxMXJhVkFqTGZfb2huZEFjS3k5ZU9tVFFHc25uMWE3VkhxMGgyQTFWUtIBkgFBVV95cUxQX01Vc1dVOFprRFV1TFVqQWRTVFhBMFJzOFkydzdxNW5tQVZUMVh6VmpIVHRmbl9mVk5hQ2JfbUx0Z3hWR3JNUkFZUThUY0JNY0pJczVkSGFFMUxiRHhpaUtEUzNoeVZwQmhDZVpYWGVtMGNYN0pJYllQN1k0cnNpX1N6M2QzNDlob2k1T0twN253dw?oc=5,en,2026-08-21,
Trump announces Hamas disarmament agreement as part of Gaza peace plan,ABC News,abcnews.go.com,abcnews.go.com,2026-08-21,https://news.google.com/rss/articles/CBMisgFBVV95cUxPdGpUUmFCUTRXTlBLTHFSMHgzbkpwaUphbnNWY2Y3MjYtRUpLWUY3YVhPTVIzcnJqdWRMZV8yZVptSXYtNzR6NHpsR1p3SHhvNUJDLUdITVZSUWNCN3JkMEtGdTZKQVdtOTZfWWFHZy16cjJTd2NudDFEdUp1dzRGNVZBQmFLVXdaMDlUSnVQQ1NMT1RQZDMxa2xuWnhOeldreXZmMHpBNUdBZkxkNTdBdlNR0gG3AUFVX3lxTE1FbDB2UGZSY1o3akZpVlhnUS1ROE0wS1dqUUVrQ2I5QXBYM2s0NzlrbkpLWGZCTWpaR0VlT2pjR19HM2xpVTExNGplM2V2S1g5TkkzUXhLbS1Ec3hYRl9NTUZscFJNM3E3d3RqMHlRWTFJaXRaVHRVT2NKZEFFVzdmT2NodHJmTmNJcERZallUcDZwM3J0aWtTZTdRUWNRSWZQekpXODBaYVFQYXBvRnltOFpOWGY1MA?oc=5,en,2026-08-21,
US taking stock of NATO as Trump heads to Turkey for summit,ABC News,abcnews.go.com,abcnews.go.com,2026-08-21,https://news.google.com/rss/articles/CBMimgFBVV95cUxNMEFSUi1RLVVOMTMwbldGekFPb2xSaE9wZVhkbGw0NmxYcGc5dGRXU1RaUkI0MWYzUmZJb0NNcVBvUlMtSFdxU1BEdXZ1eVRMQWdick5MOEVJb3pXQ2FRY0xKUXVwbUtSNVB2Si1fX21TQkMtQjVoUmVaeEc5T3FVVjBmMkM4bFRVcml4LUt5Q1BXbzNqbkRyN19n0gGfAUFVX3lxTFByMG9hUlJwdFNaQjFVYmpKekxWbTNiXzltM3d1dzBOcjJEdmlJbGpUREF4ejZRckYwdTBxaFhPWTFVQWFrYkRtLUVyYjJETVBBc0xxUkwxeVJnVzNKRmpfcG11WGdhdWEtZ1ZyRmRnNk1UckhGMVp6ZTY2MDRROTc5U2tjcU81MVdCY2JQZUQ3RTBIekRnRUNyVldWVDhvZw?oc=5,en,2026-08-21,
"Trump celebrates Fourth of July in National Mall address, repeatedly touches on politics",ABC News,abcnews.go.com,abcnews.go.com,2026-08-21,https://news.google.com/rss/articles/CBMingFBVV95cUxNN3RrZHpxN1VwZ2hLZFpXTkJtSTlSZkhoNjZwV0czbmxhb2Q2UW8tUmxEZERHU0JJMG56ZktfTXl3OFJfMnpzNld0ZEw5NGVuM1o5TUlzV0tmOHRBYXRfQVhpU2F6ZWJKVmtnTGoxTkdkMFdQZm5sZjBhSXk3aTE4ZWxtQ3pVXzNXQlR0UlcwRGlPSGIyNDBVS2E2VUdkZ9IBowFBVV95cUxPb0p4aGVzdEs3bWxGY2lRMWVubWJuazhRYkUxUnIwN196MGFtNDE5UU45NUVPMDJiZkZCa0xGR3lyclBhOVVpeEM0MGlzYjdDa3dNMGdyTjVzblVtakNrMjBIZjVWTS1WXzdLVkV3ZDBhVzZNQ1Znc3NmWlZFTHp0bElQdEpQZmdnUHM2bHJIMHNzcEVRTjdGdU5CN19iQmlTWDRn?oc=5,en,2026-08-21,
"Trump-backed Paxton will beat incumbent Cornyn in Texas GOP Senate runoff, AP projects",ABC News,abcnews.go.com,abcnews.go.com,2026-08-21,https://news.google.com/rss/articles/CBMilAFBVV95cUxPbmNCQVBFclB5WnZlaks4UnZiUWVkenNZdTdkYlZKOEZRZFhYcGMxNDEyemhBYUt1bV9QaEFHdzBWcW1XMDZENFdZRkVSamZuWXFDa1dQX3VnTXF6ci1MdHptZVlkb2VRd05QamF3akJDVFJGdktUeWhXOGZ2OEVRNGY5QWtJVU45dHd5QUVodDdIb2Q00gGaAUFVX3lxTFA5Q0ZVS01wSmplbWVESnVkdTJWdDRBZHlDU0ZmRWlXS2dSa2VrZFdkay1PZ21sU2FGT0xwMmszQ0xBWkhXbU1NQ2RfVWNxU1lFb09hcE9PVVY1M0tIcE9ZZ2hoZmwtUEhHaVFhSG5Na09lMW5ubUVOZ0FSYXhFYzZYUUtIczdka05UalVjOGxxaEZyRU1nb1VtM1E?oc=5,en,2026-08-21,
Trump says 'we're blowing up the whole country' if no Iran deal is reached in 48 hours,ABC News,abcnews.go.com,abcnews.go.com,2026-08-21,https://news.google.com/rss/articles/CBMiowFBVV95cUxOODVSNEEtLVQzUnBYcWNoTDJDdF9ZZUpudmRCLVJleVlyV1dLM1A2aGthbnk2YUZMNHE0SGFWMWI4VkhsMFVNTE1Fd3N6d2hIS1JRVXNhSG9wd3FrSTFSMENZb3FkbV81dHJtWGZhR1lHTmUyY19BNEc5d2N2aVZROW9SWFNmc1ByWWE5V291TEZxcFlBUFhsd0ZwT29sSy00bXd30gGoAUFVX3lxTE10YTRndzZ5OWwwZGxTQnNNM1U4Wnc4QVFYTHdxZWVWNnYxMi12d1BIRzBxS042OXJhZGRCN09leEhwUEpMV1hNeHg2OTVpYTJWbDJQeHY5OUxtZEZNX3U0ajkwdkVtTVU0ODFlV1M1SG9pN3J2S1RCbzU3cmdxaUhlRXoxYkE5MzNhNGZnaHdacThWQWxONGFYRy1Obm1jYjkyNHZWM0c1LQ?oc=5,en,2026-08-21,
Trump administration pitches others to join new coalition to reopen Strait of Hormuz,ABC News,abcnews.go.com,abcnews.go.com,2026-08-21,https://news.google.com/rss/articles/CBMirgFBVV95cUxQTnJqTmk2czd1QmxzLWNsT2RQX2tuYm5JTGs5RDNNc2JLMUtBMUpzV3hGbklIU09UMHFFWEhUR1pqUUxENm9NaUZTazlmcXZ2YlR6cllST0VvLUEybFpaRk5wZlJPbnkyU2phZGFaM2hSYzhDcE1jM2lZelFvZ3htTXpvWUpkczJSa2h3MU50UGhpX2Q5cW9QV1hQQ2gxMWVrOFlUNE5RWTViTUlNbGfSAbMBQVVfeXFMTzdtNHJMbG1YMUxMWThxSG1VN1loRmtwamtBUnE5cDdJb0RXVDhyRUdjdWYzbVpLZldxNnBfc2xzdW1VU1hZSmxWMkNrS0hQeFM1TVM4WTB5ZGhwb09MWFoycVBqcG91dkRVOXFUX24wdmNxWWZHNzZNLVlsWVhEV2UyajFUTnI2MmlwU1NtZ0stOExkV0lTeERyUEdOeTlJdWxBSDl2ZGxsLWg0YzdvRzFvMzA?oc=5,en,2026-08-21,
DOJ announces $1.7B 'Anti-Weaponization Fund' as part of Trump IRS lawsuit settlement,ABC News,abcnews.go.com,abcnews.go.com,2026-08-21,https://news.google.com/rss/articles/CBMikgFBVV95cUxPR2xIOWQzVk9YNXYzWFVuWlMtR2N4LVMzaEN2TzlzdVpEeGRlc29QZnk5M0FzRnhwMGlRNmpUY3hqdmN3NU82bElvZjBWTXhkUUZTaGpyT2p1NHZfQml6Tkw4YWZCZU5QRXU4eFNDbXFIMXQ4cjhMWWQ5NmZ3NzBaVVc3R1pseF9uc3lhakx5N1dEd9IBlwFBVV95cUxNdXJEaXgxSWtFN3hWbURJQjFaUDlkVURpc2NWQjQzOGtuaU1ZVVQxcTdHYmZYOFdlbkVoZk9XZ2x0SlJDSmxkcm5SY3VkQVZWUmpXdHBYZVpfUlNHUXlsLXB3UGRvcWRGNGRLSWZDeGg3WUZ0U1ZvQ2hVdUdmM1Bqd3BDTTVoMW1remVpNThZci1sVUZPTE04?oc=5,en,2026-08-21,
"Trump's acting director of national intelligence begins firings at agency, sources say",ABC News,abcnews.go.com,abcnews.go.com,2026-08-21,https://news.google.com/rss/articles/CBMirwFBVV95cUxOcDdZYkQ1SlQzUzZvbkgtckNhS0Q3SDJidmNYYnN5RFVGS0xfVlRleTdTUzZsd3A5UVpvRmRsUVpDVzhJWThGWGJhbW0xZDdvNHh0RmZNaDBCS0c1bE5oVFJkVDNYT0pKbllHRnVxV1U3Uy0tRWdrTnU1NGZLMGl6SHJqcDdVSU5hUkRmNzdvSFBFek9ZbHJoVzB4QkUtNVlpSmkzSEJuR2lHQ2hxTHhn0gG0AUFVX3lxTE5vcXRZVElJdGxKWE9HeU1nZ0VaTVVTdzd2YWhDczJPYmJKOHRNTjFILTY4SnUyRjhYdXFfcm1vLUJFZlN6OHFuekxqM29FZTJKT0ZXZ0tZcmJjR25uODMtbkU5UEo1WW1XOENud2hBMTdhb19rUXdhNTJQcjFOd3lacEkxbVFEMEZrRlBVWnQ3aEFMVmJtMzlLYVcyWlo4Uy1uMXBHVnZvSUd0bkY4ZlV1R2xMNQ?oc=5,en,2026-08-21,
Video President Trump to host IndyCar grand prix in D.C.,ABC News,abcnews.go.com,abcnews.go.com,2026-08-21,https://news.google.com/rss/articles/CBMiTEFVX3lxTE9KT2pzN2llMlBETUJLa1A0cmZ0ZHFJZFcySFp0eFlXN3B3aWdfSHpOZXJpeXEwMGlCQmZVWmsxVEV2dzlKdEFVak5jclk?oc=5,en,2026-08-21,
New renderings released for Trump's proposed 'triumphal arch',ABC News,abcnews.go.com,abcnews.go.com,2026-08-21,https://news.google.com/rss/articles/CBMipAFBVV95cUxNSk0zdHprWUZic0NIeTJ6RUhMQUZnaDduMjBEdkI2amdaTDNNVVJVTVA1eFlKa1g1N0p2Q3ZJZUdQYzFwd3hEMHpQTmpBYkFacVdTTS0tVlRNRm1xTEJ0Ty0zdFlmSHpMS0M3WDh0R3hUS2MzMzdjcXFNNjJCWXBNeHlEMndNdmJIbm1lZmgzVW1obmhXWEZ2MDJtRjVKWm9qR3YyMtIBqgFBVV95cUxQWWd4R3lyX2pwQVlxZHh0S0d3Rkc5VEY5MWRDVUFHNEZoVEZpelJVWVFxY081M2F5V09XME1abl9iNTVrdktiZWZLc2JvR2tuM1RGOUdLQzFYdkVWOHBOTWtiVUpwVThobl9CRDZsemxoNHM0QU53WDRSeFVfN0VxNHJNamJkcWxiTFU4SmFZeWdKc0dxZVIwNnBrTURhOG9xYy12OGt2TjVkZw?oc=5,en,2026-08-21,
"Real estate, watches and guitars: Trump's 2025 $2.2B income wasn't all from cryptocurrency",ABC News,abcnews.go.com,abcnews.go.com,2026-08-21,https://news.google.com/rss/articles/CBMinwFBVV95cUxQSm1NSkxuTEt5UjdMMTVqWjFycExIWmpWZmR3S3FXSVFjRV9OdWJtVG0xQXJNX3d0d2R0NlE4blRhY0dlMWp3UE40R1hCMnpOVS1sd0RoOGxDMElWZFdkR2QzSXF3VFVzSXhjdGEtMlp4RWRNWldldVNYcXlXY01CS0s5VWxzU0xweVRqai14Y0xBbXExSG5lNS1mcWRteUHSAaQBQVVfeXFMTlhQblo4SUtwTU9wNVVDS3hkajk4ME4tdkpoLUlILUd2d0dUTTVBNUx2Ym9CeWUzbzNBYUlST1A2UmgwcmktNGFDdEFHMlpyeXpuMk1yQldEUjU1d2dyOVM2eDI5ekdxR3JyUUdyY1R6dExLMVEyQkQ5dnE3aGZFWHZUUU5LRzVqdzdfVUdnaWEzWExXT0ZZZ3JWRThQb3IyZ2Z5aDk?oc=5,en,2026-08-21,
Trump doubles down on Reflecting Pool vandalism claims without providing evidence,ABC News,abcnews.go.com,abcnews.go.com,2026-08-21,https://news.google.com/rss/articles/CBMiswFBVV95cUxQaHZDVWd0b3FLWW9EQ0RLTnJmNzd2RDBFMVIydjVsZ3U2eWxVT09NT3FMdGRpOGRtNHlReUpJR2prYjZPUFpERG1YNldWODhETGZaZGZ0TTU5MDRyeWRyOVY4dUQ3MV9pVjdPTVlUT3J1czdWQm4ya2hVOVkyNjVNT09fTmJLT2hkZXNZWkp4STR1Q2FIQ3Z5WFB0YlFCUGVTZkUxUXRnSk1aSlNsaktueGtRMNIBuAFBVV95cUxQNFZMX3g0Y2l4c3QwQ1o2dGw1VlIxTGZ5SG5yOEJqTDFfZFdiZGxSQlc5MlBDRzFWV0laLUxjOG1lR25Db1VQX0g0RktUTkR4TTRMeXhzRVkxVy0xV1FLQmo4aURGaFFTX3ZSVFI4MXlVMkNpQzdnMWxRaG1WLUs1WlpIWHVTeFhJUU1JTHFQbFBOcHRwYWdlMkJjUE52NXJlVmdpQzRWblFVM2xzdjA1TW9XWDVaWGt5?oc=5,en,2026-08-21,
Experts say Trump's plan to license Patriot missiles for Ukraine could take years,ABC News,abcnews.go.com,abcnews.go.com,2026-08-21,https://news.google.com/rss/articles/CBMiqgFBVV95cUxNT1dxWXh0VTZONzR0WU1oNkx2cU5pUHN6bkhqMWtGS1M3WmpSWVVHaGIzS2c4ZDI3a0hPTGxyRks1V3hRbGh4Q3BDWlZjWHNGMVpsMC1kZ2pIVUltSjJPTzVSZlhUY2NjRXRubXNSbGkyMExDSEhqdFJ5a2YxSlNVTjBWdU9HUmRnajJ3dnN5aXJ6ZW5lWXJGbnU4VFF2QjNXYlRYaW4tMHVEUdIBrwFBVV95cUxPaHNja3FVUEliUzczM01zSTVtWGNhS2dVdUd0c0RNLXluRTE3eU9DTVNmODZpcUFIQTZFa3QzeTMxN1VSckFqTUhEVGxjMjBUWV9zR25IcXJicHBFX0NiNUxHc2RlaDNCajFiYVE1b2JaM3d6Z2FpanNOYnAzeER5blJPSkh6VTBVMEY5Z29UZ0VBcUtPeDFxaTl4MGV1RGsxQUpvdkxoQ3Y3NVlIX1Fr?oc=5,en,2026-08-21,
Trump admin replaces slavery memorial at President's House in Philadelphia after court win,ABC News,abcnews.go.com,abcnews.go.com,2026-08-21,https://news.google.com/rss/articles/CBMirgFBVV95cUxOWTZVSlpXWTFrX1J3NlRjYjJLSFlKbVFwbU1FS0RzSEZYbld6THJYRzZQN24wZXNobW9WdFlBTHh3Z1BqWjlscnBuUlU3QTJfbW5FZnlnd2k4cmpLNl9xX1p0bEE4ZDh4dlI1d2ZGdFZPRlNhSDc3ODdpd2NjZ3BHZVN6bU5SeG9DYTF6OUFtdzM2MVRWYk1XWmx1c29KaHFycjgyd1VjeU1EeEZwX0HSAbMBQVVfeXFMTmhuekZJSlZ4Sk1EUXNYXzlFRmtBZGJ2ZGNwWGxvMWMxZTBmZklUZS1EOXNVeFRlRGlGRFNIaGZtdE9iZVBjLXVXVjNWdW1lYUZCLVhoVkZXbFpCU0tRU3llWnlIY0ZpVDI0NmVfQi1iQzBjM1pWX0hycjdlS2VsMnpVLWZpRzdwN0t5TmJlSkd3Vmt4Y2JHQVp5YWx6QVpBME1YR2dTV3V6OGFBWUZxOVdNWGs?oc=5,en,2026-08-21,
Can Trump stop the surge in oil prices? Experts weigh in,ABC News,abcnews.go.com,abcnews.go.com,2026-08-21,https://news.google.com/rss/articles/CBMikwFBVV95cUxPRkw4RU9xbDZSTmtFZTBfY0JESTZUWElMOVdvaWUzbFNiZ25wQmtGQWgyTk1FWkhLTDRNdEprY0ZMdUxvN2V4WDZaeVVuTnIyNndMVVFnazk1cjh2WVZkcjUyUElfRUJPMHMxVFktVWlaSURKb2VZVU93Qld4SU9Jc1pZOUFtcWZsUjlUVXAyRkExOFXSAZgBQVVfeXFMTWtTb3JPM3luaE9XT2dQRmxsODBSaFpJOHA4Y3NhVmR2Z1ZQeHMzRHNhUlZvaGRVYVZmM3pTeWxyWkZSdW03UlFMaFU3TWtOOThWUThxcGpXYmRrcklRZnpPSEd3TjBic0RUdlM4ZXFfaklkZVF3Q3c3ZTZNbWpaSS1rRDRYM1BEM2VqNFBiT0NQdFpPSFZFaFM?oc=5,en,2026-08-21,
"After sweeping SCOTUS presidential immunity ruling, Trump wields it broadly in push for power",ABC News,abcnews.go.com,abcnews.go.com,2026-08-21,https://news.google.com/rss/articles/CBMisAFBVV95cUxOVGFCMmY0eUltMG02UXljUEhJSkplbGVKeUNlNjZraFdQNXItLUpRMFJySGtGQURLYkg3UVFGOTFmVERxeHZKOTVtbDJMWGllTW9jczdLY3lzWTNvMGVyNWdKQWZPN2xSWDRWWDEyUENZTkpGNXZySGNDaFlzRm5iRFJHMFZkSHd1RTl2N1FNdDRfczZoTlBOR0dHNzB6Y1BfTlRtQjUtUmV0bE1WRDI4etIBtgFBVV95cUxQU0lJNDJaczR2aV9lTFhFZ1A4LUdyalMyT25RQ09RSFZ2RkJQaG9JQzhpSU5OMFV0YVVCUXRrWlNsb0hLSmhzbEZaLVNNWHE1aTZueERONDM0SXdOM0oyVmZuWHBMcFNfeGRacjNud3JnbUdnSVlrN3duMkNJdnpvUGRUTnA3MHVtWllkSk5WUGRVbGhQUmtyTmV5dUdPZlNPVDdQZzNfVkxqLVVsbVhVZTMyeVNGUQ?oc=5,en,2026-08-21,
Trump meets Netanyahu amid rising tensions with Iran,ABC News,abcnews.go.com,abcnews.go.com,2026-08-21,https://news.google.com/rss/articles/CBMimwFBVV95cUxQOFBtR3pQZnJQeVNBazZSZ21jLXNKa0dkcjlxLXFLc2FZUmdqOVZCMFFEQUlwRkZCSTRXZWE3VlRkUUhsQUsxbXRQelAxLTNjd1JqTTFQYXZVRl9lSHJicjNONllLaUktN3FmczFSVGFMZWZYT3E3NWZrWTdFRmlNdV9Pc1ExaUtYZWZyWEJBRENQZlE2LVppc2ozY9IBoAFBVV95cUxNTTRGaU5JY3ZhS1FYOFV1LWQ0YjN1eFhzY0xSeGhOalF5UHZ1SGNCZTdXNFN0Y2NpMTBhVW41cnZwblAxYS1YTkV3Zl9rWG9MOEp0cHNrWnFOWmNvY2FDSUk5d1U3Rk1rZjdJeWlzNzBuSkJiN01idWljQ3J5ZWNIQ0ttalBVOXNzOVFoOE9TMDAxaTdQcW0tdWZQQ3ZTTFky?oc=5,en,2026-08-21,
"Trump's arch construction to run 20 hours a day for 2 to 3 years, documents show",ABC News,abcnews.go.com,abcnews.go.com,2026-08-21,https://news.google.com/rss/articles/CBMilgFBVV95cUxNalpNelRIVEF4anhfcU44Ry04M251S01ydmhqNHcxNlBtZlRZQXlyT3huOVNKQ1dIZGtEUzlfZ0JoaDlJdk8wQl8wdzNnaTY0X1pyRktwQVBDc1NieTNkTjJxYXpkdzVEcU02c0h5Q19uSEhHT2JLWWIybVBqNFotMndwOGU5dlcwUXlReXFXN09rOHVFUHfSAZsBQVVfeXFMTUJoUnQzREktWVczbEUwVjdxTVZvRElGS21JZ2RvZ2s2WTMtV3lSNzI1QWpWODlZak92T2JMeWkxbDhLbC1FT0M0U3otd2xVeVlqTmVYdXZfcTRxNW04X19NejdYaFBKSUVrWUVuNk12Q2tDbU1DRy00cnc5Mm0xQTA0LXczWEs4NlhEbWFSMXc0V2p5QXNXUllqRXc?oc=5,en,2026-08-21,
Trump says James Comey's Instagram post represents 'tremendous danger',ABC News,abcnews.go.com,abcnews.go.com,2026-08-21,https://news.google.com/rss/articles/CBMirwFBVV95cUxPTXNlM3d2U0xTMlVlbVhRdzdPTVROUEphLXBOTGlWd0RZMWJsMWEzZWxndzg5bTNJaWM5ZldwWTN6NU84dVp2dGNtSVZ2M3RLNEtteXZxN2Y3MGk4TUxtX1RXY0tCRVZ2aHVPUVlVLUVZUVRXRkJaNlE0VzNGS25fRGJxMWJWbFFOSG5JZk90V0hkdkZyczZNTnY2SDNVM0h4dmxUTGJWXzVPWG5DWGNJ0gG0AUFVX3lxTFBWVVdBZXpQbm5tV2FSUVVITy0wU1Q5T05qbkJkT2tyTWExNm12QWduRkR6SjE5ZWxJS0s1T09qRTJfZ0VXeTc1QXZqZ2N1SDJ0eFQ0XzlLMWQ4U1dYa2xMbHpCekZIVkdNeUJDdTF3MEVUUjNBeDVfREtsU2xtZV94S2JCaFNUMEgwSGk0RlFjaUJOS0RRQzlIU1B4WmtTYkhhNDZUd3h4TWh3T0t2ajUwTWF5eQ?oc=5,en,2026-08-21,
Leavitt Says She’ll Return to MAGA Inc. After White House,Bloomberg,bloomberg.com,bloomberg.com,2026-08-21,https://www.bloomberg.com/news/articles/2026-08-21/leavitt-says-she-ll-return-to-maga-inc-after-white-house,en,2026-08-21,
Trump’s New Midterm Pitch to Voters: Pretend I’m on the Ballot,Bloomberg,bloomberg.com,bloomberg.com,2026-08-21,https://www.bloomberg.com/news/articles/2026-08-21/trump-s-new-midterm-pitch-to-voters-pretend-i-m-on-the-ballot,en,2026-08-21,
US Chief Justice Lets Trump Keep Building Ballroom for Now,Bloomberg,bloomberg.com,bloomberg.com,2026-08-21,https://www.bloomberg.com/news/articles/2026-08-21/us-chief-justice-lets-trump-keep-building-ballroom-for-now,en,2026-08-21,
Trump Says Controversial US Attorney Ed Martin to Leave Role,Bloomberg,bloomberg.com,bloomberg.com,2026-08-21,https://www.bloomberg.com/news/articles/2026-08-21/trump-says-controversial-us-attorney-ed-martin-to-leave-role,en,2026-08-21,
Trump Administration Dismisses a Dozen Officials From Fannie Mae,Bloomberg,bloomberg.com,bloomberg.com,2026-08-21,https://www.bloomberg.com/news/articles/2026-08-21/trump-administration-dismisses-a-dozen-officials-from-fannie-mae,en,2026-08-21,
Carney’s Bet: Economic Stability Is Worth the Price of Concessions to Trump,Bloomberg,bloomberg.com,bloomberg.com,2026-08-21,https://www.bloomberg.com/news/newsletters/2026-08-21/carney-s-bet-economic-stability-is-worth-the-price-of-concessions-to-trump,en,2026-08-21,
"Trade Deal to Leave ‘Bad Outcome’ for Canada and US, Ex-Minister Says",Bloomberg,bloomberg.com,bloomberg.com,2026-08-21,https://www.bloomberg.com/news/articles/2026-08-21/trade-deal-to-leave-bad-outcome-for-canada-and-us-ex-minister-says,en,2026-08-21,
Crypto Rules Are Coming Even If Trump-Favored Legislation Flounders,Bloomberg,bloomberg.com,bloomberg.com,2026-08-21,https://www.bloomberg.com/news/newsletters/2026-08-21/crypto-rules-are-coming-even-if-clarity-act-fails,en,2026-08-21,
US Seen Mimicking Japan on Currency Debasement,Bloomberg,bloomberg.com,bloomberg.com,2026-08-21,https://www.bloomberg.com/news/newsletters/2026-08-21/us-playing-with-fire-with-debt-plan-evening-briefing-americas,en,2026-08-21,
Lula Calls Trump to Seek Renewed Talks Over US Tariffs on Brazil,Bloomberg,bloomberg.com,bloomberg.com,2026-08-21,https://www.bloomberg.com/news/articles/2026-08-21/lula-calls-trump-to-seek-renewed-talks-over-us-tariffs-on-brazil,en,2026-08-21,
US Automakers Need More Than Peace With Canada,Bloomberg,bloomberg.com,bloomberg.com,2026-08-21,https://www.bloomberg.com/opinion/articles/2026-08-21/us-automakers-need-more-than-peace-with-canada,en,2026-08-21,
Ground Beef Prices Targeted With New Trump Tariff Relief,Bloomberg,bloomberg.com,bloomberg.com,2026-08-21,https://www.bloomberg.com/news/articles/2026-08-21/trump-to-allow-tariff-relief-for-certain-ground-beef-imports,en,2026-08-21,
"Push for Trump’s Signature on US Currency Spurred Agency Tension, Emails Show",Bloomberg,bloomberg.com,bloomberg.com,2026-08-21,https://www.bloomberg.com/news/newsletters/2026-08-21/push-for-trump-s-signature-on-us-currency-revealed-in-new-documents,en,2026-08-21,
Trump Heads to South Carolina to Save Darline Graham,Bloomberg,bloomberg.com,bloomberg.com,2026-08-21,https://www.bloomberg.com/news/newsletters/2026-08-21/trump-goes-to-south-carolina-to-support-darline-graham,en,2026-08-21,
NATO’s Eastern Allies Plan to Cut US Base Costs to Placate Trump,Bloomberg,bloomberg.com,bloomberg.com,2026-08-21,https://www.bloomberg.com/news/articles/2026-08-21/nato-s-eastern-allies-plan-to-cut-us-base-costs-to-placate-trump,en,2026-08-21,
China Considering Proposal to Host 2028 UN Climate Talks,Bloomberg,bloomberg.com,bloomberg.com,2026-08-21,https://www.bloomberg.com/news/newsletters/2026-08-21/china-considering-proposal-to-host-2028-un-climate-talks,en,2026-08-21,
US Accuses China of Wrongfully Detaining American Scholar,Bloomberg,bloomberg.com,bloomberg.com,2026-08-21,https://www.bloomberg.com/news/articles/2026-08-21/us-accuses-china-of-wrongful-detention-of-american-scholar,en,2026-08-21,
Iranian President Calls for War’s End,Bloomberg,bloomberg.com,bloomberg.com,2026-08-21,https://www.bloomberg.com/news/newsletters/2026-08-21/iranian-president-calls-for-war-s-end-evening-briefing-europe,en,2026-08-21,
Bessent Must Envy When the Grownups Were in Charge,Bloomberg,bloomberg.com,bloomberg.com,2026-08-21,https://www.bloomberg.com/opinion/articles/2026-08-21/bessent-must-envy-when-the-grownups-were-in-charge,en,2026-08-21,
Canada Nears Trump Trade Deal | Balance of Power 8/21/2026,Bloomberg,bloomberg.com,bloomberg.com,2026-08-21,https://www.bloomberg.com/news/videos/2026-08-21/balance-of-power-8-21-2026-video,en,2026-08-21,
Trump Says It Was Bessent’s Choice to Intervene in Bond Market,Bloomberg,bloomberg.com,bloomberg.com,2026-08-21,https://www.bloomberg.com/news/articles/2026-08-21/trump-says-it-was-bessent-s-choice-to-intervene-in-bond-market,en,2026-08-21,
"Trump to 'Isolate' Iran, US Treasuries Whiplash | Bloomberg Businessweek Daily 8/21/2026",Bloomberg,bloomberg.com,bloomberg.com,2026-08-21,https://www.bloomberg.com/news/videos/2026-08-21/bloomberg-businessweek-daily-8-21-2026-video,en,2026-08-21,
Trump Eases Tariffs on Ground Beef | Radio Balance of Power: Early Edition 8/21/2026,Bloomberg,bloomberg.com,bloomberg.com,2026-08-21,https://www.bloomberg.com/news/videos/2026-08-21/radio-balance-of-power-early-edition-8-21-2026-video,en,2026-08-21,
Trump Allows Tariff Relief for Some Ground Beef Imports,Bloomberg,bloomberg.com,bloomberg.com,2026-08-21,https://www.bloomberg.com/news/videos/2026-08-21/trump-allows-tariff-relief-for-some-ground-beef-imports-video,en,2026-08-21,
Korea’s Lee Hails Trump’s ‘Determination’ for Peninsula Peace,Bloomberg,bloomberg.com,bloomberg.com,2026-08-21,https://news.google.com/rss/articles/CBMirwFBVV95cUxQc0ZfVy1BNGp5N2VqVkhSS3pqeFI3a3FFWW9aQ1Fhbi1OcEhCUG9RT3JMQkZydDAtSlFkS0V4R28yNDVRY2tyWUoxYkxRYm5FZDhiLTFKeXdPV09vUGtBazVSVHhZZm5BMkE4blBpYl9SLUtSbV85QVRYM1ExY1dTYUw4TGxhUVNILWdJUHZ4dE5PTFcyY3ZUdEZxWlg3c2x1Y2laMHdiak9sb0dHb2FV?oc=5,en,2026-08-21,
"Men from Cuba and other countries describe being deported by the U.S. to a dangerous African nation: ""We cannot leave""",CBS News,cbsnews.com,cbsnews.com,2026-08-21,https://www.cbsnews.com/texas/news/central-african-republic-third-country-deportations/,en,2026-08-21,
"Some ""third country"" U.S. deportees refused to get off plane in Liberia",CBS News,cbsnews.com,cbsnews.com,2026-08-21,https://www.cbsnews.com/video/liberia-receives-first-group-of-third-country-deportees-from-us/,en,2026-08-21,
President Trump rallies for late Sen. Lindsey Graham's sister in South Carolina,CBS News,cbsnews.com,cbsnews.com,2026-08-21,https://www.cbsnews.com/newyork/video/president-trump-rallies-for-late-sen-lindsey-grahams-sister-in-south-carolina/,en,2026-08-21,
"U.S.-Iran Live Updates: Trump says Iran ""not ready to make the right deal"" as U.S. turns to economic warfare",CBS News,cbsnews.com,cbsnews.com,2026-08-21,https://www.cbsnews.com/newyork/live-updates/iran-war-trump-economic-crackdown/,en,2026-08-21,
Appeals court says federal prosecutor who subpoenaed Letitia James was unlawfully appointed,CBS News,cbsnews.com,cbsnews.com,2026-08-21,https://www.cbsnews.com/newyork/news/appeals-court-john-sarcone-letitia-james-federal-prosecutor/,en,2026-08-21,
Trump threatens defamation suit against left-leaning think tank,CBS News,cbsnews.com,cbsnews.com,2026-08-21,https://www.cbsnews.com/news/trump-threatens-defamation-suit-center-american-progress/,en,2026-08-21,
"Trump campaigns with Darline Graham ahead of runoff: ""Say that I'm on the ballot one more time""",CBS News,cbsnews.com,cbsnews.com,2026-08-21,https://www.cbsnews.com/news/trump-darline-graham-south-carolina-runoff/,en,2026-08-21,
Trump administration deports immigrants to dangerous Central African Republic,CBS News,cbsnews.com,cbsnews.com,2026-08-21,https://www.cbsnews.com/video/trump-administration-deports-immigrants-to-dangerous-central-african-republic/,en,2026-08-21,
Trump rallies in South Carolina as U.S. signals new economic pressure on Iran,CBS News,cbsnews.com,cbsnews.com,2026-08-21,https://www.cbsnews.com/texas/video/trump-rallies-in-south-carolina-as-u-s-signals-new-economic-pressure-on-iran/,en,2026-08-21,
Trump campaigning for Darline Graham after debate gaffe,CBS News,cbsnews.com,cbsnews.com,2026-08-21,https://www.cbsnews.com/video/trump-campaigning-for-darline-graham-after-debate-gaffe/,en,2026-08-21,
USS Lincoln leaves Middle East after 9-month deployment as Trump ramps up economic pressure on Iran,CBS News,cbsnews.com,cbsnews.com,2026-08-21,https://www.cbsnews.com/video/uss-lincoln-leaves-middle-east-trump-economic-pressure-iran/,en,2026-08-21,
Is Michael Cohen pushing for a pardon in reunion with Trump?,CBS News,cbsnews.com,cbsnews.com,2026-08-21,https://www.cbsnews.com/video/is-michael-cohen-pushing-for-a-pardon-in-reunion-with-trump/,en,2026-08-21,
"See email called ""smoking gun"" in Colorado's lawsuit alleging White House retaliation, White House denies tie to Tina Peters",CBS News,cbsnews.com,cbsnews.com,2026-08-21,https://www.cbsnews.com/colorado/news/email-smoking-gun-colorados-lawsuit-alleging-white-house-retaliation-tina-peters/,en,2026-08-21,
Supreme Court temporarily allows White House ballroom construction to continue,CBS News,cbsnews.com,cbsnews.com,2026-08-21,https://www.cbsnews.com/news/supreme-court-white-house-ballroom-john-roberts/,en,2026-08-21,
The IndyCar race in D.C. is taking over the capital this weekend. Here's what to know.,CBS News,cbsnews.com,cbsnews.com,2026-08-21,https://www.cbsnews.com/news/indycar-race-dc-freedom-250-grand-prix-what-to-know/,en,2026-08-21,
Rick Jackson's campaign announces endorsements from 104 sheriffs in Georgia governor's race,CBS News,cbsnews.com,cbsnews.com,2026-08-21,https://www.cbsnews.com/atlanta/news/rick-jacksons-campaign-announces-endorsements-from-104-sheriffs-in-georgia-governors-race/,en,2026-08-21,
"Ed Martin, controversial pardon attorney at DOJ, leaving Trump administration",CBS News,cbsnews.com,cbsnews.com,2026-08-21,https://www.cbsnews.com/news/ed-martin-leaving-trump-administration-doj/,en,2026-08-21,
Trump to honor Artemis II crew with nation's top space medal,CBS News,cbsnews.com,cbsnews.com,2026-08-21,https://www.cbsnews.com/miami/news/trump-artemis-ii-crew-space-medal/,en,2026-08-21,
Pentagon moves to fire publisher and editor of Stars and Stripes,CBS News,cbsnews.com,cbsnews.com,2026-08-21,https://www.cbsnews.com/news/stars-and-stripes-publisher-editor-separation-notices-pentagon/,en,2026-08-21,
Trump temporarily waives higher beef tariffs in bid to lower prices,CBS News,cbsnews.com,cbsnews.com,2026-08-21,https://www.cbsnews.com/texas/news/trump-waives-ground-beef-import-tariffs/,en,2026-08-21,
Listen: Trump joins Michael Cohen's radio show after public feud,CBS News,cbsnews.com,cbsnews.com,2026-08-21,https://www.cbsnews.com/video/listen-trump-joins-michael-cohens-podcast-after-public-feud/,en,2026-08-21,
President Trump and Michael Cohen reunite for radio show after bombastic feud,CBS News,cbsnews.com,cbsnews.com,2026-08-21,https://www.cbsnews.com/video/president-trump-and-michael-cohen-reunite-for-radio-show-after-bombastic-feud/,en,2026-08-21,
"Vance says Iran war is in ""new phase"" of economic pressure",CBS News,cbsnews.com,cbsnews.com,2026-08-21,https://www.cbsnews.com/video/vance-says-iran-war-is-in-new-phase-of-economic-pressure/,en,2026-08-21,
Why Dubai may be vital to the Trump administration's economic war on Iran,CBS News,cbsnews.com,cbsnews.com,2026-08-21,https://www.cbsnews.com/news/why-dubai-uae-vital-trump-administration-economic-war-iran/,en,2026-08-21,
Live Updates: Iran looks to boost regional trade ties as U.S. turns from bombs to economic warfare,CBS News,cbsnews.com,cbsnews.com,2026-08-21,https://www.cbsnews.com/live-updates/iran-war-trump-economic-crackdown/,en,2026-08-21,
Trump to campaign for Darline Graham after she got pummeled for her debate performance,CBS News,cbsnews.com,cbsnews.com,2026-08-21,https://www.cbsnews.com/video/trump-to-campaign-for-darline-graham-after-she-got-pummeled-for-her-debate-performance/,en,2026-08-21,
President Trump appears on radio show of former fixer Michael Cohen,CBS News,cbsnews.com,cbsnews.com,2026-08-21,https://www.cbsnews.com/texas/video/president-trump-appears-on-radio-show-of-former-fixer-michael-cohen/,en,2026-08-21,
Unexpected reunion between Trump and former fixer Cohen,CBS News,cbsnews.com,cbsnews.com,2026-08-21,https://www.cbsnews.com/minnesota/video/unexpected-reunion-between-trump-and-former-fixer-cohen/,en,2026-08-21,
Trump and Michael Cohen set aside turbulent history to record surprise radio interview,CBS News,cbsnews.com,cbsnews.com,2026-08-21,https://www.cbsnews.com/video/trump-and-michael-cohen-set-aside-turbulent-history-to-record-surprise-radio-interview/,en,2026-08-21,
President Trump speaks with former personal attorney Michael Cohen,CBS News,cbsnews.com,cbsnews.com,2026-08-21,https://www.cbsnews.com/detroit/video/president-trump-speaks-with-former-personal-attorney-michael-cohen/,en,2026-08-21,
President Trump and Michael Cohen tape podcast after massive public split,CBS News,cbsnews.com,cbsnews.com,2026-08-21,https://www.cbsnews.com/video/president-trump-and-michael-cohen-tape-podcast-after-massive-public-split/,en,2026-08-21,
"First deportees arrive in Haiti after U.S. ends TPS protection: ""They just sent me here""",CBS News,cbsnews.com,cbsnews.com,2026-08-21,https://www.cbsnews.com/miami/news/haiti-deportees-us-ends-tps-protection/,en,2026-08-21,
"Trump appears on radio show of Michael Cohen, fixer-turned-foe, after detente",CBS News,cbsnews.com,cbsnews.com,2026-08-21,https://www.cbsnews.com/news/trump-michael-cohen-radio-show-pardon-request/,en,2026-08-21,
Global bond yields are surging. Here’s why it matters,CNN,cnn.com,cnn.com,2026-08-21,https://www.cnn.com/2026/08/21/economy/bond-market-explainer,en,2026-08-21,
‘My Guardian and Protector’: Natalie Harp letters express her devotion to Trump,CNN,cnn.com,cnn.com,2026-08-21,https://www.cnn.com/2026/08/21/politics/natalie-harp-trump-letters,en,2026-08-21,
Why the USS Dorris Miller is trending,CNN,cnn.com,cnn.com,2026-08-21,https://www.cnn.com/2026/08/21/politics/video/uss-doris-miller-navy-aircraft-carrier-renamed-trending-cli-hrzn,en,2026-08-21,
California still hasn’t rebuilt most of the homes destroyed in the 2025 fires. Does this Republican have a plan to fix it?,CNN,cnn.com,cnn.com,2026-08-21,https://www.cnn.com/2026/08/21/politics/video/inside-politics-california-governor-interview-steve-hilton,en,2026-08-21,
Sen. Darline Graham is putting Trump’s endorsement to the test in South Carolina,CNN,cnn.com,cnn.com,2026-08-21,https://www.cnn.com/2026/08/21/politics/video/inside-politics-south-carolina-gop-senate-runoff,en,2026-08-21,
"‘I don’t see willingness on either side’ to reach a deal on Gaza, says veteran US diplomat",CNN,cnn.com,cnn.com,2026-08-21,https://www.cnn.com/2026/08/21/tv/video/amanpour-haass-richard,en,2026-08-21,
"Prince Harry, others to pay $13m in initial Daily Mail legal fees",CNN,cnn.com,cnn.com,2026-08-21,https://www.cnn.com/2026/08/21/world/video/prince-harry-elton-john-legal-fees-daily-mail-foster-latam-intl,en,2026-08-21,
The Odds: The Florida Project,CNN,cnn.com,cnn.com,2026-08-21,https://www.cnn.com/2026/08/21/politics/video/the-odds-the-florida-project-cnc-kalpar,en,2026-08-21,
"Polymarket referred dozens of possible military insider trading cases to DOJ, source says",CNN,cnn.com,cnn.com,2026-08-21,https://www.cnn.com/2026/08/21/politics/polymarket-doj-military-prediction-market,en,2026-08-21,
Supreme Court temporarily allows construction of White House ballroom to continue,CNN,cnn.com,cnn.com,2026-08-21,https://www.cnn.com/2026/08/21/politics/supreme-court-rules-on-trump-ballroom,en,2026-08-21,
Natalie Harp’s letters reveal the extent of their close connection,CNN,cnn.com,cnn.com,2026-08-21,https://www.cnn.com/2026/08/21/politics/video/natalie-harp-letters-to-trump-digvid,en,2026-08-21,
"Trump US attorney pick can no longer investigate one of the president’s top foes, court rules",CNN,cnn.com,cnn.com,2026-08-21,https://www.cnn.com/2026/08/21/politics/trump-pick-us-attorney-new-york-no-longer-investigate-president-top-foe-letitia-james,en,2026-08-21,
"In the city where Haitian deportees are being sent, locals say they’re not ready",CNN,cnn.com,cnn.com,2026-08-21,https://www.cnn.com/2026/08/21/americas/haiti-ice-deporatations-cap-intl-latam,en,2026-08-21,
Trump officials touted a voter fraud bombshell. Their data hasn’t proved it,CNN,cnn.com,cnn.com,2026-08-21,https://www.cnn.com/2026/08/21/politics/markwayne-mullin-voter-fraud-nevada,en,2026-08-21,
A ‘global shock’: Former UN Relief Chief warns about Black Sea conflict,CNN,cnn.com,cnn.com,2026-08-21,https://www.cnn.com/2026/08/21/tv/video/amanpour-un-martin-griffiths-black-sea,en,2026-08-21,
‘F**k Flock!’ Vandals wage war on AI surveillance cameras,CNN,cnn.com,cnn.com,2026-08-21,https://www.cnn.com/us/video/flock-camera-ai-meena-duerson,en,2026-08-21,
Russia conducts rare missile test near disputed islands,CNN,cnn.com,cnn.com,2026-08-21,https://www.cnn.com/2026/08/21/world/video/russia-conducts-rare-missile-test-near-disputed-islands-ldn-digvid,en,2026-08-21,
Are you cutting more spending amid ongoing high gas prices? Share your story,CNN,cnn.com,cnn.com,2026-08-21,https://www.cnn.com/2026/08/21/business/are-you-cutting-more-spending-amid-ongoing-high-gas-prices-share-your-story,en,2026-08-21,
Trump tries to push Sen. Darline Graham across the finish line over some Republicans’ objections,CNN,cnn.com,cnn.com,2026-08-21,https://www.cnn.com/2026/08/21/politics/donald-trump-south-carolina-republicans,en,2026-08-21,
‘I heard you missed me’: Melania Trump makes first public appearance in more than a month,CNN,cnn.com,cnn.com,2026-08-21,https://www.cnn.com/2026/08/21/us/video/melania-trump-first-public-appearance-since-july,en,2026-08-21,
Storms spark tornadoes and flash flooding in Mid-Atlantic,CNN,cnn.com,cnn.com,2026-08-21,https://www.cnn.com/2026/08/21/weather/video/dover-delaware-tornado-flash-floods-new-york-city-ldn-digvid,en,2026-08-21,
Live updates: Iran condemns Trump’s threat of ‘economic D-Day’,CNN,cnn.com,cnn.com,2026-08-21,https://www.cnn.com/2026/08/21/world/live-news/iran-war-trump,en,2026-08-21,
Fishermen survive five days adrift on a cooler in the Pacific,CNN,cnn.com,cnn.com,2026-08-21,https://www.cnn.com/2026/08/21/world/video/fishermen-survive-five-days-adrift-on-a-cooler-in-the-pacific-hnk-digvid,en,2026-08-21,
El Niño-caused drought in Panama is likely to raise prices on everything from medicine to fuel,CNN,cnn.com,cnn.com,2026-08-21,https://www.cnn.com/2026/08/21/climate/el-nino-panama-canal-drought-price-increase-consumers,en,2026-08-21,
What we know about the IndyCar race taking over the heart of DC,CNN,cnn.com,cnn.com,2026-08-21,https://www.cnn.com/2026/08/21/politics/freedom-250-grand-prix-dc,en,2026-08-21,
"North Korea boosts support for Russia to include drone operators, Ukraine says",CNN,cnn.com,cnn.com,2026-08-21,https://www.cnn.com/2026/08/21/europe/russia-north-korea-ukraine-drones-intl,en,2026-08-21,
Pipko: Trump Risking His Political Capital To Make America Better Shows He's A True Leader,Fox News,foxnews.com,foxnews.com,2026-08-21,https://radio.foxnews.com/2026/08/21/pipko-trump-risking-his-political-capital-to-make-america-better-shows-hes-a-true-leader/,en,2026-08-21,
Trump to honor Artemis II astronauts who traveled farther from Earth than any humans in history,Fox News,foxnews.com,foxnews.com,2026-08-21,https://www.foxnews.com/politics/trump-honor-artemis-ii-astronauts-traveled-farther-earth-humans-history,en,2026-08-21,
Trump fires back after protester interrupts Myrtle Beach rally for Graham: 'Mom is voting for us',Fox News,foxnews.com,foxnews.com,2026-08-21,https://www.foxnews.com/politics/trump-fires-back-protester-interrupts-myrtle-beach-rally-graham-mom-voting-us,en,2026-08-21,
"Log Cabin Republicans removes 'T' from LGBT advocacy, says 'radical' trans activists are eroding gay support",Fox News,foxnews.com,foxnews.com,2026-08-21,https://www.foxnews.com/media/log-cabin-republicans-removes-t-from-lgbt-advocacy-says-radical-trans-activists-eroding-gay-support,en,2026-08-21,
"Pentagon fires longtime publisher, editor, reporter from military newspaper Stars and Stripes",Fox News,foxnews.com,foxnews.com,2026-08-21,https://www.foxnews.com/media/pentagon-fires-longtime-publisher-editor-reporter-military-newspaper-stars-stripes,en,2026-08-21,
"Fauci lawyers launch legal defense fund as federal, state investigations mount against him",Fox News,foxnews.com,foxnews.com,2026-08-21,https://www.foxnews.com/politics/fauci-lawyers-launch-legal-defense-fund-federal-state-investigations-mount-against-him,en,2026-08-21,
Here are 5 drivers to keep an eye on as IndyCar hits the streets of Washington for Freedom 250 Grand Prix,Fox News,foxnews.com,foxnews.com,2026-08-21,https://www.foxnews.com/outkick-sports/5-drivers-keep-eye-indycar-hits-streets-washington-freedom-250-grand-prix,en,2026-08-21,
Iryna Zarutska's family files wrongful death lawsuit alleging no security guard was on train,Fox News,foxnews.com,foxnews.com,2026-08-21,https://www.foxnews.com/us/iryna-zarutska-family-files-wrongful-death-lawsuit-alleging-no-security-guard-train,en,2026-08-21,
Former acting US Attorney Andrew Haden found dead in San Diego federal building: police,Fox News,foxnews.com,foxnews.com,2026-08-21,https://www.foxnews.com/politics/former-acting-us-attorney-andrew-haden-found-dead-san-diego-federal-building-police,en,2026-08-21,
"'Halo' composer, GOP candidate says venue canceled his event for political reasons, he will host it elsewhere",Fox News,foxnews.com,foxnews.com,2026-08-21,https://www.foxnews.com/media/halo-composer-gop-candidate-says-venue-canceled-event-political-reasons-host-elsewhere,en,2026-08-21,
Supreme Court allows Trump’s White House ballroom construction to continue for now,Fox News,foxnews.com,foxnews.com,2026-08-21,https://www.foxnews.com/politics/supreme-court-allows-trumps-white-house-ballroom-construction-continue,en,2026-08-21,
Trump-appointed judge blocks blue state's crackdown on ICE detention center,Fox News,foxnews.com,foxnews.com,2026-08-21,https://www.foxnews.com/politics/trump-appointed-judge-blocks-blue-states-crackdown-ice-detention-center,en,2026-08-21,
Top 5 most heated moments as progressives spar over who is farther to the left in final Dem Senate debate,Fox News,foxnews.com,foxnews.com,2026-08-21,https://www.foxnews.com/politics/top-5-most-heated-moments-progressives-spar-over-who-farther-left-final-dem-senate-debate,en,2026-08-21,
Southern California hits ICE with 'dumbfounding' roadblock as top lawmaker rips 'reckless' hypocrisy,Fox News,foxnews.com,foxnews.com,2026-08-21,https://www.foxnews.com/politics/southern-california-hits-ice-dumbfounding-roadblock-top-lawmaker-rips-reckless-hypocrisy,en,2026-08-21,
Luke Bryan tries his hand at White House press secretary with Jason Aldean by his side,Fox News,foxnews.com,foxnews.com,2026-08-21,https://www.foxnews.com/entertainment/luke-bryan-tries-hand-white-house-press-secretary-jason-aldean-side,en,2026-08-21,
Schumer ducks question on campaigning with socialist candidate who refuses to back him as leader,Fox News,foxnews.com,foxnews.com,2026-08-21,https://www.foxnews.com/politics/schumer-ducks-question-campaigning-socialist-candidate-refuses-back-leader,en,2026-08-21,
EXCLUSIVE: Angel dad finds ‘new purpose’ with ICE after daughter’s killing turned his world upside down,Fox News,foxnews.com,foxnews.com,2026-08-21,https://www.foxnews.com/politics/exclusive-angel-dad-finds-new-purpose-ice-after-daughters-killing-turned-his-world-upside-down,en,2026-08-21,
Portugal enacts 'burqa law' largely prohibiting face coverings in public,Fox News,foxnews.com,foxnews.com,2026-08-21,https://www.foxnews.com/world/portugal-enacts-burqa-law-largely-prohibiting-face-coverings-public,en,2026-08-21,
Mugshot of accused NY Capitol ISIS plotter revealed as feds detail plans for more attacks,Fox News,foxnews.com,foxnews.com,2026-08-21,https://www.foxnews.com/us/mugshot-accused-ny-capitol-isis-plotter-revealed-feds-detail-plans-more-attacks,en,2026-08-21,
Trump to transform spaceflight from spectacle to status quo targeting 3 launches per day,Fox News,foxnews.com,foxnews.com,2026-08-21,https://www.foxnews.com/politics/trump-transform-spaceflight-spectacle-status-quo-targeting-3-launches-per-day,en,2026-08-21,
"Sec. Sean Duffy: My job is to get my daughter into heaven, not Harvard",Fox News,foxnews.com,foxnews.com,2026-08-21,https://www.foxnews.com/opinion/sec-sean-duffy-job-get-daughter-heaven-not-harvard,en,2026-08-21,
"Trump Promises ""Economic D-Day"" for Iran",Fox News,foxnews.com,foxnews.com,2026-08-21,https://radio.foxnews.com/2026/08/21/trump-promises-economic-d-day-for-iran/,en,2026-08-21,
"Trump Enemy Michael Cohen Praises His Ex- Boss on His Radio Show, But There Was No Kissing and Making Up During the Interview",Fox News,foxnews.com,foxnews.com,2026-08-21,https://radio.foxnews.com/2026/08/21/trump-enemy-michael-cohen-praises-his-ex-boss-on-his-radio-show-but-there-was-no-kissing-and-making-up-during-the-interview/,en,2026-08-21,
Pentagon officials mulling the firing of military newspaper Stars and Stripes publisher,Fox News,foxnews.com,foxnews.com,2026-08-21,https://www.foxnews.com/media/pentagon-officials-mulling-firing-military-newspaper-stars-stripes-publisher,en,2026-08-21,
Surprise election upset shows hating Trump is no longer enough as Democratic voters turn to new playbook,Fox News,foxnews.com,foxnews.com,2026-08-21,https://www.foxnews.com/politics/surprise-election-upset-shows-hating-trump-no-longer-enough-democratic-voters-turn-new-playbook,en,2026-08-21,
I served as Trump’s NSA. SCOTUS need to stop courts putting the president's security at risk,Fox News,foxnews.com,foxnews.com,2026-08-21,https://www.foxnews.com/opinion/served-trumps-nsa-scotus-need-stop-courts-putting-presidents-security-risk,en,2026-08-21,
Rosie O'Donnell hammers Trump repeatedly in Kimmel guest-host gig as White House fires back,Fox News,foxnews.com,foxnews.com,2026-08-21,https://www.foxnews.com/media/rosie-odonnell-hammers-trump-repeatedly-kimmel-guest-host-gig-white-house-fires-back,en,2026-08-21,
AOC endorses Sen Ed Markey as incumbent faces Dem US Senate primary challenge from Rep Seth Moulton,Fox News,foxnews.com,foxnews.com,2026-08-21,https://www.foxnews.com/politics/aoc-endorses-sen-ed-markey-incumbent-faces-dem-us-senate-primary-challenge-rep-seth-moulton,en,2026-08-21,
Top JPMorganChase exec warns regulatory proposal could squeeze credit for millions of small businesses,Fox News,foxnews.com,foxnews.com,2026-08-21,https://www.foxnews.com/politics/top-jpmorgan-chase-exec-warns-regulatory-proposal-could-squeeze-credit-millions-small-businesses,en,2026-08-21,
Socialism surges among Democrats as party leaders reject DSA agenda: ‘Pack of fools’,Fox News,foxnews.com,foxnews.com,2026-08-21,https://www.foxnews.com/politics/socialism-surges-among-democrats-party-leaders-reject-dsa-agenda-pack-fools,en,2026-08-21,
"IndyCar star Alex Palou reflects on White House, Oval Office visit with Trump: 'incredible experience'",Fox News,foxnews.com,foxnews.com,2026-08-21,https://www.foxnews.com/outkick-sports/indycar-star-alex-palou-reflects-white-house-oval-office-visit-trump-incredible-experience,en,2026-08-21,
No deal: U.S. to impose 50% tariffs on many Canadian products as trade deadline passes,Los Angeles Times,latimes.com,latimes.com,2026-08-21,https://www.latimes.com/world-nation/story/2026-08-21/u-s-to-impose-50-tariffs-canadian-products-as-trade-deal-deadline-passes,en,2026-08-21,
National park maintenance work sidelined as Trump's Freedom 250 takes precedence,Los Angeles Times,latimes.com,latimes.com,2026-08-21,https://www.latimes.com/world-nation/story/2026-08-21/national-park-maintenance-work-sidelined-as-trumps-freedom-250-takes-precedence,en,2026-08-21,
Deuda nacional de EEUU llega a 40 billones de dólares; alertan que el ritmo de endeudamiento es insostenible,Los Angeles Times,latimes.com,latimes.com,2026-08-21,https://www.latimes.com/espanol/eeuu/articulo/2026-08-21/deuda-nacional-de-eeuu-llega-40-billones-de-dolares-alertan-que-el-ritmo-de-endeudamiento-es-insostenible,es,2026-08-21,
How Canada’s boycott of U.S. alcohol became the sticking point in Trump’s trade fight,Los Angeles Times,latimes.com,latimes.com,2026-08-21,https://www.latimes.com/business/story/2026-08-21/how-canadas-boycott-of-u-s-alcohol-became-sticking-point-in-trumps-trade-fight,en,2026-08-21,
"California nearly achieved universal healthcare. Now, millions are losing coverage",Los Angeles Times,latimes.com,latimes.com,2026-08-21,https://www.latimes.com/california/story/2026-08-21/california-nearly-achieved-universal-healthcare-now-millions-are-losing-coverage,en,2026-08-21,
Supreme Court chief justice allows work on Trump’s $400M White House ballroom to continue for now,Los Angeles Times,latimes.com,latimes.com,2026-08-21,https://www.latimes.com/world-nation/story/2026-08-21/supreme-court-chief-justice-allows-work-on-trumps-400m-white-house-ballroom-to-continue-for-now,en,2026-08-21,
Trump cites national security as Supreme Court weighs challenge to ballroom,Los Angeles Times,latimes.com,latimes.com,2026-08-21,https://www.latimes.com/politics/story/2026-08-21/supreme-court-trump-white-house-ballroom,en,2026-08-21,
Stars and Stripes editor says he has been fired for insubordination after doing interview,Los Angeles Times,latimes.com,latimes.com,2026-08-21,https://www.latimes.com/world-nation/story/2026-08-21/stars-stripes-editor-says-he-has-been-fired-for-insubordination-after-doing-interview,en,2026-08-21,
‘The Emperor is a fan’: Darth Vader backs San Diego Flock surveillance cams,Los Angeles Times,latimes.com,latimes.com,2026-08-21,https://www.latimes.com/california/story/2026-08-21/darth-vader-to-san-diego-city-council-emperor-want-flock-surveillance-cameras,en,2026-08-21,
"Mexican governor, indicted by U.S. on charges of collaboration with drug cartel, is back in office",Los Angeles Times,latimes.com,latimes.com,2026-08-21,https://www.latimes.com/world-nation/story/2026-08-21/mexican-governor-indicted-by-united-states-is-back-in-office-after-leave,en,2026-08-21,
"Trump warns of 'economic D-Day' against Iran, but Tehran is well acquainted with sanctions",Los Angeles Times,latimes.com,latimes.com,2026-08-21,https://www.latimes.com/world-nation/story/2026-08-21/trump-warns-of-economic-d-day-against-iran-but-tehran-is-well-acquainted-with-sanctions,en,2026-08-21,
"Review: Hoping to do some good in Gaza, the subjects of 'American Doctor' keep frustration in check",Los Angeles Times,latimes.com,latimes.com,2026-08-21,https://www.latimes.com/entertainment-arts/movies/story/2026-08-21/american-doctor-review-gaza-israel-documentary-poh-si-teng,en,2026-08-21,
"U.S. has sent deportees to many African countries, the latest one being Liberia. Here’s why",Los Angeles Times,latimes.com,latimes.com,2026-08-21,https://www.latimes.com/world-nation/story/2026-08-21/u-s-has-sent-deportees-to-many-african-countries-latest-one-being-liberia-heres-why,en,2026-08-21,
Mexican government list of journalists and political opponents sparks outcry,Los Angeles Times,latimes.com,latimes.com,2026-08-21,https://www.latimes.com/world-nation/story/2026-08-21/did-mexico-create-blacklist-of-journalists-politicians-president-says-no,en,2026-08-21,
"As Colorado River reservoirs plummet, Trump administration orders water cuts",Los Angeles Times,latimes.com,latimes.com,2026-08-21,https://www.latimes.com/environment/story/2026-08-21/colorado-river-trump-administration-water-cuts,en,2026-08-21,
"Doctora Instagram, enfermera Facebook: Latinos are turning to social media for health info",Los Angeles Times,latimes.com,latimes.com,2026-08-21,https://www.latimes.com/delos/newsletter/2026-08-21/latinos-social-media-health-advice-danger-ice-intervention,en,2026-08-21,
The Silver Lake arts scene of the early aughts is all grown up: L.A. arts and culture this weekend,Los Angeles Times,latimes.com,latimes.com,2026-08-21,https://www.latimes.com/entertainment-arts/newsletter/2026-08-21/essential-arts-august-21,en,2026-08-21,
"Letters to the Editor: Whether it’s past presidents or vandals, Trump will always blame someone else",Los Angeles Times,latimes.com,latimes.com,2026-08-21,https://www.latimes.com/opinion/letters-to-the-editor/story/2026-08-21/trump-blame-reflecting-pool-memorial,en,2026-08-21,
"Letters to the Editor: We should be expanding access to retirement accounts, not punishing the wealthy",Los Angeles Times,latimes.com,latimes.com,2026-08-21,https://www.latimes.com/opinion/letters-to-the-editor/story/2026-08-21/401ks-retirement-account-access,en,2026-08-21,
Why Treasury's bond buybacks aren’t stopping the surge in Treasury and mortgage rates,Los Angeles Times,latimes.com,latimes.com,2026-08-21,https://www.latimes.com/business/story/2026-08-21/why-treasurys-bond-buybacks-arent-stopping-surge-in-treasury-mortgage-rates,en,2026-08-21,
Army will shut down a unit in Europe focused on learning drone warfare,Los Angeles Times,latimes.com,latimes.com,2026-08-21,https://www.latimes.com/world-nation/story/2026-08-21/army-will-shut-down-unit-in-europe-focused-on-learning-drone-warfare,en,2026-08-21,
Meet the Angelenos who are learning to get around without a car,Los Angeles Times,latimes.com,latimes.com,2026-08-21,https://www.latimes.com/california/newsletter/2026-08-21/meet-angelenos-who-are-learning-to-get-around-without-car,en,2026-08-21,
"Letters to the Editor: ICE’s shock gloves are supposedly nonlethal. So were Tasers, until they weren’t",Los Angeles Times,latimes.com,latimes.com,2026-08-21,https://www.latimes.com/opinion/letters-to-the-editor/story/2026-08-21/ice-shock-gloves-tasers,en,2026-08-21,
Commentary: Sean Duffy's 'Great American Road Trip' is Trump-era grift posing as a reality show,Los Angeles Times,latimes.com,latimes.com,2026-08-21,https://www.latimes.com/entertainment-arts/story/2026-08-21/sean-duffy-transportation-secretary-great-american-road-trip,en,2026-08-21,
New details in Hayden Panettiere’s final moments,NBC News,nbcnews.com,nbcnews.com,2026-08-21,https://www.nbcnews.com/nightly-news/video/new-details-in-hayden-panettiere-s-final-moments-268697157658,en,2026-08-21,
First group of deportees arrives in troubled Haiti after U.S. ends TPS program,NBC News,nbcnews.com,nbcnews.com,2026-08-21,https://www.nbcnews.com/world/north-america/first-group-deportees-arrives-troubled-haiti-us-ends-tps-program-rcna593684,en,2026-08-21,
"U.S. carries out its first deportations under pact for Liberia to accept 1,200 non-Liberians",NBC News,nbcnews.com,nbcnews.com,2026-08-21,https://www.nbcnews.com/world/africa/us-carries-first-deportations-pact-liberia-accept-1200-non-liberians-rcna593682,en,2026-08-21,
Nebraska’s largest school district asks police to stop using electric shock gloves on students,NBC News,nbcnews.com,nbcnews.com,2026-08-21,https://www.nbcnews.com/news/us-news/nebraskas-largest-school-district-asks-police-stop-using-electric-shoc-rcna593722,en,2026-08-21,
Trump attacks Democrats as ‘communists’ — while acquiring government stakes in private companies,NBC News,nbcnews.com,nbcnews.com,2026-08-21,https://www.nbcnews.com/politics/donald-trump/trump-democrats-communists-acquiring-government-stakes-companies-rcna589642,en,2026-08-21,
Iran vows ‘devastating’ response as U.S. threatens toughest ever economic hit,NBC News,nbcnews.com,nbcnews.com,2026-08-21,https://www.nbcnews.com/world/iran/iran-war-devastating-response-us-threat-toughest-economic-hit-rcna593697,en,2026-08-21,
Live updates: Trump stumps for Darline Graham in South Carolina ahead of next weekâs runoff,NBC News,nbcnews.com,nbcnews.com,2026-08-21,https://www.nbcnews.com/politics/politics-news/live-blog/trump-darline-graham-south-carolina-live-updates-rcna593631,en,2026-08-21,
"DOJ subpoenas targeting Trump foe Letitia James cannot be enforced, appeals court rules",NBC News,nbcnews.com,nbcnews.com,2026-08-21,https://www.nbcnews.com/politics/justice-department/subpoenas-trump-new-york-attorney-general-letitia-james-john-sarcone-rcna593803,en,2026-08-21,
Flock camera vandals strike nationwide and navy carrier could honor Trump instead of hero: Morning Rundown,NBC News,nbcnews.com,nbcnews.com,2026-08-21,https://www.nbcnews.com/news/us-news/flock-camera-vandals-navy-naming-carrier-trump-morning-rudown-rcna593648,en,2026-08-21,
"Ed Martin is leaving DOJ to focus on ‘legal battles’ in upcoming elections, Trump says",NBC News,nbcnews.com,nbcnews.com,2026-08-21,https://www.nbcnews.com/politics/justice-department/trump-loyalist-ed-martin-leaving-justice-department-pardon-attorney-rcna593793,en,2026-08-21,
Karoline Leavitt to work for Trump-affiliated super PAC after leaving White House,NBC News,nbcnews.com,nbcnews.com,2026-08-21,https://www.nbcnews.com/politics/white-house/karoline-leavitt-work-trump-affiliated-super-pac-leaving-white-house-rcna593824,en,2026-08-21,
Vance’s homecoming is a throwback to 2024 — and a preview for 2026 and 2028: From the Politics Desk,NBC News,nbcnews.com,nbcnews.com,2026-08-21,https://www.nbcnews.com/politics/politics-news/vances-homecoming-throwback-2024-preview-midterm-politics-desk-rcna593794,en,2026-08-21,
'Dear Donald': Battleground district voters share their message to Trump,NBC News,nbcnews.com,nbcnews.com,2026-08-21,https://www.nbcnews.com/meet-the-press/video/-dear-donald-battleground-district-voters-share-their-message-to-trump-268689477753,en,2026-08-21,
Supreme Court temporarily allows Trump ballroom construction to continue,NBC News,nbcnews.com,nbcnews.com,2026-08-21,https://www.nbcnews.com/politics/supreme-court/supreme-court-trump-white-house-ballroom-rcna592899,en,2026-08-21,
Morning news brief,NPR,npr.org,npr.org,2026-08-21,https://www.npr.org/2026/08/21/nx-s1-5931262/morning-news-brief,en,2026-08-21,
"Economic Warfare On Iran, White House Ballroom, Bond Market Warning Signs",NPR,npr.org,npr.org,2026-08-21,https://www.npr.org/2026/08/21/nx-s1-5940545/economic-warfare-on-iran-white-house-ballroom-bond-market-warning-signs,en,2026-08-21,
Trump is set to wave the green flag ahead of historic Indy race in D.C.,NPR,npr.org,npr.org,2026-08-21,https://www.npr.org/2026/08/21/nx-s1-5935436/trump-is-set-to-wave-the-green-flag-ahead-of-historic-indy-race-in-d-c,en,2026-08-21,
The value of community living for people with disabilities,NPR,npr.org,npr.org,2026-08-21,https://www.npr.org/2026/08/21/nx-s1-5940713/the-value-of-community-living-for-people-with-disabilities,en,2026-08-21,
"The News Roundup For August 21, 2026",NPR,npr.org,npr.org,2026-08-21,https://www.npr.org/2026/08/21/nx-s1-5941106/the-news-roundup-for-august-21-2026,en,2026-08-21,
Supreme Court allows Trump's ballroom construction to continue for now,NPR,npr.org,npr.org,2026-08-21,https://www.npr.org/2026/08/21/nx-s1-5935417/supreme-court-allows-trumps-ballroom-construction-to-continue-for-now,en,2026-08-21,
Investors sell stocks and bonds as government efforts fail to soothe market,NPR,npr.org,npr.org,2026-08-21,https://www.npr.org/2026/08/21/nx-s1-5940009/investors-sell-stocks-and-bonds-as-government-efforts-fail-to-soothe-market,en,2026-08-21,
Beatty files emergency request to stop Trump's name from returning to Kennedy Center,NPR,npr.org,npr.org,2026-08-21,https://www.npr.org/2026/08/21/nx-s1-5940799/kennedy-center-president-trump-filing,en,2026-08-21,
Top Iran official says US focus on economic warfare shows it has failed militarily,NPR,npr.org,npr.org,2026-08-21,https://www.npr.org/2026/08/21/nx-s1-5940610/iran-us-threat-economic-warfare,en,2026-08-21,
"Trump declares economic warfare on Iran. And, SCOTUS to rule on White House ballroom",NPR,npr.org,npr.org,2026-08-21,https://www.npr.org/2026/08/21/g-s1-139542/up-first-newsletter-trump-iran-economy-white-house-ballroom-bond-market,en,2026-08-21,
Trump says U.S. will impose 'economic D Day' against Iran,NPR,npr.org,npr.org,2026-08-21,https://www.npr.org/2026/08/21/nx-s1-5939493/trump-says-u-s-will-impose-economic-d-day-against-iran,en,2026-08-21,
"As Trump courts Kim, Pyongyang ups price while Seoul fears being sidelined",NPR,npr.org,npr.org,2026-08-21,https://www.npr.org/2026/08/21/g-s1-139466/as-trump-courts-kim-pyongyang-ups-price-while-seoul-fears-being-sidelined,en,2026-08-21,
SCOTUS expected to decide whether Trump's ballroom project can move forward,NPR,npr.org,npr.org,2026-08-21,https://www.npr.org/2026/08/21/nx-s1-5939818/scotus-expected-to-decide-whether-trumps-ballroom-project-can-move-forward,en,2026-08-21,
"As USS Lincoln heads home, mental health experts tally the stressors of life at sea",NPR,npr.org,npr.org,2026-08-21,https://www.npr.org/2026/08/21/nx-s1-5936445/uss-lincoln-returns-mental-health-stressors-life-sea,en,2026-08-21,
"IndyCar Freedom 250 track breakdown: Racing on the Washington, D.C., streets",New York Times,nytimes.com,nytimes.com,2026-08-21,https://www.nytimes.com/athletic/7525362/2026/08/21/indycar-washington-d-c-freedom-250-track-breakdown-specs/,en,2026-08-21,
Brighton axe taxi firm after driver arrested for drug use,New York Times,nytimes.com,nytimes.com,2026-08-21,https://www.nytimes.com/athletic/7528694/2026/08/21/brighton-taxi-company-cocaine-driver/,en,2026-08-21,
"The New York Times News Quiz, August 21, 2026",New York Times,nytimes.com,nytimes.com,2026-08-21,https://www.nytimes.com/quiz/2026/08/21/briefing/weekly-news-quiz.html,en,2026-08-21,
Why China Thinks It Can Resist Trump’s Economic Threats on Iran,New York Times,nytimes.com,nytimes.com,2026-08-21,https://www.nytimes.com/2026/08/21/world/asia/china-iran-trump-economic-threats.html,en,2026-08-21,
"Trump Threatens Suit Over Report He Doesn’t Like, Aiming to Intimidate a Critic",New York Times,nytimes.com,nytimes.com,2026-08-21,https://www.nytimes.com/2026/08/21/us/politics/trump-lawsuit-liberal-think-tank.html,en,2026-08-21,
Gazebos From Uzbekistan: The Latest Foreign Gifts in Trump’s Washington,New York Times,nytimes.com,nytimes.com,2026-08-21,https://www.nytimes.com/2026/08/21/us/politics/uzbekistan-gazebos-trump.html,en,2026-08-21,
U.S.-Canada Tariff Talks Down to the Wire as Trump’s Midnight Deadline Looms,New York Times,nytimes.com,nytimes.com,2026-08-21,https://www.nytimes.com/2026/08/21/world/canada/trump-carney-tariffs-trade-talks.html,en,2026-08-21,
Trump Widens Beef Imports in Bid to Lower Prices,New York Times,nytimes.com,nytimes.com,2026-08-21,https://www.nytimes.com/2026/08/21/business/economy/trump-beef-prices.html,en,2026-08-21,
"Chief Justice Declines to Halt Trump’s White House Ballroom Construction, for Now",New York Times,nytimes.com,nytimes.com,2026-08-21,https://www.nytimes.com/2026/08/21/us/politics/supreme-court-trump-ballroom.html,en,2026-08-21,
Prison Firm Donated to Trump’s PAC After ICE Gave It $165 Million a Year in Contracts,New York Times,nytimes.com,nytimes.com,2026-08-21,https://www.nytimes.com/2026/08/21/us/politics/geo-group-maga-inc-donations-ice-contracts.html,en,2026-08-21,
‘I’m on the ballot’: Trump lends a hand to struggling Darline Graham,Politico,politico.com,politico.com,2026-08-21,https://www.politico.com/news/2026/08/21/ballot-trump-darline-graham-01046646,en,2026-08-21,
Trump and Pete face the South Carolina test,Politico,politico.com,politico.com,2026-08-21,https://www.politico.com/newsletters/playbook/2026/08/21/trump-and-pete-face-the-south-carolina-test-01045298,en,2026-08-21,
‘Trump in purgatory’: A White House plan to lower beef prices is dividing the president’s supporters,Politico,politico.com,politico.com,2026-08-21,https://news.google.com/rss/articles/CBMidEFVX3lxTE5hY2JYOVVTRUVXQjlpWWtYRVZfbnZtc2ZZYjZUSVM5dmNEREJIZmVBMVJ3SDQzZDJDOVRtVTI0RGxRZ09vUjg5dl96eVRjdkU4aHl4YU94VG5ULVc1MGxla283eXF6S3E3Q3R3enZfQW9EZGJI?oc=5,en,2026-08-21,
Supreme Court lets Trump’s White House ballroom construction proceed,Politico,politico.com,politico.com,2026-08-21,https://news.google.com/rss/articles/CBMilAFBVV95cUxNcnAtOUdMeWdOWjB3N3k2M2xhYUJxVTJXODFpY1ljeFAxM1kwZm5LUGdpQmVlYVROQWU5UVdmaHptcGlpRUt6UEZ2MVhNM3ZoUW1mcV80U3NNX2FmR0QyM09ielBXQ3BSbVVLbGN3c2k0cVN6ZElnMjVrenU2QURwSTBXY0tvUWNqQm9kYjZodzB4c1RK?oc=5,en,2026-08-21,
MAGA Inc. sits on campaign cash as donors indicate only Trump can save Paxton,Politico,politico.com,politico.com,2026-08-21,https://news.google.com/rss/articles/CBMihgFBVV95cUxOMi1BTmdkSzlaYWNndkY1d1N3bVJfS2F1dHpBSnE5V2NNYUFSaTVnNU12TncxblFnMFo3T2hnOHFSdVhhZFNkU1phdEJKX3F1NmpHRndXaGJHem01QUdNMmdhd21fQWlpTDBZRVBHUlctYzZrZndFdEJfUXluUVBSSEhaZlBBdw?oc=5,en,2026-08-21,
Trump administration recommends stripping American Bar Association of law school oversight authority,Politico,politico.com,politico.com,2026-08-21,https://news.google.com/rss/articles/CBMi5AFBVV95cUxOMGJ3cXBHZFJSaTJXZkhLRWpxME9hU0lLd3dTUHZqNURfQ1EwWFhRVDNKaGMwY0Fwb29YcnFyU1djUW1mT21UM2lKNFBVZEpZWXdpcFVnMUFLNWhBWUlpYjl5VEQtMDZZbG1jNWM0VUx5bWZqWjVrVnNCT2gwN1hFN1I2ZEhCZUJxbWZUbFg2VUVwbGZVMG01Q3RJejM4V281WGxOOGJuQXZwX0E1cDk4VXBOTGdBQTFiVWVJaFExMm9YRk9oY2pKaVlTWHVkTERMOWFod0ZRVmdHVU4zSGFqNngzd2U?oc=5,en,2026-08-21,
"Trump pauses quota tariff on 300,000 tons of beef ahead of midterms",Politico,politico.com,politico.com,2026-08-21,https://news.google.com/rss/articles/CBMiigFBVV95cUxPY1puNWxDaU1mUS1wN0xxZUpIaWxIV3dQSmxxZXdiY1RnNG82TXJvbTdNbmo1OUNnMWg1RWwzazEyMFYzdmR3YUM0aDdSVk1ncEpPTGU2RHB2Y2Y2RGVUWkVQYUNCcmJQMU81X21FYWVMS19Zb3NraWdKNHdldy1UT3NwZTBIaHdvNWc?oc=5,en,2026-08-21,
"Ed Martin leaving DOJ for outside legal work tied to elections, Trump says",Politico,politico.com,politico.com,2026-08-21,https://news.google.com/rss/articles/CBMijwFBVV95cUxOWTBteERCQ1hYQ2RyZzdQYkhRclBLQU5qckdDZlBMNnozUmttYzc2dE91Y3U4MUg4cG93bGQzcm5HVDVKQWpBSEZCbzU3UDZjMDF1b1YzUGNUWVZDRmVJT0c0TWdzTWpuN0lHVHZ5Q2cycnJ3LXFudzRGaS1OTTVlT041Y2gtakpiRWFCQzVfMA?oc=5,en,2026-08-21,
GOP says affordability trumps Trump,Politico,politico.com,politico.com,2026-08-21,https://news.google.com/rss/articles/CBMirwFBVV95cUxQTnNVQUo5N2JvcEdEeWRLSVpSUGNDLXB2WG1ibm5KcG1yOThPWURvaWIwMGJEZGZSaHJIaDRQOTRlY3hybXBiT0FhdTNZT2c5LWVrai0tbWlQZDgwRVNBd09mdjJzYUoxcjNKSnF6OEdNMGo3UzNvSi1CRXFCQkpaTlktTk9hY19JR0dkVi1sNU1IYS1Bb3lwUDJJaHZ2NExZZWkzUEgzS1VpU2o1Qjg4?oc=5,en,2026-08-21,
No easy encore for Trump and Kim Jong Un,Politico,politico.com,politico.com,2026-08-21,https://news.google.com/rss/articles/CBMivgFBVV95cUxNcFBsSFkyZzFVbTVERm1aX3VwSFJ4OGRhTmpLQ3Z5bmEweHdSTHZXWHVSNW5XcFZzbmFpRzBiN0NScXFmcnpEbEUyVGZ5NGx1c0piSTY5QmROYzVYMFUwcllwV2hYOUJ4NnY5RkxIMk5TaUl1b1hmVU90RWstdzJiTzFXQ2lJVkNKVnhXZE54RFJpOTE1TmlubHRnTU5QWDBGZmN5WmJmdkduaVRoOHhDR2YwbzJRcnQzeW1mVmxn?oc=5,en,2026-08-21,
Trump says he did not direct Bessent to intervene in bond market,Reuters,reuters.com,reuters.com,2026-08-21,https://news.google.com/rss/articles/CBMipgFBVV95cUxOTkFsc1FIR29sOXp1dmJuLTJFNHR0Z04taHhTaEZkd1QyRmhxN0hKTmZHYldObW5zV1J6c2ozT04xOXp0dlFMbWgwMHVUckdCeHNPRG1QTEE4bU9fckJmd1BnekhaZ0JCOUUwbDBCdWdRM3FRWEFJUHB4LW9KaTNPRDBmQ1lLYTdOUTJWa2wtckZ1Y0FFbjJVTkFjaUVKY2Zwdm05VENB?oc=5,en,2026-08-21,
Supreme Court lets Trump continue work on White House ballroom for now,Reuters,reuters.com,reuters.com,2026-08-21,https://news.google.com/rss/articles/CBMiqAFBVV95cUxNWDRsWDhPVVVzZVdpcEpaNi0tRGF3SU90MmwwcWw5UHdkb3VEM3FCcXVzQm0tWExlQUtMNy0yUGl6NVBMeWJSenN3VXNqZ251TzMySHBrTEpSVjMwQWFreFVjTE9idkFJbE1zWWtnWlBveXlLNmc3Z25pTkU1RlFLRGg0R1REZnVOeVVsRXNpNlJBN3BmakJGMWVxcFNsdkh4c00teW1OX3c?oc=5,en,2026-08-21,
"Migrants flown to Equatorial Guinea after resisting Liberia deportation under Trump deal, sources say",Reuters,reuters.com,reuters.com,2026-08-21,https://news.google.com/rss/articles/CBMiyAFBVV95cUxOaV9tYXJ5cG1vekQ3MGQtZzBSVDNQal9KMWF6ckM5OXRWbFg1eWgyM3FhVzFRdnBXV1ZNUWpCSENpQlVERkpoWlZTUWk2VW1uTWxZcU9RaFRnWnlxTEdISUNuLU9TbUEwSUMzSGRlU3JxMG9iNWtIeVRKQjQyLWVDcGctMGpDSE82Wmh4VXVIR1hGR1RLb2U2MnFrSVdsVlFsZ21ib0RZTU5haVp1MURPeTlqdDd5bHNLOTAzRFktTGg0Q0JmVGh4VA?oc=5,en,2026-08-21,
"Trump told Lula that officials should meet soon to discuss tariffs, Brazil says",Reuters,reuters.com,reuters.com,2026-08-21,https://news.google.com/rss/articles/CBMiogFBVV95cUxPSHFjdVZGTkJSOTJTQzFQWXkyOHFQa2NRaEFienkzTWthdl9NY29lTmpPMzVlM3JVaGd5Ui1QTEdPT0xGaHRGampuaUdxdTFXZDNxdHV3MDVMdkNlbzltbGlOM1FDdl9IcVo1X2x4T1FQYWI0U2VWcHVsaVo2RTRRS01OVGkxd0FjU0hNaDliWUlYQVZtXzljU3FYVmt6TTN1ZGc?oc=5,en,2026-08-21,
"Trump to temporarily ease US beef tariffs, irking cattle producers",Reuters,reuters.com,reuters.com,2026-08-21,https://news.google.com/rss/articles/CBMikwFBVV95cUxQbEFodmROalY1SkRMRUp0NWdHc01wbU1Fa05Ib0NIR0VzNFVzV3R1dElCdzMweFkzLVhsS0IwQURrZUo2MGQ4OFBLZEVtak9XR1ozZG0wbmVQV2hOUmIzS1pzVlJOVFdINUhNa1lXaElyYm1YeWw2SnZpbUV5VXJIdno5SlZLMzVoZzBHejRZWE9Vc1k?oc=5,en,2026-08-21,
Oil rises as Trump threatens sanctions on Iran partners,Reuters,reuters.com,reuters.com,2026-08-21,https://news.google.com/rss/articles/CBMitAFBVV95cUxPbEh1QVJmcTNtSE1PMURxNmRBT3RIWHhVTmtwZDRiMk5yUzJtc2xuNHFlQXF1a3VJS3FQckxIY3Y2VjhFejlkNDZnLTY0R0prazZHb194Y19sRDdjUVJtNHlMT0lwSHRRcU5UM2VBTFZpVHBDZEl1OGFWbUkxX1pacWhMYUtFQ0pRbGVRYVNYcy1zSUNZVWtxNW4zczc0YVhZVkFWUHJwRWlFQl8zQUR3dFNIU1o?oc=5,en,2026-08-21,
Trump administration moves to end attorney group's law school oversight,Reuters,reuters.com,reuters.com,2026-08-21,https://news.google.com/rss/articles/CBMivAFBVV95cUxQYjRxeEYzVFV2OGpXcmp5LVJXc0EzU1dUVk0tWmVQdHRSUWdEdmY3SUhqdXNsTlNMSTFTaDhXWW1LZUJGMTkwNnNLalRYZ3FrVVdGQk1JN3BNcUs2NEJ3Nnl1aDVNOVVJb1dMVnNRWEhYeVNhTnlOdWZIVVJpejJZX05qMGJwNjl5WFZvUHIyb0NGeXpJaUFEazFtaW1MSWdIMUlWY1ZyMWVrRk9QUkNNSXNlcHdmTURPb1Vndg?oc=5,en,2026-08-21,
Trump seeks to bolster Darline Graham's Senate bid at South Carolina rally,Reuters,reuters.com,reuters.com,2026-08-21,https://news.google.com/rss/articles/CBMitwFBVV95cUxOeEZLYUhvbjltVG5KaVNreWhORUVkdjZ4ZmtfSGVZSDY5M2EtVWQ2WU9xUkEyMDh5ODJXczFNb2l4dHZ5MEJBcmNLRVNWV05tTGo4N01xWmNUWG10aGZHTkk4YmlWWmNJYXZrcWpCREs3M2VaNTZhamZwc210VmlQeGI4MHVteHkzRkJzUHVkNjR2WU5iZ24xS0dRYnVOSTlJcnRJZkNOTHdVNm9CcWN2czhIYm44RUU?oc=5,en,2026-08-21,
Explainer: Why is Trump talking about the Keystone XL oil pipeline?,Reuters,reuters.com,reuters.com,2026-08-21,https://news.google.com/rss/articles/CBMipwFBVV95cUxNWlFiYi1pWmJleGhpOVFqZWFXWEZ3OVFTTTl1dE1CUWp5eEVqTDdXTTI5YkxvSnlEa0VRODRFc2J2REpUMURCZ2FTQkhiNlZieGNSamF2STRTaXI1SVNGRlp4Q29RQktpNjJqYUl3VE03RXo4bC11TzB2d2RtTHZ2dlJnbENYZVJZSjlqUzlpeUZtSXlzNDhXYWZkS3dLV1NGTU1KRFVOaw?oc=5,en,2026-08-21,
"Washington IndyCar race touted by Trump draws Boeing, Starlink, Delta as new sponsors",Reuters,reuters.com,reuters.com,2026-08-21,https://news.google.com/rss/articles/CBMiwwFBVV95cUxNdFpqYzM5bzFZc0Z0bmNVWkZjTFBxUUxzbDRrOUxuZTMxSUJzc2dMWHI5T2VDMnNfSmhwb3B0dmZSSE1jRFViQThCZ2hzaUtFak1iX3BDb3R1NGd3OXAyV2xkaFc2b3BhUVp5WUtGR0FYVUlXekxPRGlxZkkwVUo3S1VPSWFJYzJsc2hHVXpud2NVWVJ2Q182ZHQ1dzVHUXgySWd0aVRfUzhXd1JEdlUzWmxwV3NkS3JxbXZXYzZsMmtURVU?oc=5,en,2026-08-21,
"Eric Trump-backed Space-Eyes to appoint ex-Delta Force officer and ex-banker, sources say",Reuters,reuters.com,reuters.com,2026-08-21,https://news.google.com/rss/articles/CBMizgFBVV95cUxOQ3VudmtYdTVvWmY2TDBJangtaW1hR2l0dzluMFdkZnV1S2FtSjVUZUVKMDhuNVlydGFfcmhGdHYwS3JkQVJ1a2RtdTc1OUpxSFdzSDIyNkpUc2ZOem1OY1dFYnpwSm5kYkpzOFFNLWhjVXJHUThKMml1YkJLYng1RHhnbkZmMHlzeElBOEpaeTJuUGgzMFh4WTA3bUo0d2JWT0YtMU1uamlPOU5CMHNZVnJzQXY3Zm1vdkNpU1ZVbkw5VWlRVmt6cDN5Mm1QUQ?oc=5,en,2026-08-21,
"Across Tehran, billboards threaten Trump, Israel",Reuters,reuters.com,reuters.com,2026-08-21,https://news.google.com/rss/articles/CBMilgFBVV95cUxQTHlSZF9yRWg5VUF5TXFNTEprQW5QNUFFTmVGVVVsTWxxcDgxWS1QLTNOTVNZaWZablljSWpselpTUmstV2cxT0lzejN2RUJXcjVfdTRTMl9SWlJEa0xIRDFIMDMwUFdXdUdTWURHVENaZzdSMTRxZ29TUG1fRVlKRjdZUXQ5djFTcFlZQ3pWOWFIak43Snc?oc=5,en,2026-08-21,
US health department seeks public feedback on vaccine guidelines after Trump order,Reuters,reuters.com,reuters.com,2026-08-21,https://news.google.com/rss/articles/CBMizAFBVV95cUxNS08wV1haZ25wU1ZXMHRnaXExR2hQaG5hM2ZGRmJ2R2huWmVlbGFucEpERzl6ZVlvYUZsYWlKUHI1T3hLclNGTmZDOGxSdmNTTTMzUmQ5aGltSW5SVmtrdTBzVnZPdlJ4RUVNcnBkNUdIR1dGa0lDdEJtZEZ6SUZ2ODBlYVdqQVpFenRVYTloVUotdzVJbHZkRVlzOWpOT2l3cmxmaVEyZk1TQXZQU2lwamFLVWZfZjF6SmY0emNROGo2UTFqX1NYSE1ZU0Y?oc=5,en,2026-08-21,
Trump plan to reduce beef prices faces pushback from some Republicans,USA Today,usatoday.com,usatoday.com,2026-08-21,https://www.usatoday.com/story/news/politics/2026/08/21/trump-plan-reduce-ground-beef-prices-tariffs/91408423007/,en,2026-08-21,
Trump order prompts review of childhood vaccine guidance,USA Today,usatoday.com,usatoday.com,2026-08-21,https://www.usatoday.com/story/news/health/2026/08/21/trump-childhood-vaccine-review/91408179007/,en,2026-08-21,
"Trump approval negative in 47 states and DC, poll finds",USA Today,usatoday.com,usatoday.com,2026-08-21,https://www.usatoday.com/story/news/politics/2026/08/21/trump-approval-rating-negative-47-states-and-dc/91409484007/,en,2026-08-21,
Jill Biden responds to 2024 debate drugging conspiracy,USA Today,usatoday.com,usatoday.com,2026-08-21,https://www.usatoday.com/story/news/politics/2026/08/21/jill-biden-responds-2024-presidential-debate-drugging-conspiracy/91407589007/,en,2026-08-21,
Who is Jon Ossoff? Five things to know about our youngest senator,USA Today,usatoday.com,usatoday.com,2026-08-21,https://www.usatoday.com/story/news/state/georgia/atlanta/2026/08/21/who-is-jon-ossoff-five-things-to-know-about-our-youngest-senator/91401432007/,en,2026-08-21,
"White House ballroom work can continue for now, Supreme Court says",USA Today,usatoday.com,usatoday.com,2026-08-21,https://www.usatoday.com/story/news/politics/2026/08/21/supreme-court-trump-white-house-ballroom-construction/91307980007/,en,2026-08-21,
"What to know about flu, COVID shots as the school year begins",USA Today,usatoday.com,usatoday.com,2026-08-21,https://www.usatoday.com/story/news/health/2026/08/21/flu-covid-shots-school-begins-vaccine-confusion/91401809007/,en,2026-08-21,
"Border wait times feared after San Diego County severs ICE, CBP ties",USA Today,usatoday.com,usatoday.com,2026-08-21,https://www.usatoday.com/story/news/state/california/2026/08/21/ice-cbp-firearms-training-ends-san-diego-county-mexico-border/91369199007/,en,2026-08-21,
"Which tech, AI companies are complying with Texas data center rules?",USA Today,usatoday.com,usatoday.com,2026-08-21,https://www.usatoday.com/story/news/state/texas/2026/08/21/which-tech-ai-companies-are-complying-with-texas-data-center-rules/91373947007/,en,2026-08-21,
"Democrat's Senate map improves as Texas, Iowa shift to toss-up",USA Today,usatoday.com,usatoday.com,2026-08-21,https://www.usatoday.com/story/news/politics/elections/2026/08/21/democrats-senate-texas-iowa-trump/91401337007/,en,2026-08-21,
US government's spending problem hurts your finances. Here's why,USA Today,usatoday.com,usatoday.com,2026-08-21,https://www.usatoday.com/story/money/personal-finance/2026/08/21/how-us-record-debt-impacts-americans/91390594007/,en,2026-08-21,
Vice President JD Vance says Iran war entering 'new phase',USA Today,usatoday.com,usatoday.com,2026-08-21,https://www.usatoday.com/story/news/politics/2026/08/21/vance-iran-war-clay-buck-trump-d-day-tehran/91402138007/,en,2026-08-21,
"US news today: Lindsay Clancy, Hayden Panettiere in Daily Briefing",USA Today,usatoday.com,usatoday.com,2026-08-21,https://www.usatoday.com/story/news/2026/08/21/hayden-panettiere-lindsay-clancy-iran-ai/91400526007/,en,2026-08-21,
DHS lawyer's reckless 'worst' list turns judges into targets,USA Today,usatoday.com,usatoday.com,2026-08-21,https://www.usatoday.com/story/opinion/2026/08/21/trump-dhs-threats-federal-judges-supreme-court/91375178007/,en,2026-08-21,
Racing near the White House isn't new. Just ask Washington,USA Today,usatoday.com,usatoday.com,2026-08-21,https://www.usatoday.com/story/opinion/2026/08/21/trump-indy-car-race-dc-history/91352969007/,en,2026-08-21,
Atlanta mayor has message for DNC after city dropped from short list,USA Today,usatoday.com,usatoday.com,2026-08-21,https://www.usatoday.com/story/news/state/georgia/atlanta/2026/08/21/atlanta-mayor-has-message-for-dnc-after-city-dropped-from-short-list/91401895007/,en,2026-08-21,
"Texas Senate race moves to toss-up as Paxton, Talarico stay tied",USA Today,usatoday.com,usatoday.com,2026-08-21,https://www.usatoday.com/story/news/state/texas/2026/08/21/texas-senate-race-moves-to-toss-up-as-paxton-talarico-stay-tied/91389535007/,en,2026-08-21,
"Mike Huckabee warning to Israeli settlers, Palestinian Americans' land",USA Today,usatoday.com,usatoday.com,2026-08-21,https://www.usatoday.com/story/news/world/2026/08/21/mike-huckabee-israeli-settlers-palestinian-americans-land/91400465007/,en,2026-08-21,
Trump tries to push Darline Graham to victory with South Carolina trip,USA Today,usatoday.com,usatoday.com,2026-08-21,https://www.usatoday.com/story/news/politics/2026/08/21/trump-darline-graham-lindsey-south-carolina-election-primary-runoff/91401016007/,en,2026-08-21,
Ossoff's Natalie Harp name-drop just gave Democrats an in,USA Today,usatoday.com,usatoday.com,2026-08-21,https://www.usatoday.com/story/opinion/columnist/2026/08/21/trump-natalie-harp-executive-assistant-close/91386769007/,en,2026-08-21,
Kennedy Center court fight reignites over adding Trump's name,USA Today,usatoday.com,usatoday.com,2026-08-21,https://www.usatoday.com/story/news/politics/2026/08/21/trump-kennedy-center-court-fight/91403025007/,en,2026-08-21,
"Trump, his clout on the line, stumps for Graham in South Carolina",Washington Post,washingtonpost.com,washingtonpost.com,2026-08-21,https://www.washingtonpost.com/politics/2026/08/21/trump-heads-south-carolina-campaign-darline-graham/,en,2026-08-21,
Supreme Court says Trump can continue ballroom work as it weighs case,Washington Post,washingtonpost.com,washingtonpost.com,2026-08-21,https://www.washingtonpost.com/politics/2026/08/21/supreme-court-says-trump-can-continue-ballroom-work-it-weighs-case/,en,2026-08-21,
Trump hits pause on a free-trade beef,Washington Post,washingtonpost.com,washingtonpost.com,2026-08-21,https://www.washingtonpost.com/opinions/2026/08/21/trump-hits-pause-free-trade-beef/,en,2026-08-21,
Trump’s industrial policy meets red state politics,Washington Post,washingtonpost.com,washingtonpost.com,2026-08-21,https://www.washingtonpost.com/opinions/2026/08/21/oklahoma-aluminum-smelt-project-shows-limits-industrial-policy/,en,2026-08-21,
Trump is bad for America. But he might be good for the world.,Washington Post,washingtonpost.com,washingtonpost.com,2026-08-21,https://www.washingtonpost.com/opinions/2026/08/21/trump-is-pushing-world-away-america/,en,2026-08-21,
‘I’m not that informed’: A rare Senate vacancy triggers a test for Trump,Washington Post,washingtonpost.com,washingtonpost.com,2026-08-21,https://www.washingtonpost.com/opinions/2026/08/21/darline-graham-senate-runoff-south-carolina-tests-trump-power/,en,2026-08-21,
Lawmaker files to block Kennedy Center from restoring Trump’s name on building,Washington Post,washingtonpost.com,washingtonpost.com,2026-08-21,https://news.google.com/rss/articles/CBMitgFBVV95cUxNNmMxaW85c0NlT0U3WmtOWFR1eTdkdkdYOTd0RmVTcmpZdnJTLWFCSklXOUZHb3lPTWhYNkRhRVIwY3dpTHNPYWplV25sZFhIWTN2X2NBMXhXNzZJSk10Ty02bWRRU0ZlckNZNkI4bWs2WjFrcjgzS2kxQ2NBQWpfWnBGZlI5T1pLeGo4aUpiZ3MyaTJUcjFmYVY4NFd6SFBHSTJGMS1wejYwNUxSUFQtNFNZM3Nydw?oc=5,en,2026-08-21,
Opinion | Trump is bad for America. But he might be good for the world.,Washington Post,washingtonpost.com,washingtonpost.com,2026-08-21,https://news.google.com/rss/articles/CBMikAFBVV95cUxQdWVDTHliVHlVazVGcEk1aG4tYmY0NWtqU2ZLQ2owN1FjOWpOcDlnako5RVA3X2VyUXNVVDBLZGRsQXNjZmlGYVJ4eWs3NVYzOHU0R1B2R2UzNnpuY3Y2NjkyWTB6bWQ2cXB4dURpZHFyTE9jemNwSFYtWWV6cEY1N0NuZjkwT2o5YzBQR2FNekM?oc=5,en,2026-08-21,
"Ahead of Grand Prix race, Melania Trump makes first public appearance in weeks",Washington Post,washingtonpost.com,washingtonpost.com,2026-08-21,https://news.google.com/rss/articles/CBMiwAFBVV95cUxNTmtQZkdOclF1VXI4c1d3RVpFeTFhbEt5SGZPeEJ3WWJYOWxMYjlkcnJVcUExd196Y19FQUtyZHZUZzlKcmxPOXcyT05GOXNqMndyaTB3M1YtdmNMblNaVDhwMTZRTTd4SmFtc29EOFZVeTlBN0p6ZkliMWlMVzZpOV9kbmNRTHV1SjhOZmUzX1BCa0FoUWxUNzNsLVRNdDV3dWNEaFUwSDgwTy10NVdWdUw1NkNRaHBkdm1oX2traGw?oc=5,en,2026-08-21,
"Trump's 50% tariffs take effect after US, Canada fail to reach trade deal",ABC News,abcnews.go.com,abcnews.go.com,2026-08-22,https://abcnews.com/Business/trumps-proposed-tariffs-canada-hurtle-deadline-amid-trade/story?id=135833861,en,2026-08-22,
Trump is floating a gas tax holiday amid rising fuel costs. What does that mean?,ABC News,abcnews.go.com,abcnews.go.com,2026-08-22,https://news.google.com/rss/articles/CBMimwFBVV95cUxQdlJwLVFPMmVsaHAyT0R4Yl9LRlI1M2cwb2RwWDl5bHY4R1llTF9FbjgtMjNhVHJsREh3aHlpVjYzbk9sbnBHdlVCS0FHVml2bXg3OGNReVRVYzJ1SmVVaVd2aFdZb3pDYUp1MEYwQ2E5U2dNNHhPMmt1YkJkUjN0bzJVQ2QyaHc3eTZGTUpUeUFuOEFBaVVzOUR3WdIBoAFBVV95cUxPVHExellwOEg2Q0ZoTTgtVWxvR1AwY3k0Mm5PX3FVdHRYSDBsd0VLb0VTdkNCT1FSVEdDVW9nSmxjeUZFUnlVWXNNSTRvM0l0dHBSd0wwM2lVUENjaHV3RWtkc0JmR0MydF9JU2hmaGI3ZTc3U1Z5YmZQODhYTTdRR2F1ZU8zV0pCUG9EN3FTcmRvRVQySFBLSUZqaGZtNUht?oc=5,en,2026-08-22,
Trump's proposed arch gets preliminary approval from key agency,ABC News,abcnews.go.com,abcnews.go.com,2026-08-22,https://news.google.com/rss/articles/CBMiqAFBVV95cUxPZ1Y2czdrLWl3UlpsNWVsS3d5VjlEZDc2U1BEUUhKY3NYTWlTTjJ2WjBBOEt6cjIzZ2kyc0ozTkZwRmo5bXpxTUdsMzNDOVNnSHVjTldhWlJ5THlSY1dDZXhVNk51empzWW5lWWFjUzBFRFdXYktLS0JqM0tVNGFJZ0hxbkZicUE4X2dKMEFIaE5sRG5CbkNrZkpBaERrSUpKQk5RVGkyZkTSAa4BQVVfeXFMTVJlcmM3a1B5d2xWTmM3RDVOWmtWYnVCdlg1cFB2c2lLNTUtT3pqeVF4b0hJN1E4RmF4Z05SWEpyNTdCRmUwWFZDZXpka3I5RWtoNEFqdGlIbkkyMHZkZm90V3lUWG9UekhlMW5YclFmR0g5a2k3cW5OaWpBRjBHQVh5Vm1oS2x5QXdWbEd6V002Mk9kOHB4bW5iNERYdU02UEFucnBrdEQ3ZGRRTWln?oc=5,en,2026-08-22,
"Obama responds to Trump racist video post, says most Americans find it 'deeply troubling'",ABC News,abcnews.go.com,abcnews.go.com,2026-08-22,https://news.google.com/rss/articles/CBMiowFBVV95cUxQNjhfTEJXM2JrU2prV2RfbHVyV1JHYTNsSkRkelBkNDE3Y25YcEQyNVJVM3c3amoyRjV3aDk4d3lCNTZVX2NhNGJJTDRrNXczWGNxcnJOUUNxTTU3bTF2b3Y1WGhOYlRRdG1zU1FEZGhoODZUaU1xTzBITVVXS1dCdXE0Tk5OZFVkdGU2amt0V3p5R0VBVXo4QzB5dS0zd1l0RTlB0gGoAUFVX3lxTE1zNnlHZ2dfZ0I5cjRiNjg5blI0VE5PdWVvdWtSTWxmTXBqd1RKS3RHVllLMDlfdGxIVDNyckVhbnp6Y3dTVndubFo1UjhyUTRBV3lKb1pRbjQ3RHhQRGNkcktJa2xIbU53R3plc19GMl9lR28yeUVZUkdHRWRPTEdHQS1vakFvWjBOM1R1NzhwMkxKaU84d0c4NUpMaFRJY01MWld3WWR6aw?oc=5,en,2026-08-22,
Video Navy weighs stripping Black WWII hero’s name on ship to replace with Trump's: Sources,ABC News,abcnews.go.com,abcnews.go.com,2026-08-22,https://news.google.com/rss/articles/CBMiTEFVX3lxTE8zZVpueWxJQTY2a0tUbHdwWnJZU2oxRWU4Y1hqVzJHeXlkV1lmSFIxOXhub05ySkhjVWJCbENwX2RoalBERi0yTUZITWg?oc=5,en,2026-08-22,
Video Navy weighs removing Black WWII hero’s name on ship to replace with Trump's: Sources,ABC News,abcnews.go.com,abcnews.go.com,2026-08-22,https://news.google.com/rss/articles/CBMiTEFVX3lxTE1nQS1pQW1fRU12ZWx4czcyck5FMEpXb1E4ZDlPeWp4elVuVHlVQXZxVGFEOTNUaEFpSWJNZGJzNnpvNTVsaTJMZThGWS0?oc=5,en,2026-08-22,
"US-Canada Trade Talks Collapse, Triggering 50% Trump Tariffs",Bloomberg,bloomberg.com,bloomberg.com,2026-08-22,https://www.bloomberg.com/news/articles/2026-08-22/us-canada-trade-talks-collapse-triggering-trump-s-50-tariffs,en,2026-08-22,
Trump’s New Midterm Pitch to Voters: Pretend I’m on the Ballot,Bloomberg,bloomberg.com,bloomberg.com,2026-08-22,https://news.google.com/rss/articles/CBMisgFBVV95cUxPWWRBUnZPU1JFU3h5ckhIQXJBeEt2d2tvdWxKblpybFlscDhVd2NNQVFJaHhuLWZXVk1MQUxFcm9ZN2xQSXhzMV9EYVFjYVd6LVNnVkE3LTdhZ0ZON0MyaUxJRlNRWUpQZlV2eldCTXlzY091LXVkRXYtcGo5NDR3NXZQWUhHVnM3bm55YXZUMWlBc2o0YkZDMk53TGZSOWpXS1ZQOWV5ZENJNEoxdWthREdn?oc=5,en,2026-08-22,
"U.S. set to impose 50% tariffs on Canada after failed talks; Canada to match them ""dollar for dollar""",CBS News,cbsnews.com,cbsnews.com,2026-08-22,https://www.cbsnews.com/news/u-s-set-to-impose-50-percent-tariffs-on-canada-after-failed-talks/,en,2026-08-22,
Schumer Waves The White Flag,Fox News,foxnews.com,foxnews.com,2026-08-22,https://radio.foxnews.com/2026/08/22/schumer-waves-the-white-flag/,en,2026-08-22,
"Canadian prime minister suspends trade talks with U.S., setting new 50% tariffs in motion",NBC News,nbcnews.com,nbcnews.com,2026-08-22,https://www.nbcnews.com/business/economy/trump-canada-tariffs-carney-rcna593510,en,2026-08-22,
Trump’s super fans are torn on Darline Graham ahead of key GOP Senate contest,NBC News,nbcnews.com,nbcnews.com,2026-08-22,https://www.nbcnews.com/politics/2026-election/trump-fans-torn-darline-graham-republican-runoff-south-carolina-primar-rcna592848,en,2026-08-22,
"Trump tries new midterm message to supporters: ‘Pretend, please, that I’m on the ballot’",NBC News,nbcnews.com,nbcnews.com,2026-08-22,https://www.nbcnews.com/politics/2026-election/trump-tries-new-midterm-message-pretend-i-am-on-the-ballot-rcna593849,en,2026-08-22,
U.S. imposes 50% tariffs on $20 billion worth of Canadian products,NPR,npr.org,npr.org,2026-08-22,https://www.npr.org/2026/08/22/nx-s1-5941584/us-canada-tariffs,en,2026-08-22,
Trump Accounts Get an Unlikely Endorser: Gavin Newsom,New York Times,nytimes.com,nytimes.com,2026-08-22,https://www.nytimes.com/2026/08/21/us/politics/newsom-trump-accounts.html,en,2026-08-22,
Judge Strikes Down Trump’s 75-Country Visa Ban,New York Times,nytimes.com,nytimes.com,2026-08-22,https://www.nytimes.com/2026/08/21/us/politics/judge-trump-75-country-visa-ban.html,en,2026-08-22,
"With Midterms Approaching, Trump Implores Republicans: Pretend I’m on the Ballot!",New York Times,nytimes.com,nytimes.com,2026-08-22,https://www.nytimes.com/2026/08/21/us/politics/trump-darline-graham-south-carolina.html,en,2026-08-22,
How a Trump Envoy Uses Vodka and Dirty Jokes to Conduct U.S. Diplomacy,New York Times,nytimes.com,nytimes.com,2026-08-22,https://www.nytimes.com/2026/08/22/world/europe/belarus-john-coale-lukashenko-trump.html,en,2026-08-22,
How a Billionaire Shaped Trump’s Homelessness Policy,New York Times,nytimes.com,nytimes.com,2026-08-22,https://www.nytimes.com/2026/08/22/us/politics/homelessness-lonsdale-billionaire-trump.html,en,2026-08-22,
Carney Stands Up to Trump in Trade War Despite the Risks,New York Times,nytimes.com,nytimes.com,2026-08-22,https://www.nytimes.com/2026/08/22/world/canada/carney-trump-canada-tariffs.html,en,2026-08-22,
Trump’s trade deal with Canada collapses,Politico,politico.com,politico.com,2026-08-22,https://news.google.com/rss/articles/CBMihAFBVV95cUxPYXpmRWdGd25mMC1BQjRsT29nb2xwRnRpUzVNZ2VuS2ROTVVvVTlDOXZKdXpMV0xDbC1VZ3NqWHE1d0RSZFdVS0U5VXY5dFpId3lBa3B0V1JlNVF4eDRCWFJyc2xCdkVhdEdoYllfTDloaWdDczJXRmJjZGU1RUtXT2wydlo?oc=5,en,2026-08-22,
‘I’m on the ballot’: Trump lends a hand to struggling Darline Graham,Politico,politico.com,politico.com,2026-08-22,https://news.google.com/rss/articles/CBMigwFBVV95cUxPXzBTNVVDS3VsU1VHR3J4Zmk3VU5MaGU2YlIxdFJlc0k0Uld4WGMtQ2YzMWllaGVvZVUxLTRjclduUXp1N2tiRHZrRUhwYmFrOW43a3lMazJLbFlGNE1pTURWbXBhTEV6X2pCSmNlV2NnQ25IaExxZl9ETUs5aTZHTVdFOA?oc=5,en,2026-08-22,
Trump heads into midterms short on foreign policy wins,Reuters,reuters.com,reuters.com,2026-08-22,https://news.google.com/rss/articles/CBMinAFBVV95cUxPWVpobThVRFlSUldKZkNtUFdwaTRmaFZyQl9HOExfQ2dxQkFOd2EtdWdtWUZ1ckthb3dKTVZwSmtpNk5Eb3A3dVFhWnVqZzlyMlpCQlFydGZrYTlyNzFDV21fQzZPYWxqeFBranZibzZiampxb3pyYll0LXhqZUJmN2ZNa3Q2UE55Tk1QSEx3NG9wd21zbFowNjZIcTY?oc=5,en,2026-08-22,
US Navy aircraft transits Taiwan Strait before planned Xi-Trump meeting,Reuters,reuters.com,reuters.com,2026-08-22,https://news.google.com/rss/articles/CBMinAFBVV95cUxQZVZ5QXlJdUphUk9mZFZtcDlkNXZyY2gzLUFwV0tQSjllVks1bS1GMm41Q2RYamZGcTBJMEtDa1JfREpJSFNvTkQtTjBZZFg0UXpWRjFDQ2RwU3Q3enlkWkVMUEluU2FRTmhCdFk1cFdGSzlVMW5KanEtRjdWajAxVHN3NGhzSXdlNEFwRTVlTU80VlBzV3BBQkd5Ui0?oc=5,en,2026-08-22,
She’s a Trump acolyte. He’s a ‘gringo Sandinista.’ Meet the Harps.,Washington Post,washingtonpost.com,washingtonpost.com,2026-08-22,https://www.washingtonpost.com/world/2026/08/22/shes-trump-acolyte-hes-gringo-sandinista-meet-harps/,en,2026-08-22,
Opinion | Trump hits pause on a free-trade beef,Washington Post,washingtonpost.com,washingtonpost.com,2026-08-22,https://news.google.com/rss/articles/CBMijAFBVV95cUxNRmFKaFFqUDZwMmJhS01DOGVwYXNqeDdhdFVfR1FfQU1EV29zMUxoZUJDaGFxcVVHdkVnQnNIY1JrdXNvYjNtOHY5MkVfclp4M2UxRjl6VzBqMFpuUVlZZjl5RG5yRXRjRzNnQklLc3FXME9vNjFLMFZDM3lkeDRDaEtmRk1MM1hjelQ2NA?oc=5,en,2026-08-22,
"Trump, his clout on the line, stumps for Graham in South Carolina",Washington Post,washingtonpost.com,washingtonpost.com,2026-08-22,https://news.google.com/rss/articles/CBMipAFBVV95cUxQcDJTel9YVHZSWmp4bGllR1REYmhSX2k5aVFyZFhhT3hlXzI5OGJhTldJUTZqaldiNmR0QlVZckNlTjRFWlZscl9hQ2w3akVncm5tcUpseW11MXhhNjdYdjRhNUdSMHV4QWNCTUNsdDRibUE1Rm9KUG1zYTQxbFgxVHYzMWxQTXRPRF9KS0otczdiTkNnNXZXNmppbDE1T1BCc2FTbA?oc=5,en,2026-08-22,
Why Trump is focused on ground beef prices,Washington Post,washingtonpost.com,washingtonpost.com,2026-08-22,https://news.google.com/rss/articles/CBMilgFBVV95cUxQOFZudlN0aFpEQ25OMlh4WFVvWlpDcnlUckZvZGxTY0NMZW9aNVJNQjh0Y3NISGtIbnhoaVliQkJsWHUwQlI4NEFKS2FOdXRYdVRzdkhlV1F4MHpTLUk5YVJkT1JvdDhIMS1uTVBSUDBFVVRLMzNhZWFnQkpNY2hwa3dDMW5hMDZMQThHQlRIRllOUDRyaHc?oc=5,en,2026-08-22,
Supreme Court says Trump can continue ballroom work as it weighs case,Washington Post,washingtonpost.com,washingtonpost.com,2026-08-22,https://news.google.com/rss/articles/CBMiugFBVV95cUxPYmdNUTJ1X3NSdncwZDh2S2NlUm1OcTQ5SHdxVzNVTjM0T2NucEZrc2FKMjBZUWZueGFmcmdUN1VkNnBSc2pXOENMaHp1cmJPdWhMVV9zSVJCSzl5bW84UVFnV2lEWnhicXl3d09UNTkxYmlpMnJVbDN4YWNwaUtxVUNxd19HeS1jMm1hZF9DZTAzeF82UDlCbV95dTFBLVREVXpDSDJEVHhUd2NNckpjN3lsSnNPTExTQnc?oc=5,en,2026-08-22,
Trump administration moves to strip bar association’s power to accredit law schools,Washington Post,washingtonpost.com,washingtonpost.com,2026-08-22,https://news.google.com/rss/articles/CBMiwwFBVV95cUxNVG11b3FfOGxyd0tWbFRCWGFMQk1nZXlueF9lc09hYnNtLTltNi1lWTVVX2FvLVhSMmlVbFBXOF9WcUd5eXlOM2RxNHpVd1M0V3h4bV9DV3ZFUVJvQjB3a1ZQN09FbFBydlM0ZVVUcXVZOUlPU1hsaVoxelk3ZF9NQjFCUnZoZFBlSzMxdlQxbjFPbnZ1aHZfTngxSHcxcDNmTU9IUEQzTTBWTHVRRTBZaTdNMDNlaXVUSTdVaUJKWDFjb0U?oc=5,en,2026-08-22,
The Latest: Trump is in South Carolina to stump for Sen. Darline Graham ahead of GOP Senate runoff,Washington Post,washingtonpost.com,washingtonpost.com,2026-08-22,https://news.google.com/rss/articles/CBMiugFBVV95cUxOYjIzaDMzcHJBbHZWNHB3dlJkSGNJLW5yNHZRTkhQVTdFR2sycFNTcEk1QUllS05yWmI4R25NRnFBWjVGNHRxaWlpaGFESVJSSnhiZEt4VHhYdjdUUVl2TXVHQlBFQjlha1h0TjFUN1F2U2RVODk0RUVXcFg2LXZkd0RJdkg2cUg4UGtlTnEzV3BRRzR1d0R5eFZoSU9kQ2txbGtoM21jdWF0aXJYTVR2S2hMV3VUZWpNN0E?oc=5,en,2026-08-22,
