title,outlet,media_url,media_name,publish_date,url,language,date,debate_performance
Ukraine and its allies hope Graham isn’t their last friend with Trump’s ear,Politico,politico.com,politico.com,2026-07-15,https://www.politico.com/news/2026/07/15/ukraine-allies-graham-trump-00998902,en,2026-07-15,
Trump’s $1.5T defense budget is in trouble,Politico,politico.com,politico.com,2026-07-16,https://www.politico.com/news/2026/07/16/trump-1-5t-defense-budget-in-trouble-01001342,en,2026-07-16,
Red states reject Trump’s shift on overdose prevention,Politico,politico.com,politico.com,2026-07-18,https://www.politico.com/news/2026/07/18/overdose-drugs-kennedy-trumps-harm-reduction-overdose-01004038,en,2026-07-18,
Democrats search for options to halt Trump’s renewed attacks on Iran,Politico,politico.com,politico.com,2026-07-20,https://www.politico.com/news/2026/07/20/democrats-search-for-options-to-halt-trumps-renewed-attacks-on-iran-01005619,en,2026-07-20,
Trump’s air war in Iran may be reaching its limits,Politico,politico.com,politico.com,2026-07-22,https://www.politico.com/news/2026/07/22/trumps-air-war-iran-limit-01008948,en,2026-07-22,
"House Republicans pass hard-right defense bill, handing wins to Trump",Politico,politico.com,politico.com,2026-07-22,https://www.politico.com/news/2026/07/22/house-republicans-pass-defense-bill-01008493,en,2026-07-22,
House and Senate split on votes to rebuke Trump on Iran war,Politico,politico.com,politico.com,2026-07-23,https://www.politico.com/news/2026/07/23/house-iran-war-vote-trump-01009492,en,2026-07-23,
Trump says Iran will be held responsible for future Houthi attacks,Politico,politico.com,politico.com,2026-07-23,https://www.politico.com/news/2026/07/23/donald-trump-iran-war-houthis-attacks-01009389,en,2026-07-23,
A cancer diagnosis may not be enough: Trump and Democratic states clash in court over who’s too sick to work,Politico,politico.com,politico.com,2026-07-28,https://www.politico.com/news/2026/07/28/trump-dems-court-battle-over-medicaid-work-requirements-01013114,en,2026-07-28,
Trump administration to dispense $600M for vaccines RFK Jr. held up,Politico,politico.com,politico.com,2026-07-29,https://www.politico.com/news/2026/07/29/gavi-vaccines-rfk-rubio-thimerosal-autism-01016663,en,2026-07-29,
Trump admin defunds abstinence-only programs in chaotic budget cuts,Politico,politico.com,politico.com,2026-08-06,https://www.politico.com/news/2026/08/06/trump-admin-cuts-teen-pregnancy-prevention-funds-01027294,en,2026-08-06,
The Trump admin offered sick Medicaid patients a 1-year lifeline. These red states are rejecting it.,Politico,politico.com,politico.com,2026-08-09,https://www.politico.com/news/2026/08/09/medicaid-work-requirements-exemptions-medical-frailty-01029777,en,2026-08-09,
Cory Mills hopes Trump boost will overcome Ethics headlines in Florida primary,Politico,politico.com,politico.com,2026-08-13,https://www.politico.com/news/2026/08/12/florida-mills-republican-primary-trump-01035412,en,2026-08-13,
Trump has a plan to break China’s mineral grip. It needs workers first.,Politico,politico.com,politico.com,2026-08-14,https://www.politico.com/news/2026/08/14/trump-wants-to-break-chinas-mineral-grip-it-needs-workers-first-01038385,en,2026-08-14,
Trump demands threaten Navy's progress,Politico,politico.com,politico.com,2026-08-14,https://www.politico.com/news/2026/08/14/trump-navy-lincoln-concerns-01038360,en,2026-08-14,
Judge blocks Trump administration from moving FBI headquarters to DC office building,ABC News,abcnews.go.com,abcnews.go.com,2026-08-17,https://abcnews.com/Politics/wireStory/judge-blocks-trump-administration-moving-fbi-headquarters-dc-135723932,en,2026-08-17,
Xi Jinping will skip UN ahead of Trump summit,Politico,politico.com,politico.com,2026-08-17,https://www.politico.com/news/2026/08/17/xi-jinping-skip-unga-trump-summit-01039237,en,2026-08-17,
Trump administration moves ahead to end roadless rule on national forests,ABC News,abcnews.go.com,abcnews.go.com,2026-08-18,https://abcnews.com/Politics/wireStory/trump-administration-moves-ahead-end-roadless-rule-national-135748769,en,2026-08-18,
Appeals court says Trump-appointed US attorney in Nevada can’t legally serve in the role,ABC News,abcnews.go.com,abcnews.go.com,2026-08-18,https://abcnews.com/Politics/wireStory/appeals-court-trump-appointed-us-attorney-nevada-legally-135744203,en,2026-08-18,
Florida rejects Democratic establishment — and even snubs Trump,Politico,politico.com,politico.com,2026-08-18,https://www.politico.com/news/2026/08/18/florida-angie-nixon-trump-democratic-republican-primary-2026-01041405,en,2026-08-18,
Trump’s pick for Wyoming governor is the latest endorsee to lose primary,Politico,politico.com,politico.com,2026-08-18,https://www.politico.com/news/2026/08/18/trumps-pick-for-wyoming-governor-is-the-latest-endorsee-to-lose-primary-01041404,en,2026-08-18,
Trump to select Heidi Overton for FDA commissioner,Politico,politico.com,politico.com,2026-08-18,https://www.politico.com/news/2026/08/18/heidi-overton-fda-food-and-drug-commissioner-01041348,en,2026-08-18,
Trump’s threats to Seoul may be worse than their bite,Politico,politico.com,politico.com,2026-08-18,https://www.politico.com/news/2026/08/18/trump-south-korea-military-security-01040890,en,2026-08-18,
"Trump says US and Canada have a trade deal, but key terms remain unclear",ABC News,abcnews.go.com,abcnews.go.com,2026-08-19,https://abcnews.com/Politics/wireStory/trump-us-canada-trade-deal-key-terms-remain-135785816,en,2026-08-19,
Michael Cohen won’t say if he’ll use his Trump interview to seek a pardon,Politico,politico.com,politico.com,2026-08-19,https://www.politico.com/news/2026/08/19/michael-cohen-trump-interview-radio-pardon-01043191,en,2026-08-19,
Trump tries to quiet his mass deportation campaign. Voters aren’t moving.,Politico,politico.com,politico.com,2026-08-19,https://www.politico.com/news/2026/08/19/poll-trump-deportations-voters-midterms-01041099,en,2026-08-19,
Trump says he told Cory Mills to ‘get out of the race’,Politico,politico.com,politico.com,2026-08-19,https://www.politico.com/live-updates/2026/08/19/congress/trump-on-mills-01041568,en,2026-08-19,
Trump's pick to lead the FDA faces uphill Senate battle,Politico,politico.com,politico.com,2026-08-19,https://www.politico.com/news/2026/08/19/trump-heidi-overton-fda-maha-makary-01042797,en,2026-08-19,
Judge halts Trump’s abstinence-only overhaul of teen sex ed program,Politico,politico.com,politico.com,2026-08-19,https://www.politico.com/news/2026/08/19/judge-halts-trumps-abstinence-only-overhaul-of-teen-sex-ed-program-01041688,en,2026-08-19,
Trump admin moves to allow logging and construction in national forests,ABC News,abcnews.go.com,abcnews.go.com,2026-08-20,https://abcnews.com/US/trump-admin-moves-logging-construction-national-forests/story?id=135811046,en,2026-08-20,
Trump admin sends 1st deportation flight to Haiti since ending TPS,ABC News,abcnews.go.com,abcnews.go.com,2026-08-20,https://abcnews.com/Politics/trump-admin-sends-1st-deportation-flight-haiti-ending/story?id=135820753,en,2026-08-20,
Capitol agenda: Trump 1.0 enemies face brutal primaries,Politico,politico.com,politico.com,2026-08-20,https://www.politico.com/live-updates/2026/08/20/congress/what-were-watching-01043199,en,2026-08-20,
MAHA activists urge Trump against promoting coal to power energy-hungry AI data centers,ABC News,abcnews.go.com,abcnews.go.com,2026-08-21,https://abcnews.com/Politics/wireStory/maha-activists-urge-trump-promoting-coal-power-energy-135845160,en,2026-08-21,
‘I’m on the ballot’: Trump lends a hand to struggling Darline Graham,Politico,politico.com,politico.com,2026-08-21,https://www.politico.com/news/2026/08/21/ballot-trump-darline-graham-01046646,en,2026-08-21,
Trump is finally hitting the campaign trail. It’s not for a battleground member.,Politico,politico.com,politico.com,2026-08-21,https://www.politico.com/news/2026/08/21/trump-rally-south-carolina-darline-graham-01045166,en,2026-08-21,
Democrats put Trump’s ‘corruption’ front and center as they plan possible 2027 probes,Politico,politico.com,politico.com,2026-08-21,https://www.politico.com/news/2026/08/21/house-democrats-trump-oversight-01043331,en,2026-08-21,
Republicans bristle at Trump’s latest tactics to undermine Congress’ funding power,Politico,politico.com,politico.com,2026-08-21,https://www.politico.com/news/2026/08/21/in-year-2-of-trumps-funding-grab-congress-fights-back-01045146,en,2026-08-21,
Trump and Pete face the South Carolina test,Politico,politico.com,politico.com,2026-08-21,https://www.politico.com/newsletters/playbook/2026/08/21/trump-and-pete-face-the-south-carolina-test-01045298,en,2026-08-21,
"Inside Trump's remake of the White House Rose Garden. First a stone patio, then statues",ABC News,abcnews.go.com,abcnews.go.com,2026-08-22,https://abcnews.com/US/wireStory/inside-trumps-remake-white-house-rose-garden-stone-135862013,en,2026-08-22,
Trump urges court to reject BBC's bid to secure records from his family in defamation case,ABC News,abcnews.go.com,abcnews.go.com,2026-08-22,https://news.google.com/rss/articles/CBMingFBVV95cUxNNElnYVdRNGp1Nnh1UXhJdWRJYTdXbU5IZ09pZHBSTjRoY000SDBJMjFNTU1CdnR6aFVtNzFkaDNOb3h1YjhpX3djLWJRLVlUWWRfZmVUTHBGcG84djgtX0prZE5UclJOR3J4SVU2bnFuYkRjOWRaZmdyZUthS1Z4TzEydTdsaHZTZWRjSjdoY19kS0RvMXg1RnJ1dURRZ9IBowFBVV95cUxNUFg2T2Jvdk5SZHNtRDhlVXVkLWhYRUNud3E5c3VDaVlEVmEtejNRWkxacVdMdGNYeDlzZHpSZDY1Qm5SVmo0X2hnRktKSVlNdzVISW5XSHR2VlVzTVZIX2poTmFHN2JKUEdSN1FsbS13bWpsT1lnQWVtN3gzNjVqYzBXQk1MVnlhalBHcXlER1h1MlRuMVlxMWlIeDZvcXcwS2c0?oc=5,en,2026-08-22,
Trump's 50% tariffs on Canada take effect as Carney vows to retaliate,ABC News,abcnews.go.com,abcnews.go.com,2026-08-22,https://news.google.com/rss/articles/CBMiqAFBVV95cUxNeDdPQV9hVEo4eEFTSlhrVkowRE9mVVlJQzJkZTJnOG1TTUl1ZWYtNG1CcWk2MWlmZG51eVd2S0NJT0pWeHphblVQWThQMTc2OVhDd3VQQXZRU0gteVYtQlkxa29fcVpVV3VKSkl6NVdRTWhvT0E5X3VfVVI0UlVVdnhoUERGMFpxWVR1YXFiSENWQ2lTUTFNLTBEcU1ObHlfTW9OZ01VcmLSAa4BQVVfeXFMT0NxQThhZzl5Q29YNEt0Nl9FV3NrYzRMa1JXX0Vmd2pROGhvVHM3TFJ5NGRrOWVnY0FCOS1LM25MdVdINW8tNjZSS2NDSmhZbUZ4cFdOMWU4N1RObVVpNG43YTJRelY2R21VRDVjcm51cVk0b0ZISVdmNWFFcTdVOFJRdEZLamtrZXg0eER4cW9RbEt2R0lONGxjSXpYZ3RZbXRxbk9iaWdmREw0YVZB?oc=5,en,2026-08-22,
"Judge strikes down Trump administration policy that suspended immigrant visas for 75 countries, reinstating evaluations",ABC News,abcnews.go.com,abcnews.go.com,2026-08-22,https://news.google.com/rss/articles/CBMitgFBVV95cUxNZmVsV1hYX2R4VnRTaXlUVmREVW9PN3gwMDY1bkt5ejRsV2ZXTmFXb2dHdzN5eXBqMlZTckk3Yi0xaEhUYUtVUTZBdmRKOGFCcDJuUHBMS1BWY1Q4NzIwQjlpTGUxc0hkX2RxYURiX0xxYjdGVDRxNWd2YlZULUxjc2ZiQU40TXJLZmtyc0VJZzl0MUFvd3Z6UjlxbndLTTREUDc2WWNjUGxMNkV3bDMwUGtpTmM4QdIBuwFBVV95cUxNRjNtLWFMNTVTR21kNEp4MW1Cc25mQzI2bnhNa0ZUMTRaMzV0RkF6czEtUlZHTzZNak93WFlxdndQV3J6ZllUNVJXUGpfWG42ZlFEQTR4dElaejk4cThZOHYzQVRSNjZnRXFqMk14Z1A5cEpyRGo1eE9aOXlZQm1BWHRCRVJOTThfZEl4OFVIWVlSbmp6WnBJRTU1RFZIUDhrUl9tWkxWQV9jU1RfMUZzRFZZUXQ3XzNpamV3?oc=5,en,2026-08-22,
Video Navy considers naming aircraft carrier for President Trump,ABC News,abcnews.go.com,abcnews.go.com,2026-08-22,https://news.google.com/rss/articles/CBMiTEFVX3lxTFByc1dfd1R3RW5FWE9JdWtJVHJfRkRlT3Jub0VxaTRkRTI5cVNkcS1OZVE1dVl3NkFEVU5fUFYzeTBYVVlDTDUtTWxndl8?oc=5,en,2026-08-22,
"Video President Trump's 50% tariffs take effect after U.S., Canada fail to reach trade deal",ABC News,abcnews.go.com,abcnews.go.com,2026-08-22,https://news.google.com/rss/articles/CBMiTEFVX3lxTE9QTzZEWkU5Nlp4bjFHQko4czd0a0RoWUVXWlRRSVh1WHMwbF9jTFNfUHN3SEw4MlQ2b2RVMkFtbkhWSE94Wi1HTmNha3I?oc=5,en,2026-08-22,
Video Judge sets hearing on putting President Trump's name on Kennedy Center,ABC News,abcnews.go.com,abcnews.go.com,2026-08-22,https://news.google.com/rss/articles/CBMiTEFVX3lxTE5IU3MwSzR5bkJJTnMxMXo4RG8xLWx0VG5mUkE3MlZ5X1dGVUR0QVk2Q3FJZDdMZEwxU2VFSXg5VmR4VGdfWURkaWo4ZVY?oc=5,en,2026-08-22,
Video Navy considering naming aircraft carrier after Trump,ABC News,abcnews.go.com,abcnews.go.com,2026-08-22,https://news.google.com/rss/articles/CBMiTEFVX3lxTE9pWHc2eWlxcGdhYVVqY1J6VmxUeUpYX2hqWFdRWEMtcXhMZzB1Wlc1ejZ5QmNWaU42WC03WTRaU2RoYlQ5RThHT21WQTE?oc=5,en,2026-08-22,
"Trump’s Stock Disclosure Shows More Than 1,000 Trades in June",Bloomberg,bloomberg.com,bloomberg.com,2026-08-22,https://www.bloomberg.com/news/articles/2026-08-22/trump-s-stock-disclosure-shows-more-than-1-000-trades-in-june,en,2026-08-22,
Trump-Aligned Mail Ballot Rules Readied for High Court Decision,Bloomberg,bloomberg.com,bloomberg.com,2026-08-22,https://www.bloomberg.com/news/articles/2026-08-22/trump-aligned-mail-ballot-rules-readied-for-high-court-decision,en,2026-08-22,
Trump’s Economic Isolation Plan Risks Iran Strikes Across Gulf,Bloomberg,bloomberg.com,bloomberg.com,2026-08-22,https://www.bloomberg.com/news/articles/2026-08-22/trump-s-economic-isolation-plan-risks-iran-strikes-across-gulf,en,2026-08-22,
"US-Canada Trade Talks Collapse, Triggering 50% Trump Tariffs",Bloomberg,bloomberg.com,bloomberg.com,2026-08-22,https://www.bloomberg.com/news/articles/2026-08-22/us-canada-trade-talks-collapse-triggering-trump-s-50-tariffs,en,2026-08-22,
GOP Lawmaker Urges Trump to Restore South Korea Military Drills,Bloomberg,bloomberg.com,bloomberg.com,2026-08-22,https://news.google.com/rss/articles/CBMitAFBVV95cUxQM25NN3NlLVl0cE14Y2pQbkt0MkRRTU5fNmxYckFKVmgyUy1WSFFMUjBGRVlwZUNfV0Fsa2p3RmZRX1dnZnBvbGhfSUxkZklsSXpWcG1GVFJHYUlkbVJPTHZSZHE4MWhWUXNSRnI4cXE2QWpxYUljSlM5NUVaUl92RURJSDFwa01tS1RRVTJtNEtlSHhZc21HenNIQy1jbE94Rk1KaWRPM2pWTlVCWjFkSzk3M3E?oc=5,en,2026-08-22,
South Carolina Will Test Trump’s Waning Endorsement Power,Bloomberg,bloomberg.com,bloomberg.com,2026-08-22,https://news.google.com/rss/articles/CBMiuwFBVV95cUxPVGFoRHNZREdWMmpHazl6WE51LTJETV9lbk5zMVJ6QUl1OFUxNXZudWJnWlY4VTlCcnVTWm44WTE0cTRPNm9kS2J6SmlQS0g1R2tyTmFyUFkxd0ZiaU01ei1jS3Z6ajdoaUw0b0owRm0yVS1nMDRUZzdsN3BzVGhUdjRsUDRqUngwUWd5NFg3YmQ0RFhCVjRLN1RiU0pkR0NSM1hDbEJ5LVNEc0ZDSEhTZ3g2R2lMZndId1Nr?oc=5,en,2026-08-22,
Moke weakens to tropical depression as Hawaii braces for up to 15 inches of rain: Maps and projected path,CBS News,cbsnews.com,cbsnews.com,2026-08-22,https://www.cbsnews.com/miami/news/tropical-storm-moke-rain-hawaii-big-island/,en,2026-08-22,
"Army Secretary Dan Driscoll considering stepping down, sources say",CBS News,cbsnews.com,cbsnews.com,2026-08-22,https://www.cbsnews.com/news/army-secretary-dan-driscoll-considering-stepping-down/,en,2026-08-22,
Tropical Storm Moke expected to bring up to 15 inches of rain in Hawaii: Maps and projected path,CBS News,cbsnews.com,cbsnews.com,2026-08-22,https://www.cbsnews.com/newyork/news/tropical-storm-moke-rain-hawaii-big-island/,en,2026-08-22,
"Trade talks between Canada, U.S. break down",CBS News,cbsnews.com,cbsnews.com,2026-08-22,https://www.cbsnews.com/newyork/video/trade-talks-between-canada-u-s-break-down/,en,2026-08-22,
Black war hero's family responds to ship renaming controversy,CBS News,cbsnews.com,cbsnews.com,2026-08-22,https://www.cbsnews.com/video/black-war-heros-family-responds-to-ship-renaming-controversy/,en,2026-08-22,
"Nancy Kassebaum Baker, former U.S. senator from Kansas, dies at 94",CBS News,cbsnews.com,cbsnews.com,2026-08-22,https://www.cbsnews.com/news/nancy-kassebaum-baker-former-united-states-senator-kansas-dies-at-94/,en,2026-08-22,
Cuban immigrant speaks out after deportation to one of the world's most dangerous countries,CBS News,cbsnews.com,cbsnews.com,2026-08-22,https://www.cbsnews.com/video/cuban-immigrant-speaks-out-after-deportation-to-one-of-the-worlds-most-dangerous-countries/,en,2026-08-22,
"U.S. set to impose 50% tariffs on Canada after failed talks; Canada to match them ""dollar for dollar""",CBS News,cbsnews.com,cbsnews.com,2026-08-22,https://www.cbsnews.com/news/u-s-set-to-impose-50-percent-tariffs-on-canada-after-failed-talks/,en,2026-08-22,
Trump threatens defamation suit against left - leaning think tank,CBS News,cbsnews.com,cbsnews.com,2026-08-22,https://www.cbsnews.com/news/trump-threatens-defamation-suit-center-american-progress/,en,2026-08-22,
"Trump could be named after an aircraft carrier, stripping the name of a pearl harbor hero",CNN,cnn.com,cnn.com,2026-08-22,https://www.cnn.com/2026/08/22/us/video/trump-could-be-named-after-an-aircraft-carrier-stripping-the-name-of-a-pearl-harbor-sailor,en,2026-08-22,
Indiana mayor says residents ‘frustrated and fearful’ after thousands left without power for over a week,CNN,cnn.com,cnn.com,2026-08-22,https://www.cnn.com/2026/08/22/us/video/gary-indiana-mayor-outage-fredricka-whitfield-newsroom-digvid,en,2026-08-22,
"Carney: The US ‘asked too much, and they offered too little’",CNN,cnn.com,cnn.com,2026-08-22,https://www.cnn.com/2026/08/22/world/video/canada-carney-trade-deal-us-trump-latam-intl,en,2026-08-22,
Smerconish on the Democrats strategy to win a senate majority,CNN,cnn.com,cnn.com,2026-08-22,https://www.cnn.com/2026/08/22/politics/video/smerconish-on-the-democrats-strategy-to-win-a-senate-majority,en,2026-08-22,
Deleted tweets show now-Trump aide Natalie Harp’s zealous support on Jan. 6,CNN,cnn.com,cnn.com,2026-08-22,https://www.cnn.com/2026/08/22/politics/deleted-tweets-trump-aide-natalie-harp-jan-6-invs,en,2026-08-22,
Newly appointed Mississippi judge reacts to backlash over Muslim faith,CNN,cnn.com,cnn.com,2026-08-22,https://www.cnn.com/2026/08/22/us/video/foa-mississippi-judge-assma-ali-reacts-to-backlash-over-muslim-faith,en,2026-08-22,
"Inside DC’s historic heart, an IndyCar race backed by Trump kicks into gear",CNN,cnn.com,cnn.com,2026-08-22,https://www.cnn.com/2026/08/22/politics/dc-indycar-race-day-1,en,2026-08-22,
Tariffs raised prices you paid. But most businesses won’t be passing tariffs refunds back to you,CNN,cnn.com,cnn.com,2026-08-22,https://www.cnn.com/2026/08/22/business/tariffs-refunds-companies-consumers,en,2026-08-22,
Former Kansas Sen. Nancy Kassebaum Baker dies at 94,CNN,cnn.com,cnn.com,2026-08-22,https://www.cnn.com/2026/08/22/politics/nancy-kassebaum-baker-kansas-dies,en,2026-08-22,
US-Canada Trade Pact Unravels,CNN,cnn.com,cnn.com,2026-08-22,https://www.cnn.com/2026/08/22/world/video/us-canada-trade-pact-unravels,en,2026-08-22,
Trump’s 75-country immigrant visa ban struck down by judge,CNN,cnn.com,cnn.com,2026-08-22,https://www.cnn.com/2026/08/22/politics/judge-voids-trumps-75-country-visa-ban-hnk,en,2026-08-22,
How Middle Eastern oil producers flipped the script on Iran,CNN,cnn.com,cnn.com,2026-08-22,https://www.cnn.com/2026/08/22/business/oil-strait-of-hormuz-iran,en,2026-08-22,
Darryl Strawberry: ‘Up to the Knicks if they visit White House’,CNN,cnn.com,cnn.com,2026-08-22,https://www.cnn.com/2026/08/22/us/video/darryl-strawberry-up-to-the-knicks-if-they-visit-white-house-lcl,en,2026-08-22,
Tina Peters takes her election conspiracy roadshow to Washington,CNN,cnn.com,cnn.com,2026-08-22,https://www.cnn.com/2026/08/22/politics/tina-peters-election-denier-trump,en,2026-08-22,
"With his political capital on the line, Trump rallies for Darline Graham in South Carolina",CNN,cnn.com,cnn.com,2026-08-22,https://www.cnn.com/2026/08/22/politics/donald-trump-darline-graham-south-carolina,en,2026-08-22,
US-Iran war latest: Trump calls Iran war ‘a little detour’ as Tehran maintains defiance,CNN,cnn.com,cnn.com,2026-08-22,https://www.cnn.com/2026/08/22/world/live-news/iran-war-trump,en,2026-08-22,
The US-Mexico cattle border is reopening. Not every American rancher is celebrating,CNN,cnn.com,cnn.com,2026-08-22,https://www.cnn.com/2026/08/22/americas/cattle-screwworm-us-mexico-border-latam-intl,en,2026-08-22,
White House revs up ‘iconic’ Freedom 250 race as IndyCars prepare to unleash American muscle on DC streets,Fox News,foxnews.com,foxnews.com,2026-08-22,https://www.foxnews.com/politics/white-house-revs-up-iconic-freedom-250-race-indycars-prepare-unleash-american-muscle-dc-streets,en,2026-08-22,
Extra: Where's the Beef? The Real Reasons Behind Skyrocketing Prices,Fox News,foxnews.com,foxnews.com,2026-08-22,https://radio.foxnews.com/2026/08/22/extra-wheres-the-beef-the-real-reasons-behind-skyrocketing-prices/,en,2026-08-22,
Hasan Piker sings mocking 'We Are Charlie Kirk' song at live podcast show,Fox News,foxnews.com,foxnews.com,2026-08-22,https://www.foxnews.com/media/hasan-piker-seen-singing-mocking-we-charlie-kirk-song-live-podcast-show,en,2026-08-22,
Trump plan taps US firms to fight foreign cybercrime,Fox News,foxnews.com,foxnews.com,2026-08-22,https://www.foxnews.com/tech/trump-plan-taps-us-firms-fight-foreign-cybercrime,en,2026-08-22,
World Cup energy carries into Freedom 250 Grand Prix as global fans celebrate America's historic birthday,Fox News,foxnews.com,foxnews.com,2026-08-22,https://www.foxnews.com/outkick-sports/world-cup-energy-carries-freedom-250-grand-prix-global-fans-celebrate-americas-historic-birthday,en,2026-08-22,
"Federal judge blasts Rubio’s 75-country visa freeze as ‘Orwellian,’ strikes down policy",Fox News,foxnews.com,foxnews.com,2026-08-22,https://www.foxnews.com/politics/federal-judge-blasts-rubio-75-country-visa-freeze-orwellian-strikes-down-policy,en,2026-08-22,
Todd Blanche vows to 'come after' bad actors following 400M TikTok settlement,Fox News,foxnews.com,foxnews.com,2026-08-22,https://www.foxnews.com/media/todd-blanche-vows-come-after-bad-actors-following-400m-tiktok-settlement,en,2026-08-22,
FBI asked 'Sammy the Bull' if ex-Gambino mob prosecutor Comey knew meaning of '86': court filing,Fox News,foxnews.com,foxnews.com,2026-08-22,https://www.foxnews.com/politics/fbi-asked-sammy-bull-ex-gambino-mob-prosecutor-comey-knew-meaning-86-court-filing,en,2026-08-22,
Trump trade chief warns Canada walked away from 'the best deal' to trigger 50% U.S. tariffs,Fox News,foxnews.com,foxnews.com,2026-08-22,https://www.foxnews.com/media/trump-trade-chief-warns-canada-walked-away-best-deal-trigger-50-percent-us-tariffs,en,2026-08-22,
The Will of 100: Trump’s SAVE America Act sidelined after Senate unanimously agreed to August exit,Fox News,foxnews.com,foxnews.com,2026-08-22,https://www.foxnews.com/politics/will-100-trumps-save-america-act-sidelined-senate-unanimously-agreed-august-exit,en,2026-08-22,
USPS publishes rule to block mail-in ballots from states that don't provide voter lists,Fox News,foxnews.com,foxnews.com,2026-08-22,https://www.foxnews.com/politics/usps-publishes-rule-block-mail-in-ballots-states-dont-provide-voter-lists,en,2026-08-22,
Schumer Waves The White Flag,Fox News,foxnews.com,foxnews.com,2026-08-22,https://radio.foxnews.com/2026/08/22/schumer-waves-the-white-flag/,en,2026-08-22,
President Trump to award Artemis II crew the Congressional Space Medal of Honor,Fox News,foxnews.com,foxnews.com,2026-08-22,https://www.foxnews.com/politics/trump-honor-artemis-ii-astronauts-traveled-farther-earth-humans-history,en,2026-08-22,
Sen . Jim Banks pushes 7 - bill plan to lock in Trump immigration laws,Fox News,foxnews.com,foxnews.com,2026-08-22,https://www.foxnews.com/politics/senator-launches-assault-illegal-immigration-gaps-gop-races-midterm-clock-lock-key-wins,en,2026-08-22,
"Governor of Mexico's Sinaloa state, indicted by U.S., steps down from office — again",Los Angeles Times,latimes.com,latimes.com,2026-08-22,https://www.latimes.com/world-nation/story/2026-08-22/sinaloa-state-governor-indicted-by-u-s-resigns-again,en,2026-08-22,
Jefe de seguridad de Irán amenaza a vecinos que se sumen a medidas económicas de EEUU,Los Angeles Times,latimes.com,latimes.com,2026-08-22,https://www.latimes.com/espanol/internacional/articulo/2026-08-22/egipto-habla-con-iran-luego-que-teheran-afirma-la-victoria-y-otras-noticias-en-oriente-medio,es,2026-08-22,
How bitcoin and gold went from a slump to an MVP week in just a few days,Los Angeles Times,latimes.com,latimes.com,2026-08-22,https://www.latimes.com/world-nation/story/2026-08-22/how-bitcoin-gold-went-from-slump-to-mvp-week-in-just-few-days,en,2026-08-22,
U.S. plans to pay $850 million of the $5 billion it owes the United Nations,Los Angeles Times,latimes.com,latimes.com,2026-08-22,https://www.latimes.com/world-nation/story/2026-08-22/u-s-plans-to-pay-850-million-of-5-billion-it-owes-united-nations,en,2026-08-22,
Iran security chief threatens neighbors against joining U.S. in its economic pressure campaign,Los Angeles Times,latimes.com,latimes.com,2026-08-22,https://www.latimes.com/world-nation/story/2026-08-22/iran-security-chief-threatens-neighbors-against-joining-u-s-economic,en,2026-08-22,
Federal judge vacates Trump policy that suspended processing of immigration visas from 75 countries,Los Angeles Times,latimes.com,latimes.com,2026-08-22,https://www.latimes.com/world-nation/story/2026-08-22/judge-vacates-trump-policy-that-suspended-im,en,2026-08-22,
Trump's trade war with Canada: A timeline of how we got here,Los Angeles Times,latimes.com,latimes.com,2026-08-22,https://www.latimes.com/world-nation/story/2026-08-22/trumps-trade-war-with-canada-timeline,en,2026-08-22,
"Israel did not warn U.S. ahead of Syrian airstrike, American envoy says",Los Angeles Times,latimes.com,latimes.com,2026-08-22,https://www.latimes.com/world-nation/story/2026-08-22/israel-did-not-warn-u-s-ahead-of-syrian-airstrike-american-envoy-says,en,2026-08-22,
Cambodia-U.S. operation uncovers money laundering link to Sinaloa cartel,Los Angeles Times,latimes.com,latimes.com,2026-08-22,https://www.latimes.com/world-nation/story/2026-08-22/cambodia-u-s-operation-uncovers-money-laundering-link-to-sinaloa-cartel,en,2026-08-22,
"Nancy Kassebaum Baker, former U.S. senator from Kansas, dies at 94",Los Angeles Times,latimes.com,latimes.com,2026-08-22,https://www.latimes.com/politics/story/2026-08-22/nancy-kassebaum-baker-former-u-s-senator-from-kansas-dies-at-94,en,2026-08-22,
The Canada-U.S. trade war deepens rupture in what had been a close and durable alliance,Los Angeles Times,latimes.com,latimes.com,2026-08-22,https://www.latimes.com/world-nation/story/2026-08-22/canada-u-s-trade-war-deepens-rupture-in-alliance,en,2026-08-22,
Proteinmaxxing is reshaping L.A. dining — and pushing small restaurants to the brink,Los Angeles Times,latimes.com,latimes.com,2026-08-22,https://www.latimes.com/food/story/2026-08-22/proteinmaxxing-reshaping-los-angeles-dining-pushing-small-restaurants-brink,en,2026-08-22,
Meet the SoCal professor battling to save dogs from a crippling parasite,Los Angeles Times,latimes.com,latimes.com,2026-08-22,https://www.latimes.com/california/newsletter/2026-08-22/meet-socal-professor-battling-to-save-dogs-from-crippling-parasite,en,2026-08-22,
'Every advocate's nightmare': Inside ICE's strategy to sidestep local oversight laws,Los Angeles Times,latimes.com,latimes.com,2026-08-22,https://www.latimes.com/politics/story/2026-08-22/every-advocates-nightmare-inside-ices-strategy-to-sidestep-local-oversight-laws,en,2026-08-22,
NASA’s nuclear Dragonfly copter to search for signs of life on Titan: 'A lot's riding on it',Los Angeles Times,latimes.com,latimes.com,2026-08-22,https://www.latimes.com/science/story/2026-08-22/nasa-dragonfly-drone-spacecraft-takes-shape,en,2026-08-22,
U.S. and Canada trade war intensifies with new tariffs,NBC News,nbcnews.com,nbcnews.com,2026-08-22,https://www.nbcnews.com/nightly-news/video/u-s-and-canada-trade-war-intensifies-with-new-tariffs-268723781845,en,2026-08-22,
"Nancy Kassebaum Baker, former U.S. senator from Kansas, dies at 94",NBC News,nbcnews.com,nbcnews.com,2026-08-22,https://www.nbcnews.com/politics/congress/nancy-kassebaum-baker-former-us-senator-kansas-dies-rcna593907,en,2026-08-22,
"Pentagon dismisses Stars and Stripes leadership after editor, reporter oppose military interference",NBC News,nbcnews.com,nbcnews.com,2026-08-22,https://www.nbcnews.com/politics/trump-administration/pentagon-dismisses-stars-stripes-leadership-editor-reporter-oppose-mil-rcna593855,en,2026-08-22,
"U.S., Iran keep up hostile rhetoric ahead of new sanctions",NBC News,nbcnews.com,nbcnews.com,2026-08-22,https://www.nbcnews.com/world/iran/us-iran-keep-hostile-rhetoric-ahead-new-sanctions-rcna593870,en,2026-08-22,
Colombia’s de la Espriella has to rebuild the earthquake’s ruptures — and the political ones too,NBC News,nbcnews.com,nbcnews.com,2026-08-22,https://www.nbcnews.com/world/latin-america/colombia-de-la-espriella-earthquake-reflects-political-divide-rcna593809,en,2026-08-22,
GOP lawmakers criticize Trump’s beef import plan amid blowback from ranchers,NBC News,nbcnews.com,nbcnews.com,2026-08-22,https://www.nbcnews.com/politics/trump-administration/gop-lawmakers-ranchers-criticize-trump-tariff-beef-import-high-prices-rcna593879,en,2026-08-22,
U.S. imposes 50% tariffs on some Canadian goods after trade talks collapse,NBC News,nbcnews.com,nbcnews.com,2026-08-22,https://www.nbcnews.com/now/video/u-s-imposes-50-tariffs-on-some-canadian-goods-after-trade-talks-collapse-268712517975,en,2026-08-22,
"Canadian prime minister suspends trade talks with U.S., setting new 50% tariffs in motion",NBC News,nbcnews.com,nbcnews.com,2026-08-22,https://www.nbcnews.com/business/economy/trump-canada-tariffs-carney-rcna593510,en,2026-08-22,
Trump’s super fans are torn on Darline Graham ahead of key GOP Senate contest,NBC News,nbcnews.com,nbcnews.com,2026-08-22,https://www.nbcnews.com/politics/2026-election/trump-fans-torn-darline-graham-republican-runoff-south-carolina-primar-rcna592848,en,2026-08-22,
"Trump tries new midterm message to supporters: ‘Pretend, please, that I’m on the ballot’",NBC News,nbcnews.com,nbcnews.com,2026-08-22,https://www.nbcnews.com/politics/2026-election/trump-tries-new-midterm-message-pretend-i-am-on-the-ballot-rcna593849,en,2026-08-22,
Karoline Leavitt to work for Trump - affiliated super PAC after leaving White House,NBC News,nbcnews.com,nbcnews.com,2026-08-22,https://www.nbcnews.com/politics/white-house/karoline-leavitt-work-trump-affiliated-super-pac-leaving-white-house-rcna593824,en,2026-08-22,
Week in Politics: Canada talks collapse; U.S. 'Economic D-Day; record national debt,NPR,npr.org,npr.org,2026-08-22,https://www.npr.org/2026/08/22/nx-s1-5937895/week-in-politics-canada-talks-collapse-u-s-economic-d-day-record-national-debt,en,2026-08-22,
Degrees of financial distress: How visa cuts; high tuition crush colleges,NPR,npr.org,npr.org,2026-08-22,https://www.npr.org/2026/08/22/nx-s1-5891708/degrees-of-financial-distress-how-visa-cuts-high-tuition-crush-colleges,en,2026-08-22,
Foreign policy expert Andrew Gawthorpe on Trump's new financial war on Iran,NPR,npr.org,npr.org,2026-08-22,https://www.npr.org/2026/08/22/nx-s1-5938072/foreign-policy-expert-andrew-gawthorpe-on-trumps-new-financial-war-on-iran,en,2026-08-22,
CBC senior business correspondent Peter Armstrong on U.S.-Canada trade talks collapse,NPR,npr.org,npr.org,2026-08-22,https://www.npr.org/2026/08/22/nx-s1-5941629/cbc-senior-business-correspondent-peter-armstrong-on-u-s-canada-trade-talks-collapse,en,2026-08-22,
"Trump administration's 75-country visa ban was illegal, judge rules",NPR,npr.org,npr.org,2026-08-22,https://www.npr.org/2026/08/22/nx-s1-5941765/trump-immigration-visa-ban-75-countries,en,2026-08-22,
Colorado River crisis: Lower basin braces for massive federal water cuts,NPR,npr.org,npr.org,2026-08-22,https://www.npr.org/2026/08/22/nx-s1-5940831/colorado-river-crisis-lower-basin-braces-for-massive-federal-water-cuts,en,2026-08-22,
President Trump is set to wave the green flag at a historic Indy car race in DC,NPR,npr.org,npr.org,2026-08-22,https://www.npr.org/2026/08/22/nx-s1-5939439/president-trump-is-set-to-wave-the-green-flag-at-a-historic-indy-car-race-in-dc,en,2026-08-22,
U.S. imposes 50% tariffs on $20 billion worth of Canadian products,NPR,npr.org,npr.org,2026-08-22,https://www.npr.org/2026/08/22/nx-s1-5941584/us-canada-tariffs,en,2026-08-22,
Jeff Gordon kicks off Freedom 250 weekend with first individual race win in 10 years,New York Times,nytimes.com,nytimes.com,2026-08-22,https://www.nytimes.com/athletic/7531751/2026/08/22/jeff-gordon-wins-iroc-race-freedom-250-grand-prix/,en,2026-08-22,
Trump Accounts Get an Unlikely Endorser: Gavin Newsom,New York Times,nytimes.com,nytimes.com,2026-08-22,https://www.nytimes.com/2026/08/21/us/politics/newsom-trump-accounts.html,en,2026-08-22,
Judge Strikes Down Trump’s 75-Country Visa Ban,New York Times,nytimes.com,nytimes.com,2026-08-22,https://www.nytimes.com/2026/08/21/us/politics/judge-trump-75-country-visa-ban.html,en,2026-08-22,
"With Midterms Approaching, Trump Implores Republicans: Pretend I’m on the Ballot!",New York Times,nytimes.com,nytimes.com,2026-08-22,https://www.nytimes.com/2026/08/21/us/politics/trump-darline-graham-south-carolina.html,en,2026-08-22,
How a Trump Envoy Uses Vodka and Dirty Jokes to Conduct U.S. Diplomacy,New York Times,nytimes.com,nytimes.com,2026-08-22,https://www.nytimes.com/2026/08/22/world/europe/belarus-john-coale-lukashenko-trump.html,en,2026-08-22,
How a Billionaire Shaped Trump’s Homelessness Policy,New York Times,nytimes.com,nytimes.com,2026-08-22,https://www.nytimes.com/2026/08/22/us/politics/homelessness-lonsdale-billionaire-trump.html,en,2026-08-22,
Carney Stands Up to Trump in Trade War Despite the Risks,New York Times,nytimes.com,nytimes.com,2026-08-22,https://www.nytimes.com/2026/08/22/world/canada/carney-trump-canada-tariffs.html,en,2026-08-22,
"‘Attacked’ by Trump on Trade, Canada Is ‘at War’ With U.S., Carney Says",New York Times,nytimes.com,nytimes.com,2026-08-22,https://www.nytimes.com/2026/08/22/world/canada/carney-tariffs-trade-trump.html,en,2026-08-22,
Trump’s Top Trade Representative Details Offer That Canada Rejected,New York Times,nytimes.com,nytimes.com,2026-08-22,https://www.nytimes.com/2026/08/22/business/economy/greer-us-canada-trade-deal.html,en,2026-08-22,
Trump drives IndyCar over the finish,Politico,politico.com,politico.com,2026-08-22,https://www.politico.com/newsletters/playbook/2026/08/22/how-trump-got-indycar-over-the-finish-01046727,en,2026-08-22,
Trump offered state Medicaid programs lower prices on weight-loss drugs. Most are rejecting the deal.,Politico,politico.com,politico.com,2026-08-22,https://www.politico.com/news/2026/08/22/states-reject-trump-medicaid-weight-loss-drug-price-deal-01045776,en,2026-08-22,
Carney bucks Trump as trade war escalates,Politico,politico.com,politico.com,2026-08-22,https://news.google.com/rss/articles/CBMihgFBVV95cUxOdWNublp4d2psb2VxeGttWF9JZ204M0lYZENTNEh6Um1Hd2ptQWVXU1Z1YnZjcEo3STBmX3k0MWJFYk1XTlJGVV9aLV94TGlOaHhtaDRnVlpXRUk2V1hBd2lObHdEOXgyem4wcnh5TERWWWFvd2I3M21ES0JWY1FKMFR3MFpPUQ?oc=5,en,2026-08-22,
"PODCAST: Trump tariffs hit Canada, ballroom reprieve, Stars and Stripes and Somali piracy",Reuters,reuters.com,reuters.com,2026-08-22,https://news.google.com/rss/articles/CBMitgFBVV95cUxQMEtvNE9qRjAxTWd1WHN1RDZCYUNXaTRkV0Uzd3MxWkQ2TjkwX3VyQVlfOWNBeGhNX1E5dmxRWGRLRDllVWZSUDdpeElTVkZQQ2NpaENEVXBtOVd4Z3dISHRJdFFGYUVqZ0pyUWJtUHVScTRjU2NpODVGMjVMdmNiME56ODNjTlNCbDNrTkFHUzVQMUNzM2U0anRXYTFaZl9pQTRTWklMZXU1TXNDZXFseTA0NXFOdw?oc=5,en,2026-08-22,
"How credit card caps, rent freezes will worsen inflation",USA Today,usatoday.com,usatoday.com,2026-08-22,https://www.usatoday.com/story/opinion/columnist/2026/08/22/trump-mamdani-price-controls-inflation-affordability/91362910007/,en,2026-08-22,
"Freedom 250 Grand Prix TV channel, livestream, schedule",USA Today,usatoday.com,usatoday.com,2026-08-22,https://www.usatoday.com/story/sports/motorsports/2026/08/22/freedom-250-grand-prix-channel-livestream-schedule/91402705007/,en,2026-08-22,
"Rising back-to-school prices are squeezing families, teachers alike",USA Today,usatoday.com,usatoday.com,2026-08-22,https://www.usatoday.com/story/money/personal-finance/2026/08/22/school-supply-costs-surge/91367012007/,en,2026-08-22,
"Families dispute Trump, Hegseth accounts of conditions on US warship",USA Today,usatoday.com,usatoday.com,2026-08-22,https://www.usatoday.com/story/news/politics/2026/08/22/uss-abraham-lincoln-families-trump-hegseth-comments/91386484007/,en,2026-08-22,
Trump told a South Carolina MAGA crowd that U.S. economy is good and Iran 'little detour',USA Today,usatoday.com,usatoday.com,2026-08-22,https://www.usatoday.com/story/news/politics/elections/2026/08/22/trump-darline-graham-iran-detour/91421189007/,en,2026-08-22,
US imposes 50% tariffs on Canadian goods; Canadian leader vows retaliation,USA Today,usatoday.com,usatoday.com,2026-08-22,https://www.usatoday.com/story/news/politics/2026/08/22/tariffs-canada-donald-trump/91421389007/,en,2026-08-22,
"Rare 9/11 video, Hawaii floods, Hayden Panettiere dies: Week in review",USA Today,usatoday.com,usatoday.com,2026-08-22,https://www.usatoday.com/story/news/2026/08/22/911-pentagon-video-hawaii-lala-floods-hayden-panettiere-big-bend-wnba-trans-weekly-recap/91327997007/,en,2026-08-22,
"Trump's latest stab at Tucker Carlson, Marjorie Taylor Greene and Thomas Massie",USA Today,usatoday.com,usatoday.com,2026-08-22,https://www.usatoday.com/story/news/politics/2026/08/22/trump-truth-social-tucker-carlson-marjorie-taylor-greene-thomas-massie/91421477007/,en,2026-08-22,
The 10 wealthiest suburbs in America,USA Today,usatoday.com,usatoday.com,2026-08-22,https://www.usatoday.com/story/money/personal-finance/2026/08/22/wealthiest-suburbs-in-america/91384591007/,en,2026-08-22,
How one billionaire’s crusade against homelessness became Trump’s playbook,Washington Post,washingtonpost.com,washingtonpost.com,2026-08-22,https://news.google.com/rss/articles/CBMixgFBVV95cUxQd0tXWWdJVVFJOXVRX0hiS1NQV3pVbF9ScUh1cXJWN2ZLMUZtZmtwejV3OXJMclFZX2JLTnVSbFVBVG5pQWZzWUVBOVF2N2RCVUpTX0VsTkNlQzFBTjNOd1JjazJBcmpWTVpVNDI0LWlmazZIck9DTjZHYnRZVS1KenNfN3JCR1RqNGVrbFM2WS13NEIzaXBWb1U3NDdmdTJRdTlOazlNNk1vaGI0aF9SbGd4RkJWM2Y0M1I0aV9vanlQZ3MzcEE?oc=5,en,2026-08-22,
She’s a Trump acolyte. He’s a ‘gringo Sandinista.’ Meet the Harps.,Washington Post,washingtonpost.com,washingtonpost.com,2026-08-22,https://news.google.com/rss/articles/CBMiogFBVV95cUxNeElOTi1zZkhBQ2FLbUt5NGsyNDBEVmxtUW5Pc0hoS1l5RlZkSVBON3YwZWI1bmlWNGhJcFJvckhQVFJyTHRlYml2anVJbWRsRTJxTUxQWjNTVkZUQlVvX2htekRUSHBLazVJcUdRUWU4dTByVE9jRV94VW5qSGRYdk5PYmJZb3ctUHYzTzhDS2hlaVExV2VSUHVuTGZNX0Z3c0E?oc=5,en,2026-08-22,
Md. school district updates gender policy after Trump administration threat,Washington Post,washingtonpost.com,washingtonpost.com,2026-08-22,https://news.google.com/rss/articles/CBMivwFBVV95cUxPRlcybHd2UU1ZODh5bE5QS1c5TGRmVDR6Y2lJSVBtbi1FcjRsVnYtd2F2Z1dDZk5jWHRVRWUtZUJqY0drM1YtR0hnVENSWUEzZHFRdWxraFU4TkVNSGFDdTFpNFBzNzBJSlN6cDFUQWtHZ0FIalJZY3JTeVhsZDZUX0ZBZ04wdHliZ2FrUl90c1l4QlFwZVYtdlVNbm5IZ3pYd25mQzQxbkZWY0NGSXYyRXVsalF0TUV0RGs2N3ZzOA?oc=5,en,2026-08-22,
Albatross helps Norris take 3rd-round lead at Nexo Championship on President Donald Trump's course,Washington Post,washingtonpost.com,washingtonpost.com,2026-08-22,https://news.google.com/rss/articles/CBMi2gFBVV95cUxPMXFNR185LWdVdG5UZHRPTTR2T2J6c0dYSi1mR0EzQmpjamlTWkhTV080TTVEdGVzcGpObGFNa1dBMkNoVUFrV1pXdmlsU09vMjZzM2ZsSmxXeXpmYm5fSEpoZk9BZzB3MWRIUXM2dmxfMWtjWW9XVy1Kc3JhYm84QXJrNXptUmx1VG0xS1RGVHZCcmdVbzF4bHNWNTlNNUhlNzVRTDNaendOUmtwdjNxSlNpcmNxc3lUV28tUjNEVERjSTBHLWpWR2ZqeWJjOWJnc2VNZjV2LUtGQQ?oc=5,en,2026-08-22,
"Inside Trump's remake of the White House Rose Garden. First a stone patio, then statues",Washington Post,washingtonpost.com,washingtonpost.com,2026-08-22,https://news.google.com/rss/articles/CBMi6wFBVV95cUxNZ2gzalRGZ0lYeGNuU2lWaERzdnNFREJyeVZMSkN2NlpDY3lUcXNLSEs1aG1GQTNSQlRCVW83R2ZfOWVSRTc5cXNrR0pKRnAzcjVvTENVTTA2dVYzM2Y4bDNwVmVib1lYbWZzd1RndXN0VGdBdVowMVBNVXFXQmN2cHJUOUVMVVJYdDFBcWJlcVJQRzRRWUVRME5nVS1STkhFcTdyX2huOXNjbU5BMlpCTjNSWkZZcXU1TnVIMUpZRFowaTNTQ2NBQ2gzd1NpNks4M3FSYVZDVUlBTFpUejk4SWZlY0RtVW05ck9V?oc=5,en,2026-08-22,
Trump waves green flag to start IndyCar race on the streets of the nation's capital,ABC News,abcnews.go.com,abcnews.go.com,2026-08-23,https://abcnews.com/Sports/weekends-indycar-race-streets-nations-capital/story?id=135743374,en,2026-08-23,
Trump waves the green flag to start the IndyCar race as drivers zoom through Washington's streets,ABC News,abcnews.go.com,abcnews.go.com,2026-08-23,https://abcnews.com/US/wireStory/trump-kick-off-indycar-race-beast-cars-zoom-135878595,en,2026-08-23,
A US envoy clarifies his comments on Golan Heights that contradicted Trump's position,ABC News,abcnews.go.com,abcnews.go.com,2026-08-23,https://news.google.com/rss/articles/CBMitgFBVV95cUxPaW1wTGYyZkZyUF9INHJLVVFHOFM1eE9TcjhrcW0zUm5KQkVFYmloblY1TWl5MDluZzlSYXo2TGJEZzBBZjd4TnBvZ3hpaDZ2ajFCbjR0LVYtUXN2ejh4aW1vR19WNTNEUVdHNGI4MXVqNUpfOHM2dDZPaFNHeTltQ1k0TEdvV0ZNSi1Jb0VNZ3JxY25KUFZVVllSYlNLY1BXa0Z2X2dPdXpOY1FkMXR0WkhZbldld9IBuwFBVV95cUxQX3VXdlhGcVpBeXM0cWZ0N3pNWC1iN1h1NVdoU1E0SEZBQlNVN0p5UFE4aXBNeHJuNWZ6R1JEeGRWekJ3WGdsQ01mLWxiR3Q1NnBBeVNPeWgyLVVLSGJmemw1ZjFlb1llUDRQY0VxTzhvZnJSNEZFajhtMG5UV0V1UzVjZXlZLUJ3WlcxTldjWUZDa1JKQ1A0ejlxZDRGaFNxR29KVXhYZW9RMXY1ZW5EQk9aWlJpMXBfRlRN?oc=5,en,2026-08-23,
Trump will kick off the IndyCar race in the Beast before cars zoom through Washington's streets,ABC News,abcnews.go.com,abcnews.go.com,2026-08-23,https://news.google.com/rss/articles/CBMijwFBVV95cUxQX1FWWGl4U1dUQ0tSY2NLbjdrdE9UajRFLXB4WGJoLU5pM3I0U0dtV1piZEpCWUFtcm9DZGw3Wk11RjkxSDNjall1T1VBQzZIU2pJREo3ZGpwUzNKa3pHbThnYktKZEtZMVkySmZLVWplV2xwa0pIWmplNk8wb203NVVuMUtoQTNPTlF1X0hpONIBlAFBVV95cUxOVnlqdXg1VXdHSW9oWU4xcDlaSHQwVzc3LTdGaDhlRi1VSWpyYVczZGdnUmNwZjdnaDFEWm5oUlNraXB5REFueldxSFlYZG90T0h0VHJsZlpmYktGRE81QXc4ZklBNnpJVTQwNWZIbEdwOUQ5dm5PUjVIazdrMWlBR2ZOdUJBZzhFZGxnMWl3WjFoNVdI?oc=5,en,2026-08-23,
"Video Trump promotes new renovation projects amid war, rising prices",ABC News,abcnews.go.com,abcnews.go.com,2026-08-23,https://news.google.com/rss/articles/CBMioAFBVV95cUxQekNPUDJwUlpDTFFaeXVNVFlqRi1mY25jVWJOd2k5MHZ4UExCSFdEcUdsX1pnVUY3YzQtYVJDTE9IbWtMT0F6LVN3eXRoZUc2MWdXOHhkcVFDaWQwZzN5TmF4OXVVXzFiWUVJWE5xV3c5ZUxpcnB4Rld2U1gzeGNHQ3BjUTJpRXJCRlBWSzRIWllUMXExbFdHbS1ZT2t1Vk8x?oc=5,en,2026-08-23,
"Video After talks fall apart, Trump adds 50% tariff on Canadian goods",ABC News,abcnews.go.com,abcnews.go.com,2026-08-23,https://news.google.com/rss/articles/CBMikgFBVV95cUxNVDAtWFNqLUMtcFJSMXZ2Slh3R2VsY1FjZDFKaW9KS2p3bkxLNmRlVmN3VVZKUFhuNjQzczhvR1hITFBrU21rYTFaVUtmMnNET2tqT2I5QTRwVjVRMkZkSjhvTTNLS180OGFVbFRnOWVwWHJINXQ2OTNMSXhoeGYwbG9wZExkM211Y0x4VTBrNlM4QQ?oc=5,en,2026-08-23,
"Video After talks fail, President Trump's 50% tariff on Canadian goods in effect",ABC News,abcnews.go.com,abcnews.go.com,2026-08-23,https://news.google.com/rss/articles/CBMiTEFVX3lxTE0yNGZNWkJKSnEzWGtzSmR1bEhndVBRRndlZWhhSXhVd1piTEU0eU0xeGRwXzloaHN0RzhHbnNNWU9yNDNha1F5aUpwOXo?oc=5,en,2026-08-23,
Video President Trump takes ‘lap of honor’ to kick off Freedom 250 Grand Prix,ABC News,abcnews.go.com,abcnews.go.com,2026-08-23,https://news.google.com/rss/articles/CBMiTEFVX3lxTFBOY0IzYXZsTTNyQXhqb3JRU0xTUEVBNi10aTVydkJGV3l6QnU5SHRYNi04SHNiS1VIWEN4Q1NpRXJVLXlTZ2E3V3ExZkM?oc=5,en,2026-08-23,
Video Gov. Abbott on voter concerns: ‘People are not talking to me about Trump’,ABC News,abcnews.go.com,abcnews.go.com,2026-08-23,https://news.google.com/rss/articles/CBMiTEFVX3lxTFBvclhHZW9vU0s2M2UyRjlQZDdZM0MxV0NVYXJEdkpMYnd0X2RrY2RubElYazkyY3VXR3hPVHd3Ry1OTW84c25FUHBDeWE?oc=5,en,2026-08-23,
Video What are the risks for Trump with the trade war against Canada?,ABC News,abcnews.go.com,abcnews.go.com,2026-08-23,https://news.google.com/rss/articles/CBMiTEFVX3lxTE80Z05TSzhVTzZJNjEyNkd5VW4yZ2RtTU8tajVrd2tLXzFSaDVwai03VXNlMUU1QVVIeVFxSnlpSTEtWjdlT1ZHMnlhbUQ?oc=5,en,2026-08-23,
Canada Sees Long Trade War With US That May Last Beyond Midterms,Bloomberg,bloomberg.com,bloomberg.com,2026-08-23,https://www.bloomberg.com/news/articles/2026-08-23/canada-sees-long-trade-war-with-us-that-may-last-beyond-midterms,en,2026-08-23,
Indian Pharma Has Little Reason to Fear Trump,Bloomberg,bloomberg.com,bloomberg.com,2026-08-23,https://www.bloomberg.com/opinion/articles/2026-08-23/indian-pharma-has-little-reason-to-fear-trump,en,2026-08-23,
A Voter Enthusiasm Gap Is Steering the Midterms,Bloomberg,bloomberg.com,bloomberg.com,2026-08-23,https://www.bloomberg.com/opinion/articles/2026-08-23/2026-midterm-primaries-are-showing-a-voter-enthusiasm-gap,en,2026-08-23,
IndyCars Race in Washington for Trump’s US Birthday Festivities,Bloomberg,bloomberg.com,bloomberg.com,2026-08-23,https://www.bloomberg.com/news/articles/2026-08-23/indycars-race-in-washington-for-trump-s-us-birthday-festivities,en,2026-08-23,
Trump’s Family Joins a Rush to Start New Banks,Bloomberg,bloomberg.com,bloomberg.com,2026-08-23,https://news.google.com/rss/articles/CBMiqwFBVV95cUxPdVZnSmc5YnVUN2h3RVBuTE12Tlc3c0pWMUVtV2RrMjFWY1ZIZzUtbGxidVBBR2s1aUM3dEFOdUJ6WS1RdXJqQWtGajRTM3kyaG9XSjU2YnhiN2w2ZW44SUdwWm9tM1BPdmdpdEdSU1ZXd0xNVzNyZTRVNWY1QlB1SklGVHdXZm9KREpJTUZjVDdSNk9UU1Q5eFJFZENLajBRZzB3QlN4VGYwcWM?oc=5,en,2026-08-23,
"Trump’s Stock Disclosure Shows More Than 1,000 Trades in June",Bloomberg,bloomberg.com,bloomberg.com,2026-08-23,https://news.google.com/rss/articles/CBMisgFBVV95cUxOa0tvdEJYUG5VUzZMLWhzQUNDcFlnQzlucEZFMjVXZ1pLVndMdTN0bXpoTjdRSUdnd0ZZQldXa2RRaFc0eUtOTmRISEdidTlrV19MbFRaX3l0TzVFM1B2RzVOZDU1a0licnNMZ2k1ZlkyMGRjaE1yaVJnZ0FMMUZxTS1jU00ta1hNWWdUVmlrTFdMTVlfUnRXdTR6cXptSXI4dWd6YnFYWlg3djZXMzVkTDFR?oc=5,en,2026-08-23,
IndyCars Race in Washington for Trump’s US Birthday Bash,Bloomberg,bloomberg.com,bloomberg.com,2026-08-23,https://news.google.com/rss/articles/CBMitAFBVV95cUxOM0JBUnBiaEJaQWgtcmt1OU10VWtZTlRYQTBnb3hwY2UwX0drMlJJZWZRUzlzWHBkeHBIbUVqTl9HbU1ZMlRkZjlNbGE5ZDJuOHNMMV9ka3RzMDBPbjhrSmpNSUpZcFNSMU1qWTdsYUdMYzNRZURUMzZKV1BTWl9CUC1lSjVMMUg1U1pJRFJjR1FiUVBqYldvZzl4MV9ZdmNDQzluQXJ6WXpHVzl3UV9hWXBOMGI?oc=5,en,2026-08-23,
"Colorado governor requests disaster declaration from president, FEMA after Aspen Acres and Gold Mountain fires",CBS News,cbsnews.com,cbsnews.com,2026-08-23,https://www.cbsnews.com/colorado/news/colorado-major-disaster-declaration-wildfires-aspen-acres-gold-mountain/,en,2026-08-23,
Matt Little's decisive primary victory sets up high-stakes battle for Minnesota's 2nd Congressional District,CBS News,cbsnews.com,cbsnews.com,2026-08-23,https://www.cbsnews.com/minnesota/news/matt-little-primary-victory-high-stakes-minnesota-2nd-district/,en,2026-08-23,
"Gov. Jared Polis requests disaster declaration from president, FEMA after 2 fires",CBS News,cbsnews.com,cbsnews.com,2026-08-23,https://www.cbsnews.com/colorado/video/gov-jared-polis-requests-disaster-declaration-from-president-fema-after-2-fires/,en,2026-08-23,
"Kyle Kirkwood wins Freedom 250 Grand Prix IndyCar race in the streets of Washington, D.C., after Trump kicks off race",CBS News,cbsnews.com,cbsnews.com,2026-08-23,https://www.cbsnews.com/newyork/news/trump-freedom-250-grand-prix-indycar-washington-dc/,en,2026-08-23,
Jared Kushner and Democratic House leader Hakeem Jeffries met as midterm elections loom,CBS News,cbsnews.com,cbsnews.com,2026-08-23,https://www.cbsnews.com/newyork/news/jared-kushner-hakeem-jeffries-meeting-2026-midterm-elections/,en,2026-08-23,
U.S. Navy sailor on USS Lincoln says dad was arrested by immigration officials,CBS News,cbsnews.com,cbsnews.com,2026-08-23,https://www.cbsnews.com/texas/news/uss-lincoln-sailor-dad-immigration-arrest-luis-manuel-aviles-roa/,en,2026-08-23,
White House promises full-throttle economic warfare against Iran with new plan for sanctions,CBS News,cbsnews.com,cbsnews.com,2026-08-23,https://www.cbsnews.com/video/white-house-promises-full-throttle-economic-warfare-against-iran-new-plan-sanctions/,en,2026-08-23,
Freedom 250 Grand Prix Indycar race held in Washington D.C.,CBS News,cbsnews.com,cbsnews.com,2026-08-23,https://www.cbsnews.com/chicago/video/freedom-250-grand-prix-indycar-race-held-in-washington-d-c/,en,2026-08-23,
Other countries have 200 mph passenger trains. Why has high-speed rail not tracked here?,CBS News,cbsnews.com,cbsnews.com,2026-08-23,https://www.cbsnews.com/news/why-high-speed-rail-not-tracked-in-us-60-minutes-transcript-2026-08-23/,en,2026-08-23,
"Kashkari says inflation could be extended ""the longer there's back and forth"" in Canada tariff fight",CBS News,cbsnews.com,cbsnews.com,2026-08-23,https://www.cbsnews.com/newyork/news/neel-kashkari-minneapolis-fed-canada-tariff-inflation/,en,2026-08-23,
"Dr. Scott Gottlieb says Trump FDA pick Heidi Overton ""could be a strong candidate""",CBS News,cbsnews.com,cbsnews.com,2026-08-23,https://www.cbsnews.com/video/dr-scott-gottlieb-says-trump-fda-pick-heidi-overton-could-be-a-strong-candidate/,en,2026-08-23,
"Transcript: Dr. Mehmet Oz on ""Face the Nation with Margaret Brennan,"" Aug. 23, 2026",CBS News,cbsnews.com,cbsnews.com,2026-08-23,https://www.cbsnews.com/news/mehmet-oz-cms-administrator-face-the-nation-transcript-08-23-2026/,en,2026-08-23,
"Dr. Oz says MMR is ""not a lethal vaccine"" despite Trump's comments",CBS News,cbsnews.com,cbsnews.com,2026-08-23,https://www.cbsnews.com/losangeles/news/dr-oz-mmr-vaccine-not-lethal-trump-executive-order/,en,2026-08-23,
"Florida gubernatorial candidate Donalds says it ""makes sense"" to spread out vaccine schedule",CBS News,cbsnews.com,cbsnews.com,2026-08-23,https://www.cbsnews.com/video/florida-gubernatorial-candidate-donalds-says-it-makes-sense-to-spread-out-vaccine-schedule/,en,2026-08-23,
"Transcript: Rep. Byron Donalds on ""Face the Nation with Margaret Brennan,"" Aug. 23, 2026",CBS News,cbsnews.com,cbsnews.com,2026-08-23,https://www.cbsnews.com/news/byron-donalds-florida-governor-candidate-face-the-nation-transcript-08-23-2026/,en,2026-08-23,
"Full transcript of ""Face the Nation with Margaret Brennan,"" Aug. 23, 2026",CBS News,cbsnews.com,cbsnews.com,2026-08-23,https://www.cbsnews.com/news/face-the-nation-full-transcript-08-23-2026/,en,2026-08-23,
"Trump kicks off Freedom 250 Grand Prix IndyCar race in the streets of Washington, D.C.",CBS News,cbsnews.com,cbsnews.com,2026-08-23,https://www.cbsnews.com/news/trump-freedom-250-grand-prix-indycar-washington-dc/,en,2026-08-23,
"Transcript: Dr. Scott Gottlieb on ""Face the Nation with Margaret Brennan,"" Aug. 23, 2026",CBS News,cbsnews.com,cbsnews.com,2026-08-23,https://www.cbsnews.com/news/scott-gottlieb-face-the-nation-transcript-08-23-2026/,en,2026-08-23,
"Transcript: Rep. Seth Moulton on ""Face the Nation with Margaret Brennan,"" Aug. 23, 2026",CBS News,cbsnews.com,cbsnews.com,2026-08-23,https://www.cbsnews.com/news/seth-moulton-massachusetts-face-the-nation-08-23-2026/,en,2026-08-23,
"1-on-1 with Angie Nixon after her Florida primary win, what's next in race for Senate",CBS News,cbsnews.com,cbsnews.com,2026-08-23,https://www.cbsnews.com/miami/news/angie-nixon-facing-south-florida-interview-8-23-2026/,en,2026-08-23,
Oliver Gilbert discusses next steps in Congressional race after Florida Democratic primary win,CBS News,cbsnews.com,cbsnews.com,2026-08-23,https://www.cbsnews.com/miami/news/oliver-gilbert-congressional-run-8-23-2026/,en,2026-08-23,
Mexican governor accused by U.S. of drug trafficking abruptly resigns a day after returning to office,CBS News,cbsnews.com,cbsnews.com,2026-08-23,https://www.cbsnews.com/news/mexican-governnor-ruben-rocha-moya-sinaloa-resigns-again-us-drug-trafficking/,en,2026-08-23,
Texas leaders told what's next after Trump administration pauses Big Bend National Park construction,CBS News,cbsnews.com,cbsnews.com,2026-08-23,https://www.cbsnews.com/texas/video/texas-leaders-told-whats-next-after-trump-administration-pauses-big-bend-national-park-construction/,en,2026-08-23,
The Trump administration paused Big Bend National Park construction. Here's what Texas leaders are told is next,CBS News,cbsnews.com,cbsnews.com,2026-08-23,https://www.cbsnews.com/texas/news/trump-administration-pauses-big-bend-national-park-construction-texas-leaders-told-next/,en,2026-08-23,
Kyle Kirkwood wins IndyCar Freedom 250 Grand Prix,CNN,cnn.com,cnn.com,2026-08-23,https://www.cnn.com/2026/08/23/politics/video/kyle-kirkwood-wins-indycar-freedom-250-grand-prix-dc-brian-todd-digvid,en,2026-08-23,
He was waiting for his son to return from the USS Lincoln. Then Border Patrol arrested him,CNN,cnn.com,cnn.com,2026-08-23,https://www.cnn.com/2026/08/23/us/navy-father-arrested-deportation,en,2026-08-23,
Pete Buttigieg returns to first-in-the-nation South Carolina with a fresh appeal to Black voters,CNN,cnn.com,cnn.com,2026-08-23,https://www.cnn.com/2026/08/23/politics/pete-buttigieg-black-voters-south-carolina,en,2026-08-23,
Pence ‘heartened’ by comments by his former CIA briefer - a trans woman - about her experience working with him,CNN,cnn.com,cnn.com,2026-08-23,https://www.cnn.com/2026/08/23/politics/video/julia-curlee-pence-sotu,en,2026-08-23,
Education Secretary McMahon says AI can be a ‘very effective tool’ in schools,CNN,cnn.com,cnn.com,2026-08-23,https://www.cnn.com/2026/08/23/politics/video/mcmahon-ai-in-schools-sotu,en,2026-08-23,
Fmr VP Pence: President Zelensky said ‘we’re looking just for 5 percent of your remaining Patriot inventory’,CNN,cnn.com,cnn.com,2026-08-23,https://www.cnn.com/2026/08/23/politics/video/pence-in-ukraine-sotu,en,2026-08-23,
Pence: ‘The last thing we need right now… is a trade war with Canada’,CNN,cnn.com,cnn.com,2026-08-23,https://www.cnn.com/2026/08/23/politics/video/trump-pence-trade-war-canada-sotu,en,2026-08-23,
Education Secretary McMahon: ‘We’re certainly going to always monitor what are universities are doing.’,CNN,cnn.com,cnn.com,2026-08-23,https://www.cnn.com/2026/08/23/politics/video/mcmahon-university-letter-sotu,en,2026-08-23,
Trump administration latest as IndyCars race through the capital for Freedom 250 event,CNN,cnn.com,cnn.com,2026-08-23,https://www.cnn.com/2026/08/23/politics/live-news/trump-administration-freedom-250-race,en,2026-08-23,
"At 24, Tupac Shakur talked to CNN about getting shot and how he made ‘peace with death a long time ago’",CNN,cnn.com,cnn.com,2026-08-23,https://www.cnn.com/2026/08/23/us/video/tupac-shakur-peace-with-death-digvid,en,2026-08-23,
"Russia likely to mobilize at least 300,000 more troops to Ukraine war, Zelensky warns",CNN,cnn.com,cnn.com,2026-08-23,https://www.cnn.com/2026/08/23/europe/zelensky-ukraine-russia-mobilization-intl,en,2026-08-23,
Can Independent Senate candidate Dan Osborn win in Nebraska?,CNN,cnn.com,cnn.com,2026-08-23,https://www.cnn.com/2026/08/23/politics/video/senate-canididate-dan-osborn,en,2026-08-23,
"Just out of jail, Tupac Shakur told CNN in 1995 that he was ready to start part two of his life",CNN,cnn.com,cnn.com,2026-08-23,https://www.cnn.com/2026/08/23/us/video/tupac-shakur-live-life-to-fullest-digvid,en,2026-08-23,
"Kushner, Jeffries discuss ways White House and Democrats can collaborate",CNN,cnn.com,cnn.com,2026-08-23,https://www.cnn.com/2026/08/23/politics/jared-kushner-hakeem-jeffries-meet,en,2026-08-23,
"Tupac Shakur on critics and legacy: Until he died, ‘nobody liked Van Gogh’",CNN,cnn.com,cnn.com,2026-08-23,https://www.cnn.com/2026/08/23/us/video/tupac-shakur-accused-bad-things-digvid,en,2026-08-23,
US-Iran war latest: Tehran vows to ‘neutralize’ economic war,CNN,cnn.com,cnn.com,2026-08-23,https://www.cnn.com/2026/08/23/world/live-news/iran-war-trump,en,2026-08-23,
"Extreme heat reshapes daily life in Floridia, Sicily",CNN,cnn.com,cnn.com,2026-08-23,https://www.cnn.com/2026/08/23/world/video/europes-hottest-town-abdelaziz-pkg-082312aseg2-cnni-world-fast,en,2026-08-23,
This immigrant left the US for Canada. Something stood out to her at the border,CNN,cnn.com,cnn.com,2026-08-23,https://www.cnn.com/2026/08/23/us/haitians-tps-immigration-canada,en,2026-08-23,
"Driven by progressive doomism, liberals are having fewer babies than conservative families",Fox News,foxnews.com,foxnews.com,2026-08-23,https://www.foxnews.com/media/driven-progressive-doomism-liberals-having-fewer-babies-conservative-families,en,2026-08-23,
Extra: Karl Rove's Midterm Warning for the GOP & President Trump,Fox News,foxnews.com,foxnews.com,2026-08-23,https://radio.foxnews.com/2026/08/23/extra-karl-roves-midterm-warning-for-the-gop-president-trump/,en,2026-08-23,
Bret Michaels Cancels Tour Amid Health Scare,Fox News,foxnews.com,foxnews.com,2026-08-23,https://radio.foxnews.com/2026/08/23/bret-michaels-cancels-tour-amid-health-scare/,en,2026-08-23,
"Trump shrugs off assassination attempts, remarking 'only consequential presidents get shot'",Fox News,foxnews.com,foxnews.com,2026-08-23,https://www.foxnews.com/media/trump-shrugs-off-assassination-attempts-remarking-only-consequential-presidents-get-shot,en,2026-08-23,
Freedom 250 Grand Prix attendees talk about American pride in the midst of historic event,Fox News,foxnews.com,foxnews.com,2026-08-23,https://www.foxnews.com/outkick-sports/freedom-250-grand-prix-attendees-talk-american-pride-midst-historic-event,en,2026-08-23,
Kyle Kirkwood hangs on to win Freedom 250 Grand Prix in Washington,Fox News,foxnews.com,foxnews.com,2026-08-23,https://www.foxnews.com/outkick-sports/kyle-kirkwood-hangs-win-freedom-250-grand-prix-washington,en,2026-08-23,
Karoline Leavitt reveals next role after leaving White House press secretary post,Fox News,foxnews.com,foxnews.com,2026-08-23,https://www.foxnews.com/politics/karoline-leavitt-reveals-next-role-after-leaving-white-house-press-secretary-post,en,2026-08-23,
"El-Sayed under fire online after taking aim at Usha Vance, female Trump aide in weekend social media posts",Fox News,foxnews.com,foxnews.com,2026-08-23,https://www.foxnews.com/politics/el-sayed-fire-online-taking-aim-usha-vance-female-trump-aide-weekend-social-media-posts,en,2026-08-23,
Trump takes honorary lap around IndyCar track in Washington ahead of Freedom 250 Grand Prix,Fox News,foxnews.com,foxnews.com,2026-08-23,https://www.foxnews.com/outkick-sports/trump-takes-honorary-lap-indycar-track-washington-freedom-250-grand-prix,en,2026-08-23,
"American Federation of Teachers launches boycott against Target, claims retailer 'remained silent' on ICE",Fox News,foxnews.com,foxnews.com,2026-08-23,https://www.foxnews.com/media/american-federation-teachers-launches-boycott-against-target-claims-retailer-remained-silent-ice,en,2026-08-23,
Country singer Kacey Musgraves turns concert into plea for kids whose parents were deported 'unfairly',Fox News,foxnews.com,foxnews.com,2026-08-23,https://www.foxnews.com/media/country-singer-kacey-musgraves-turns-concert-into-plea-kids-whose-parents-were-deported-unfairly,en,2026-08-23,
"WNBA has 'no idea what they're about to face,' Enes Kanter Freedom says as league takes on trans athlete issue",Fox News,foxnews.com,foxnews.com,2026-08-23,https://www.foxnews.com/outkick-sports/wnba-no-idea-what-theyre-about-face-enes-kanter-freedom-says-league-takes-trans-athlete-issue,en,2026-08-23,
"Fetterman aligns with Trump on AI push, warns China benefits from US 'overreaction'",Fox News,foxnews.com,foxnews.com,2026-08-23,https://www.foxnews.com/politics/fetterman-aligns-trump-ai-push-warns-china-benefits-us-overreaction,en,2026-08-23,
"Awaiting return of his son aboard the USS Lincoln, a father is arrested",Los Angeles Times,latimes.com,latimes.com,2026-08-23,https://www.latimes.com/world-nation/story/2026-08-23/border-patrol-arrests-father-awaiting-return-of-uss-lio,en,2026-08-23,
Carney warned about economic coercion. Now Trump is testing the Canadian prime minister,Los Angeles Times,latimes.com,latimes.com,2026-08-23,https://www.latimes.com/world-nation/story/2026-08-23/carney-warned-about-economic-coercion-now-trump-is-testing-canadian-prime-minister,en,2026-08-23,
"Jared Kushner recently met with Democratic leader Jeffries, who may be the next speaker",Los Angeles Times,latimes.com,latimes.com,2026-08-23,https://www.latimes.com/politics/story/2026-08-23/jared-kushner-recently-met-with-democratic-leader-jeffries,en,2026-08-23,
Paramount accuses Mark Ruffalo of 'antisemitic tropes' on the eve of mediation talks in antitrust battle,Los Angeles Times,latimes.com,latimes.com,2026-08-23,https://www.latimes.com/entertainment-arts/business/story/2026-08-23/paramount-dustup-with-mark-ruffalo-comes-just-before-mediation-talks-in-antitrust-suit,en,2026-08-23,
"Zelensky details rift with dismissed defense chief Federov, saying some of his actions were misguided",Los Angeles Times,latimes.com,latimes.com,2026-08-23,https://www.latimes.com/world-nation/story/2026-08-23/zelensky-details-rift-with-ousted-defense-chief-federov,en,2026-08-23,
"Letters to the Editor: As ‘first assistant,’ Essayli has been wielding power he shouldn’t have",Los Angeles Times,latimes.com,latimes.com,2026-08-23,https://www.latimes.com/opinion/letters-to-the-editor/story/2026-08-23/bill-essayli-first-assistant,en,2026-08-23,
Is there a breakfast food more L.A. than the burrito? Here are our favorites,Los Angeles Times,latimes.com,latimes.com,2026-08-23,https://www.latimes.com/california/newsletter/2026-08-23/here-are-our-favorite-los-angeles-breakfast-burritos,en,2026-08-23,
Ripple or blue wave? This race will test Democratic strength in November,Los Angeles Times,latimes.com,latimes.com,2026-08-23,https://www.latimes.com/politics/story/2026-08-23/midterm-election-congress-nevada-second-district-blue-wave,en,2026-08-23,
Column: Even Alexandria Ocasio-Cortez thinks 'Woke 1' was crazy,Los Angeles Times,latimes.com,latimes.com,2026-08-23,https://www.latimes.com/opinion/story/2026-08-23/even-alexandria-ocasio-cortez-thinks-woke-1-was-crazy,en,2026-08-23,
Raman's role in tackling homelessness comes under scrutiny in L.A. mayor's race,Los Angeles Times,latimes.com,latimes.com,2026-08-23,https://www.latimes.com/california/story/2026-08-23/how-did-nithya-do-as,en,2026-08-23,
Will Trump interfere in the midterms? Democrats and their allies are preparing,Los Angeles Times,latimes.com,latimes.com,2026-08-23,https://www.latimes.com/politics/story/2026-08-23/will-trump-interfere-in-midterms-democrats-their-allies-are-preparing,en,2026-08-23,
"Wartime election would ‘destroy’ Ukraine, Zelenskyy says",NBC News,nbcnews.com,nbcnews.com,2026-08-23,https://www.nbcnews.com/world/ukraine/zelenskyy-details-rift-dismissed-defense-minister-rcna593975,en,2026-08-23,
Canada announces retaliatory tariffs against U.S. and IndyCar speeds through D.C.: Weekend Rundown,NBC News,nbcnews.com,nbcnews.com,2026-08-23,https://www.nbcnews.com/news/us-news/weekend-rundown-august-23-rcna593659,en,2026-08-23,
"Meet the Press – August 23, 2026",NBC News,nbcnews.com,nbcnews.com,2026-08-23,https://www.nbcnews.com/meet-the-press/transcripts/meet-press-august-23-2026-rcna593995,en,2026-08-23,
Why Trump is seeking a new summit with an emboldened Kim Jong Un amid Iran war struggles,NBC News,nbcnews.com,nbcnews.com,2026-08-23,https://www.nbcnews.com/world/asia/trump-seeking-new-summit-emboldened-kim-jong-un-iran-war-struggles-rcna593690,en,2026-08-23,
"Iran says ‘desperate’ new sanctions will fail, mediator Pakistan sending army chief to Tehran",NBC News,nbcnews.com,nbcnews.com,2026-08-23,https://www.nbcnews.com/world/iran/iran-says-desperate-new-sanctions-will-fail-mediator-pakistan-sends-ar-rcna593979,en,2026-08-23,
Kyle Kirkwood wins IndyCar race in downtown D.C. celebrating U.S. 250th birthday,NBC News,nbcnews.com,nbcnews.com,2026-08-23,https://www.nbcnews.com/politics/trump-administration/kyle-kirkwood-wins-indycar-race-downtown-dc-us-250th-birthday-rcna593532,en,2026-08-23,
Hakeem Jeffries and Jared Kushner meet in NYC to discuss how Democrats and Trump could cooperate,NBC News,nbcnews.com,nbcnews.com,2026-08-23,https://www.nbcnews.com/politics/trump-administration/hakeem-jeffries-jared-kushner-meet-nyc-democrats-trump-work-together-rcna594014,en,2026-08-23,
Sen. Chris Van Hollen says he is ‘kicking the tires’ on a potential 2028 presidential bid,NBC News,nbcnews.com,nbcnews.com,2026-08-23,https://www.nbcnews.com/politics/2028-election/senator-chris-van-hollen-2028-presidential-race-rcna593986,en,2026-08-23,
Tim Scott calls support for Darline Graham an ‘easy choice’ despite her debate flub,NBC News,nbcnews.com,nbcnews.com,2026-08-23,https://www.nbcnews.com/politics/congress/tim-scott-darline-graham-easy-choice-debate-flub-rcna593983,en,2026-08-23,
Tim Scott says ‘without question’ Darline Graham is qualified for Senate,NBC News,nbcnews.com,nbcnews.com,2026-08-23,https://www.nbcnews.com/meet-the-press/video/tim-scott-says-without-question-darline-graham-is-qualified-for-senate-268736581916,en,2026-08-23,
Chris Van Hollen says he’s ‘kicking the tires’ on 2028 presidential run,NBC News,nbcnews.com,nbcnews.com,2026-08-23,https://www.nbcnews.com/meet-the-press/video/chris-van-hollen-says-he-s-kicking-the-tires-on-2028-presidential-run-268737093700,en,2026-08-23,
Is President Trump changing the rules-based world order?,NPR,npr.org,npr.org,2026-08-23,https://www.npr.org/2026/08/23/nx-s1-5942343/is-president-trump-changing-the-rules-based-world-order,en,2026-08-23,
A visit to the remote Pacific island ecosystem losing protections,NPR,npr.org,npr.org,2026-08-23,https://www.npr.org/2026/08/23/nx-s1-5940802/http-npr-org-2026-08-23-nx-s1-5940802-a-visit-to-the-remote-pacific-island-ecosystem-losing-protections,en,2026-08-23,
"With North Korea's economy in a boom, President Trump says he will meet with Kim Jong Un",NPR,npr.org,npr.org,2026-08-23,https://www.npr.org/2026/08/23/nx-s1-5939440/with-north-koreas-economy-in-a-boom-president-trump-says-he-will-meet-with-kim-jong-un,en,2026-08-23,
Many Wyoming 'Freedom Caucus' representatives lose to more moderate Republicans in primaries,NPR,npr.org,npr.org,2026-08-23,https://www.npr.org/2026/08/23/nx-s1-5939514/many-wyoming-freedom-caucus-representatives-lose-to-more-moderate-republicans-in-primaries,en,2026-08-23,
"Week in politics: primaries results, Iran pressure, Korean relations flip",NPR,npr.org,npr.org,2026-08-23,https://www.npr.org/2026/08/23/nx-s1-5940819/week-in-politics-primaries-results-iran-pressure-korean-relations-flip,en,2026-08-23,
Trump nominates Cameron Hamilton to lead FEMA (again),NPR,npr.org,npr.org,2026-08-23,https://www.npr.org/2026/08/23/nx-s1-5939486/trump-nominates-cameron-hamilton-to-lead-fema-again,en,2026-08-23,
Thousands in northwest Indiana still without power nearly two weeks after storm,NPR,npr.org,npr.org,2026-08-23,https://www.npr.org/2026/08/23/nx-s1-5942292/thousands-in-northwest-indiana-still-without-power-nearly-two-weeks-after-storm,en,2026-08-23,
"Becerra, running for governor of California, faces a health insurance problem",NPR,npr.org,npr.org,2026-08-23,https://www.npr.org/2026/08/23/nx-s1-5941143/california-governor-xavier-becerra-health-insurance,en,2026-08-23,
"Body cam shows federal agent was 'unjustified' in Memphis shooting, attorney says",NPR,npr.org,npr.org,2026-08-23,https://www.npr.org/2026/08/23/nx-s1-5936573/memphis-task-force-shooting-video-jonah-neal,en,2026-08-23,
"American Kyle Kirkwood wins IndyCar’s Freedom 250 in Washington, D.C.",New York Times,nytimes.com,nytimes.com,2026-08-23,https://www.nytimes.com/athletic/7533879/2026/08/23/kyle-kirkwood-wins-indycar-freedom-250-washington-dc/,en,2026-08-23,
"President Trump does lap in ‘The Beast,’ waves green flag to start IndyCar D.C. race",New York Times,nytimes.com,nytimes.com,2026-08-23,https://www.nytimes.com/athletic/7533328/2026/08/23/president-trump-green-flag-the-beast-freedom-250-washington-dc/,en,2026-08-23,
‘Cult’-like college football akin to ‘living on a different planet’ for some students,New York Times,nytimes.com,nytimes.com,2026-08-23,https://www.nytimes.com/athletic/7530324/2026/08/23/college-football-fan-experience-students-international/,en,2026-08-23,
"Freedom 250 Grand Prix live updates: Latest on IndyCar race in Washington, D.C., with Kyle Kirkwood grabbing early lead",New York Times,nytimes.com,nytimes.com,2026-08-23,https://www.nytimes.com/athletic/live-blogs/indycar-freedom-250-live-updates-race-results-washington-dc/8dlqU6vpQZkR/,en,2026-08-23,
"Echoing Trump, Latin America’s Leaders Boost Allies Across Borders",New York Times,nytimes.com,nytimes.com,2026-08-23,https://www.nytimes.com/2026/08/23/world/americas/latin-america-leaders-trump.html,en,2026-08-23,
What Canadian Goods Will Take Trump’s 50% Tariffs? Some Pretty Strange Items.,New York Times,nytimes.com,nytimes.com,2026-08-23,https://www.nytimes.com/2026/08/23/world/canada/canadian-goods-trump-tariffs-items-list.html,en,2026-08-23,
"Iran Warns Gulf States Against Joining Trump’s Economic War, or Else",New York Times,nytimes.com,nytimes.com,2026-08-23,https://www.nytimes.com/2026/08/23/world/europe/iran-economy-war-united-states.html,en,2026-08-23,
Trump’s Summer of Fun Ends With IndyCar Race on Streets of D.C.,New York Times,nytimes.com,nytimes.com,2026-08-23,https://www.nytimes.com/2026/08/23/us/politics/trump-indycar-race-dc-america-250.html,en,2026-08-23,
Trump’s Economic Approach Draws Concern From Some Republicans,New York Times,nytimes.com,nytimes.com,2026-08-23,https://www.nytimes.com/2026/08/23/us/politics/trump-republicans-economy-midterms.html,en,2026-08-23,
‘The writing on the wall’: Trump’s staff departs ahead of possible turmoil,Politico,politico.com,politico.com,2026-08-23,https://news.google.com/rss/articles/CBMivAFBVV95cUxNa3FGNUJfOHFrZGdlQm9YMDd6dmM5aEVyT3YwNzV1Ri1pUXcxX3djWXd1Y1RUYW1uZkhfOVUwblFWUVh6NEJFZm5TOVFsMjcza1NkLXNPcjFpS0ZHdU04NFUzaU8xQ0F3MGJEaFhyQ0dyRzlrWFlYbGt2QUJXZWN0SmdhV1RkRllZY2JRdEhTODZaYnlLWVV0bkJzeEhSa3c5WlN2VF9LbEktSUd5TE5ndU9KU0RScS00STZ2ZQ?oc=5,en,2026-08-23,
Trump’s ICE pick is stuck in the Senate — and DHS officials are relieved,Politico,politico.com,politico.com,2026-08-23,https://news.google.com/rss/articles/CBMifkFVX3lxTFBGSUpuUFM5U2dicTFtb01KRFY3eU1hRE80VFV4c0VCTld6TEd5b2tKN2xQOUg4MkdfdEJ0cjBBYkpvRkNLQjNDYVJrNExsOHFVVUFFYXc2ckRzWFVULVM1Nm0xY1JtM0gxNXNGeWpqS3hjMVhReVRtRDZpMTU1QQ?oc=5,en,2026-08-23,
"Hit by Trump tariffs, Quebec loses appetite for quick separation from Canada",Reuters,reuters.com,reuters.com,2026-08-23,https://news.google.com/rss/articles/CBMiuAFBVV95cUxPTHJKQkxBdVZTZUdMeW9KTWFkbFYtOUMtUTVwalc5UF9xb1FqalVlLVlfVlJPQnRMMG5WVUIyMkhsNW9rRThJemxTYUNIdU5wRXlfVWVwcHg3Ti1WLXhZUm5fbWFvdHBKTHJHUTlySTdQd2VMbHpyVkZzdDVXaFJneGNpeV9LLWxQN3AwOEktS3h0TFRrNzlQQ0ZyUHRrUDRwTTBPREkzOThuOG5WOXRiSENOWkN0cVp1?oc=5,en,2026-08-23,
Trump caps summer of US 250th birthday at IndyCar race through Washington,Reuters,reuters.com,reuters.com,2026-08-23,https://news.google.com/rss/articles/CBMitAFBVV95cUxQSGxpQXR6TFM3a211MXJac09OMXk5cEVWb2ZjZlYtWHZTWG1pQkhMM2V3Qlh3bzJsMW42aTRXaDEwMUNMLUlVb2JQWkVZZUkxbXFVRkprQUxBQTNSbmdTbnlMdk16UnN2NEJVSnRSclFFUzBIbGg2V3h2SzRiYXFMY2Q0aXYyVE1id0tXRFhlaGJrTkFUMkQyYmJwQU9Lc24teHRmY1Q4Yi00T3A2VkNyMnZWTEw?oc=5,en,2026-08-23,
Melania Trump reveals childhood passion for cars in Slovenia,USA Today,usatoday.com,usatoday.com,2026-08-23,https://www.usatoday.com/story/news/usa250/2026/08/23/melania-trump-cars-slovenia-childhood-racing/91434315007/,en,2026-08-23,
Tim Scott calls Darline Graham 'real deal' ahead of runoff,USA Today,usatoday.com,usatoday.com,2026-08-23,https://www.usatoday.com/story/news/politics/2026/08/23/tim-scott-darline-graham-real-deal-runoff/91433144007/,en,2026-08-23,
What are Freedom 250 and America250?,USA Today,usatoday.com,usatoday.com,2026-08-23,https://www.usatoday.com/story/news/nation/2026/08/23/what-are-freedom-250-america250/91432415007/,en,2026-08-23,
Trump takes a lap in 'the Beast' at Freedom 250 Grand Prix race,USA Today,usatoday.com,usatoday.com,2026-08-23,https://www.usatoday.com/story/news/usa250/2026/08/23/trump-lap-beast-freedom-250-grand-prix-race/91431085007/,en,2026-08-23,
Dr. Oz disagrees with Trump on 'lethal' MMR vaccine comments,USA Today,usatoday.com,usatoday.com,2026-08-23,https://www.usatoday.com/story/news/politics/2026/08/23/dr-oz-trump-lethal-mmr-vaccine/91432750007/,en,2026-08-23,
Trump plans to lower beef prices by ... using communism?,USA Today,usatoday.com,usatoday.com,2026-08-23,https://www.usatoday.com/story/opinion/columnist/2026/08/23/trump-ground-beef-tariff-waiver-cattle-ranchers/91386869007/,en,2026-08-23,
"Trump urges criminal, immigration action that DOJ struggles to fulfill",USA Today,usatoday.com,usatoday.com,2026-08-23,https://www.usatoday.com/story/news/politics/2026/08/23/trump-justice-judges-violations-mistakes-misrepresentations/91384400007/,en,2026-08-23,
Trump prefers Australia's retirement plan. Could it replace the 401(k)?,USA Today,usatoday.com,usatoday.com,2026-08-23,https://www.usatoday.com/story/money/personal-finance/2026/08/23/trump-embraces-australia-retirement-system-social-security-401k/91385340007/,en,2026-08-23,
I hoped Trump would help fix national debt. He made it worse,USA Today,usatoday.com,usatoday.com,2026-08-23,https://www.usatoday.com/story/opinion/columnist/2026/08/23/trump-biden-add-national-debt/91384880007/,en,2026-08-23,
"Freedom 250 Washington race today: Live updates, highlights",USA Today,usatoday.com,usatoday.com,2026-08-23,https://www.usatoday.com/story/sports/motor/indycar/2026/08/23/freedom-250-grand-prix-lineup-leaderboard-highlights-time-tv/91394594007/,en,2026-08-23,
Trump should investigate EU over discriminatory tech fines,USA Today,usatoday.com,usatoday.com,2026-08-23,https://www.usatoday.com/story/opinion/2026/08/23/google-fined-eu-trump-section-301-investigation-taxes/91369796007/,en,2026-08-23,
DC race live updates: What time is the IndyCar Freedom 250 Grand Prix?,USA Today,usatoday.com,usatoday.com,2026-08-23,https://www.usatoday.com/story/news/usa250/2026/08/23/trump-dc-grand-prix-race-updates--live/91393835007/,en,2026-08-23,
"Secret White House bunker undercuts Trump’s ballroom lawsuit, ex-officials say",Washington Post,washingtonpost.com,washingtonpost.com,2026-08-23,https://www.washingtonpost.com/politics/2026/08/23/secret-white-house-bunker-undercuts-trumps-ballroom-lawsuit-ex-officials-say/,en,2026-08-23,
Trump’s visa ban on 75 countries struck down by federal judge,Washington Post,washingtonpost.com,washingtonpost.com,2026-08-23,https://www.washingtonpost.com/politics/2026/08/22/visa-processing-ban-75-countries-struck-down-by-federal-judge/,en,2026-08-23,
U.S.-Canada breakdown shows limits of Trump’s aggressive trade strategy,Washington Post,washingtonpost.com,washingtonpost.com,2026-08-23,https://www.washingtonpost.com/business/2026/08/23/us-canada-breakdown-shows-limits-trumps-aggressive-trade-strategy/,en,2026-08-23,
Doctors say Trump’s weight poses a significant health risk,Washington Post,washingtonpost.com,washingtonpost.com,2026-08-23,https://news.google.com/rss/articles/CBMiqgFBVV95cUxONUU2OU01ck9GdWJYRXU5Q2g4NGJDZm1EOHZsVExwMFB6YTlOTGlYblo5Und4RWJDMll4TVdjOENaX1lFNzZpS2ZMODVDbDdWa3U0RnJwZ0lYU2Z3X2w3MlFOMEN0amdycGdpQnNpZXp6bkNBZ3dRQldCSlB5aVNEazlOTGNMVGVnbzZsY21adGNDdTdaYmxSLUZRQ0h0aDBQZnpxdGU1Z0dwUQ?oc=5,en,2026-08-23,
Trump mocked people for being ‘fat.’ Now his own weight becomes doctors’ concern.,Washington Post,washingtonpost.com,washingtonpost.com,2026-08-23,https://news.google.com/rss/articles/CBMijgJBVV95cUxQM3pUR2tVRlYyWWxQWkNuVFh5aEI3YTFBN0xfTURVZEl3RC16dS1PMXVRZy00MURiWmVGSVpfa3dtYkFidkhFcEt4Y0JRemZFYTd4ZkIyN1otMzYyNUpybzR2dGNXdE5iOGVidnpMaUVNQ3hWN01tcFhuWDJCRnVMc1ZveERjaFkzSVd6V0dBSG9Xd0xZdHZxdDR4QVVpM1ZGRTM2T202SEhGSW9DbkpnakRpbjQtYVJuMEVleHZjdUtxTWVNZDg1U3FEbFdMcGJlaEdVSlJaTG1SVzBrRm5QdzY1ODZEVklJLTdMSlJ4T1pBR0oxNkt3dDJ1ZS1xZXo4Z3V0bmw4N1c3eUtHdXc?oc=5,en,2026-08-23,
Trump’s new tariffs on Canada will hit everything from whisky to hockey sticks,Washington Post,washingtonpost.com,washingtonpost.com,2026-08-23,https://news.google.com/rss/articles/CBMiugFBVV95cUxNT3lUZ096Z2tWTngyVG5uQ212c0dzZzRKS01wdGJKTFRMYm5nT2hSRjIxcWsxUGlOUTdoNDFpclB6WG1EdTlublJCb256Q2pPdWdwZ3JNV001RHd0VlZOMF9vX2FoRjQxT2Z2WWdZZFpUaTQ0UjAtTGVSYWpfd3RlMUtIOGFlMk9qcGgzTTh6QkoyTGNiR3ItTlJwOW15ZFdCa3NkSl81UTc1UFkxZEdVUDI4ZzZZY0p1YUE?oc=5,en,2026-08-23,
How a dogged D.C. journalist became Trump’s investigative reporter in the White House,Washington Post,washingtonpost.com,washingtonpost.com,2026-08-23,https://news.google.com/rss/articles/CBMirAFBVV95cUxNc2d3SFQxUF9DekVNSkFHSXJLZXBqTUJwQ1dOWTJ3aEZmTXJYNHl0Tk4yUGlxN0ozMmVaT09UNzRIcVA1d2QtZnhnY1dadXVOekVuNk9GNl8zdTZjSDFzX044Rlp5czUxR2JqVjFWNHJBUFdmQl9MVTc2V3JWQWpsY3B1bzN2cjdjTzRfNl9RVmNSdm4xaE5LcW5RaVd2VFBlSndwWTgxQkdHOHlZ?oc=5,en,2026-08-23,
Trump will kick off the IndyCar race in the Beast before cars zoom through Washington's streets,Washington Post,washingtonpost.com,washingtonpost.com,2026-08-23,https://news.google.com/rss/articles/CBMiwgFBVV95cUxQcVpMaXJsR3dPQ3lwLTBBay1LTUVYcUhQUTk2NWM2QnNmbTdMbjZmZEFxNGY2ajBIamNUY3YtX2FSMV85VmE2NWVTaW1JRy1ZcE1ZQTNOd3l0S3NJTWJvazNVc0t2Rk9PM1IzclVvbW9MNXlBd29WYjQ1RkdERVdYMEluQ0tQSXBMRWo3TlpxZ1h0bzhyVzJ6bFRvVDFGdWlUN25qUDZkblVLNlR1NFpKZF9GTXVVaDdjOHRxZFlPcV91QQ?oc=5,en,2026-08-23,
'Bully': Feud erupts between Trump and Ontario's Doug Ford over US-Canada trade war,ABC News,abcnews.go.com,abcnews.go.com,2026-08-24,https://abcnews.com/Politics/bully-feud-erupts-trump-ontarios-doug-ford-us/story?id=135920499,en,2026-08-24,
Trump admin touts efforts to shut down Education Department as school year begins,ABC News,abcnews.go.com,abcnews.go.com,2026-08-24,https://abcnews.com/Politics/trump-administration-tout-efforts-shut-education-department-school/story?id=135903951,en,2026-08-24,
Trump is heading to his golf course in Ireland to watch the Irish Open golf tournament next month,ABC News,abcnews.go.com,abcnews.go.com,2026-08-24,https://abcnews.com/Politics/wireStory/trump-heading-golf-ireland-watch-irish-open-golf-135891922,en,2026-08-24,
Supreme Court allows Trump to implement parts of his mail-in voting executive order,ABC News,abcnews.go.com,abcnews.go.com,2026-08-24,https://news.google.com/rss/articles/CBMigAFBVV95cUxQLUpWVmxZNkVNNGxlamhNRjkteVhjUVJNMXhDQ3Vyc3V3UkdTVEcyeUM0ZnEzTUlJQXRYMUZsNkZ5LTN5Q0VzWDFrVmVFSVlpOFBSaEpwa19qd0Q4SExzankxMEpIQjMxT2k5R0Z3emE0cDFCNng3V3lwVjBQUDg1NNIBhgFBVV95cUxOWGtmd1BpZ1U2QlJOeTZIcXhKMTVTOVFEZDJKcDJPS1NzX2NsOG1RT2w2TkpUMDkwTWY1QzlZcGt4LVlmNV9NZlFVUG04S0Y1U2hUSUdFSk5sUlFId1VsZzlnd1JvOGlWQnY2LThiN1J6cjZDSjdSWHd3elNWS3FpYWJqMXFnUQ?oc=5,en,2026-08-24,
"Some Republican lawmakers skewer Trump's beef imports, slam Canada trade war",ABC News,abcnews.go.com,abcnews.go.com,2026-08-24,https://news.google.com/rss/articles/CBMiqwFBVV95cUxOeUYyS05relNIU1VLMUdYajFkcHROQTh3Q3hudTF6S0VNeDJ6bGpqRWxlckpPYmRVUXQtVC1GaEdUOWItZk9XY0ZkbFQyZm9LbklPaXh0U2hYb0xCa3hVNFYtbE5jYUIwX3M1dEpEd2ZVYllIekw3eGFrR3Z5ZnZGOU1zV3FLS09IbC11YUdjUG15UXhobkR6Nm12c19tMjd2aHF3WXpMVXBReGvSAbABQVVfeXFMUDRCRU5IcDVoTU9UMm1sTmNwZnd1cTdYQ2I3V1hiLW1pUDZTUDY1djFpU1ExeHF3TjlGMUVlMlhTRjdQXzhQU25HcUpDN0VEdHRYblQxZ042OTVpaWV6UkVXT2tWaDh3QWRPZDRLZTN1Wk9oOGdyRURRN1ZVOHg2cld4X003TC1ZZnlROVNEeU1NbkZUZjNyZzNBNUppZUd6bi1MUUI0STlfVVltUVpUMWk?oc=5,en,2026-08-24,
"From honey to hockey sticks, Trump's trade war with Canada hikes tariffs on a long list of goods",ABC News,abcnews.go.com,abcnews.go.com,2026-08-24,https://news.google.com/rss/articles/CBMinwFBVV95cUxOenZnR0RHR1BHSGszUkp4STVNT0hMUndDN0FRcm9nQWVrLXpxYVdyc0c3QnFhZS00bXlweGRXeTM3WjB4d2phVWw1aG0yeXU4OUJzUnVQUk15NkFrekljYS1yRFFDSEloSlY4MFZYS0NqN2cyLU01eU1DTjBhUWZWbmRva2Q0SmU0UW84U1k3bTZXMDNNQVFSZC1WRk4xV2vSAaQBQVVfeXFMTjhSYUFvSWU5X3hyeWhUSDF6N3EtbzVpU1ZfLTJhUm1weU9TVGxrc0VQYkZoRElRdy1iSFg4NTJQbE1xR3lCbWx1REZ0blp1TGE3S0drenhHcEx3czhOa3hwSzJHT0xTMzI1cWRCY1daYmVBTU45bGNLM0lrZ0JoOEwzTG91bUtTeEdhaG9ZZ1NsNmdmQ1lpd29acmstZ1ZjVHlkR3c?oc=5,en,2026-08-24,
"Video Trump threatens to impose 50% levies on Canadian cars, steel",ABC News,abcnews.go.com,abcnews.go.com,2026-08-24,https://news.google.com/rss/articles/CBMiTEFVX3lxTE8xbFNJV2ZQLWRiaTZKRnFlem1HVnQ2OFRXU0lZZnVxT0dadXM4ekRmRExTZWU1R0VGWC03MUp3RjM5OGZ3SzV2Mndxb0s?oc=5,en,2026-08-24,
What to know about Trump's tariffs on Canadian goods and rising tensions between once close allies,ABC News,abcnews.go.com,abcnews.go.com,2026-08-24,https://news.google.com/rss/articles/CBMiqwFBVV95cUxOeXFzX2YyN2p4S1BHTDlwYzNUNVcwREFoMmhCSG5LTThxM2c3UWFLUERkSVZJMU0zMGlHcW1ZbENqLWV2ellXRTZWWnBUa2czYTNJQkZnYk9taU5BZGYzeU5kS2Z5WE91MW1mdl9FbENTaTMxZzBySTVXYnIzSUk2X0VuU3hDYkxMb3hOYWVCckFwSkNsMEh6cHZqdF93cVdwVjJlX3NoNVVLbXc?oc=5,en,2026-08-24,
Video Will Trump's lift on tariffs for imported beef hurt American ranchers?,ABC News,abcnews.go.com,abcnews.go.com,2026-08-24,https://news.google.com/rss/articles/CBMiTEFVX3lxTE5PNE4yNno5dFZlUl93bTRaU2FZOGdNdVdnV2VIa08xeXFNakVURmJBdmEzaklPd09uWjZwUW5BOEg4cGptS3RiRWRjT1Q?oc=5,en,2026-08-24,
Video Trump says he'll impose new 50% tariffs on Canadian cars and steel in January,ABC News,abcnews.go.com,abcnews.go.com,2026-08-24,https://news.google.com/rss/articles/CBMiTEFVX3lxTE5CT3hvMmNQalkxQkhrZnl0Y0xZd0g5d1l3bjVIWVdYeXJZM2FnS19sN0E5TmU5Zk85ajRtX2hCaVM5dmhDeEF3Nkl6QWw?oc=5,en,2026-08-24,
"Trump says he'll impose new tariffs on Canada in January, escalating trade war",ABC News,abcnews.go.com,abcnews.go.com,2026-08-24,https://news.google.com/rss/articles/CBMiqwFBVV95cUxOdmhybnJpMWVNUzFuSWROUDVTTTZEUHJWX1pzbEJKZjEzTTUzbkRBQUVFWV9Bb1RNWE1NOTNmZlNINDk5cE40ZjEzMlI2MTZncFlsckpLODgyd2Z0ME5lSF9tb1FwTkNvRkhEbEo5aTk3QWpwcHV2M2I0MG9sNXZwMm45eVYtZDYyYnEtQ0x0Qi1ua0RtdjQ0RVlEeHg0WGFMTUJjcDY3MEJXNGvSAasBQVVfeXFMTnZocm5yaTFlTVMxbklkTlA1U002RFByVl9ac2xCSmYxM001M25EQUFFRVlfQW9UTVhNTTkzZmZTSDQ5OXBONGYxMzJSNjE2Z3BZbHJKSzg4MndmdDBOZUhfbW9RcE5Db0ZIRGxKOWk5N0FqcHB1djNiNDBvbDV2cDJuOXlWLWQ2MmJxLUNMdEItbmtEbXY0NEVZRHh4NFhhTE1CY3A2NzBCVzRr?oc=5,en,2026-08-24,
Trump administration to tout efforts to shut down Education Department as school year begins,ABC News,abcnews.go.com,abcnews.go.com,2026-08-24,https://news.google.com/rss/articles/CBMiugFBVV95cUxOYV9XeERLVF9fN0RaRXNhdHNEWG1zVkMwM2VubklJbUFrQjdwREtTMWI2UGFVd3lyNTFDZVpPMG5jcUtGUlhpcVprU29reXdScG9lUjAtaTlHNnUwRTdSN3I3UWJ6M0VzT3FxUURJclZtVlE1U3hzTFJmVThjMXc5ZUtVUjlJREh0M2FOS3kxYnJqQ25ieEZrZE1LNnprZm5NMnlUaWRHRWFFUGd4VHBOcTAyaExUbC1qdkHSAboBQVVfeXFMTmFfV3hES1RfXzdEWkVzYXRzRFhtc1ZDMDNlbm5JSW1Ba0I3cERLUzFiNlBhVXd5cjUxQ2VaTzBuY3FLRlJYaXFaa1Nva3l3UnBvZVIwLWk5RzZ1MEU3UjdyN1FiejNFc09xcVFESXJWbVZRNVN4c0xSZlU4YzF3OWVLVVI5SURIdDNhTkt5MWJyakNuYnhGa2RNSzZ6a2ZuTTJ5VGlkR0VhRVBneFRwTnEwMmhMVGwtanZB?oc=5,en,2026-08-24,
Video Trump doesn't want a militarily escalation with Iran: Analyst,ABC News,abcnews.go.com,abcnews.go.com,2026-08-24,https://news.google.com/rss/articles/CBMiTEFVX3lxTE1CSHU0T1pqOVowejdFUk1mYnMtS1RsQUJ2XzZXNG5CTmpvNWxCVUh4MUpsR1RpS01OdGZQc1Bhd2xGSXFqdVJJQy0yOGo?oc=5,en,2026-08-24,
Video Canadian PM Carney vows to retaliate as Trump's 50% tariffs on Canada take effect,ABC News,abcnews.go.com,abcnews.go.com,2026-08-24,https://news.google.com/rss/articles/CBMiTEFVX3lxTE5tM3FkcnZ4T041enoxb0ZkNlllenBrNnpKaUM5MU5LU0NDOFZ2M183Qk9IbmxHTVotY0JBTzEzWWF3bkg3MXE3V2RENU0?oc=5,en,2026-08-24,
An Elbow in the Face May Get America’s Attention,Bloomberg,bloomberg.com,bloomberg.com,2026-08-24,https://www.bloomberg.com/opinion/newsletters/2026-08-24/canada-trade-war-an-elbow-in-the-face-may-get-us-attention,en,2026-08-24,
Supreme Court Sides With Trump for Now on Mail Ballot Curbs,Bloomberg,bloomberg.com,bloomberg.com,2026-08-24,https://www.bloomberg.com/news/articles/2026-08-24/supreme-court-sides-with-trump-for-now-on-his-mail-ballot-curbs,en,2026-08-24,
Burnham Plans US Trip Next Month to Lobby Trump on Ukraine Needs,Bloomberg,bloomberg.com,bloomberg.com,2026-08-24,https://news.google.com/rss/articles/CBMitgFBVV95cUxQLU9vYnBVMUxnbU5wRFY5VDJRMFZGbEVEWDNaU1NWUmVkWExYTGpUVFRkNldvWFVZZkpVZkYyTzFoYlA3TVBzX1NaajZzMlNNUkszZGtxcXhQQjdyU244SXZNaU9KZTdYNXByb0FpSkZBQmRFMVRSeWZQazJIOE9kUTlHdmJOc2xKQWw0d2k0eklvU21ETUlIVDJfWHZCanM3ckRaMUx4UmEtVlFVZExZSVVLbEtmZw?oc=5,en,2026-08-24,
"‘Flunky,’ ‘Loser’: Trump Trades Wild Insults With Canada’s Ford",Bloomberg,bloomberg.com,bloomberg.com,2026-08-24,https://news.google.com/rss/articles/CBMirgFBVV95cUxQLUFVZVZmRFVPOU9nTV9hakFsWDNPb2FmLXRVOHlic29rcWVrZUhpWU1zV3h4aDdQODlKZGxDVzVPRHVjT1R0aFZEQWl6RThHQjhsS1hxbWh6ZUNIU0tTV3JyQjFDcUlWUkV3Tkw0UkhyUFc5MUFFbVVBN2UwVDFrdlp5ZjdNNXAxZDdkVUdwTFBDUEFJMGFnOFA4YU04YnBsSXB1d2V2Z0FzcjBsR1E?oc=5,en,2026-08-24,
"Trump Devises New $100,000 H-1B Visa Fee After Court Defeat",Bloomberg,bloomberg.com,bloomberg.com,2026-08-24,https://news.google.com/rss/articles/CBMisgFBVV95cUxPRHVFTGp3cHNIU1gyR0JfbGJxWWNUUXRXQ210VmZZLS1kQ2lqeVpMa1JlLTM5d1A3WWxuYjZBN2ZxcnAtYzA2WGY3eEt1WVpoT2pxZURzM0VrbW9LY3NpR1Q5RVlwUGpfVmtzSmRBdkI1RlR4SXJfMXhnLXdYOWwyOGtOM2lJQkF5SDZUUW1Qbl9yOHoyNUZFckZRSVp4N01TQkJjTGtUSlM5Z2dDMGxaclJR?oc=5,en,2026-08-24,
US Eyes China Overcapacity Tariffs of 7.5% Before Xi-Trump Talks,Bloomberg,bloomberg.com,bloomberg.com,2026-08-24,https://news.google.com/rss/articles/CBMitAFBVV95cUxOY1cySzg1bmVQS2h5QnlFSllIV3VwWWNnQzRTVURxSjlhNnlRd3lvTmtOcE83dWs4UVQ3S05sUVZiR1h1dENiWU9hWnZXeVh4SjRDbzFTX1lrUVRROTNIUTdXNGJlcFVqbGs4Q3RCRUFaWHpSNkxreTZkYnNCYWIxbEg3V19WdURwamwxaU83TllhdWQ5X0lRQ1VXd1MwUzB1WVUyTmNaU2xzbzlxZVNDTndlWEk?oc=5,en,2026-08-24,
"Trump Vows to Double Canadian Auto Tariffs, Escalating Fight",Bloomberg,bloomberg.com,bloomberg.com,2026-08-24,https://news.google.com/rss/articles/CBMitAFBVV95cUxPU1JGVVVpMmhhajM5X0w2MG5ld0RJbzZxR1l1Rm9admRBNHRSUndMb3dkdzd3VTdCenR5QnRFdHR4Smo0M2x0bkxtN3RrVXJzYVlIelBaM0FCSVoxVGZKUXNZWHg5Q1JNUURpc1FmOFRvemVyYlRnWlJidUxoWFI4ZnFUYmZfMGJpOVpjTnFobFpGUDJmWFlfQ251b05kMnNtX0d2MVV4NEdubzAweTJOU181a3c?oc=5,en,2026-08-24,
German Finance Chief Says Trump Is to Blame for Surging Yields,Bloomberg,bloomberg.com,bloomberg.com,2026-08-24,https://news.google.com/rss/articles/CBMiswFBVV95cUxQejBoTW9nc3FLX1Q0VHdPcGRWNklDZjd1dmtvaHZXaHdKTW9IMEExdlJOaGNlVWhlSFdUVXpmc3cxZmc5dElHazd6U01POTdHU3RGSzNTeGNHR0FyQXB2UXl5SDJyQWNzaTR6ZEJSWjJhSlNwaUNjdUdkRWVPdDRmWmFrWWlPOGo5VjBtVTlYVkN6YTk2bkdWM1VTdk1sZWVvclVQdk5ibUJDYkxpWmhzdGJrbw?oc=5,en,2026-08-24,
Trump Fails to Loosen China’s Economic Grip on Latin America,Bloomberg,bloomberg.com,bloomberg.com,2026-08-24,https://news.google.com/rss/articles/CBMitAFBVV95cUxNSFhncWxFQ0dWRTdBZDRVNGxHQ2dWMXRvUGtucG0xaDJBRWNHTllsUUx3QkFPRmJXeUo4cHJXTS1ILWlDTU5IcGc5UWdmanV4S2V3SlBBeWFOZWZNOGw1SFVzRDhJYi1idGtWRExFWmJMTGpCdGRrUG1rby1nUzVPalJaQlpJdDFMQUFMLU1yQThBWktURjlIZ1JxelNMbjJlZVR1SHFjTFVBXzNiMG5RZ096UW0?oc=5,en,2026-08-24,
Can Democrats Make Enough Voters Care About Trump’s Grift?,Bloomberg,bloomberg.com,bloomberg.com,2026-08-24,https://news.google.com/rss/articles/CBMipwFBVV95cUxQQ0VCUm5rUkV5QjVNNFNKSDhqQlVVM3N4U1VoTk12NHMzUmhjb0RxdkRuNFRobnYxVmJUanZGU2ZKWVZuOExqckZwdmhVRnR5ZWt2NGJ1LVVDSXJXc1gxWXJCdUFNQnlKNFBXZm1pdXI2TXYtaDAxcVB1QTAtaVJkX1dRdDdXTzY2MVJYNmNEclJJbENxWGlHcl91aURucVQyQ1VlSTdPbw?oc=5,en,2026-08-24,
Trump’s ‘War on Fraud’ Is Letting the Ultra-Wealthy Off Easy,Bloomberg,bloomberg.com,bloomberg.com,2026-08-24,https://news.google.com/rss/articles/CBMitwFBVV95cUxOTEN1MDFWOE91Vk1Ed1Q3TnF3Wi13TjJRWHBTQWdoa1ZoLWhLdkVYWWZqNUNyaUYwcVZ4TUFpT0xjOUNMVUQ5c3g0SnFzbm55bWM1TXc0dmZIeDYyNWd4ZDFwTmx4RGVWMzdKOXFSQi1CQ3ZtYmUwdjRmTEc3dnZTaVJ2a0RHV0pKeS1ZVGJpb3YyRkhoaUhGNVROYWgtUE42dEFkX0Z4RTh4SGNLYXZ1REI0bElqb0k?oc=5,en,2026-08-24,
"Live Updates: Iran says it's ready for new sanctions U.S. describes as ""economic D-Day""",CBS News,cbsnews.com,cbsnews.com,2026-08-24,https://www.cbsnews.com/miami/live-updates/iran-war-us-trump-sanctions-strait-of-hormuz/,en,2026-08-24,
Why Trump's Canada tariffs are likely to have a modest impact on U.S. prices,CBS News,cbsnews.com,cbsnews.com,2026-08-24,https://www.cbsnews.com/miami/news/trump-canada-tariffs-goods-us-price-impact/,en,2026-08-24,
"U.S. unveils new Iran sanctions after Trump threatened ""economic D-Day""",CBS News,cbsnews.com,cbsnews.com,2026-08-24,https://www.cbsnews.com/pittsburgh/video/u-s-unveils-new-iran-sanctions-after-trump-threatened-economic-d-day/,en,2026-08-24,
"Trump says Iran is ""collapsing"" before U.S. unveils new sanctions",CBS News,cbsnews.com,cbsnews.com,2026-08-24,https://www.cbsnews.com/pittsburgh/video/trump-says-iran-is-collapsing-before-u-s-unveils-new-sanctions/,en,2026-08-24,
Trump announces 50% tariffs on Canadian auto and steel imports starting in 2027,CBS News,cbsnews.com,cbsnews.com,2026-08-24,https://www.cbsnews.com/video/trump-announces-50-tariffs-on-canadian-auto-and-steel-imports-starting-in-2027/,en,2026-08-24,
"Trade war of words intensifies between U.S., Canada",CBS News,cbsnews.com,cbsnews.com,2026-08-24,https://www.cbsnews.com/video/trade-war-words-intensifies-between-us-canada/,en,2026-08-24,
8/24: The Takeout with Major Garrett,CBS News,cbsnews.com,cbsnews.com,2026-08-24,https://www.cbsnews.com/video/082426-the-takeout-with-major-garrett/,en,2026-08-24,
"Former Stars and Stripes editor says firing was ""real shock,"" hopes paper ""can remain independent""",CBS News,cbsnews.com,cbsnews.com,2026-08-24,https://www.cbsnews.com/news/former-stars-and-stripes-editor-erik-slavin-pentagon-firing/,en,2026-08-24,
Trump administration launches worldwide economic war against IRan,CBS News,cbsnews.com,cbsnews.com,2026-08-24,https://www.cbsnews.com/newyork/video/trump-administration-launches-worldwide-economic-war-against-iran/,en,2026-08-24,
Byron Donalds speaks on his affordability plan for the state of Florida,CBS News,cbsnews.com,cbsnews.com,2026-08-24,https://www.cbsnews.com/miami/video/byron-donalds-speaks-on-his-affordability-plan/,en,2026-08-24,
Supreme Court allows Trump to implement key parts of order restricting mail voting ahead of midterms,CBS News,cbsnews.com,cbsnews.com,2026-08-24,https://www.cbsnews.com/news/supreme-court-trump-mail-voting-order-usps-dhs/,en,2026-08-24,
"Trump admin escalates economic pressure on Iran, Canada",CBS News,cbsnews.com,cbsnews.com,2026-08-24,https://www.cbsnews.com/texas/video/trump-admin-escalates-economic-pressure-on-iran-canada/,en,2026-08-24,
RFK Jr. introduces new guidelines for school lunches,CBS News,cbsnews.com,cbsnews.com,2026-08-24,https://www.cbsnews.com/texas/video/rfk-jr-introduces-new-guidelines-for-school-lunches/,en,2026-08-24,
Georgia voters to choose between Everton Blair and Marcye Scott in District 13 special runoff Tuesday,CBS News,cbsnews.com,cbsnews.com,2026-08-24,https://www.cbsnews.com/atlanta/news/ap-decision-notes-what-to-expect-in-georgias-special-congressional-runoff/,en,2026-08-24,
"Florida cattle ranchers push back on Trump's plan to import 300,000 tons of tariff-free beef",CBS News,cbsnews.com,cbsnews.com,2026-08-24,https://www.cbsnews.com/miami/news/florida-cattle-ranchers-trump-beef-import/,en,2026-08-24,
Dem Bohannan lost her Iowa district by 799 votes in 2024. Now she's targeting rural counties she lost before.,CBS News,cbsnews.com,cbsnews.com,2026-08-24,https://www.cbsnews.com/minnesota/news/christina-bohannan-iowa-congress-rural-ground-game-2026/,en,2026-08-24,
Trump administration to lay out economic sanctions that work with Iran,CBS News,cbsnews.com,cbsnews.com,2026-08-24,https://www.cbsnews.com/newyork/video/trump-administration-to-lay-out-economic-sanctions-that-work-with-iran/,en,2026-08-24,
"Iran War Updates: U.S. unveils new sanctions after Trump threatened ""economic D-Day""",CBS News,cbsnews.com,cbsnews.com,2026-08-24,https://www.cbsnews.com/newyork/live-updates/iran-war-us-trump-sanctions-strait-of-hormuz/,en,2026-08-24,
Trump threatens new 50% tariffs on Canadian auto and steel imports,CBS News,cbsnews.com,cbsnews.com,2026-08-24,https://www.cbsnews.com/chicago/video/trump-threatens-new-50-tariffs-on-canadian-auto-and-steel-imports/,en,2026-08-24,
Trump tries to fight Iran war with sanctions,CBS News,cbsnews.com,cbsnews.com,2026-08-24,https://www.cbsnews.com/video/trump-tries-to-fight-iran-war-with-sanctions/,en,2026-08-24,
Trump targets Canada and Iran with economic pressure,CBS News,cbsnews.com,cbsnews.com,2026-08-24,https://www.cbsnews.com/video/trump-targets-canada-and-iran-with-economic-pressure/,en,2026-08-24,
"Washington Post ordered to reinstate Karen Attiah, opinion writer who was fired after posts about Charlie Kirk killing",CBS News,cbsnews.com,cbsnews.com,2026-08-24,https://www.cbsnews.com/news/washington-post-reinstate-karen-attiah-columnist-fired-charlie-kirk-posts/,en,2026-08-24,
"Trump administration's ICE detains Navy sailor's dad, sends Latino migrants to Africa",CBS News,cbsnews.com,cbsnews.com,2026-08-24,https://www.cbsnews.com/video/trump-administrations-ice-detains-navy-sailors-dad-sends-latino-migrants-to-africa/,en,2026-08-24,
"Ted Cruz says Texas Senate race will be a ""$200 million"" fight",CBS News,cbsnews.com,cbsnews.com,2026-08-24,https://www.cbsnews.com/news/ted-cruz-interview-texas-senate-race-ken-paxton-james-talarico/,en,2026-08-24,
How Trump's economic offensives against Iran and Canada will impact American wallets,CBS News,cbsnews.com,cbsnews.com,2026-08-24,https://www.cbsnews.com/video/how-trumps-economic-offensives-against-iran-and-canada-will-impact-american-wallets/,en,2026-08-24,
"Bessent announces campaign to create ""economic onslaught"" against Iran and its partners",CBS News,cbsnews.com,cbsnews.com,2026-08-24,https://www.cbsnews.com/news/bessent-press-conference-iran-sanctions-economic-d-day/,en,2026-08-24,
"Florida tourism declines again amid lingering inflation, President Trump's rhetoric",CBS News,cbsnews.com,cbsnews.com,2026-08-24,https://www.cbsnews.com/miami/news/florida-tourism-numbers-decline-again-auguat-2026/,en,2026-08-24,
Trump puts autistic kids in the spotlight and cuts agencies built to protect them,CBS News,cbsnews.com,cbsnews.com,2026-08-24,https://www.cbsnews.com/miami/news/autism-trump-education-department-civil-rights/,en,2026-08-24,
"Iran War Updates: U.S. to unveil new sanctions Trump said would hit Iran with an ""economic D-Day""",CBS News,cbsnews.com,cbsnews.com,2026-08-24,https://www.cbsnews.com/texas/live-updates/iran-war-us-trump-sanctions-strait-of-hormuz/,en,2026-08-24,
"U.S. military destroys alleged drug-smuggling boat in Pacific Ocean, killing 2 people",CBS News,cbsnews.com,cbsnews.com,2026-08-24,https://www.cbsnews.com/texas/news/us-military-destroys-alleged-drug-boat-pacific-deaths/,en,2026-08-24,
Trump administration to announce new sanctions on Iran after 50% tariffs on Canada,CBS News,cbsnews.com,cbsnews.com,2026-08-24,https://www.cbsnews.com/video/trump-administration-to-announce-new-sanctions-on-iran-after-50-tariffs-on-canada/,en,2026-08-24,
Trump escalates trade tensions with Canada,CBS News,cbsnews.com,cbsnews.com,2026-08-24,https://www.cbsnews.com/video/trump-escalates-trade-tensions-with-canada/,en,2026-08-24,
Eye Opener: Wildfires rage in western U.S.,CBS News,cbsnews.com,cbsnews.com,2026-08-24,https://www.cbsnews.com/video/eye-opener-wildfires-rage-in-western-us/,en,2026-08-24,
"World awaits Iran's response to Trump's ""economic D-Day"" sanctions",CBS News,cbsnews.com,cbsnews.com,2026-08-24,https://www.cbsnews.com/video/world-awaits-irans-response-to-trumps-economic-d-day-sanctions/,en,2026-08-24,
Trump administration expected to lay out new Iran sanctions,CBS News,cbsnews.com,cbsnews.com,2026-08-24,https://www.cbsnews.com/chicago/video/trump-administration-expected-to-lay-out-new-iran-sanctions/,en,2026-08-24,
Why Trump Canada tariffs are likely to have a modest impact on U . S . prices,CBS News,cbsnews.com,cbsnews.com,2026-08-24,https://www.cbsnews.com/news/trump-canada-tariffs-goods-us-price-impact/,en,2026-08-24,
The Odds: The AI Anxiety,CNN,cnn.com,cnn.com,2026-08-24,https://www.cnn.com/2026/08/24/us/video/the-odds-the-ai-anxiety-cnc-kalpar,en,2026-08-24,
Byron Donalds on how he plans to make Florida more affordable as the state’s governor,CNN,cnn.com,cnn.com,2026-08-24,https://www.cnn.com/2026/08/24/politics/video/cnn-sitroom-wolf-blitzer-byron-donalds-republican-florida-governor-trump-desantis-jolly-socialist,en,2026-08-24,
90K urged to flee from raging wildfire near Reno,CNN,cnn.com,cnn.com,2026-08-24,https://www.cnn.com/2026/08/24/us/video/90k-urged-to-flee-from-raging-wildfire-near-reno-cnc,en,2026-08-24,
Resurfaced posts show Natalie Harp spent January 6 cheering on Trump,CNN,cnn.com,cnn.com,2026-08-24,https://www.cnn.com/2026/08/24/us/video/resurfaced-posts-show-natalie-harp-spent-january-6-cheering-on-trump-cnc,en,2026-08-24,
Analysis: Treasury threatens new sanctions on nations tied to Iran,CNN,cnn.com,cnn.com,2026-08-24,https://www.cnn.com/2026/08/24/politics/video/cncpm-treasury-sanctions-iran-analysis-wolfers-leighton,en,2026-08-24,
"Ontario Premier Doug Ford tells The Associated Press Canada could cut off electricity, critical minerals to the United States",CNN,cnn.com,cnn.com,2026-08-24,https://www.cnn.com/2026/08/24/politics/video/cncpm-canada-tariffs-doug-ford-mark-carney-trump,en,2026-08-24,
Pres. Trump expected to reveal details of ‘economic D-Day’ against Iran,CNN,cnn.com,cnn.com,2026-08-24,https://www.cnn.com/2026/08/24/world/video/economic-d-day-sanctions-announcements-trump-administrations,en,2026-08-24,
"Trump polling peril: $40T debt, corruption, renovations more",CNN,cnn.com,cnn.com,2026-08-24,https://www.cnn.com/2026/08/24/politics/video/enten-roundup-82426-ytc,en,2026-08-24,
U.S. imposes 50% tariffs on Canada as trade talks fail,CNN,cnn.com,cnn.com,2026-08-24,https://www.cnn.com/2026/08/24/us/video/us-canada-trade-tariffs-treene-live-ctw-082409aseg2-cnni-us-fast,en,2026-08-24,
Trump is threatening new Canadian auto tariffs. That will hurt US automakers and workers,CNN,cnn.com,cnn.com,2026-08-24,https://www.cnn.com/2026/08/24/business/trump-canada-auto-tariff-us-industry,en,2026-08-24,
"‘This is far too long’: Gary, Indiana mayor on power outages two weeks after storms",CNN,cnn.com,cnn.com,2026-08-24,https://www.cnn.com/2026/08/24/us/video/cnn-sitroom-blitzer-gary-indiana-mayor-power-outages,en,2026-08-24,
Why one of Trump’s favorite economic statistics is nearly meaningless,CNN,cnn.com,cnn.com,2026-08-24,https://www.cnn.com/2026/08/24/politics/fact-check-trump-economy-statistic,en,2026-08-24,
Trump can’t stop rocking the economy — and causing more political problems for the GOP,CNN,cnn.com,cnn.com,2026-08-24,https://www.cnn.com/2026/08/24/politics/trump-economy-midterms-blame-biden,en,2026-08-24,
Human-caused wildfire in Nevada 0% contained,CNN,cnn.com,cnn.com,2026-08-24,https://www.cnn.com/2026/08/24/us/video/hawk-fire-human-caused-wildfire-reno-nevada-digvid-hnk,en,2026-08-24,
Trump admin celebrated the prosecution of accused MS-13 ringleaders. Then the case fell apart twice,CNN,cnn.com,cnn.com,2026-08-24,https://www.cnn.com/2026/08/24/politics/trump-ms13-conviction-jeanine-pirro,en,2026-08-24,
US strikes alleged drug boat after two-month pause,CNN,cnn.com,cnn.com,2026-08-24,https://www.cnn.com/2026/08/24/us/video/us-strikes-alleged-drug-boat-after-two-month-pause-ldn-digvid,en,2026-08-24,
Britain’s giving Ukraine access to secret missile technology. Will it make a difference?,CNN,cnn.com,cnn.com,2026-08-24,https://www.cnn.com/2026/08/24/asia/britain-ukraine-scalp-missile-technology-intl-hnk-ml,en,2026-08-24,
Trump is trying to tighten the screws on an Iran numb to economic pain,CNN,cnn.com,cnn.com,2026-08-24,https://www.cnn.com/2026/08/24/middleeast/trump-iran-economic-pain-intl,en,2026-08-24,
"US launches deadly strike on alleged drug boat, believed to be the first in two months",CNN,cnn.com,cnn.com,2026-08-24,https://www.cnn.com/2026/08/24/politics/us-military-strike-alleged-drug-boat-intl-hnk,en,2026-08-24,
"Liberia once offered Black Americans a new home. Decades on, it is receiving migrants the US wants out",CNN,cnn.com,cnn.com,2026-08-24,https://www.cnn.com/2026/08/24/africa/liberia-receives-america-deportees-intl,en,2026-08-24,
Live updates: US set to unveil ‘economic D-Day’ sanctions on Iran,CNN,cnn.com,cnn.com,2026-08-24,https://www.cnn.com/2026/08/24/world/live-news/iran-war-trump,en,2026-08-24,
Here’s what items could cost more as the US-Canada trade war heats up,CNN,cnn.com,cnn.com,2026-08-24,https://www.cnn.com/2026/08/24/business/us-canada-cost-more,en,2026-08-24,
She defeated a veteran Democrat and upset the party establishment. Here’s her strategy for Congress,CNN,cnn.com,cnn.com,2026-08-24,https://www.cnn.com/2026/08/24/politics/darializa-avila-chevalier-democrats-congress,en,2026-08-24,
Illegal immigrant accused of fentanyl dealing linked to Virginia high school overdoses,Fox News,foxnews.com,foxnews.com,2026-08-24,https://www.foxnews.com/us/illegal-immigrant-accused-fentanyl-dealing-linked-virginia-high-school-overdoses,en,2026-08-24,
Trump administration proposes six-figure price tag for new H-1B visas,Fox News,foxnews.com,foxnews.com,2026-08-24,https://www.foxnews.com/politics/trump-administration-proposes-six-figure-price-tag-new-h-1b-visas,en,2026-08-24,
"Kacey Musgraves divides fans with immigrant children’s plea, faces boycott calls to ‘shut up and sing’",Fox News,foxnews.com,foxnews.com,2026-08-24,https://www.foxnews.com/entertainment/kacey-musgraves-divides-fans-immigrant-children-plea-faces-boycott-calls-shut-up-sing,en,2026-08-24,
Trump admin eyes historic mass visa revocation targeting up to 200K asylum seekers: report,Fox News,foxnews.com,foxnews.com,2026-08-24,https://www.foxnews.com/politics/trump-admin-eyes-historic-mass-visa-revocation-targeting-200k-asylum-seekers,en,2026-08-24,
Syria off US terror blacklist after nearly 50 years as Trump admin clears investment hurdle,Fox News,foxnews.com,foxnews.com,2026-08-24,https://www.foxnews.com/world/syria-off-us-terror-blacklist-after-nearly-50-years-trump-admin-clears-investment-hurdle,en,2026-08-24,
"Abdul El-Sayed grilled on past statements on Sharia law and White supremacy, taxing the rich",Fox News,foxnews.com,foxnews.com,2026-08-24,https://www.foxnews.com/media/abdul-el-sayed-grilled-past-statements-sharia-law-white-supremacy-taxing-rich,en,2026-08-24,
Evening Edition: 'Operation Economic Outcast' Aims to Strangle Iran's Economy,Fox News,foxnews.com,foxnews.com,2026-08-24,https://radio.foxnews.com/2026/08/24/evening-edition-operation-economic-outcast-aims-to-strangle-irans-economy/,en,2026-08-24,
Lara Trump: There Are So Many Versions Of Gavin Newsom Out There,Fox News,foxnews.com,foxnews.com,2026-08-24,https://radio.foxnews.com/2026/08/24/lara-trump-there-are-so-many-versions-of-gavin-newsom-out-there/,en,2026-08-24,
Las nuevas caras de los cárteles,Fox News,foxnews.com,foxnews.com,2026-08-24,https://radio.foxnews.com/2026/08/24/las-nuevas-caras-de-los-carteles/,es,2026-08-24,
"How Mean-Spirited Media Coverage of Natalie Harp Spun Out of Control, the Nonstop Mockery Now Resembling a Salem Witch Trial",Fox News,foxnews.com,foxnews.com,2026-08-24,https://radio.foxnews.com/2026/08/24/how-mean-spirited-media-coverage-of-natalie-harp-spun-out-of-control-the-nonstop-mockery-now-resembling-a-salem-witch-trial/,en,2026-08-24,
Trump scores Supreme Court win on mail-in voting restrictions before midterms,Fox News,foxnews.com,foxnews.com,2026-08-24,https://www.foxnews.com/politics/trump-scores-supreme-court-win-mail-in-voting-restrictions-before-midterms,en,2026-08-24,
"Why Wyndham Clark deserves PGA Tour Player of the Year, LIV Golf's final hoorah, and Scottie Scheffler's money",Fox News,foxnews.com,foxnews.com,2026-08-24,https://www.foxnews.com/outkick-sports/why-wyndham-clark-deserves-pga-tour-player-year-liv-golfs-final-hoorah-scottie-schefflers-money,en,2026-08-24,
"Trump administration touts ‘hard reset’ for American schools, vows to put parents ‘back in charge’",Fox News,foxnews.com,foxnews.com,2026-08-24,https://www.foxnews.com/politics/trump-administration-touts-hard-reset-american-schools-vows-put-parents-back-charge,en,2026-08-24,
State Department blasts back at 'rogue judge' who overturned aggressive visa crackdown,Fox News,foxnews.com,foxnews.com,2026-08-24,https://www.foxnews.com/politics/state-department-blasts-back-rogue-judge-overturned-aggressive-visa-crackdown,en,2026-08-24,
Schiff attack on Trump’s DC IndyCar race backfires after driver points out contradiction,Fox News,foxnews.com,foxnews.com,2026-08-24,https://www.foxnews.com/politics/schiff-attack-trumps-dc-indycar-race-backfires-driver-points-contradiction,en,2026-08-24,
Trump inauguration pastor says Dearborn Christians 'afraid' to speak out in Muslim-majority city,Fox News,foxnews.com,foxnews.com,2026-08-24,https://www.foxnews.com/media/trump-inauguration-pastor-says-dearborn-christians-afraid-speak-out-muslim-majority-city,en,2026-08-24,
Vance's decade-old ‘great regret’ resurfaces as El-Sayed’s jab at second lady comes back to bite him,Fox News,foxnews.com,foxnews.com,2026-08-24,https://www.foxnews.com/politics/vances-decade-old-great-regret-resurfaces-el-sayeds-jab-second-lady-comes-back-bite-him,en,2026-08-24,
"Sophie Cunningham throws on a backless top and overtakes Caitlin Clark, Trump waves the flag & Gruden's back!",Fox News,foxnews.com,foxnews.com,2026-08-24,https://www.foxnews.com/outkick-sports/sophie-cunningham-throws-backless-top-overtakes-caitlin-clark-trump-waves-flag-grudens-back,en,2026-08-24,
FIRST ON FOX: ICE quietly arrests jaw dropping number of illegal immigrants in massive DC area operation,Fox News,foxnews.com,foxnews.com,2026-08-24,https://www.foxnews.com/politics/ice-quietly-arrests-jaw-dropping-number-illegal-immigrants-massive-dc-area-operation,en,2026-08-24,
"Iran tried to assassinate one of Netanyahu's sons, prime minister says",Fox News,foxnews.com,foxnews.com,2026-08-24,https://www.foxnews.com/world/iran-tried-assassinate-netanyahu-son-prime-minister-says,en,2026-08-24,
Vulnerable GOP senator breaks with Trump on 2 key issues as Vance makes stop without her,Fox News,foxnews.com,foxnews.com,2026-08-24,https://www.foxnews.com/politics/vulnerable-gop-senator-breaks-trump-2-key-issues-vance-makes-stop-without-her,en,2026-08-24,
Jeffries' reported meeting with Kushner about possible Trump cooperation draws left-wing backlash,Fox News,foxnews.com,foxnews.com,2026-08-24,https://www.foxnews.com/politics/jeffries-reported-meeting-kushner-possible-trump-cooperation-draws-left-wing-backlash,en,2026-08-24,
Reporter's Notebook: College sports bill enters legislative 'red zone' as season kicks off,Fox News,foxnews.com,foxnews.com,2026-08-24,https://www.foxnews.com/politics/reporters-notebook-college-sports-bill-legislative-red-zone-season-kicks-off,en,2026-08-24,
Vance says Canada friendlier to China on trade than to US: 'Insanity',Fox News,foxnews.com,foxnews.com,2026-08-24,https://www.foxnews.com/politics/vance-says-canada-friendlier-china-trade-us-insanity,en,2026-08-24,
Socialists ripped over kids-focused push in deep-red state: ‘Next generation of comrades’,Fox News,foxnews.com,foxnews.com,2026-08-24,https://www.foxnews.com/politics/socialists-ripped-over-kids-focused-push-deep-red-state-next-generation-comrades,en,2026-08-24,
Trump wants cheaper beef. Republicans in key races warn his plan goes too far,Fox News,foxnews.com,foxnews.com,2026-08-24,https://www.foxnews.com/politics/trump-wants-cheaper-beef-republicans-key-races-warn-his-plan-goes-too-far,en,2026-08-24,
Iran-linked hackers suspected in UK power-plant shutdown after alleged Minnesota water attack,Fox News,foxnews.com,foxnews.com,2026-08-24,https://www.foxnews.com/politics/iran-linked-hackers-suspected-uk-power-plant-shutdown-alleged-minnesota-water-attack,en,2026-08-24,
Birth tourism scams draw sweeping crackdown as visa revocations climb,Fox News,foxnews.com,foxnews.com,2026-08-24,https://www.foxnews.com/politics/birth-tourism-scams-draw-sweeping-crackdown-visa-revocations-climb,en,2026-08-24,
"Donald Trump waves a patriotic green flag and the liberals are furious, Bubba Wallace locks up & 'F–K HIM!'",Fox News,foxnews.com,foxnews.com,2026-08-24,https://www.foxnews.com/outkick-sports/donald-trump-waves-patriotic-green-flag-liberals-furious-bubba-wallace-locks-up,en,2026-08-24,
Enes Kanter Freedom speaks out on WNBA ejection and more top headlines,Fox News,foxnews.com,foxnews.com,2026-08-24,https://www.foxnews.com/us/enes-kanter-freedom-speaks-out-wnba-ejection-more-top-headlines,en,2026-08-24,
Linda McMahon vows crackdown on teachers sexually harassing students: 'Must end',Fox News,foxnews.com,foxnews.com,2026-08-24,https://www.foxnews.com/politics/linda-mcmahon-vows-crackdown-teachers-sexually-harassing-students-must-end,en,2026-08-24,
"EEUU deporta a mexicanos a Centroamérica. Casi 2.300 llegaron a Guatemala, dice presidente Arévalo",Los Angeles Times,latimes.com,latimes.com,2026-08-24,https://www.latimes.com/espanol/eeuu/articulo/2026-08-24/eeuu-deporta-mexicanos-centroamerica-casi-2-300-llegaron-guatemala-dice-presidente-arevalo,es,2026-08-24,
"Fed up with high prices, California weighs penalties against hospitals, other entities",Los Angeles Times,latimes.com,latimes.com,2026-08-24,https://www.latimes.com/business/story/2026-08-24/fed-up-with-high-prices-california-weighs-penalties-against-hospitals-other-entities,en,2026-08-24,
Why Latin America won’t abandon China despite Trump’s pressure campaign,Los Angeles Times,latimes.com,latimes.com,2026-08-24,https://www.latimes.com/business/story/2026-08-24/why-latin-america-wont-abandon-china-despite-trumps-pressure-campaign,en,2026-08-24,
California Supreme Court appears skeptical of sheriff's authority to seize ballots,Los Angeles Times,latimes.com,latimes.com,2026-08-24,https://www.latimes.com/california/story/2026-08-24/california-supreme-court-bianco-ballot-seizure-case,en,2026-08-24,
Supreme Court allows Trump's plan to regulate but not block use of mail ballots,Los Angeles Times,latimes.com,latimes.com,2026-08-24,https://www.latimes.com/politics/story/2026-08-24/supreme-court-allows-trumps-plan-to-regulate-but-not-block-use-of-mail-ballots,en,2026-08-24,
"To further isolate Iran's economy, U.S. rolls out 'D-Day' sanctions",Los Angeles Times,latimes.com,latimes.com,2026-08-24,https://www.latimes.com/politics/story/2026-08-24/to-further-target-irans-economy-u-s-d-day-sanctions,en,2026-08-24,
Prominent Latino group blasts Paramount-Warner merger,Los Angeles Times,latimes.com,latimes.com,2026-08-24,https://www.latimes.com/entertainment-arts/business/story/2026-08-24/prominent-latino-group-blasts-paramount-warner-merger,en,2026-08-24,
"U.S. set for largest mass visa revocation in history targeting up to 200,000 foreigners, officials say",Los Angeles Times,latimes.com,latimes.com,2026-08-24,https://www.latimes.com/world-nation/story/2026-08-24/u-s-set-for-largest-mass-visa-revocation-in-history-targeting-up-to-200-000-foreigners-officials-say,en,2026-08-24,
Emily Compagno joins Fox News' 'The Five' as co-host,Los Angeles Times,latimes.com,latimes.com,2026-08-24,https://www.latimes.com/entertainment-arts/business/story/2026-08-24/emily-compagno-joins-fox-news-the-five-as-co-host,en,2026-08-24,
"U.S. strikes a vessel in the eastern Pacific, killing 2 people in first attack in months",Los Angeles Times,latimes.com,latimes.com,2026-08-24,https://www.latimes.com/world-nation/story/2026-08-24/u-s-strikes-vessel-in-eastern-pacific-killing-2-people-in-first-attack-in-months,en,2026-08-24,
Nevada sues to challenge Trump administration's Colorado River plan,Los Angeles Times,latimes.com,latimes.com,2026-08-24,https://www.latimes.com/environment/story/2026-08-24/nevada-lawsuit-colorado-river,en,2026-08-24,
This rare Nebraska district backed Harris but sent a Republican to Congress. Can Democrats win here?,Los Angeles Times,latimes.com,latimes.com,2026-08-24,https://www.latimes.com/world-nation/story/2026-08-24/this-rare-nebraska-district-backed-harris-but-sent-republican-to-congress-can-democrats-win-here,en,2026-08-24,
Deportees who refused to exit a U.S. flight in Liberia are sent to Equatorial Guinea,Los Angeles Times,latimes.com,latimes.com,2026-08-24,https://www.latimes.com/world-nation/story/2026-08-24/deportees-who-refused-to-exit-u-s-flight-in-liberia-are-sent-to-equatorial-guinea,en,2026-08-24,
European leaders mark Ukraine’s 35th Independence Day as Russian invasion pushes on,Los Angeles Times,latimes.com,latimes.com,2026-08-24,https://www.latimes.com/world-nation/story/2026-08-24/european-leaders-mark-ukraines-35th-independence-day-as-russian-invasion-pushes-on,en,2026-08-24,
Reopening Mexican cattle imports won’t bring quick relief from record U.S. beef prices,Los Angeles Times,latimes.com,latimes.com,2026-08-24,https://www.latimes.com/business/story/2026-08-24/reopening-mexican-cattle-imports-wont-bring-quick-relief-from-record-u-s-beef-prices,en,2026-08-24,
Want to live longer? Try standing on one foot while reading this,Los Angeles Times,latimes.com,latimes.com,2026-08-24,https://www.latimes.com/california/newsletter/2026-08-24/want-to-live-longer-try-standing-on-one-foot-while-reading-this,en,2026-08-24,
Letters to the Editor: The U.S. military apparently has the same issues as a middle manager,Los Angeles Times,latimes.com,latimes.com,2026-08-24,https://www.latimes.com/opinion/letters-to-the-editor/story/2026-08-24/military-shortages-inventory,en,2026-08-24,
Two good ideas from Republicans dead on arrival in Democratic Legislature,Los Angeles Times,latimes.com,latimes.com,2026-08-24,https://www.latimes.com/california/newsletter/2026-08-24/skelton-monday-politics-newsletter,en,2026-08-24,
An exhibition created with Dolores Huerta traces U.S. deportation history,Los Angeles Times,latimes.com,latimes.com,2026-08-24,https://www.latimes.com/entertainment-arts/story/2026-08-24/exhibition-created-with-dolores-huerta-traces-u-s-deportation-history,en,2026-08-24,
Trump's 50% tariffs on Canadian goods just went into effect. Here's what to know,Los Angeles Times,latimes.com,latimes.com,2026-08-24,https://www.latimes.com/world-nation/story/2026-08-24/trumps-50-percent-tariffs-on-canadian-goods-just-began-heres-what-to-know,en,2026-08-24,
"In win for Trump, Supreme Court backs restrictions on mail-in ballots",NBC News,nbcnews.com,nbcnews.com,2026-08-24,https://www.nbcnews.com/nightly-news/video/in-win-for-trump-supreme-court-backs-restrictions-on-mail-in-ballots-268795973749,en,2026-08-24,
Supreme Court allows Trump's mail-in ballot order to go into effect,NBC News,nbcnews.com,nbcnews.com,2026-08-24,https://www.nbcnews.com/video/supreme-court-allows-trump-s-mail-in-ballot-order-to-go-into-effect-268791877650,en,2026-08-24,
Ten of thousands evacuated from Nevada wildfire,NBC News,nbcnews.com,nbcnews.com,2026-08-24,https://www.nbcnews.com/nightly-news/video/ten-of-thousands-evacuated-from-nevada-wildfire-268795973727,en,2026-08-24,
"Trump, the ‘fertilization president,’ promised to make IVF free. What happened?",NBC News,nbcnews.com,nbcnews.com,2026-08-24,https://www.nbcnews.com/health/health-news/trump-promised-ivf-free-what-happened-rcna593007,en,2026-08-24,
"‘Getting no help’: Thousands in Gary, Indiana, still without power nearly 2 weeks after storms",NBC News,nbcnews.com,nbcnews.com,2026-08-24,https://www.nbcnews.com/news/us-news/gary-indiana-power-outages-storms-rcna594184,en,2026-08-24,
"U.S. preparing for mass visa revocation targeting up to 200,000 people, officials say",NBC News,nbcnews.com,nbcnews.com,2026-08-24,https://www.nbcnews.com/business/travel/trump-mass-visa-revocation-b1-b2-rcna594211,en,2026-08-24,
Supreme Court sides with Trump on some restrictions for mail-in ballots,NBC News,nbcnews.com,nbcnews.com,2026-08-24,https://www.nbcnews.com/politics/trump-administration/live-blog/trump-iran-live-updates-rcna594071,en,2026-08-24,
How the GOP is approaching data center backlash and why Trump is pivoting to North Korea: Morning Rundown,NBC News,nbcnews.com,nbcnews.com,2026-08-24,https://www.nbcnews.com/news/us-news/gop-data-center-backlash-trump-pivoting-north-korea-morning-rundown-rcna593964,en,2026-08-24,
Republicans wrestle with data center backlash as Trump promotes the benefits,NBC News,nbcnews.com,nbcnews.com,2026-08-24,https://www.nbcnews.com/politics/2026-election/republicans-data-center-backlash-trump-rcna592410,en,2026-08-24,
"U.S. removes Syria from terrorism sponsor list, lifting major investment obstacle",NBC News,nbcnews.com,nbcnews.com,2026-08-24,https://www.nbcnews.com/world/syria/us-removes-syria-terrorism-sponsor-list-lifting-major-investment-obsta-rcna594202,en,2026-08-24,
House Democrats demand Trump administration provide full accounting of Iran war costs,NBC News,nbcnews.com,nbcnews.com,2026-08-24,https://www.nbcnews.com/politics/national-security/house-democrats-demand-trump-administration-provide-full-accounting-ir-rcna593788,en,2026-08-24,
Veteran who served 3 tours in Iraq War faces possible deportation,NBC News,nbcnews.com,nbcnews.com,2026-08-24,https://www.nbcnews.com/news/us-news/veteran-served-3-tours-iraq-war-facing-possible-deportation-rcna594094,en,2026-08-24,
"Bessent threatens Iran secondary sanctions, says Trump is asking world leaders to cooperate",NBC News,nbcnews.com,nbcnews.com,2026-08-24,https://www.nbcnews.com/business/economy/bessent-iran-sanctions-d-day-rcna594103,en,2026-08-24,
"As Ukraine’s allies gather for big anniversary, one key backer is absent",NBC News,nbcnews.com,nbcnews.com,2026-08-24,https://www.nbcnews.com/world/europe/ukraine-independence-usa-missing-anniversary-russia-war-rcna594075,en,2026-08-24,
Supreme Court hands preliminary win to Trump on mail-in ballots executive order,NBC News,nbcnews.com,nbcnews.com,2026-08-24,https://www.nbcnews.com/politics/supreme-court/supreme-court-hands-preliminary-win-trump-mail-ballots-executive-order-rcna590120,en,2026-08-24,
Why some Trump supporters aren’t sold on Darline Graham: From the Politics Desk,NBC News,nbcnews.com,nbcnews.com,2026-08-24,https://www.nbcnews.com/politics/politics-news/trump-supporters-arent-sold-darline-graham-politics-desk-rcna594199,en,2026-08-24,
How the new U.S. sanctions on Iran could affect China,NBC News,nbcnews.com,nbcnews.com,2026-08-24,https://www.nbcnews.com/now/video/how-the-new-u-s-sanctions-on-iran-could-affect-china-268774469536,en,2026-08-24,
"Trump threatens to raise auto, truck and metal tariffs on Canada",NBC News,nbcnews.com,nbcnews.com,2026-08-24,https://www.nbcnews.com/video/trump-threatens-to-raise-auto-truck-and-metal-tariffs-on-canada-268766789711,en,2026-08-24,
"Trump hits back at Carney, threatens to hike auto, truck, metals tariffs to 50%",NBC News,nbcnews.com,nbcnews.com,2026-08-24,https://www.nbcnews.com/business/economy/trump-canada-tariffs-autos-metals-rcna594108,en,2026-08-24,
"Father of sailor aboard the beleaguered USS Abraham Lincoln detained by immigration authorities, family says",NBC News,nbcnews.com,nbcnews.com,2026-08-24,https://www.nbcnews.com/news/us-news/father-sailor-uss-abraham-lincoln-detained-immigration-family-says-rcna593961,en,2026-08-24,
"A look at the future of brain research funding, from a kids' camp for TBI survivors",NPR,npr.org,npr.org,2026-08-24,https://www.npr.org/2026/08/24/nx-s1-5936521/a-look-at-the-future-of-brain-research-funding-from-a-kids-camp-for-tbi-survivors,en,2026-08-24,
U.S. Treasury launches 'economic D-Day' against Iran as war drags on,NPR,npr.org,npr.org,2026-08-24,https://www.npr.org/2026/08/24/nx-s1-5942971/u-s-treasury-launches-economic-d-day-against-iran-as-war-drags-on,en,2026-08-24,
Will the newest plan to remove tariffs on beef imports help or hurt U.S. ranchers,NPR,npr.org,npr.org,2026-08-24,https://www.npr.org/2026/08/24/nx-s1-5943061/will-the-newest-plan-to-remove-tariffs-on-beef-imports-help-or-hurt-u-s-ranchers,en,2026-08-24,
"New Economic Pressure On Iran, Iran Warns Neighbors, Tariff War With Canada",NPR,npr.org,npr.org,2026-08-24,https://www.npr.org/2026/08/24/nx-s1-5942844/new-economic-pressure-on-iran-iran-warns-neighbors-tariff-war-with-canada,en,2026-08-24,
An aluminum smelter becomes part of Oklahoma Republican governor runoff election,NPR,npr.org,npr.org,2026-08-24,https://www.npr.org/2026/08/24/nx-s1-5936546/an-aluminum-smelter-becomes-part-of-oklahoma-republican-governor-runoff-election,en,2026-08-24,
Canada vows to impose retaliatory tariffs against the U.S.,NPR,npr.org,npr.org,2026-08-24,https://www.npr.org/2026/08/24/nx-s1-5942306/canada-vows-to-impose-retaliatory-tariffs-against-the-u-s,en,2026-08-24,
The world leader saying no to President Trump,NPR,npr.org,npr.org,2026-08-24,https://www.npr.org/2026/08/24/nx-s1-5941107/the-world-leader-saying-no-to-president-trump,en,2026-08-24,
A Census Bureau report on noncitizen voting has ties to a Trump-aligned think tank,NPR,npr.org,npr.org,2026-08-24,https://www.npr.org/2026/08/24/nx-s1-5938799-e1/a-census-bureau-report-on-noncitizen-voting-has-ties-to-a-trump-aligned-think-tank,en,2026-08-24,
Supreme Court pauses lower court ruling on Trump's mail voting order as hurdles loom,NPR,npr.org,npr.org,2026-08-24,https://www.npr.org/2026/08/24/nx-s1-5909592/trump-mail-voting-order-supreme-court,en,2026-08-24,
How Trump's foreign policy is affecting America's relationship with its allies,NPR,npr.org,npr.org,2026-08-24,https://www.npr.org/2026/08/24/nx-s1-5940692/how-trumps-foreign-policy-is-affecting-americas-relationship-with-its-allies,en,2026-08-24,
Could politics put your city's funding at risk?,NPR,npr.org,npr.org,2026-08-24,https://www.npr.org/2026/08/24/nx-s1-5940887/could-politics-put-your-citys-funding-at-risk,en,2026-08-24,
Treasury secretary expected to detail new round of economics sanctions on Iran,NPR,npr.org,npr.org,2026-08-24,https://www.npr.org/2026/08/24/nx-s1-5942307/treasury-secretary-expected-to-detail-new-round-of-economics-sanctions-on-iran,en,2026-08-24,
Legal scholar on SCOTUS decision to allow ballroom project to continue for now,NPR,npr.org,npr.org,2026-08-24,https://www.npr.org/2026/08/24/nx-s1-5940758/legal-scholar-on-scotus-decision-to-allow-ballroom-project-to-continue-for-now,en,2026-08-24,
"U.S. to detail new economic pressures on Iran. And, Canada to impose tariffs on U.S.",NPR,npr.org,npr.org,2026-08-24,https://www.npr.org/2026/08/24/g-s1-139736/up-first-newsletter-iran-economic-pressures-canada-tariffs-trump-visa-ban,en,2026-08-24,
Treasury Secretary Scott Bessent to unveil new economic sanctions on Iran,NPR,npr.org,npr.org,2026-08-24,https://www.npr.org/2026/08/24/g-s1-139743/treasury-secretary-scott-bessent-to-unveil-new-economic-sanctions-on-iran,en,2026-08-24,
Iran analyst on Trump's threat of an 'economic D-day' against Iran,NPR,npr.org,npr.org,2026-08-24,https://www.npr.org/2026/08/24/nx-s1-5940661/iran-analyst-on-trumps-threat-of-an-economic-d-day-against-iran,en,2026-08-24,
Iran threatens 'seismic' retaliation if Trump increases economic pressure,NPR,npr.org,npr.org,2026-08-24,https://www.npr.org/2026/08/24/nx-s1-5941720/iran-threatens-seismic-retaliation-if-trump-increases-economic-pressure,en,2026-08-24,
"In candid interviews, National Guard members speak out about D.C. deployment",NPR,npr.org,npr.org,2026-08-24,https://www.npr.org/2026/08/24/nx-s1-5939973/national-guard-members-washington-dc-deployment,en,2026-08-24,
"Washington, D.C.'s first IndyCar race packed the National Mall",NPR,npr.org,npr.org,2026-08-24,https://www.npr.org/2026/08/24/nx-s1-5939827/washington-d-c-s-first-indycar-race-packed-the-national-mall,en,2026-08-24,
What Did I Miss? Your Summer Politics Quiz.,New York Times,nytimes.com,nytimes.com,2026-08-24,https://www.nytimes.com/quiz/2026/08/24/opinion/end-of-summer-politics-quiz.html,en,2026-08-24,
Samuel Eto’o backs Gianni Infantino as other former players insist ‘change is necessary’,New York Times,nytimes.com,nytimes.com,2026-08-24,https://www.nytimes.com/athletic/7535524/2026/08/24/samuel-etoo-gianni-infantino-fifa-president/,en,2026-08-24,
Aleksander Ceferin rules himself out from replacing Gianni Infantino as FIFA president,New York Times,nytimes.com,nytimes.com,2026-08-24,https://www.nytimes.com/athletic/7534829/2026/08/24/ceferin-fifa-president-gianni-infantino/,en,2026-08-24,
"In Building His Border Wall, Trump May Bring Down a 110-Year-Old Church",New York Times,nytimes.com,nytimes.com,2026-08-24,https://www.nytimes.com/2026/08/24/us/west-texas-border-wall-ruidosa-corazon-sagrado.html,en,2026-08-24,
"Trump Shuns E.V.s and Wind Power, but He’s Pouring Billions Into Batteries",New York Times,nytimes.com,nytimes.com,2026-08-24,https://www.nytimes.com/2026/08/24/climate/trump-administration-batteries-data-centers.html,en,2026-08-24,
Natalie Harp’s Devotion to Trump,New York Times,nytimes.com,nytimes.com,2026-08-24,https://www.nytimes.com/2026/08/24/podcasts/the-daily/natalie-harps-devotion-to-trump.html,en,2026-08-24,
Iran Pledges to Defy Trump’s Escalating Sanctions,New York Times,nytimes.com,nytimes.com,2026-08-24,https://www.nytimes.com/2026/08/24/world/middleeast/iran-sanctions-economy-us-trump.html,en,2026-08-24,
"With Trump Against Him, Can Ralph Norman Win in South Carolina?",New York Times,nytimes.com,nytimes.com,2026-08-24,https://www.nytimes.com/2026/08/24/us/politics/ralph-norman-trump-south-carolina.html,en,2026-08-24,
Trump Threatens Even Higher Tariffs on Canadian Exports After Talks Unravel,New York Times,nytimes.com,nytimes.com,2026-08-24,https://www.nytimes.com/2026/08/24/business/economy/trump-canada-tariffs.html,en,2026-08-24,
Trump Lays It on the Line for Darline Graham,New York Times,nytimes.com,nytimes.com,2026-08-24,https://www.nytimes.com/2026/08/24/us/politics/trump-graham-south-carolina-endorsement.html,en,2026-08-24,
Nevada Sues Trump Administration Over Colorado River Cuts,New York Times,nytimes.com,nytimes.com,2026-08-24,https://www.nytimes.com/2026/08/24/climate/nevada-sues-colorado-river-cuts.html,en,2026-08-24,
"Court Allows Trump to Pursue Mail Voting Limits, for Now",New York Times,nytimes.com,nytimes.com,2026-08-24,https://www.nytimes.com/2026/08/24/us/politics/supreme-court-trump-mail-ballots.html,en,2026-08-24,
Is Trump’s Endorsement Enough for Darline Graham in South Carolina?,New York Times,nytimes.com,nytimes.com,2026-08-24,https://www.nytimes.com/2026/08/24/us/politics/trump-darline-graham-south-carolina-runoff.html,en,2026-08-24,
Trump Officials Propose Sale of ‘Woke’ Painting by Kehinde Wiley,New York Times,nytimes.com,nytimes.com,2026-08-24,https://www.nytimes.com/2026/08/24/arts/design/kehinde-wiley-painting-embassy-dominican-republic.html,en,2026-08-24,
Trump Quietly Asserts Control Over Postal Service Amid Plans to Overhaul Voting,New York Times,nytimes.com,nytimes.com,2026-08-24,https://www.nytimes.com/2026/08/24/us/politics/mail-voting-supreme-court-postal-service-trump.html,en,2026-08-24,
"Trump Officials Propose Charging More Than $100,000 for Skilled Worker Visas",New York Times,nytimes.com,nytimes.com,2026-08-24,https://www.nytimes.com/2026/08/24/us/politics/h1b-visas-fees-proposal-trump.html,en,2026-08-24,
Trump’s MAGA Inc. makes last-minute buy for Darline Graham in South Carolina runoff,Politico,politico.com,politico.com,2026-08-24,https://www.politico.com/news/2026/08/24/trump-maga-inc-darline-graham-south-carolina-01048038,en,2026-08-24,
Vance asks Mainers to vote Republican — as Trump ups the trade war with Canada,Politico,politico.com,politico.com,2026-08-24,https://news.google.com/rss/articles/CBMif0FVX3lxTE5mU0ZxakpLTzNhSzE2VVNxRElxbjM2eVgtd1IzYlU4NEc4bVFMMHJvZ0ZkYVFBTkpnSFB4Y2tUUjBaaEl3bVF0alFHRjJuRVExc1VhNTFKdi0zOHhLSXdoT0xOcHZnTWx2ajlzVlNjQlRxSERLRWMxTUlxUzI3ZUU?oc=5,en,2026-08-24,
Trump administration proposes more than $100K fee for H-1B visas,Politico,politico.com,politico.com,2026-08-24,https://news.google.com/rss/articles/CBMihgFBVV95cUxOeWZCQWRWcHNLaDQ5QTVVUlVoSlVIcWU5bWREdnc1SThXZ2Jta0F6alQzTnB0NnFFbTVPYjRITDBOU3JieURjNldSOEt4a2RULVIta1hDYm1OaDA1ZFRpZzNCVTZnbDR3S25pMlAxcEJUVHdzVUJZNHB1ZWZaRkJ5ZUJPeUpJdw?oc=5,en,2026-08-24,
"Trump announces 50 percent tariff on Canadian vehicles, steel after trade talks collapse",Politico,politico.com,politico.com,2026-08-24,https://news.google.com/rss/articles/CBMijAFBVV95cUxPdjFZWFBPRHNZaXM2c04yQlJ3cTA5b0tYSlNTUFB1bV9yNS1DRnFUTjV1b2dYV1p4NDNKZTRERjUtOU5iLUxHeXZPaDhGTFJkaTZSSW9xaGtoWTJKM3JibnI1N1BqOFFjZ0FJZDlyRElvMEQ2NVVMV0NxeldLTkNSei03Zk0tcFlKYXhfZQ?oc=5,en,2026-08-24,
US Supreme Court hands a win to Trump over mail-in ballot restrictions,Reuters,reuters.com,reuters.com,2026-08-24,https://news.google.com/rss/articles/CBMirAFBVV95cUxOSDlTTzEtMWJjdWlZbnV5THl6V3VzcE5rQ2VwN3VTaEJIa3l0bVU2dkdmQXU4LUZYX2psOEFwTTh6MEYzb1pCREJSQnhDRGxLaF9FTENEZlVTOHp0MnB6M2RScG1WOWlJdS1HM0d6aEZaT1lGaXdwQWNyM2p3YTc3UHdITGstQ3hHQzF2YUlUcDE3VkJZZnBqOUZreFpVX0FwWUllVTdUajZObi1n?oc=5,en,2026-08-24,
Trump administration plans to revoke visas of foreigners seeking asylum,Reuters,reuters.com,reuters.com,2026-08-24,https://news.google.com/rss/articles/CBMiowFBVV95cUxPVWRPbWFoWm1RU2pZZHJkVFhNUmV3M0huVGtTU2p2LVZ6am5TT01LVHFGVTkwRDBVQ0tNc0tGZ2JLU0VIamdhVUM5WE1YWkY1T1NmV3g0bDJkOTJ5b1pWTndVeUhIMk1IbV9QRjZrMFBDaU5FMW1kemZaNXhCS2ZYZjVSaGJTYmhzb2RkRkxlQVlqMlpVT2Z4cnB5VHF3RGlDNXRJ?oc=5,en,2026-08-24,
"Trump's approval holds at record low as US support for Iran war falls, Reuters Ipsos poll finds",Reuters,reuters.com,reuters.com,2026-08-24,https://news.google.com/rss/articles/CBMivwFBVV95cUxPYkRkNWJWcGl4bFZlUjZrZEpaMGJIMGljWUk3MTU4M2tuc1ZvcnZMMlNOMVM1NFlGUGp6eVRXbTBnSHVFVWV6YjJ1dmNGV1g3ajJJbWUzcGw4U0kyZDkzbjF5LTlxS1R2aUV0RkNKN1Z5QWVqY082ei1lMzFmSFZfVC1QLUUwbFY5SmlDdlZyZnhIRmN6Ul91cVhtbWRrdnl6S2ROc0JRMk9mdjZzaTBvMURfcXNMbE9OWnpkU0tMbw?oc=5,en,2026-08-24,
Nevada sues to block Trump administration's Colorado River plan,Reuters,reuters.com,reuters.com,2026-08-24,https://news.google.com/rss/articles/CBMisgFBVV95cUxPeXJUWlZLc2RzOUl5QWJZcWtlN1BHbVlyLVdEQjhPVGxoU3Z5OHl4eDYtOGE3djg4dnFuckVtQUFUVzFHZl9Qa1VzUzFhdnJZZ2RmLV9YU2x2aE8wRzBKdXJhR3huOEVYQVNlckpTdFd5MU5jUF9KZnJvbWt2WXZFTC0tcnh6R3BHVXVZd1pLd01ON0U0b0xVRlFRM0ZhS09CTnZiN3g1ZWUtSk1OeG8wZDJB?oc=5,en,2026-08-24,
"Trump bought shares in Elon Musk's SpaceX in June, financial disclosure shows",Reuters,reuters.com,reuters.com,2026-08-24,https://news.google.com/rss/articles/CBMivwFBVV95cUxQZHBZd3V0b2sySFhUajY0b2NBeVcwZzFLdGpNMENHWGRyMHEtX0NqYi1fUXU2a1E4UGVqS25vS3hpTkd2MW5xLVRtTi1pSnZ3R1VpZDBxY1lLLW9WbEdKdzFZbTlzbjZMRlJGQmt1OS1kTlBpZkhkbVJXYWd4elhfRTV5SENBRG80WHlhbURPeGZRYWt5TmxoN0FlSHVZb2QweFJlQWtkemoyQnRhak5ncnl6S29SWHdadjRUamdRdw?oc=5,en,2026-08-24,
"US eyes China overcapacity tariffs of 7.5% before Xi-Trump talks, Bloomberg News reports",Reuters,reuters.com,reuters.com,2026-08-24,https://news.google.com/rss/articles/CBMivwFBVV95cUxONVZLUTRjNDFCbG9qX21DUWdHYkNMb3hzYXREb3BhX0lXNGF6MEdxNExNZ1hqYkRxRWU3OUdGY3hKRHdnYm9YOEZkOVRhSnp4bG52bUtWSU10NjQyQTE3Z1ZFRlVRelBSMF9vTGswcTFJRDMzQnkwVGlpeThzeGRlZ3FSd1IwNlBmOVNWeERLaHQtWWZiazQ3OTJyaXJGQmpVb2FKN2RjTlNseDBoNXRrUFJrRnc2MWdoQUhwcnpiQQ?oc=5,en,2026-08-24,
Trump threatens 50% tariffs on all cars and trucks from Canada amid trade fight,Reuters,reuters.com,reuters.com,2026-08-24,https://news.google.com/rss/articles/CBMi1wFBVV95cUxPeHRsVm1PblBZVy1Kb0lNOVdrZ3E1dVItdjNHazBSVWFOc25tWHluRU81c3ZRNzB0Y2c4eUlmX2dzWE0yY2FNV0xqaG4zcDVRWVhvVGhleTFIVExKYVRqeVUxazBGNzBuSVBabzczRFpxdi1lVF9GdDZiQk55ZDJzMThwMEJIcGxrSTNncDg1aUU0TkxUTEc1a19rN0lnNFVFQ3F3V3g1UFlGcE1lNm9pOW84MVpDd3Y3VEFvYk9LOXVUUTN3Z2ZvX1FQR0RoemtwRUlvdWVoSQ?oc=5,en,2026-08-24,
"Trump administration moves to impose more than $100,000 fee for H-1B worker visas",Reuters,reuters.com,reuters.com,2026-08-24,https://news.google.com/rss/articles/CBMiwwFBVV95cUxOWUtndEJ6VGx1aUtyN3gxdUFsOVQxNVU2Ymx4dXZCRDZyT3pwSXFJYW5NcF9rZ1duMTFxUHFMeHRCTGhHVXJvd2tYRDc5SG8zQjJTXzJxM1VDQ2w5QVRPTm1LekxpYnZGNm1YVHhFZ0FqYXFSSmw0aUx2RUk4UEhRZEJ4UEtYTGlrelBmZS1LZ1JEVENVdENRWFlmUURzQzVYcllSWDlILURhRXhxaU5FWWpUaFF1a0x2MzZSZmw0UkdhUk0?oc=5,en,2026-08-24,
"Trump's frustrations drove order limiting child vaccinations, but MAHA wants more",Reuters,reuters.com,reuters.com,2026-08-24,https://news.google.com/rss/articles/CBMirAFBVV95cUxQRWlJOHhRWHhDelBDQ281SkZnemliYkY5OEVEVkdwa252ZEQwV1l6TVVsUFFZRC02Znp3ajdsRC0wamQtZVZNRmo3czFCODMyZWh4bWpoYjNWS3BBc3duVGtOYktGR1VRM2s4RnVoNkdkaVVVaXBUa2EtWDZ0ejVDeGlmblpaQmJNWWE2aUtEU01mczVMcGdSYWZ1M0pPS2dvdFNrd1pKa3J5SFNz?oc=5,en,2026-08-24,
"Pakistan's Munir spoke to Trump ahead of Tehran visit, sources say",Reuters,reuters.com,reuters.com,2026-08-24,https://news.google.com/rss/articles/CBMiswFBVV95cUxOOEZ5bXpNWkVOd1I2LXFQZHl2ZldvaHo2ZnBnVTMtUjlicmxnRlBCVk5sMjlsM2RjTkk0TkY3SlYzSnVUOTRKYXc0aW9odE5GX2NUVVBLdS1NMkdEQlNCMVdKakRDbURxVDVpX0tra3lUVWtNT3pMaEtnMkc1a3BXdm1IRWtGWnFBUWZucWZiNUJsYzFBVGFaQ2xNQUdRRncxbHhGT1ROZEk3cTl3MnhmQi1rWQ?oc=5,en,2026-08-24,
Trump's Kim gambit deepens doubts over US reliability at a key moment for Asia,Reuters,reuters.com,reuters.com,2026-08-24,https://news.google.com/rss/articles/CBMiwAFBVV95cUxPeW1HQTBPVVZlZEhfMkNQekxGc3FZMHpTb1hFUF9Nb2EzLWJsU3NjZlpiNzh3N0xuVTRfZlRUX3Y3ODVPUjNkSE4zLVRNMzBTUWk2b1BJUlI5SXprSi1admNRVU5MbE1fR0hrRXJYNHJ6RjhPRHo2WWpyWWdoNEVEVnUtN1NtU1ByNlhjV0phdUtwWDh4QXFKVmRjcWxfYngwY3FlOXdHVE1MX2JqdDFjQVJjTllmQTU1X1N0UEpCQ28?oc=5,en,2026-08-24,
"Fentanyl, a Reagan ad and a near deal: Trump's trade war with Canada",Reuters,reuters.com,reuters.com,2026-08-24,https://news.google.com/rss/articles/CBMiswFBVV95cUxNVF9zb29ZdTA4SUhxLUcyZFNFTlltaFhnR0ZkVzE2VXd5WnJDLTlLRjQ1Rms5MFl0c2Q0UF8xR0FMeGU3cVVPaTgzZ2tReFNIWDhVRmlEQ2ZGa3kydVVsd0w0Uk1vYzJod2JLTldrbkhRdm5adDFOMmZNVXFKN2J2blgzTGFZOGt5em9mUlZYaFQ1ZnU5bmhOY1l3UXBNUUF0MXFPUHF4dm5ocVVuMWJUbHVqSQ?oc=5,en,2026-08-24,
US judge dismisses legal challenge to Trump's offshore drilling expansion,Reuters,reuters.com,reuters.com,2026-08-24,https://news.google.com/rss/articles/CBMivwFBVV95cUxNVG1pX2kxdmFIVlhRempSMHN0dk55UHBXTzhqQUtWMVlJaHpnYlEzVXpQOWNNWDF3ZDBXQTVlcjVFUGNUa0dUa1gwRmM5bmY5QTRLRFpNdHNIM1VOSDZFU2tDVlJ3b3VKZEZubTJzbEVncW1pR3F2RUR5NHZKQXBKeFFuRFJNMldPTGtyMHNRS3NWM01zRlIzUV9CS2ZVZXhIdEJ0Smxib3M0OTlPMEhIc1RxeEh6RVJUS0NmSmNycw?oc=5,en,2026-08-24,
"Surge in bond yields is a result of ""Trump's war"", German minister says",Reuters,reuters.com,reuters.com,2026-08-24,https://news.google.com/rss/articles/CBMipwFBVV95cUxNNWFsT01UX1d4b0JYSGdUWHFTRTgyd3lrVFJDUlcwRUpnSWdiMjM0VnZzMEJPQW1PaktXQnJfSTZsNFAtM2FhcXUwR0R4bjh3ZUNSTzdKWVZQOWppMUNvWnJKRFJfci1IelpWbjlLbHdsVzdTeHNRaDd0TExZbUo4ck5nV1JDWTVBZGZvS1pucjJWS0FVTzR3bUdIenQ5VS14QUo1Ym9aNA?oc=5,en,2026-08-24,
Trump-linked RUM Group signs $13.7 billion AI deal with US-based cloud client,Reuters,reuters.com,reuters.com,2026-08-24,https://news.google.com/rss/articles/CBMivAFBVV95cUxOMTJKenFOM0F3LUlXcGN6V29Sd1JBM2pqVkRaU3d6VFlVbU03ZHNWbVl4NkhYQW5VV1QyYnYteUtVTHdyWlJvdGxnNFZjRFRsT2pLMVBIUEpxMVpKdkF5U3FXaGlYYlV5SnpuZGJWdDhqYzdVYkQ3YzItZXhUcjNocmZBX2ZtVUpJOURMYzI2ZkUySmFSQWNGM0otYWVvbGhiVEFEaDRKWDZEMHdkVEN5ZzQteVhlUGE5dWY0dQ?oc=5,en,2026-08-24,
What it's like to ride in a Corvette on a racetrack,USA Today,usatoday.com,usatoday.com,2026-08-24,https://www.usatoday.com/story/cars/2026/08/24/driving-chevrolet-corvette-race-track-freedom-250/91446975007/,en,2026-08-24,
"Iran war approval ratings hit new low, poll finds",USA Today,usatoday.com,usatoday.com,2026-08-24,https://www.usatoday.com/story/news/world/2026/08/24/iran-war-approval-ratings-new-low-poll/91447768007/,en,2026-08-24,
How to get a student loan with a low income,USA Today,usatoday.com,usatoday.com,2026-08-24,https://www.usatoday.com/story/money/money-management/credit-debt/how-to-get-a-student-loan-with-a-low-income/91447269007/,en,2026-08-24,
Supreme Court says challenge to Trump mail ballot order was premature,USA Today,usatoday.com,usatoday.com,2026-08-24,https://www.usatoday.com/story/news/politics/2026/08/24/supreme-court-trump-mail-ballot-postal-service/91090866007/,en,2026-08-24,
"Fox News – Emily Compagno on 'The Five,' replacing Jeanine Pirro",USA Today,usatoday.com,usatoday.com,2026-08-24,https://www.usatoday.com/story/entertainment/tv/2026/08/24/emily-compagno-the-five-co-host/91446476007/,en,2026-08-24,
"President Trump, battling low approval ratings, slams 'fake polls'",USA Today,usatoday.com,usatoday.com,2026-08-24,https://www.usatoday.com/story/news/politics/2026/08/24/trump-blames-fake-polls-demoralizing-republicans/91446062007/,en,2026-08-24,
Trump makes unfounded autism connection to childhood vaccines,USA Today,usatoday.com,usatoday.com,2026-08-24,https://www.usatoday.com/story/news/politics/2026/08/24/trump-unfounded-autism-connection-mmr-vaccine/91447347007/,en,2026-08-24,
"What Trump, DeSantis, Ossoff, other politicians say about data centers",USA Today,usatoday.com,usatoday.com,2026-08-24,https://www.usatoday.com/story/news/politics/2026/08/24/politicians-data-centers-stances-trump-ossoff-shapiro-abbott/91444197007/,en,2026-08-24,
"Jed York arrest on prostitution charge, plea deal could lead to NFL punishment",USA Today,usatoday.com,usatoday.com,2026-08-24,https://www.usatoday.com/story/sports/nfl/2026/08/24/jed-york-arrest-nfl-statement-punishment/91442585007/,en,2026-08-24,
"Trump administration seeks fee of over $100,000 for H-1B worker visas",USA Today,usatoday.com,usatoday.com,2026-08-24,https://www.usatoday.com/story/news/politics/2026/08/24/trump-worker-visas-immigration/91445839007/,en,2026-08-24,
What is Trump's stance on data centers? He says 'mistake' to reject it,USA Today,usatoday.com,usatoday.com,2026-08-24,https://www.usatoday.com/story/news/politics/2026/08/24/donald-trump-data-centers-mistake/91438730007/,en,2026-08-24,
Trump's Canada trade war is sinking GOP's midterm hopes,USA Today,usatoday.com,usatoday.com,2026-08-24,https://www.usatoday.com/story/opinion/columnist/2026/08/24/us-canada-trade-dispute-tariffs-republicans-midterms/91442611007/,en,2026-08-24,
Iconic Smoot-Hawley movie scene may be top of mind amid Trump tariffs,USA Today,usatoday.com,usatoday.com,2026-08-24,https://www.usatoday.com/story/money/2026/08/24/ferris-bueller-smoot-hawley-scene-trump-tariffs/91443798007/,en,2026-08-24,
Jed York became 49ers owner after NFL shunned uncle Eddie DeBartolo Jr.,USA Today,usatoday.com,usatoday.com,2026-08-24,https://www.usatoday.com/story/sports/nfl/49ers/2026/08/24/jed-york-nfl-owner-eddie-debartolo-uncle-bribe-donald-trump/91445430007/,en,2026-08-24,
Karoline Leavitt reveals plans for life after White House,USA Today,usatoday.com,usatoday.com,2026-08-24,https://www.usatoday.com/story/news/politics/2026/08/24/karoline-leavitt-next-job-white-house/91441709007/,en,2026-08-24,
Data center backlash is overtaking 2026 midterm elections,USA Today,usatoday.com,usatoday.com,2026-08-24,https://www.usatoday.com/story/news/politics/elections/2026/08/24/data-centers-trump-midterm-elections/91442283007/,en,2026-08-24,
"From Canada to Iran, how US economic pressure impacts your wallet",USA Today,usatoday.com,usatoday.com,2026-08-24,https://www.usatoday.com/story/money/economy/2026/08/24/trump-canada-iran-beef-price-impact/91442837007/,en,2026-08-24,
"US launching 'economic onslaught' against Iran, Bessent says",USA Today,usatoday.com,usatoday.com,2026-08-24,https://www.usatoday.com/story/news/politics/2026/08/24/economic-sanctions-iran-war-bessent/91443470007/,en,2026-08-24,
Dethroned Miss North Carolina USA Brittany Boltinhouse sues Miss USA,USA Today,usatoday.com,usatoday.com,2026-08-24,https://www.usatoday.com/story/entertainment/celebrities/2026/08/24/miss-north-carolina-usa-brittany-boltinhouse-defamation-lawsuit/91443594007/,en,2026-08-24,
Democrats play right into GOP's hands by diminishing 'woke',USA Today,usatoday.com,usatoday.com,2026-08-24,https://www.usatoday.com/story/opinion/columnist/2026/08/24/woke-meaning-republicans-democrats-redefine-policy/91341106007/,en,2026-08-24,
"Trump threatens 50% tariff on Canadian auto imports, escalating fight",USA Today,usatoday.com,usatoday.com,2026-08-24,https://www.usatoday.com/story/news/politics/2026/08/24/trump-automobile-tariffs-canada-carney-trade-war/91439620007/,en,2026-08-24,
Measles arrives in Pittsburgh. See school vaccine rates in Allegheny,USA Today,usatoday.com,usatoday.com,2026-08-24,https://www.usatoday.com/story/news/state/pennsylvania/pittsburgh/2026/08/24/measles-pittsburgh-school-vaccine-rates-allegheny/91402686007/,en,2026-08-24,
"Make Your Speech contest tools, resources for teahers, parents",USA Today,usatoday.com,usatoday.com,2026-08-24,https://www.usatoday.com/story/news/usa250/2026/08/24/make-your-speech-contest-tools-resources-for-teahers-parents/91198965007/,en,2026-08-24,
ICE detiene al padre de un marinero del USS Abraham Lincoln,USA Today,usatoday.com,usatoday.com,2026-08-24,https://www.usatoday.com/story/news/nation/2026/08/24/uss-abraham-lincoln-padre-marinero-detenido-ice/91438929007/,es,2026-08-24,
Fans in Canada boo USA anthem at MLS games after trade talks collapse,USA Today,usatoday.com,usatoday.com,2026-08-24,https://www.usatoday.com/story/sports/soccer/mls/2026/08/24/canada-fans-boo-usa-anthem-mls-games-tariffs/91439727007/,en,2026-08-24,
"Trump, Dr. Oz and what to know about the MMR vaccine controversy",USA Today,usatoday.com,usatoday.com,2026-08-24,https://www.usatoday.com/story/life/health-wellness/2026/08/24/trump-dr-oz-mmr-vaccine-controversy/91439656007/,en,2026-08-24,
US cancels joint marine drills with South Korea due to Iran war,USA Today,usatoday.com,usatoday.com,2026-08-24,https://www.usatoday.com/story/news/world/2026/08/24/us-south-korea-drills-iran-war/91437675007/,en,2026-08-24,
Father of USS Abraham Lincoln sailor in immigration detention,USA Today,usatoday.com,usatoday.com,2026-08-24,https://www.usatoday.com/story/news/politics/2026/08/24/father-uss-abraham-lincoln-sailor-immigration-detention/91437487007/,en,2026-08-24,
"Why did Hakeem Jeffries, Jared Kushner meet in NYC?",USA Today,usatoday.com,usatoday.com,2026-08-24,https://www.usatoday.com/story/news/state/new-york/new-york-city/2026/08/24/why-did-hakeem-jeffries-jared-kushner-meet-in-nyc/91438071007/,en,2026-08-24,
"Natalie Harp joins Trump, family at Freedom 250 Grand Prix",USA Today,usatoday.com,usatoday.com,2026-08-24,https://www.usatoday.com/story/news/politics/2026/08/24/natalie-harp-trump-family-freedom-250-grand-prix/91438585007/,en,2026-08-24,
Stephen Colbert makes rare appearance after 'The Late Show' end,USA Today,usatoday.com,usatoday.com,2026-08-24,https://www.usatoday.com/story/entertainment/tv/2026/08/24/stephen-colbert-rare-appearance-late-show-award/91438291007/,en,2026-08-24,
Democratic governors tout part of Trump’s signature law they opposed,USA Today,usatoday.com,usatoday.com,2026-08-24,https://www.usatoday.com/story/news/politics/2026/08/24/trump-democrat-governors-rural-healthcare-big-beautiful-bill/91303746007/,en,2026-08-24,
Trump moves to reshape White House’s South Lawn,Washington Post,washingtonpost.com,washingtonpost.com,2026-08-24,https://www.washingtonpost.com/politics/2026/08/24/trump-moves-re-slope-white-houses-south-lawn/,en,2026-08-24,
IndyCar drivers roar through D.C. streets in Trump’s Freedom 250 Grand Prix,Washington Post,washingtonpost.com,washingtonpost.com,2026-08-24,https://www.washingtonpost.com/dc-md-va/2026/08/23/grand-prix-race-kick-off-dc-streets-trump-hosted-250th-celebration/,en,2026-08-24,
Trump’s bullying has backfired,Washington Post,washingtonpost.com,washingtonpost.com,2026-08-24,https://www.washingtonpost.com/opinions/2026/08/24/trumps-attempts-intimidate-home-abroad-have-backfired/,en,2026-08-24,
"Trump announces tariffs on Canadian vehicles, steel in escalation of trade war",Washington Post,washingtonpost.com,washingtonpost.com,2026-08-24,https://news.google.com/rss/articles/CBMivAFBVV95cUxPNW84WmlYQUhTTFBGRkRjRGV0RFl0Skh3c09MTXd0RjJ4UWVYalg3ZEJJUmltVFh2YlZqZ3NtVW1oWGRhNXV1elc3Q0ZfRXFCdWtoSVV0NlItRV91c25SUkV3cF96bXVKSzVBcnRTYVA2S1pjSVI1bzRmMmVrTzA3bURUdnEzMFcwWU5zTGIzdG94RjhqemM5cXpKY0pGNC12d1FUYy1oM1k2LTh0QmJJa0RsQzFnVngxRVVJNA?oc=5,en,2026-08-24,
Opinion | Trump’s bullying has backfired,Washington Post,washingtonpost.com,washingtonpost.com,2026-08-24,https://news.google.com/rss/articles/CBMiqAFBVV95cUxOaUJhdi1wMXpTM3R0ei1KTDY1MW12R21VLTIxMVZKZ2luU1NOWVA0Ukp0UWtXdE9POFo1LWlkcG9pSDM3QlV2QndzWlRXSHQtWlJtWGJkaFVpLUcxMDF4V3BSbXJlVTFSQXRKbUkwa2NDMFZneGJ2enN4NUhKT0tNSGowaU82LXExTmc2Ni1jbXY0UDVyM1RmZm5SbmdQUkZfRENTWVlnRks?oc=5,en,2026-08-24,
Trump’s school voucher program could become a public school cash machine,Washington Post,washingtonpost.com,washingtonpost.com,2026-08-24,https://news.google.com/rss/articles/CBMiswFBVV95cUxOUmE3T21DcWN6ejItM0taMzBRVjVSZlVYZE9VdTlDQl94NElmVkdrWXk4YWtaUkpjdUlfdndpbU1BamMwZjdia21RcXFmZ1M4LTV5VnhWTk5CWlFfQTkyVkpSeUxtaUtQWjhqZVdjX1BJY2MxZnVfNVhsald5VlZOVVlDbUZGMVhvQkRBQVhHTlRnNjNFcDlqMDR2MVJzNEtCY1hJS3dCVVFsdkczV1ZkZ2YtRQ?oc=5,en,2026-08-24,
"Secret White House bunker undercuts Trump’s ballroom lawsuit, ex-officials say",Washington Post,washingtonpost.com,washingtonpost.com,2026-08-24,https://news.google.com/rss/articles/CBMixwFBVV95cUxPRG0yU1RpS1pST0xTRjJxS0lqT1ZEbEhuVzlsb2xGOWVGVEJXTExGVzZXSDRER0l4dW42VWMtY255Z1o4SG9ZNmo2ODlTRWNjR2pVWVAyVEx1eHhrSVpTWVpPUTFiMzJ5X2VPRS03RlZkMlVuNTNNN1V1d1VPaTczRWxpWUh2YUdKcFJaX1NOazA0QUpMR1BxeFlGcnBCTGFCcER4em1qWDRFZUVTMmNERWVjTmpBcFpYR1hRZUtpX2JfYlpIa0Rr?oc=5,en,2026-08-24,
A US envoy clarifies his comments on Golan Heights that contradicted Trump's position,Washington Post,washingtonpost.com,washingtonpost.com,2026-08-24,https://news.google.com/rss/articles/CBMizwFBVV95cUxNZkJMZElQSzFTTU9fbzU4a2pNakdROFF4bGFnS2Y0WjB3Rm5SbHJNeklDeHFOX1ZRaDFVZlE5anJDQXhmYzVHOFZvbjhaZF9LR3czM0RMOGROREpuQ3QzUzlkcl9jTFVaUnZkbjl2RUVTY1FQbk9wdlk5WDZWam10RjhIU0wwOWdua3lXVldyWS1TSnpoYmJ1VmltekdrR2pqNWZ1THpVZE85U3VnOGJwcHlYLXd4Mk56WUlZZkVWZU5vMXBlRE5yeWNkejducjQ?oc=5,en,2026-08-24,
Jamieson wins Nexo Championship at Trump's course in Scotland for first title in 14 years,Washington Post,washingtonpost.com,washingtonpost.com,2026-08-24,https://news.google.com/rss/articles/CBMi3wFBVV95cUxORmRzTWtBV3k2YU82NnJfc3ZYLVVhN0N1YlVjNVRweU96VjRhVnp4aVlEX3d1OGYxczI4SmEyLU1GQXo0SjEzMTZJOC1pcWtzQ2JyaXpDdjNLMnRPWGRzT09nSl9NZmt2TGc0WC1qMWg2RGpKLUJpXzlTRW9lTGxBTG1EV3hNM1hYUTFYWjhWNVZXWVdocG9xU3RRN0dCLW5LdU5hV01wdm1NU3R0ZU1ydVFZaG1xdTAyZGljZkNFdUlWOW5pTm9uR2JGZzlfZUZGNjc2MFBkVHJtd1pPU0pJ?oc=5,en,2026-08-24,
Carney warned about economic coercion. Now Trump is testing the Canadian prime minister,Washington Post,washingtonpost.com,washingtonpost.com,2026-08-24,https://news.google.com/rss/articles/CBMi5AFBVV95cUxPbDAzWWpqUlZNdUIxZjJ4LVZhbEZ6NlMxZHI0OUdHcWM0ZWlaenoyLU4yTmY0YmpkRHJrbWU2WjNzUmYtRkZiZGNJWS02c280M3lWUWV4UThFcDFwdEI0NHQwTEpCWVktczc0WkZtMWFWMnJ5UHJjSEJ3d0djemlKUnhCZmdTZWRzenV3TWZIenZrdmRNeXlWUkFXNGp2UjZkYkJOZ1VGZFA0TnhoNklpT3ZpeWpSRWgySEpLanpyZ09JZ0pybUUyOVRVZGtOUmhZM3haSk5VY0FzNXRnTTJpRGRkR2E?oc=5,en,2026-08-24,
Why Trump’s tariffs could last years,Washington Post,washingtonpost.com,washingtonpost.com,2026-08-24,https://news.google.com/rss/articles/CBMisgFBVV95cUxQbHNyVkp3N1M5Q01CMmpkRjRSOE9WU0NhcVZ2aWRmd0REMFV2aWFQVDNMYXJvVHp4b2JmRWhGSXdJYi1yY04yZVZZNndOajJOM1lpbzlfUGN2cVhDNHB6QndfT043Y1BKSHNOR3hyTW9DV0tobmxackdILWpLdlJNRlB3Rzh2aklia2Z2dmdIOUVRWVc3TUJ5dEc2YnVIX3BpU005TnotSTNzWlRZQy04ZnZR?oc=5,en,2026-08-24,
Supreme Court allows Trump to implement parts of his mail-in voting executive order,ABC News,abcnews.go.com,abcnews.go.com,2026-08-25,https://abcnews.com/US/usps-makes-new-rules-mail-ballots/story?id=135879673,en,2026-08-25,
Wife of active-duty Army sergeant deported amid Trump's immigration campaign,ABC News,abcnews.go.com,abcnews.go.com,2026-08-25,https://news.google.com/rss/articles/CBMirgFBVV95cUxNdC1SM3pfUXZCTG5rNi0xQ1A3c0pYYlJRVXVGcmRQR2o5OFd0cWs3Y3RCWDlDTlIxNG5JeW5XQ1RpQ2cxQWxGQ1dfNVd3WU8tYlhickRMNl9GdWVZV3h3d2g1andGNVhPWW50THphemI5NnZsMFdCOFFLc2IzczdPTHFZUVVuU1I2VVptaEIySFA4ZThMLTJxTzNVeHNVOVZjN1d3TlBxdHFTWjJoRkHSAbMBQVVfeXFMTWFZSmM1djlDczRxMWxEMUJsR3FUUVZGOGQ3b3BNbTdtN1ZMTTR6SzlwUkM4cVFXQ0xnVE9hV0NvcGU2UzFwM0NDT1FaS2RXR0ZCZC1rNmZ6MEp5a296Q1FzYlUxMGlQVlRsYVFtVWdabXRCUDRLZExLRXFSS1NxNUc4UHZPcTBrR1ZYZG80V1hqOUNxd0pTTVluMm12dC1zbnU0OXdRaXFWUE9IYWhYcTYtSms?oc=5,en,2026-08-25,
Video Supreme Court clears way for parts of Trump's executive order on mail-in ballots,ABC News,abcnews.go.com,abcnews.go.com,2026-08-25,https://news.google.com/rss/articles/CBMiTEFVX3lxTE5QWk1fczZnb2pDTjJHd3FYWVFlS2QybkItS2VIT3lrbmg4amZ3QlhuRnRrc2lVSVNSZDg3M2pmTjNzTGVYeExSR1JZTGY?oc=5,en,2026-08-25,
'Bully': Feud erupts between Trump and Ontario's Doug Ford over US-Canada trade war,ABC News,abcnews.go.com,abcnews.go.com,2026-08-25,https://news.google.com/rss/articles/CBMimAFBVV95cUxORng2eU5QQWk1a21qSHlmMjZGR1ExSDh6NXAyNW1HZkd3ZE9HWl81SFRyT0xEcjJQTVg4bFBoT3ZMekNwN3pHd1cxZXBvSndhRkpseFZOM2hpalJidkd4VUl6bUpuTHN6cFgzUkszSVdzeFdLYlZ4NTJ5TFozNWYxdG5sWVhYaVJSN1hydWk3RzlERE1HNHVGUNIBngFBVV95cUxNWmljYjB6Vms3NUV3Qzg0MWxQcUo5VFI2RzFTTzNmSmhYM0VMODlDTjhfT19uaXhaOVM5azhnNXlJTEV3aFk5M3NWdnFxaEZsRVV6VzdGbGdpeEF6UG84cS1kNFVNT01oN21SODg3ajZ1SzdYZVozd2RuczViT3VGeUtTYjY5TmpqVV9YLWFtZTBJd3JpVENwVGM4c21WUQ?oc=5,en,2026-08-25,
Video Supreme Court allows Trump administration to advance plan on mail-in voting,ABC News,abcnews.go.com,abcnews.go.com,2026-08-25,https://news.google.com/rss/articles/CBMiTEFVX3lxTE15RlNLOXZXY3RfSmhLTlN4UllVOG1PajNHNVBheGlGMDhIbk5MLV9IYU1NZmd3ck8yaTA1R19CcXVoWXg0SmZ2YkhTTWk?oc=5,en,2026-08-25,
"How China Is Caught in Trump, Bessent’s Push for Economic D-Day for Iran",Bloomberg,bloomberg.com,bloomberg.com,2026-08-25,https://www.bloomberg.com/news/articles/2026-08-25/how-china-is-caught-in-trump-bessent-s-push-for-economic-d-day-for-iran,en,2026-08-25,
Trump Laments Lack of US Aluminum Amid Trade Row With Canada,Bloomberg,bloomberg.com,bloomberg.com,2026-08-25,https://www.bloomberg.com/news/articles/2026-08-25/trump-laments-lack-of-us-aluminum-amid-trade-row-with-canada,en,2026-08-25,
"Canada to Unveil Trump Tariff Response Including Loans, Benefits",Bloomberg,bloomberg.com,bloomberg.com,2026-08-25,https://www.bloomberg.com/news/articles/2026-08-25/canada-to-unveil-trump-tariff-response-including-loans-benefits,en,2026-08-25,
South Korea Vows to Turn Trump Overtures into North Korea Talks,Bloomberg,bloomberg.com,bloomberg.com,2026-08-25,https://www.bloomberg.com/news/articles/2026-08-25/south-korea-vows-to-turn-trump-overtures-into-north-korea-talks,en,2026-08-25,
"What Trump's New $100,000 H-1B Visa Fee Could Mean for India",Bloomberg,bloomberg.com,bloomberg.com,2026-08-25,https://www.bloomberg.com/news/videos/2026-08-25/trump-s-new-100-000-h-1b-visa-fee-s-impact-on-india-video,en,2026-08-25,
Trump’s Trade Wars Are Latest Threat to Jaded Asia Investors,Bloomberg,bloomberg.com,bloomberg.com,2026-08-25,https://www.bloomberg.com/news/newsletters/2026-08-25/trump-s-trade-wars-are-latest-threat-to-jaded-asia-investors,en,2026-08-25,
Supreme Court Sides With Trump for Now on Mail Ballot Curbs,Bloomberg,bloomberg.com,bloomberg.com,2026-08-25,https://news.google.com/rss/articles/CBMitAFBVV95cUxNbmRzRXBYYWtDNkFUeTBNVEduMW0zNXYwbk00M0hrZTJBbU1ySElWNTAzTmY1UEwwSmh4eTZKQWh4Z0tsN2ZtYTREaEo1ckxfdnM4VC1MUzU1cWdmZVN4Z1VWbVhpNkN4YmxUUEVJN3lhODBqdmNHTVBLd1ZQS3kyOTdNd2lXakRLR3ZjX0R1RE84U29Bd0s5QWkwRTVJbGtWUFNyYW1JZFZ1LTd5LXNfXzhNcjE?oc=5,en,2026-08-25,
"Tariff-Driven Inflation Risks Return With Trump Moves on Canada, Iran",Bloomberg,bloomberg.com,bloomberg.com,2026-08-25,https://news.google.com/rss/articles/CBMixwFBVV95cUxQa2U4ZkJpTGtHMkQwUkpNNUxiVnM3bHN6azlxa2tWY0twTGMyRVNXYTFNNlo2REx4TDhEYTZmX2s3QlNnN3dsZXpIaVBfTU5sOU1aZzVXcGVVdzhNcnVTeUJvRFRoN21QcHdFQUpUYlIzZFVfRk8tWTVUUDRMZjA0NVA4VnRfZkp3eGk5eGJ4b0JPSS1BR1dveDdYOWdsRzBaNFk4WGZIYUR0ZVhHVXBJajQ2YmFiYjc1ZWRYeE1TbHA0U3Y3NWxR?oc=5,en,2026-08-25,
"US set for largest mass visa revocation in history targeting up to 200,000 foreigners, officials say",NPR,npr.org,npr.org,2026-08-25,https://www.npr.org/2026/08/25/nx-s1-5944058/us-largest-mass-visa-revocation-200-000-foreigners,en,2026-08-25,
"Jeffries Defends Kushner Meeting, Vowing Tough Oversight of Trump",New York Times,nytimes.com,nytimes.com,2026-08-25,https://www.nytimes.com/2026/08/24/us/politics/jeffries-kushner-meeting-trump-oversight.html,en,2026-08-25,
Trump Administration Aims to Revoke Visas of Foreign Citizens Applying for Asylum,New York Times,nytimes.com,nytimes.com,2026-08-25,https://www.nytimes.com/2026/08/24/us/politics/trump-mass-visa-revocation-asylum.html,en,2026-08-25,
Canada Is Done With Trump,New York Times,nytimes.com,nytimes.com,2026-08-25,https://www.nytimes.com/2026/08/25/podcasts/the-daily/canada-is-done-with-trump.html,en,2026-08-25,
‘He’s all in’: Trump tests his sway over the GOP with Darline Graham,Politico,politico.com,politico.com,2026-08-25,https://www.politico.com/news/2026/08/25/trump-test-darline-graham-south-carolina-01048663,en,2026-08-25,
Supreme Court lifts one block on Trump mail-in voting plan,Politico,politico.com,politico.com,2026-08-25,https://news.google.com/rss/articles/CBMikwFBVV95cUxOTEhKV0ZzeWZEdlljanB1bFh0ektBczZSREFpMG94S1lucTNXMXN4RjlpSjhrOTVIVzhha2FOLUN4NmhlZG5yQzBmb3Q1Rmk0TVlrS2QxZDRMbGpWM2poTW4zeEI1ZHdQN1lhOW44WDZMWWRYTkVsVnMyTFJYZ09TLVpOV3E5djdBeEo0ZEdHbnUwMUE?oc=5,en,2026-08-25,
Trump reminds voters that trade wars are also affecting prices,Washington Post,washingtonpost.com,washingtonpost.com,2026-08-25,https://www.washingtonpost.com/politics/2026/08/25/trump-tariffs-canada-risks-political-fallout-republicans/,en,2026-08-25,
Trump’s trade ‘war’ with Canada has Carney facing his biggest test yet,Washington Post,washingtonpost.com,washingtonpost.com,2026-08-25,https://www.washingtonpost.com/world/2026/08/24/trumps-trade-war-with-canada-has-carney-facing-his-biggest-test-yet/,en,2026-08-25,
Supreme Court eases path for Trump’s sweeping limits on mail-in balloting,Washington Post,washingtonpost.com,washingtonpost.com,2026-08-25,https://news.google.com/rss/articles/CBMiuAFBVV95cUxNRXpmRXpPQlBXSGpjSzVkajA3cF9xRmlVcnVxaXo1Rm8yWWNUU1JHVjJrTTUtRkw3cVF2aXNPdVNBcVhnb1NsSmh6UWZZQlVBdDJ5TVVtZWhoeW5jNkxFMjZMUTlGYXBqVE9WZVhyTlFScW9WQTJRVURDNnRPc3YyUGs4cy1seFhUMWZTLVh0U21FbUpzVVJhRXNBc0NibHdHUDVQRE1fRUZMOHhINFV2dlN6TFRHOWpx?oc=5,en,2026-08-25,
Trump moves to reshape White House’s South Lawn,Washington Post,washingtonpost.com,washingtonpost.com,2026-08-25,https://news.google.com/rss/articles/CBMinAFBVV95cUxOZ3pnTXkzTml3UU9ud2M3dEc0eExUTElzanJucWR4M2pCNHN2eXVFMEg3aWdvT2VKeHV1UTF2N3VzdFpMWGVBS2Q3S1BYR1N0TVJrdzFsRGtvRmJZX0lFQWt1NkswTVV0UDFHS0h2WmZVWDNoV1JYTmdpMFNtWTFualF3dU9jeHBNVVdORWU5dTgzZ2xtbU9nUHhua3U?oc=5,en,2026-08-25,
"Trump administration proposes $103,000 fee for H-1B visas after legal setback",Washington Post,washingtonpost.com,washingtonpost.com,2026-08-25,https://news.google.com/rss/articles/CBMixAFBVV95cUxPZGlMenMwT3ZOUjB2dkMtTXdDUXN1Nml1ZXZPYllFMExKNFdidTJFMzVBOFd1Wm1Da3BEVHNqYzA2bGRmbXNKeGh1VG4zbjNNbElmcVFiTTVaZEZnY3BPLWZsM1ZpWFY3RmxlX3g4NlYxMnVEbUxneG1lQUF5bzFmbjAtbkhVUy1jcUtKSXdJOGhaVlRJckdJZDRaeTJFYXNZSlVVS193eGpHTVJMN1RKMXpqX1FBNTRQYWhqZUt1d3R5cDdE?oc=5,en,2026-08-25,
Trump administration dives into U.N. secretary general race,Washington Post,washingtonpost.com,washingtonpost.com,2026-08-25,https://news.google.com/rss/articles/CBMiugFBVV95cUxOTGx0a2tGNGw0UXJlQURhaXUxTlVpUjBxWmc2WHVkbHc1MW9UWVdHMGZYQmYyU0gzRTJOancwS1hJQmdrd192RjJpSDZKNGhONjRKTC1MdmFZczVVYXFhZGtWS043YTg0SUxUQjQta3ozWWpjWDB3V1o5eWUzM0dCMVgtOHNoWUR1YlRwRWxEQUdtdjcxVkphV2lWYnIzMkExZkVRVGJ6ZDdxZEtRYXZMcjcwalFHN2o3TUE?oc=5,en,2026-08-25,
Wife of active-duty Army sergeant is deported to Honduras under Trump's immigration crackdown,Washington Post,washingtonpost.com,washingtonpost.com,2026-08-25,https://news.google.com/rss/articles/CBMi0AFBVV95cUxQSng1cXA0MUtMQmtORm11OU53bVpkajUtbE4tTk4yOHlSSXBENGVqREp5eUpiS3cxUE1Ob1hneExmVnV4ZHZOaGppQnVaQzVvLTFCMEFMclZPdVZwZDl5WkxpRjRRWXNBUjJreGtCRDNPbGF1aC1CclFtelVIUFRxNzh2THZKLVp2MHlMZGhIY2tlNUdXcnBCOG0yYzFXRmJEZU5oZWUteFg5TUt1dkRYeEI2aWpXdWhadDlOaC1KdW8tczRGNkUyU2VxbE1sX1RS?oc=5,en,2026-08-25,
"Trump moves toward levying new tariff on China for flooding market with cheap goods, AP sources say",Washington Post,washingtonpost.com,washingtonpost.com,2026-08-25,https://news.google.com/rss/articles/CBMi0AFBVV95cUxQUmJTRlZEZFpqZWJUaGlsR0NuRnFkM2VuRnBRWDlZTmVxR1VIUjhQZjJvdXEwLTZiRXZjU1BzdVVGQy1vQ0QwX25FQ0MzTk5IM1dtNWVGN3U1a01yZ28zYkVkcEk4MVgzLVJrZ2NhZ1h2WHBLZDJrVzl2ejFFLWNLYk52Nnd5NERleDlBNEdteHJPV2V3OENfT0tGTTFodXpEMGFxSG1qTEtXdzV0YXVfZWNhQmxxWHhSYkE3RVBHX1BTdmNaRzBkcTViZFZ1clhQ?oc=5,en,2026-08-25,
Tracking Trump: Trump threatens new Canadian tariffs; a proposed $100k H-1B visa fee; a secret White House bunker; and more,Washington Post,washingtonpost.com,washingtonpost.com,2026-08-25,https://news.google.com/rss/articles/CBMi_gFBVV95cUxNQ25FMXNQTXkzRk80NThZZEdfbTdwekdpVGVaR1hyenhhME92OHVmS3JybE9RUVlJeHpQMVpxS3BFRHlJQmdIMVM5eGN1aVAwc2ZBbVZaUktXNkxMdEVkY3ZNb19vSTRwUGNIRHBPYVJZNENtcEI5RjhOUVhvRHV2X2xpOHNTcko3RHJYOG1NVTRqWUlLRHhWY3NLREZZMDVxcUpNZDRjMjNjdE16bVp1Qng0QkdXaWZYaUN6R3dZYXhhU05hdGRXTTRvUm1ULUtDMUVIbXpBMmtpV2lNMWdnZHd6YWNUb3BqbWNwQ2R5LW1oU2lwTlk0cHNMODN1QQ?oc=5,en,2026-08-25,
