title,outlet,media_url,media_name,publish_date,url,language,date,debate_performance
The GOP senators Trump disrespected are now interrogating his nominees,Politico,politico.com,politico.com,2026-07-15,https://www.politico.com/news/2026/07/15/trump-attorney-general-cdc-cornyn-tillis-cassidy-blanche-schwartz-00999854,en,2026-07-15,
Ukraine and its allies hope Graham isn’t their last friend with Trump’s ear,Politico,politico.com,politico.com,2026-07-15,https://www.politico.com/news/2026/07/15/ukraine-allies-graham-trump-00998902,en,2026-07-15,
Trump’s $1.5T defense budget is in trouble,Politico,politico.com,politico.com,2026-07-16,https://www.politico.com/news/2026/07/16/trump-1-5t-defense-budget-in-trouble-01001342,en,2026-07-16,
Red states reject Trump’s shift on overdose prevention,Politico,politico.com,politico.com,2026-07-18,https://www.politico.com/news/2026/07/18/overdose-drugs-kennedy-trumps-harm-reduction-overdose-01004038,en,2026-07-18,
Democrats search for options to halt Trump’s renewed attacks on Iran,Politico,politico.com,politico.com,2026-07-20,https://www.politico.com/news/2026/07/20/democrats-search-for-options-to-halt-trumps-renewed-attacks-on-iran-01005619,en,2026-07-20,
Trump’s Iran trap,Politico,politico.com,politico.com,2026-07-22,https://www.politico.com/newsletters/playbook/2026/07/22/trumps-iran-trap-01007529,en,2026-07-22,
Trump’s air war in Iran may be reaching its limits,Politico,politico.com,politico.com,2026-07-22,https://www.politico.com/news/2026/07/22/trumps-air-war-iran-limit-01008948,en,2026-07-22,
"House Republicans pass hard-right defense bill, handing wins to Trump",Politico,politico.com,politico.com,2026-07-22,https://www.politico.com/news/2026/07/22/house-republicans-pass-defense-bill-01008493,en,2026-07-22,
House and Senate split on votes to rebuke Trump on Iran war,Politico,politico.com,politico.com,2026-07-23,https://www.politico.com/news/2026/07/23/house-iran-war-vote-trump-01009492,en,2026-07-23,
Trump says Iran will be held responsible for future Houthi attacks,Politico,politico.com,politico.com,2026-07-23,https://www.politico.com/news/2026/07/23/donald-trump-iran-war-houthis-attacks-01009389,en,2026-07-23,
A cancer diagnosis may not be enough: Trump and Democratic states clash in court over who’s too sick to work,Politico,politico.com,politico.com,2026-07-28,https://www.politico.com/news/2026/07/28/trump-dems-court-battle-over-medicaid-work-requirements-01013114,en,2026-07-28,
Trump administration to dispense $600M for vaccines RFK Jr. held up,Politico,politico.com,politico.com,2026-07-29,https://www.politico.com/news/2026/07/29/gavi-vaccines-rfk-rubio-thimerosal-autism-01016663,en,2026-07-29,
"Dasha Burns presses Mike Johnson on the economy, Iran and Trump's agenda",Politico,politico.com,politico.com,2026-08-05,https://www.politico.com/video/2026/08/06/dasha-burns-presses-mike-johnson-on-the-economy-iran-and-trumps-agenda-2126613,en,2026-08-05,
"Anti-Trump conservatives Tucker Carlson, MTG, Massie huddle about launching third-party movement",Politico,politico.com,politico.com,2026-08-05,https://www.politico.com/news/2026/08/05/tucker-carlson-mtg-thomas-massie-joe-kent-trump-01025860,en,2026-08-05,
Trump-backed candidate in battleground Michigan district loses to opponent who dropped out,Politico,politico.com,politico.com,2026-08-05,https://www.politico.com/news/2026/08/05/hassan-loses-michigan-house-primary-tom-smith-01025316,en,2026-08-05,
Trump admin defunds abstinence-only programs in chaotic budget cuts,Politico,politico.com,politico.com,2026-08-06,https://www.politico.com/news/2026/08/06/trump-admin-cuts-teen-pregnancy-prevention-funds-01027294,en,2026-08-06,
The Trump admin offered sick Medicaid patients a 1-year lifeline. These red states are rejecting it.,Politico,politico.com,politico.com,2026-08-09,https://www.politico.com/news/2026/08/09/medicaid-work-requirements-exemptions-medical-frailty-01029777,en,2026-08-09,
Capitol agenda: Republicans brace for Trump’s wrath,Politico,politico.com,politico.com,2026-08-10,https://www.politico.com/live-updates/2026/08/10/congress/what-were-watching-01030361,en,2026-08-10,
Cory Mills hopes Trump boost will overcome Ethics headlines in Florida primary,Politico,politico.com,politico.com,2026-08-13,https://www.politico.com/news/2026/08/12/florida-mills-republican-primary-trump-01035412,en,2026-08-13,
Appeals court sides with Trump in fight over subpoena of gender-affirming care provider,ABC News,abcnews.go.com,abcnews.go.com,2026-08-14,https://abcnews.com/Politics/wireStory/appeals-court-sides-trump-fight-subpoena-gender-affirming-135657335,en,2026-08-14,
Trump has a plan to break China’s mineral grip. It needs workers first.,Politico,politico.com,politico.com,2026-08-14,https://www.politico.com/news/2026/08/14/trump-wants-to-break-chinas-mineral-grip-it-needs-workers-first-01038385,en,2026-08-14,
Trump demands threaten Navy's progress,Politico,politico.com,politico.com,2026-08-14,https://www.politico.com/news/2026/08/14/trump-navy-lincoln-concerns-01038360,en,2026-08-14,
Judge blocks Trump administration from moving FBI headquarters to DC office building,ABC News,abcnews.go.com,abcnews.go.com,2026-08-17,https://abcnews.com/Politics/wireStory/judge-blocks-trump-administration-moving-fbi-headquarters-dc-135723932,en,2026-08-17,
"Trump contradicts Vance, says nukes, not oil prices, No. 1 priority in Iran",ABC News,abcnews.go.com,abcnews.go.com,2026-08-17,https://news.google.com/rss/articles/CBMioAFBVV95cUxPUVJralJoS2lvNU5ZaTRfOVdPb1dETGtzdWpaTVlNekV0Vi1vWlYxWkxWT2hPZG55c1ZRZ0U3dzBZSE1BLW9zWWVyQkJxTTJaMzh4ZWhoVjFhVXVWYVEwS2gxN19wbi1zMFVpYldkUUJib0xQeGxyci1YOHdaYjkwa2hmWWtxZGRvYl80WVJNRjY3M19hZ1NmaGVIcjNuQ3lB0gGmAUFVX3lxTE5XN0s4T3pySEFrMF8xeHZYdGpGTVpCOHRzOS04OC13ZHJ5TV9QaXh0bUhJdUlSWXoxTHNidkV0bEtLY1lDcTkwendVOUV2ZUhFOE55UmpCazRjalZQXzZNWGJIM2RtRHMyN3hKSUlrWTZpR3p2MTZFZHVNblVLR25kZDVMQ3hxd0ZxVktrSXM2Ulk3QVlucEd4dlZFVDA0MmZLcXNZMUE?oc=5,en,2026-08-17,
"DOJ Plans to Deploy 1,000 Monitors to Watch Midterm Elections",Bloomberg,bloomberg.com,bloomberg.com,2026-08-17,https://www.bloomberg.com/news/articles/2026-08-17/doj-plans-to-deploy-1-000-monitors-to-watch-midterm-elections,en,2026-08-17,
Trump Raps Seoul and Makes Asia Allies Nervous,Bloomberg,bloomberg.com,bloomberg.com,2026-08-17,https://www.bloomberg.com/news/newsletters/2026-08-17/trump-raps-seoul-praises-kim-making-asia-allies-nervous,en,2026-08-17,
"BHP Profit Jumps On Higher Copper Prices, Record Iron Ore Output",Bloomberg,bloomberg.com,bloomberg.com,2026-08-17,https://www.bloomberg.com/news/newsletters/2026-08-17/brookfield-in-talks-with-reliance-worldwide-bhp-earnings-csl,en,2026-08-17,
Trump Says He’s in No Hurry to End War With Iran,Bloomberg,bloomberg.com,bloomberg.com,2026-08-17,https://www.bloomberg.com/news/newsletters/2026-08-17/trump-says-he-s-in-no-hurry-to-end-war-with-iran,en,2026-08-17,
El magnate venezolano que ayuda a Trump a impulsar acuerdos petroleros de EE.UU.,Bloomberg,bloomberg.com,bloomberg.com,2026-08-17,https://www.bloomberg.com/news/articles/2026-08-17/alejandro-betancourt-gana-poder-en-el-petroleo-de-venezuela-msxczkjw,es,2026-08-17,
Trump’s Big Bend Border Project Paused After Bulldozers Arrive,Bloomberg,bloomberg.com,bloomberg.com,2026-08-17,https://www.bloomberg.com/news/articles/2026-08-17/trump-s-big-bend-border-project-paused-after-bulldozers-arrive,en,2026-08-17,
US-Canada Trade Talks Are Bogged Down by Auto Sector Tariffs,Bloomberg,bloomberg.com,bloomberg.com,2026-08-17,https://www.bloomberg.com/news/articles/2026-08-17/trump-tariffs-on-canada-auto-rules-block-deal-before-aug-19-deadline,en,2026-08-17,
Trump Says North Korea’s Kim Jong Un Replied to Overtures,Bloomberg,bloomberg.com,bloomberg.com,2026-08-17,https://www.bloomberg.com/news/articles/2026-08-17/trump-says-north-korea-s-kim-jong-un-replied-to-call-for-talks,en,2026-08-17,
Oil Gains as the US Signals No Rush to End Conflict With Iran,Bloomberg,bloomberg.com,bloomberg.com,2026-08-17,https://www.bloomberg.com/news/articles/2026-08-17/latest-oil-market-news-and-analysis-for-aug-18,en,2026-08-17,
How Trump Shapes DC Life Beyond Politics,Bloomberg,bloomberg.com,bloomberg.com,2026-08-17,https://www.bloomberg.com/news/newsletters/2026-08-17/indycar-comes-to-dc-as-trump-shapes-city-life-beyond-politics,en,2026-08-17,
US-Iran Peace Prospects Dim With Trump in No Hurry for a Deal,Bloomberg,bloomberg.com,bloomberg.com,2026-08-17,https://www.bloomberg.com/news/articles/2026-08-17/trump-threatens-to-bomb-oman-if-it-gets-in-way-of-us-fox-news-msx5rdoc,en,2026-08-17,
The American Dream Now Comes With a Survival Guide,Bloomberg,bloomberg.com,bloomberg.com,2026-08-17,https://www.bloomberg.com/opinion/articles/2026-08-17/the-american-dream-now-comes-with-a-survival-guide,en,2026-08-17,
Trump Dashes Iran Peace Deal Prospects as Deadline Passes,Bloomberg,bloomberg.com,bloomberg.com,2026-08-17,https://www.bloomberg.com/news/newsletters/2026-08-17/trump-dashes-iran-peace-deal-prospects-as-deadline-passes,en,2026-08-17,
An Ex-Trump Buddy’s Exit Offers Clues on Venezuela’s Next Phase,Bloomberg,bloomberg.com,bloomberg.com,2026-08-17,https://www.bloomberg.com/opinion/articles/2026-08-17/harry-sargeant-s-venezuela-oil-exit-offers-clues-about-country-s-next-phase,en,2026-08-17,
DOJ Probes William &amp; Mary Over Potential Aid Discrimination,Bloomberg,bloomberg.com,bloomberg.com,2026-08-17,https://www.bloomberg.com/news/articles/2026-08-17/doj-probing-william-mary-scholarships-aid-for-discrimination,en,2026-08-17,
"Watch DOJ's Dhillon on Election Security, Working With Trump",Bloomberg,bloomberg.com,bloomberg.com,2026-08-17,https://news.google.com/rss/articles/CBMirAFBVV95cUxPU2hDVHN1VGZZQ20zS0hCelhmUVhJNjN6YlNyd21BM1BpRHhIdmJYQnNIdG5UaDNzSGZ6ZUpmQmxDTWl3SEVIY0FZSlBjbGF4dHlWaVh2c3JDRFYzUUd2cHJRaFVTVHpPY2xtanhaRk5zdE1aRDcyNDhVNmsyYXFfaVhteXFRcjZaZ3Q1U1dsbmVqR0REM1hqazNVd0hVXzc4NDRXdEdZbFlLTnhx?oc=5,en,2026-08-17,
"Christian leaders, mayor and police chief unite against far-right march planned for Dearborn city council meeting",CBS News,cbsnews.com,cbsnews.com,2026-08-17,https://www.cbsnews.com/detroit/news/dearborn-christian-leaders-speak-out-against-christian-crusader-march/,en,2026-08-17,
"Marine veteran on challenges of multi-month deployment at sea: ""Your daily life is really limited""",CBS News,cbsnews.com,cbsnews.com,2026-08-17,https://www.cbsnews.com/boston/news/marine-deployment-overseas-uss-lincoln-conditions/,en,2026-08-17,
School vaccination rates decline again to record low as exemptions reach new high,CBS News,cbsnews.com,cbsnews.com,2026-08-17,https://www.cbsnews.com/texas/news/school-vaccination-rates-exemptions-record/,en,2026-08-17,
Justice Department asks court to reinstate criminal charges against Kilmar Abrego Garcia,CBS News,cbsnews.com,cbsnews.com,2026-08-17,https://www.cbsnews.com/texas/news/doj-asks-court-reinstate-charges-kilmar-abrego-garcia/,en,2026-08-17,
Trump family's World Liberty Financial approved to become bank,CBS News,cbsnews.com,cbsnews.com,2026-08-17,https://www.cbsnews.com/detroit/video/trump-familys-world-liberty-financial-approved-to-become-bank/,en,2026-08-17,
Colorado cites White House email as key evidence in lawsuit against Trump administration,CBS News,cbsnews.com,cbsnews.com,2026-08-17,https://www.cbsnews.com/colorado/video/colorado-cites-white-house-email-as-key-evidence-in-lawsuit-against-trump-administration/,en,2026-08-17,
Ossoff sharpens attacks on Trump and Collins ahead of midterm election,CBS News,cbsnews.com,cbsnews.com,2026-08-17,https://www.cbsnews.com/atlanta/video/ossoff-sharpens-attacks-on-trump-and-collins-ahead-of-midterm-election/,en,2026-08-17,
Blanche refuses to pledge DOJ's independence from Trump,CBS News,cbsnews.com,cbsnews.com,2026-08-17,https://www.cbsnews.com/video/blanche-refuses-to-pledge-dojs-independence-from-trump/,en,2026-08-17,
Trump threatening to bomb Oman if it interferes with U.S. in Strait of Hormuz,CBS News,cbsnews.com,cbsnews.com,2026-08-17,https://www.cbsnews.com/boston/video/trump-threatening-to-bomb-oman-if-it-interferes-with-u-s-in-strait-of-hormuz/,en,2026-08-17,
Trump threatens to bomb Oman with Iran war stuck in stalemate,CBS News,cbsnews.com,cbsnews.com,2026-08-17,https://www.cbsnews.com/detroit/video/trump-threatens-to-bomb-oman-with-iran-war-stuck-in-stalemate/,en,2026-08-17,
President Trump threatens to bomb Oman with Iran war stuck in stalemate,CBS News,cbsnews.com,cbsnews.com,2026-08-17,https://www.cbsnews.com/detroit/video/president-trump-threatens-to-bomb-oman-with-iran-war-stuck-in-stalemate/,en,2026-08-17,
"Trump says Iran should ""wave the white flag"" as agreement to end war is set to expire",CBS News,cbsnews.com,cbsnews.com,2026-08-17,https://www.cbsnews.com/philadelphia/video/trump-says-iran-should-wave-the-white-flag-as-agreement-to-end-war-is-set-to-expire/,en,2026-08-17,
Trump orders military to reduce exercises with South Korea,CBS News,cbsnews.com,cbsnews.com,2026-08-17,https://www.cbsnews.com/video/trump-orders-military-to-reduce-exercises-with-south-korea/,en,2026-08-17,
U.S.-Iran deal expires as Trump warns Iran over Strait of Hormuz,CBS News,cbsnews.com,cbsnews.com,2026-08-17,https://www.cbsnews.com/texas/video/u-s-iran-deal-expires-as-trump-warns-iran-over-strait-of-hormuz/,en,2026-08-17,
Trump threatens to bomb Oman with Iran war stuck in stalemate as 60-day negotiation period ends,CBS News,cbsnews.com,cbsnews.com,2026-08-17,https://www.cbsnews.com/miami/live-updates/us-iran-war-deal-expired-strait-of-hormuz/,en,2026-08-17,
Why Trump ordered U.S. military to reduce exercises with South Korea,CBS News,cbsnews.com,cbsnews.com,2026-08-17,https://www.cbsnews.com/video/why-trump-ordered-us-military-reduce-exercises-south-korea/,en,2026-08-17,
"U.S. and Iran's 60-day MOU expires: What this means, what Trump wants",CBS News,cbsnews.com,cbsnews.com,2026-08-17,https://www.cbsnews.com/video/us-irans-60-day-negotiation-period-expires-trump/,en,2026-08-17,
Trump takes aim at longtime ally Oman as Strait of Hormuz remains gridlocked,CBS News,cbsnews.com,cbsnews.com,2026-08-17,https://www.cbsnews.com/video/trump-takes-aim-longtime-ally-oman-strait-of-hormuz-gridlocked/,en,2026-08-17,
Judge blocks plan to move FBI headquarters to Reagan Building,CBS News,cbsnews.com,cbsnews.com,2026-08-17,https://www.cbsnews.com/news/fbi-reagan-building/,en,2026-08-17,
"Trump demands, again, the Strait of Hormuz to open",CBS News,cbsnews.com,cbsnews.com,2026-08-17,https://www.cbsnews.com/chicago/video/trump-demands-again-the-strait-of-hormuz-to-open/,en,2026-08-17,
Colombia’s president urges Trump to lift tariffs after deadly earthquake kills hundreds,CBS News,cbsnews.com,cbsnews.com,2026-08-17,https://www.cbsnews.com/miami/video/colombias-president-urges-trump-to-lift-tariffs-after-deadly-earthquake-kills-hundreds/,en,2026-08-17,
School vaccination rates inch down again to record low as exemptions reach new high,CBS News,cbsnews.com,cbsnews.com,2026-08-17,https://www.cbsnews.com/news/school-vaccination-rates-exemptions-record/,en,2026-08-17,
At least 7 people have died from days of heavy rain and record-setting flooding in Indiana,CBS News,cbsnews.com,cbsnews.com,2026-08-17,https://www.cbsnews.com/chicago/news/indiana-flooding-severe-weather-deaths-storms/,en,2026-08-17,
"Iowa governor nominee Zach Lahn beat Trump's pick by fewer than 1,700 votes. Now he's trying to build a base.",CBS News,cbsnews.com,cbsnews.com,2026-08-17,https://www.cbsnews.com/minnesota/news/iowa-governor-zach-lahn-republican-nominee/,en,2026-08-17,
"Ossoff rallies Atlanta, targets Trump and Collins as Georgia U.S. Senate race intensifies",CBS News,cbsnews.com,cbsnews.com,2026-08-17,https://www.cbsnews.com/atlanta/news/sen-jon-ossoff-rally-atlanta-georgia-senate-race-mike-collins/,en,2026-08-17,
"Hegseth to go to Iowa today to campaign for GOP candidates, sources say",CBS News,cbsnews.com,cbsnews.com,2026-08-17,https://www.cbsnews.com/news/pete-hegseth-iowa-campaign-zach-nunn/,en,2026-08-17,
Former federal prosecutor fired over FACE Act case sues DOJ for unlawful termination,CBS News,cbsnews.com,cbsnews.com,2026-08-17,https://www.cbsnews.com/news/sunita-doddamani-federal-prosecutor-face-act-fired-sues-justice-department/,en,2026-08-17,
"Watch: Trump meets with hero lifeguard, takes questions on Iran, USS Lincoln and more",CBS News,cbsnews.com,cbsnews.com,2026-08-17,https://www.cbsnews.com/video/watch-trump-meets-with-hero-16-year-old-lifeguard-takes-questions-on-iran-and-more/,en,2026-08-17,
Trump threatens Oman over Strait of Hormuz as U.S.-Iran negotiation period expires,CBS News,cbsnews.com,cbsnews.com,2026-08-17,https://www.cbsnews.com/video/trump-threatens-oman-over-strait-of-hormuz-as-us-iran-negotiation-period-expires/,en,2026-08-17,
"Retired Marine colonel on Trump threat to bomb Oman: ""Pretty extraordinary""",CBS News,cbsnews.com,cbsnews.com,2026-08-17,https://www.cbsnews.com/video/retired-marine-colonel-on-trump-threat-to-bomb-oman-pretty-extraordinary/,en,2026-08-17,
"Senior Israeli official calls for killing of ""30 to 40"" people in Gaza every night: ""They're not even people""",CBS News,cbsnews.com,cbsnews.com,2026-08-17,https://www.cbsnews.com/news/israel-ben-gvir-gaza-netanyahu-kill-every-night/,en,2026-08-17,
Trump welcomes teen lifeguard Ryder Williams and boy he rescued to Oval Office,CBS News,cbsnews.com,cbsnews.com,2026-08-17,https://www.cbsnews.com/news/trump-teen-lifeguard-ryder-williams-oval-office/,en,2026-08-17,
Trump threatens to bomb Oman over Strait of Hormuz; CENTCOM commander meets with USS Lincoln troops,CBS News,cbsnews.com,cbsnews.com,2026-08-17,https://www.cbsnews.com/video/trump-threatens-to-bomb-oman-over-strait-of-hormuz/,en,2026-08-17,
Supreme Court declines to rehear Trump's appeal in $5 million E. Jean Carroll case,CBS News,cbsnews.com,cbsnews.com,2026-08-17,https://www.cbsnews.com/sanfrancisco/news/supreme-court-trump-appeal-of-e-jean-carroll-case/,en,2026-08-17,
U.K. Prime Minister Andy Burnham exchanged messages with someone impersonating top Trump aide Susie Wiles,CBS News,cbsnews.com,cbsnews.com,2026-08-17,https://www.cbsnews.com/news/uk-prime-minister-andy-burnham-susie-wiles-donald-trump-impersonator/,en,2026-08-17,
CENTCOM commander tries to assuage concerns about USS Abraham Lincoln with visit to carrier,CBS News,cbsnews.com,cbsnews.com,2026-08-17,https://www.cbsnews.com/news/centcom-commander-visits-uss-abraham-lincoln-conditions/,en,2026-08-17,
Trump family crypto business World Liberty gets preliminary approval to establish a bank,CBS News,cbsnews.com,cbsnews.com,2026-08-17,https://www.cbsnews.com/news/trump-family-crypto-bank-charter/,en,2026-08-17,
Trump family's World Liberty Financial granted bank status,CBS News,cbsnews.com,cbsnews.com,2026-08-17,https://www.cbsnews.com/video/trump-familys-world-liberty-financial-granted-bank-status/,en,2026-08-17,
Trump administration navigates backlash over conditions on USS Lincoln,CBS News,cbsnews.com,cbsnews.com,2026-08-17,https://www.cbsnews.com/video/trump-administration-navigates-backlash-over-conditions-on-uss-lincoln/,en,2026-08-17,
"Michigan gas prices spike; President Trump says prices are ""tiny little bit more""",CBS News,cbsnews.com,cbsnews.com,2026-08-17,https://www.cbsnews.com/detroit/video/michigan-gas-prices-spike-president-trump-says-prices-are-tiny-little-bit-more/,en,2026-08-17,
Blanche refuses to say Justice Department will always act independently from Trump,CBS News,cbsnews.com,cbsnews.com,2026-08-17,https://www.cbsnews.com/video/blanche-refuses-to-say-justice-department-will-always-act-independently-from-trump/,en,2026-08-17,
BBC asks Florida court to authorize subpoenas for Trump family members in defamation suit,CBS News,cbsnews.com,cbsnews.com,2026-08-17,https://www.cbsnews.com/news/trump-bbc-defamation-lawsuit-florida-court-subpoena-ivanka-jared-kushner/,en,2026-08-17,
RFK Jr.'s quiet hunt for autism culprits stalls as Trump orders baseless changes to childhood shots,CBS News,cbsnews.com,cbsnews.com,2026-08-17,https://www.cbsnews.com/texas/news/rfk-jr-autism-research-trump-vaccines/,en,2026-08-17,
Live Updates: Trump threatens to bomb Oman with Iran war stuck in stalemate as 60-day negotiation period ends,CBS News,cbsnews.com,cbsnews.com,2026-08-17,https://www.cbsnews.com/texas/live-updates/us-iran-war-deal-expired-strait-of-hormuz/,en,2026-08-17,
Live Updates: U.S. and Iran locked in a stalemate as 60-day negotiation period ends,CBS News,cbsnews.com,cbsnews.com,2026-08-17,https://www.cbsnews.com/live-updates/us-iran-war-deal-expired-strait-of-hormuz/,en,2026-08-17,
Trump scales back military drills with South Korea because of ‘very good relationship’ with Kim Jong Un,CNN,cnn.com,cnn.com,2026-08-17,https://www.cnn.com/2026/08/17/world/video/trump-scales-back-military-drills-with-south-korea-because-of-very-good-relationship-with-kim-jong-un-the-lead-jake-tapper,en,2026-08-17,
"GOP Gov candidates cast election doubts, look to lead key 2028 states",CNN,cnn.com,cnn.com,2026-08-17,https://www.cnn.com/2026/08/17/politics/video/ebof-kfile-gop-election-deniers-battleground-states,en,2026-08-17,
US Customs and Border Protection halts controversial work on border security inside Big Bend National Park,CNN,cnn.com,cnn.com,2026-08-17,https://www.cnn.com/2026/08/17/politics/video/cncpm-customs-border-protection-halts-border-security-project-inside-big-bend-national-park,en,2026-08-17,
Tupac Shakur’s cousin reacts to day one of murder trial,CNN,cnn.com,cnn.com,2026-08-17,https://www.cnn.com/2026/08/17/us/video/tupac-shakurs-cousin-reacts-to-day-one-of-murder-trial-lcl,en,2026-08-17,
White House slams Ossoff with name-calling response for comment about Trump aide,CNN,cnn.com,cnn.com,2026-08-17,https://www.cnn.com/2026/08/17/politics/video/ac360-haberman-harp-trump-ossoff,en,2026-08-17,
"Housing frenzy, distracted driving, hot accessory: Catch up on the day’s stories",CNN,cnn.com,cnn.com,2026-08-17,https://www.cnn.com/2026/08/17/us/5-things-pm-august-17-trnd,en,2026-08-17,
Fact check: Every single part of this Trump story about South Korea is wrong,CNN,cnn.com,cnn.com,2026-08-17,https://www.cnn.com/2026/08/17/politics/fact-check-trump-south-korea-cost-sharing-biden,en,2026-08-17,
Airman arrested after protesting Trump in uniform speaks out: Trump ‘has failed us’,CNN,cnn.com,cnn.com,2026-08-17,https://www.cnn.com/2026/08/17/politics/video/ebof-air-force-jason-watson-trump-impeachment-removal-us-capitol-arrest,en,2026-08-17,
Fmr. Trump Campaign Manager: ‘Ossoff is better than this’,CNN,cnn.com,cnn.com,2026-08-17,https://www.cnn.com/2026/08/17/politics/video/fmr-trump-campaign-manager-ossoff-is-better-than-this,en,2026-08-17,
ICE pitches legal insurance to help shield local officers who make immigration arrests,CNN,cnn.com,cnn.com,2026-08-17,https://www.cnn.com/2026/08/17/us/ice-liability-insurance-local-police-immigration,en,2026-08-17,
Trump White House escalates feud with Ossoff over jab at Trump’s ties to aide,CNN,cnn.com,cnn.com,2026-08-17,https://www.cnn.com/2026/08/17/us/video/ebof-jon-ossoff-trump-natalie-harp-crude-attacks,en,2026-08-17,
Former U.S. ambassador to South Korea reacts Trump’s announcement,CNN,cnn.com,cnn.com,2026-08-17,https://www.cnn.com/2026/08/17/world/video/south-korea-trump-military-live-goldberg-081704pseg1-cnni-world-fast,en,2026-08-17,
Buss family clashes over report of Lakers sale,CNN,cnn.com,cnn.com,2026-08-17,https://www.cnn.com/2026/08/17/business/lakers-sale-jeanie-buss,en,2026-08-17,
Tropical Storm Lala leaves widespread damage in Hawaii,CNN,cnn.com,cnn.com,2026-08-17,https://www.cnn.com/2026/08/17/weather/video/cncpm-hawaii-tropical-storm-lala,en,2026-08-17,
Feds halt controversial work on border security inside Big Bend National Park,CNN,cnn.com,cnn.com,2026-08-17,https://www.cnn.com/2026/08/17/us/big-bend-border-security-halted,en,2026-08-17,
The Odds: Generation Pessimism,CNN,cnn.com,cnn.com,2026-08-17,https://www.cnn.com/2026/08/17/politics/video/the-odds-generation-pessimism-cnc-kalpar,en,2026-08-17,
Kushner meets Netanyahu after talks with Hamas on stalled Gaza peace plan,CNN,cnn.com,cnn.com,2026-08-17,https://www.cnn.com/2026/08/17/world/video/cnn-sitroon-brown-liebermann-kushner-netanyahu,en,2026-08-17,
Who is Natalie Harp? Ossoff ignites personal feud over Trump’s aide,CNN,cnn.com,cnn.com,2026-08-17,https://www.cnn.com/2026/08/17/politics/ossoff-natalie-harp-trump,en,2026-08-17,
Supreme Court rebuffs Trump’s last-ditch effort to deny $5.6 million payment to E. Jean Carroll,CNN,cnn.com,cnn.com,2026-08-17,https://www.cnn.com/2026/08/17/politics/supreme-court-trump-e-jean-carroll,en,2026-08-17,
How much oil is actually moving through the Strait of Hormuz?,CNN,cnn.com,cnn.com,2026-08-17,https://www.cnn.com/2026/08/17/world/video/oil-strait-of-hormuz-goldman-live-ctw-fst-081709aseg1-cnni-world-fast,en,2026-08-17,
Longtime diplomat responds to Trump admin’s bid to save Gaza peace plan,CNN,cnn.com,cnn.com,2026-08-17,https://www.cnn.com/2026/08/17/world/video/cnn-sitroom-pamela-brown-dennis-ross-trump-kushner-netanyahu-gaza-iran-oman-hormuz,en,2026-08-17,
Actress Hayden Panettiere dies days before her 37th birthday,CNN,cnn.com,cnn.com,2026-08-17,https://www.cnn.com/2026/08/17/us/video/actress-hayden-panettiere-dies-days-before-her-37th-birthday-cnc,en,2026-08-17,
Hawaii’s recovery plan after facing Hurricane Lala,CNN,cnn.com,cnn.com,2026-08-17,https://www.cnn.com/2026/08/17/weather/video/hawaiis-recovery-plan-after-facing-hurricane-lala,en,2026-08-17,
Florida primary considered huge test for progressives,CNN,cnn.com,cnn.com,2026-08-17,https://www.cnn.com/2026/08/17/politics/video/berman-manley-democrats-florida-midterms-cnc,en,2026-08-17,
"‘Brazen act of self-dealing.’ Lawmakers, watchdogs alarmed after Trump regulators let Trump firm start a bank",CNN,cnn.com,cnn.com,2026-08-17,https://www.cnn.com/2026/08/17/investing/trump-crypto-bank-world-liberty,en,2026-08-17,
Does Trump’s move to limit US-South Korea military exercises undercut his message against Iran’s nuclear ambitions?,CNN,cnn.com,cnn.com,2026-08-17,https://www.cnn.com/2026/08/17/politics/video/trump-military-exercises-south-korea-iran-nuclear-ip,en,2026-08-17,
Trump’s TACOs on Iran loom over his big threat to Oman,CNN,cnn.com,cnn.com,2026-08-17,https://www.cnn.com/2026/08/17/politics/trump-threats-oman-iran,en,2026-08-17,
"Trump weighs a plan for press briefings when Leavitt leaves, sources say",CNN,cnn.com,cnn.com,2026-08-17,https://www.cnn.com/2026/08/17/politics/karoline-leavitt-replacement-trump,en,2026-08-17,
GOP Rep. Stutzman reacts to wife of sailor on USS Abraham Lincoln: ‘I understand the frustration’,CNN,cnn.com,cnn.com,2026-08-17,https://www.cnn.com/2026/08/17/politics/video/cnn-sitroom-brown-marlin-stutzman-uss-abraham-lincoln-sailor-indiana-military-spouse,en,2026-08-17,
Expectations and responsibilities of the next White House press secretary,CNN,cnn.com,cnn.com,2026-08-17,https://www.cnn.com/2026/08/17/us/video/expectations-and-responsibilities-of-the-next-white-house-secretary,en,2026-08-17,
Exclusive: Ukraine reveals its Achilles’ heel to CNN as Patriot missile launchers run dry,CNN,cnn.com,cnn.com,2026-08-17,https://www.cnn.com/2026/08/17/europe/ukraine-patriot-missile-launchers-run-dry-intl,en,2026-08-17,
British PM Andy Burnham exchanged messages with someone impersonating Trump’s chief of staff,CNN,cnn.com,cnn.com,2026-08-17,https://www.cnn.com/2026/08/17/uk/andy-burnham-trump-chief-of-staff-impersonator-intl,en,2026-08-17,
Netanyahu adds New York City mayor to ‘enemies’ poster,CNN,cnn.com,cnn.com,2026-08-17,https://www.cnn.com/2026/08/17/world/video/mamdani-netanyahu-liebermann-live-ctw-fst-081709aseg2-cnni-world-fast,en,2026-08-17,
Ukraine’s Patriots air defense sit empty,CNN,cnn.com,cnn.com,2026-08-17,https://www.cnn.com/2026/08/17/world/video/ukraine-patriots-air-defense-npw-digivid-intldsk,en,2026-08-17,
Why Trump is scaling back ongoing US-South Korea military drills,CNN,cnn.com,cnn.com,2026-08-17,https://www.cnn.com/2026/08/17/world/video/trump-south-korea-drills-reduced-north-korea-kim-jong-un-ripley-ldn-digvid,en,2026-08-17,
Election deniers and skeptics run for governor in key swing states,CNN,cnn.com,cnn.com,2026-08-17,https://www.cnn.com/2026/08/17/politics/kfile-election-deniers-trump-governor-invs,en,2026-08-17,
"Xi says China needs ‘indomitable fighting spirit,’ praises Tiananmen crackdown",CNN,cnn.com,cnn.com,2026-08-17,https://www.cnn.com/2026/08/17/china/china-xi-jinping-speech-tiananmen-crackdown-intl-hnk,en,2026-08-17,
AG Blanche declines to say Dept. of Justice will be ‘independent’ from White House,CNN,cnn.com,cnn.com,2026-08-17,https://www.cnn.com/2026/08/17/politics/video/blanche-white-house-justice-department-independence,en,2026-08-17,
Trump has handed a gift to Kim Jong Un and deepened concerns over US reliability,CNN,cnn.com,cnn.com,2026-08-17,https://www.cnn.com/2026/08/17/asia/us-north-korea-military-exercises-trump-analysis-intl-hnk-ml,en,2026-08-17,
Pres. Trump orders scaling back of joint military drills with S. Korea,CNN,cnn.com,cnn.com,2026-08-17,https://www.cnn.com/2026/08/17/world/video/joint-military-drills-us-south-korea-trump-scale-back,en,2026-08-17,
Hospitals say they found a tool to help reduce childbirth risks: wristbands,CNN,cnn.com,cnn.com,2026-08-17,https://www.cnn.com/2026/08/17/health/childbirth-wristbands-hospitals,en,2026-08-17,
Russian e-commerce giant’s warehouse on fire,CNN,cnn.com,cnn.com,2026-08-17,https://www.cnn.com/2026/08/17/world/video/russian-e-commerce-giants-warehouse-on-fire-digvid-hnk,en,2026-08-17,
Two visions of America are emerging as midterms draw near. Voters must decide which one is real,CNN,cnn.com,cnn.com,2026-08-17,https://www.cnn.com/2026/08/17/politics/trump-ossoff-midterm-elections,en,2026-08-17,
"While loudly stoking fear of communism, Trump is quietly changing US capitalism",CNN,cnn.com,cnn.com,2026-08-17,https://www.cnn.com/2026/08/17/politics/trump-capitalism-nationalism,en,2026-08-17,
Actress Hayden Panettiere dies at 36,CNN,cnn.com,cnn.com,2026-08-17,https://www.cnn.com/2026/08/17/entertainment/video/hayden-panettiere-heroes-nashville-hnk-digvid,en,2026-08-17,
Americans could soon pay a lot more for strawberries,CNN,cnn.com,cnn.com,2026-08-17,https://www.cnn.com/2026/08/17/economy/americans-could-soon-pay-a-lot-more-for-strawberries,en,2026-08-17,
Wait… how much oil is actually leaving the Persian Gulf?,CNN,cnn.com,cnn.com,2026-08-17,https://www.cnn.com/2026/08/17/business/oil-market-strait-of-hormuz-trump,en,2026-08-17,
"Silicon Valley is losing the data center fight, risking a repeat of a classic failure",Fox News,foxnews.com,foxnews.com,2026-08-17,https://www.foxnews.com/opinion/silicon-valley-losing-data-center-fight-risking-repeat-classic-failure,en,2026-08-17,
"Socialist candidates can delete old posts, but they can't erase their radicalism",Fox News,foxnews.com,foxnews.com,2026-08-17,https://www.foxnews.com/opinion/socialist-candidates-delete-old-posts-cant-erase-radicalism,en,2026-08-17,
Potential successor to cowboy hat-wearing Dem tops crowded Florida primary,Fox News,foxnews.com,foxnews.com,2026-08-17,https://www.foxnews.com/politics/potential-successor-cowboy-hat-wearing-dem-tops-crowded-florida-primary,en,2026-08-17,
Democrats get their man as scandals put once-safe GOP House seat in play,Fox News,foxnews.com,foxnews.com,2026-08-17,https://www.foxnews.com/politics/democrats-get-man-scandals-put-once-safe-gop-house-seat-play,en,2026-08-17,
Trump's support doesn't save scandal-plagued lawmaker in primary,Fox News,foxnews.com,foxnews.com,2026-08-17,https://www.foxnews.com/politics/trumps-support-doesnt-save-scandal-plagued-lawmaker-primary,en,2026-08-17,
Rubio’s GOP successor clears key hurdle to finish his six-year Senate term,Fox News,foxnews.com,foxnews.com,2026-08-17,https://www.foxnews.com/politics/rubios-gop-successor-clears-key-hurdle-finish-his-six-year-senate-term,en,2026-08-17,
Trump-backed Republican survives primary after bucking him on deportations,Fox News,foxnews.com,foxnews.com,2026-08-17,https://www.foxnews.com/politics/trump-backed-republican-survives-primary-after-bucking-him-deportations,en,2026-08-17,
Progressive Florida lawmaker Angie Nixon topples Trump impeachment witness in Dem Senate primary upset,Fox News,foxnews.com,foxnews.com,2026-08-17,https://www.foxnews.com/politics/progressive-florida-lawmaker-angie-nixon-topples-trump-impeachment-witness-democratic-senate-primary-upset,en,2026-08-17,
First polls close as socialist insurgency storms Trump’s backyard,Fox News,foxnews.com,foxnews.com,2026-08-17,https://www.foxnews.com/politics/polls-close-socialist-insurgency-storms-trumps-backyard,en,2026-08-17,
Billions spent by key federal agency hasn't made American dream of homeownership any easier: report,Fox News,foxnews.com,foxnews.com,2026-08-17,https://www.foxnews.com/politics/billions-spent-key-federal-agency-hasnt-made-american-dream-homeownership-any-easier-report,en,2026-08-17,
"Fox News Power Rankings: As Democrats turn left, Black voters tap the brakes",Fox News,foxnews.com,foxnews.com,2026-08-17,https://www.foxnews.com/politics/fox-news-power-rankings-democrats-turn-left-black-voters-tap-brakes,en,2026-08-17,
New Hampshire candidate John Sununu blasts Dems for noving ‘First in the Nation Primary’ on Ruthless,Fox News,foxnews.com,foxnews.com,2026-08-17,https://www.foxnews.com/media/new-hampshire-candidate-john-sununu-blasts-dems-noving-first-nation-primary-ruthless,en,2026-08-17,
LIZ PEEK: Hasan Piker exposes Democrats' desperation to win back young men,Fox News,foxnews.com,foxnews.com,2026-08-17,https://www.foxnews.com/opinion/liz-peek-hasan-piker-exposes-democrats-desperation-win-back-young-men,en,2026-08-17,
MORNING GLORY: SCOTUS should urgently allow construction at the White House to proceed,Fox News,foxnews.com,foxnews.com,2026-08-17,https://www.foxnews.com/opinion/morning-glory-scotus-should-urgently-allow-construction-white-house-proceed,en,2026-08-17,
Omar's GOP challenger comes out firing with vow to clean up 'mess' in deep blue district: 'People are fed up',Fox News,foxnews.com,foxnews.com,2026-08-17,https://www.foxnews.com/politics/omars-gop-challenger-comes-firing-vow-clean-mess-deep-blue-district-people-fed,en,2026-08-17,
"CBP officers seize $67 million in illegal drugs at San Diego border ports, DHS says",Fox News,foxnews.com,foxnews.com,2026-08-17,https://www.foxnews.com/us/cbp-officers-seize-67-million-illegal-drugs-san-diego-border-ports-dhs-says,en,2026-08-17,
"Socialist insurgency storms Trump’s backyard, with pro-Israel Democrats in crosshairs",Fox News,foxnews.com,foxnews.com,2026-08-17,https://www.foxnews.com/politics/socialist-insurgency-storms-trumps-backyard-pro-israel-democrats-crosshairs,en,2026-08-17,
Turner: Iranian Leaders Don't Care How Much Pain They Inflict On Their Own People,Fox News,foxnews.com,foxnews.com,2026-08-17,https://radio.foxnews.com/2026/08/17/turner-iranian-leaders-dont-care-how-much-pain-they-inflict-on-their-own-people/,en,2026-08-17,
Should Trump Say Less and Keep the Pressure On Iran?,Fox News,foxnews.com,foxnews.com,2026-08-17,https://radio.foxnews.com/2026/08/17/should-trump-say-less-and-keep-the-pressure-on-iran/,en,2026-08-17,
Are Trump-Friendly Podcasters Moving Left? (ft. Kayce Smith),Fox News,foxnews.com,foxnews.com,2026-08-17,https://radio.foxnews.com/2026/08/17/are-trump-friendly-podcasters-moving-left-ft-kayce-smith/,en,2026-08-17,
Evening Edition: Florida State University Facing Federal Investigation Over Scholarships,Fox News,foxnews.com,foxnews.com,2026-08-17,https://radio.foxnews.com/2026/08/17/evening-edition-florida-state-university-facing-federal-investigation-over-scholarships/,en,2026-08-17,
"The Fraudulent Cambridge Scholar Who Plagiarized His Material, Cried Racism and Wound Up Committing Suicide",Fox News,foxnews.com,foxnews.com,2026-08-17,https://radio.foxnews.com/2026/08/17/the-fraudulent-cambridge-scholar-who-plagiarized-his-material-cried-racism-and-wound-up-committing-suicide/,en,2026-08-17,
LA gun owners stuck waiting years for concealed carry permits score major DOJ victory,Fox News,foxnews.com,foxnews.com,2026-08-17,https://www.foxnews.com/politics/la-gun-owners-stuck-waiting-years-concealed-carry-permits-score-major-doj-victory,en,2026-08-17,
Kushner gives Hamas stark ultimatum: Disarm or Israel gets US backing to ‘finish the job’,Fox News,foxnews.com,foxnews.com,2026-08-17,https://www.foxnews.com/world/kushner-gives-hamas-stark-ultimatum-disarm-israel-gets-us-backing-finish-job,en,2026-08-17,
"CNN fires back at Trump White House over attacks on reporter, calls them 'beneath the office'",Fox News,foxnews.com,foxnews.com,2026-08-17,https://www.foxnews.com/media/cnn-fires-back-trump-white-house-attacks-reporter-calls-beneath-office,en,2026-08-17,
"Oprah distances herself from Trump allies Dr Phil and Dr Oz, says they have ‘not one thing to do with me’",Fox News,foxnews.com,foxnews.com,2026-08-17,https://www.foxnews.com/media/oprah-distances-herself-trump-allies-dr-phil-dr-oz-says-they-have-not-one-thing-do-me,en,2026-08-17,
Declassified FBI docs reveal Swalwell had sex with 'Fang Fang' multiple times,Fox News,foxnews.com,foxnews.com,2026-08-17,https://www.foxnews.com/politics/declassified-fbi-docs-reveal-swalwell-had-sex-fang-fang-multiple-occasions,en,2026-08-17,
El-Sayed aide likens GOP opponent's campaign to 'KKK cross burning' over video with Ford pickup,Fox News,foxnews.com,foxnews.com,2026-08-17,https://www.foxnews.com/politics/el-sayed-aide-likens-gop-opponent-campaign-kkk-cross-burning-video-ford-pickup,en,2026-08-17,
Trump meets teen lifeguard and boy saved in viral ocean rescue at Oval Office,Fox News,foxnews.com,foxnews.com,2026-08-17,https://www.foxnews.com/politics/trump-meets-teen-lifeguard-boy-saved-viral-ocean-rescue-oval-office,en,2026-08-17,
Charlamagne blasts 'dumb' Democrats for getting drawn into WNBA transgender debate ahead of midterms,Fox News,foxnews.com,foxnews.com,2026-08-17,https://www.foxnews.com/media/charlamagne-blasts-dumb-democrats-getting-drawn-wnba-transgender-debate-ahead-midterms,en,2026-08-17,
NYC drivers shell out $9 congestion toll. City admits it failed to improve air quality,Fox News,foxnews.com,foxnews.com,2026-08-17,https://www.foxnews.com/politics/nyc-drivers-shell-out-9-congestion-toll-city-admits-failed-improve-air-quality,en,2026-08-17,
Iran deal clock hits zero as Trump demands ‘white flag’ with new pressure campaign looming,Fox News,foxnews.com,foxnews.com,2026-08-17,https://www.foxnews.com/world/iran-deal-clock-hits-zero-trump-demands-white-flag-new-pressure-campaign-looming,en,2026-08-17,
Harvard professor caught using AI to condense Financial Times op-ed trashing Trump tariffs,Fox News,foxnews.com,foxnews.com,2026-08-17,https://www.foxnews.com/media/harvard-professor-caught-using-ai-condense-financial-times-op-ed-trashing-trump-tariffs,en,2026-08-17,
Scottie Scheffler already on the cusp of passing Tiger Woods on PGA Tour career earnings list,Fox News,foxnews.com,foxnews.com,2026-08-17,https://www.foxnews.com/outkick-sports/scottie-scheffler-cusp-passing-tiger-woods-pga-tour-career-earnings-list,en,2026-08-17,
DOJ opens new pathway to restore federal gun rights for certain barred individuals,Fox News,foxnews.com,foxnews.com,2026-08-17,https://www.foxnews.com/politics/doj-opens-new-pathway-restore-federal-gun-rights-certain-barred-individuals,en,2026-08-17,
"US military bases are ‘ill-equipped’ to stop drone swarms, top commander reveals after Rubio's UAP warning",Fox News,foxnews.com,foxnews.com,2026-08-17,https://www.foxnews.com/politics/us-military-bases-ill-equipped-stop-drone-swarms-top-commander-reveals-rubio-uap-warning,en,2026-08-17,
House Republican suggests Sen Darline Graham is an 'ally' for the 'swamp',Fox News,foxnews.com,foxnews.com,2026-08-17,https://www.foxnews.com/politics/house-republican-suggests-sen-darline-graham-ally-swamp,en,2026-08-17,
CNN staffers brace for Paramount CEO's potential plan to launch editorial board to oversee network,Fox News,foxnews.com,foxnews.com,2026-08-17,https://www.foxnews.com/media/cnn-staffers-brace-paramount-ceo-potential-plan-launch-editorial-board-oversee-network,en,2026-08-17,
ICE Boston arrests Brazilian illegal alien wanted for murder days before Gov Healy signed Protect Act,Fox News,foxnews.com,foxnews.com,2026-08-17,https://www.foxnews.com/us/ice-boston-arrests-brazilian-illegal-alien-wanted-murder-days-before-gov-healy-signed-protect-act,en,2026-08-17,
GIANNO CALDWELL: Florida needs Byron Donalds to protect the DeSantis legacy,Fox News,foxnews.com,foxnews.com,2026-08-17,https://www.foxnews.com/opinion/gianno-caldwell-florida-needs-byron-donalds-protect-desantis-legacy,en,2026-08-17,
LA teachers patrol for ICE before class as DHS blasts enforcement ‘false narrative’,Fox News,foxnews.com,foxnews.com,2026-08-17,https://www.foxnews.com/politics/la-teachers-patrol-ice-before-class-dhs-blasts-enforcement-false-narrative,en,2026-08-17,
Reporter's Notebook: Daylight saving time fight puts Senate up against a ticking clock,Fox News,foxnews.com,foxnews.com,2026-08-17,https://www.foxnews.com/politics/reporters-notebook-daylight-saving-time-fight-puts-senate-against-ticking-clock,en,2026-08-17,
US awards Raytheon $22.9B Tomahawk deal as Trump dismisses weapons stockpile concerns,Fox News,foxnews.com,foxnews.com,2026-08-17,https://www.foxnews.com/politics/us-awards-raytheon-22-9b-tomahawk-deal-trump-dismisses-weapons-stockpile-concerns,en,2026-08-17,
"NASCAR star compared to Trump, tells nasty fans to quit 'b----in,' while race wife dusts off her Daisy Dukes",Fox News,foxnews.com,foxnews.com,2026-08-17,https://www.foxnews.com/outkick-sports/nascar-star-compared-trump-tells-nasty-fans-quit-race-wife-dusts-daisy-dukes,en,2026-08-17,
"Trump confirms IRGC backchannel, but calls for Iran's 'white flag of surrender'",Fox News,foxnews.com,foxnews.com,2026-08-17,https://www.foxnews.com/world/trump-confirms-irgc-backchannel-calls-irans-white-flag-surrender,en,2026-08-17,
Actress Hayden Panettiere dies suddenly at age 36 and more top headlines,Fox News,foxnews.com,foxnews.com,2026-08-17,https://www.foxnews.com/us/actress-hayden-panettiere-dies-suddenly-age-36-more-top-headlines,en,2026-08-17,
Russell Fry endorses ex-rival Darline Graham after failing to advance to special GOP US Senate primary runoff,Fox News,foxnews.com,foxnews.com,2026-08-17,https://www.foxnews.com/politics/russell-fry-endorses-ex-rival-darline-graham-failing-advance-special-gop-us-senate-primary-runoff,en,2026-08-17,
Trump blames vandals for dead grass on National Mall where he hosted 4th of July celebration,Fox News,foxnews.com,foxnews.com,2026-08-17,https://www.foxnews.com/politics/trump-blames-vandals-dead-grass-national-mall-4th-july-celebration,en,2026-08-17,
"Tras muertes en Adelanto, legisladores de California buscan imponer un impuesto a empresas de detención",Los Angeles Times,latimes.com,latimes.com,2026-08-17,https://www.latimes.com/espanol/california/articulo/2026-08-17/tras-muertes-en-adelanto-legisladores-de-california-buscan-imponer-un-impuesto-empresas-de-detencion,es,2026-08-17,
Vence el plazo de 60 días para buscar un acuerdo de paz con Irán: así está la situación,Los Angeles Times,latimes.com,latimes.com,2026-08-17,https://www.latimes.com/espanol/eeuu/articulo/2026-08-17/vence-el-plazo-de-60-dias-para-buscar-un-acuerdo-de-paz-con-iran-asi-esta-la-situacion,es,2026-08-17,
Americans finally say no to soaring beef prices as chicken takes over the grill,Los Angeles Times,latimes.com,latimes.com,2026-08-17,https://www.latimes.com/business/story/2026-08-17/americans-finally-say-no-to-soaring-beef-prices-as-chicken-takes-over-grill,en,2026-08-17,
Billionaires open the purse to fight California wealth tax,Los Angeles Times,latimes.com,latimes.com,2026-08-17,https://www.latimes.com/california/story/2026-08-17/billionaires-open-purse-to-fight-california-wealth-tax,en,2026-08-17,
Stephen A. Smith calls 'Thumbs Down' award by Black journalist group a 'hit job',Los Angeles Times,latimes.com,latimes.com,2026-08-17,https://www.latimes.com/entertainment-arts/tv/story/2026-08-17/stephen-a-smith-nabj-thumbs-down-award-reaction,en,2026-08-17,
Justice Department creates a new pathway to restore gun rights for some convicted of felonies,Los Angeles Times,latimes.com,latimes.com,2026-08-17,https://www.latimes.com/world-nation/story/2026-08-17/justice-department-creates-new-pathway-to-restore-gun-rights-for-some-convicted-of-felonies,en,2026-08-17,
"Trump amenaza a Omán, que trabaja con Irán en pacto para estrecho y otras noticias de Oriente Medio",Los Angeles Times,latimes.com,latimes.com,2026-08-17,https://www.latimes.com/espanol/internacional/articulo/2026-08-17/trump-amenaza-oman-que-trabaja-con-iran-en-pacto-para-estrecho-y-otras-noticias-de-oriente-medio,es,2026-08-17,
"Panorama económico: inflación en EEUU se enfría en julio, al igual que el gasto de los consumidores",Los Angeles Times,latimes.com,latimes.com,2026-08-17,https://www.latimes.com/espanol/eeuu/articulo/2026-08-17/panorama-economico-inflacion-en-eeuu-se-enfria-en-julio-al-igual-que-el-gasto-de-los-consumidores,es,2026-08-17,
"As global waterways are squeezed, Mexico pitches a 'dry canal' land corridor",Los Angeles Times,latimes.com,latimes.com,2026-08-17,https://www.latimes.com/world-nation/story/2026-08-17/mexico-pitches-dry-canal-land-corridor-as-alternatives-to-troubled-waterways,en,2026-08-17,
House Ethics Committee announces sexual misconduct investigation into Rep. Jimmy Gomez,Los Angeles Times,latimes.com,latimes.com,2026-08-17,https://www.latimes.com/politics/story/2026-08-17/house-ethics-committee-announces-sexual-misconduct-investigation-into-rep-jimmy-gomez,en,2026-08-17,
Trump praises 16-year-old lifeguard who saved a drowning boy in Santa Cruz,Los Angeles Times,latimes.com,latimes.com,2026-08-17,https://www.latimes.com/california/story/2026-08-17/trump-praises-16-year-old-lifeguard-who-saved-drowning-boy-in-santa-cruz,en,2026-08-17,
The Iran war has exposed the limits of the U.S. military,Los Angeles Times,latimes.com,latimes.com,2026-08-17,https://www.latimes.com/opinion/story/2026-08-17/iran-war-has-exposed-limits-of-u-s-military,en,2026-08-17,
Trump administration pauses contentious border construction in Texas' Big Bend National Park,Los Angeles Times,latimes.com,latimes.com,2026-08-17,https://www.latimes.com/world-nation/story/2026-08-17/trump-pauses-border-construction-in-texas-big-bend-national-park,en,2026-08-17,
Trump blames vandals for damaged grass in the spot where he held his big July 4 celebration,Los Angeles Times,latimes.com,latimes.com,2026-08-17,https://www.latimes.com/world-nation/story/2026-08-17/trump-blames-vandals-for-damaged-grass-after-big-july-4-celebration,en,2026-08-17,
Republicans won the redistricting competition. Don't tell that to this California congressman,Los Angeles Times,latimes.com,latimes.com,2026-08-17,https://www.latimes.com/world-nation/story/2026-08-17/dont-tell-this-california-lawmaker-gop-won-redistricting-push,en,2026-08-17,
"Paramount demands $1.9 billion from states, citing Warner deal delays",Los Angeles Times,latimes.com,latimes.com,2026-08-17,https://www.latimes.com/entertainment-arts/business/story/2026-08-17/paramount-demands-states-post-2-billion-bond-warner-deal-delays,en,2026-08-17,
"Trump dwarfs his predecessors in the number of ultra-rich in his second White House, report shows",Los Angeles Times,latimes.com,latimes.com,2026-08-17,https://www.latimes.com/world-nation/story/2026-08-17/trump-dwarfs-his-predecessors-in-number-of-ultra-rich-in-his-second-white-house-report-shows,en,2026-08-17,
Trump threatens Oman as it works with Iran on Strait of Hormuz deal,Los Angeles Times,latimes.com,latimes.com,2026-08-17,https://www.latimes.com/world-nation/story/2026-08-17/trump-threatens-oman-as-it-works-with-iran-on-strait-of-hormuz-deal,en,2026-08-17,
California backtracks on good-government policies in divided Trump era,Los Angeles Times,latimes.com,latimes.com,2026-08-17,https://www.latimes.com/california/story/2026-08-17/california-good-government-measures-threat-trump-redistricting-top-two-primary,en,2026-08-17,
"Hydrogen failed as car fuel. Now California's big dollar bet on it for green energy is fading, too",Los Angeles Times,latimes.com,latimes.com,2026-08-17,https://www.latimes.com/environment/story/2026-08-17/hydrogen-failed-as-car-fuel-now-californias-bet-on-it-for-green-energy-is-fading-too,en,2026-08-17,
Supreme Court again rebuffs Trump’s push to toss out $5 million verdict in E. Jean Carroll case,Los Angeles Times,latimes.com,latimes.com,2026-08-17,https://www.latimes.com/world-nation/story/2026-08-17/supreme-court-again-rebuffs-trumps-push-to-toss-out-5-million-verdict-in-e-jean-carroll-case,en,2026-08-17,
Kushner has hourslong meeting with Netanyahu on Gaza a day after talking with Hamas,Los Angeles Times,latimes.com,latimes.com,2026-08-17,https://www.latimes.com/world-nation/story/2026-08-17/kushner-has-hourslong-meeting-with-netanyahu-on-gaza-day-after-talking-with-hamas,en,2026-08-17,
South Korea hopes for talks between U.S. and North Korea after Trump downsizes military drills,Los Angeles Times,latimes.com,latimes.com,2026-08-17,https://www.latimes.com/world-nation/story/2026-08-17/south-korea-hopes-for-talks-between-u-s-north-korea-after-trump-downsizes-military-drills,en,2026-08-17,
"Column: Xavier Becerra won't deliver the home runs — or strikeouts — racked up by Newsom, Schwarzenegger",Los Angeles Times,latimes.com,latimes.com,2026-08-17,https://www.latimes.com/california/newsletter/2026-08-17/skelton-monday-politics-newsletter-xavier-becerra,en,2026-08-17,
Why wealthy Californians are seeking residency abroad with 'golden visas',Los Angeles Times,latimes.com,latimes.com,2026-08-17,https://www.latimes.com/california/newsletter/2026-08-17/wealthy-californians-seek-residency-abroad,en,2026-08-17,
British leader reportedly exchanged messages with impostor of top White House official,Los Angeles Times,latimes.com,latimes.com,2026-08-17,https://www.latimes.com/world-nation/story/2026-08-17/british-leader-reportedly-exchanged-messages-with-impostor-of-top-white-house-official,en,2026-08-17,
Trump orders Pentagon to scale back joint exercises with South Korea,Los Angeles Times,latimes.com,latimes.com,2026-08-17,https://www.latimes.com/world-nation/story/2026-08-16/trump-orders-pentagon-to-scale-back-joint-exercises-with-south-korea,en,2026-08-17,
"Trump told Zelensky ,  You dont have the cards . Then Ukraine took the war to Russia",Los Angeles Times,latimes.com,latimes.com,2026-08-17,https://www.latimes.com/world-nation/story/2026-08-16/trump-told-zelensky-you-dont-have-cards-then-ukraine-took-war-to-russia,en,2026-08-17,
The 60-day deadline for an Iran peace deal is expiring. Here’s where things stand.,NBC News,nbcnews.com,nbcnews.com,2026-08-17,https://www.nbcnews.com/world/iran/60-day-deadline-iran-peace-deal-expiring-s-things-stand-rcna592875,en,2026-08-17,
Trump alarms South Korea with call to scale back military drills and deference to Kim Jong Un,NBC News,nbcnews.com,nbcnews.com,2026-08-17,https://www.nbcnews.com/world/asia/trump-military-exercises-south-korea-kim-jong-un-putin-china-rcna592867,en,2026-08-17,
Top admiral praises USS Lincoln crew after reports of worsening conditions,NBC News,nbcnews.com,nbcnews.com,2026-08-17,https://www.nbcnews.com/news/military/top-admiral-praises-uss-lincoln-crew-reports-worsening-conditions-rcna592872,en,2026-08-17,
Trump threatens U.S. ally Oman over Strait of Hormuz as Iran peace deal deadline slips,NBC News,nbcnews.com,nbcnews.com,2026-08-17,https://www.nbcnews.com/politics/trump-administration/live-blog/trump-supreme-court-south-korea-live-updates-rcna592911,en,2026-08-17,
Melania Trump keeps a much lower public profile in her second term as first lady,NBC News,nbcnews.com,nbcnews.com,2026-08-17,https://www.nbcnews.com/politics/white-house/melania-trump-lower-public-profile-second-term-first-lady-rcna589849,en,2026-08-17,
Trump administration briefly pauses contentious border project in Texas’ Big Bend National Park,NBC News,nbcnews.com,nbcnews.com,2026-08-17,https://www.nbcnews.com/news/us-news/trump-administration-big-bend-national-park-construction-pause-rcna593005,en,2026-08-17,
Trump threatens to bomb Oman if it interferes with Strait of Hormuz deal,NBC News,nbcnews.com,nbcnews.com,2026-08-17,https://www.nbcnews.com/video/trump-threatens-to-bomb-oman-if-it-interferes-with-strait-of-hormuz-deal-268428869615,en,2026-08-17,
Oil jumps past $91 as Trump casts doubt on a new deal with Iran,NBC News,nbcnews.com,nbcnews.com,2026-08-17,https://www.nbcnews.com/business/economy/oil-jumps-trump-no-iran-ceasefire-rcna592978,en,2026-08-17,
A Democratic warning sign in Michigan: From the Politics Desk,NBC News,nbcnews.com,nbcnews.com,2026-08-17,https://www.nbcnews.com/politics/politics-news/democratic-warning-sign-michigan-politics-desk-rcna592860,en,2026-08-17,
Actress Hayden Panettiere dies at 36 as investigation continues,NBC News,nbcnews.com,nbcnews.com,2026-08-17,https://www.nbcnews.com/nightly-news/video/actress-hayden-panettiere-dies-at-36-as-investigation-continues-268431941821,en,2026-08-17,
Childhood vaccine exemptions for personal or religious reasons hit new record,NBC News,nbcnews.com,nbcnews.com,2026-08-17,https://www.nbcnews.com/health/health-news/vaccine-exemptions-personal-religious-measles-cdc-rcna592960,en,2026-08-17,
Trump ‘doesn’t have a plan’ on Iran: Voters in key Pennsylvania district upset with handling of war,NBC News,nbcnews.com,nbcnews.com,2026-08-17,https://www.nbcnews.com/meet-the-press/video/trump-doesn-t-have-a-plan-on-iran-voters-in-key-pennsylvania-district-upset-with-handling-of-war-268422725765,en,2026-08-17,
Trump’s promised tariffs on Canada threaten higher inflation on both sides of the border.,NBC News,nbcnews.com,nbcnews.com,2026-08-17,https://www.nbcnews.com/business/consumer/canada-trump-tariffs-talks-hockey-sticks-rcna592931,en,2026-08-17,
Trump threatens to bomb Oman if it ‘gets in the way’ of Strait of Hormuz talks with Iran,NBC News,nbcnews.com,nbcnews.com,2026-08-17,https://www.nbcnews.com/politics/trump-administration/trump-bomb-oman-iran-strait-hormuz-rcna592971,en,2026-08-17,
U.S. citizen teens left behind when ICE deported their parents,NBC News,nbcnews.com,nbcnews.com,2026-08-17,https://www.nbcnews.com/news/us-news/us-citizen-teens-left-ice-deported-parents-rcna592908,en,2026-08-17,
Supreme Court turns away Trump’s latest bid to block E. Jean Carroll award,NBC News,nbcnews.com,nbcnews.com,2026-08-17,https://www.nbcnews.com/politics/supreme-court/supreme-court-declines-trump-appeal-e-jean-carroll-award-rcna592887,en,2026-08-17,
Kushner meets with Netanyahu after rare Hamas talks over stalled Gaza plan,NBC News,nbcnews.com,nbcnews.com,2026-08-17,https://www.nbcnews.com/world/gaza/kushner-netanyahu-hamas-talks-gaza-plan-peace-trump-rcna592871,en,2026-08-17,
A McDonald’s provides normalcy in Ukraine and actor Hayden Panettiere dies: Morning Rundown,NBC News,nbcnews.com,nbcnews.com,2026-08-17,https://www.nbcnews.com/news/us-news/ukraine-hayden-panettiere-tupac-trial-morning-rundown-rcna592750,en,2026-08-17,
Former federal prosecutor is suing DOJ for 'unlawful and retaliatory' firing,NPR,npr.org,npr.org,2026-08-17,https://www.npr.org/2026/08/17/g-s1-138997/former-federal-prosecutor-sue-doj-retaliatory-firing,en,2026-08-17,
Sen. Mark Kelly says USS Lincoln sailors 'can't get basic needs met',NPR,npr.org,npr.org,2026-08-17,https://www.npr.org/2026/08/17/nx-s1-5933015/mark-kelly-navy-lincoln-sailors-investigation,en,2026-08-17,
Attorney General Todd Blanche won't commit to a DOJ free from White House influence,NPR,npr.org,npr.org,2026-08-17,https://www.npr.org/2026/08/17/nx-s1-5934696/attorney-general-todd-blanche-wont-commit-to-a-doj-free-from-white-house-influence,en,2026-08-17,
Historic flooding kills at least 7 in Indiana,NPR,npr.org,npr.org,2026-08-17,https://www.npr.org/2026/08/17/nx-s1-5935444/historic-flooding-kills-at-least-7-in-indiana,en,2026-08-17,
If You Can Keep It': How Trump’s Getting Rich As President,NPR,npr.org,npr.org,2026-08-17,https://www.npr.org/2026/08/17/nx-s1-5935368/if-you-can-keep-it-how-trumps-getting-rich-as-president,en,2026-08-17,
Trump wants to build an expanded bunker under the White House. A historian weighs in,NPR,npr.org,npr.org,2026-08-17,https://www.npr.org/2026/08/17/nx-s1-5931758/trump-wants-to-build-an-expanded-bunker-under-the-white-house-a-historian-weighs-in,en,2026-08-17,
At least 5 dead as historic flooding sweeps across Indiana,NPR,npr.org,npr.org,2026-08-17,https://www.npr.org/2026/08/17/nx-s1-5934649/at-least-5-dead-as-historic-flooding-sweeps-across-indiana,en,2026-08-17,
DHS defends investigating agency critics and giving them warning notices,NPR,npr.org,npr.org,2026-08-17,https://www.npr.org/2026/08/17/nx-s1-5934692/dhs-free-speech-investigations,en,2026-08-17,
Trump orders Pentagon to scale back joint military exercises with South Korea,NPR,npr.org,npr.org,2026-08-17,https://www.npr.org/2026/08/17/nx-s1-5934738/trump-orders-pentagon-to-scale-back-joint-military-exercises-with-south-korea,en,2026-08-17,
Trump orders Pentagon to scale back joint exercises with South Korea,NPR,npr.org,npr.org,2026-08-17,https://www.npr.org/2026/08/17/g-s1-138969/trump-exercises-south-korea,en,2026-08-17,
FIFA asked to stop Gianni Infantino re-standing for presidency over ‘clear term-limit violation’,New York Times,nytimes.com,nytimes.com,2026-08-17,https://www.nytimes.com/athletic/7517272/2026/08/17/gianni-infantino-fifa-president-term-limit/,en,2026-08-17,
The Lakers sale and a federal probe put Mark Walter in a spotlight he never sought,New York Times,nytimes.com,nytimes.com,2026-08-17,https://www.nytimes.com/athletic/7517341/2026/08/17/mark-walter-lakers-sale-federal-investigation/,en,2026-08-17,
The referee’s view of the World Cup final: Telling Messi to ‘control’ a player and a ‘well done’ from Trump,New York Times,nytimes.com,nytimes.com,2026-08-17,https://www.nytimes.com/athletic/7516859/2026/08/17/ref-cam-world-cup-final/,en,2026-08-17,
Trump’s Overture to Kim Jong-un Strains Alliance With South Korea,New York Times,nytimes.com,nytimes.com,2026-08-17,https://www.nytimes.com/2026/08/17/world/asia/trump-korea-military-kim-jong-un.html,en,2026-08-17,
British Leader Exchanged Texts With Someone Posing as Trump’s Chief of Staff,New York Times,nytimes.com,nytimes.com,2026-08-17,https://www.nytimes.com/2026/08/17/world/europe/andy-burnham-prime-minister-uk-fake-texts-trump.html,en,2026-08-17,
"As Iran Truce Expires and Options Shrivel, Trump Lashes Out",New York Times,nytimes.com,nytimes.com,2026-08-17,https://www.nytimes.com/2026/08/17/us/politics/trump-iran-truce-oman.html,en,2026-08-17,
Supreme Court Again Rejects Trump’s Appeal of $5 Million E. Jean Carroll Payment,New York Times,nytimes.com,nytimes.com,2026-08-17,https://www.nytimes.com/2026/08/17/us/politics/supreme-court-trump-carroll.html,en,2026-08-17,
Trump Threatens a Middle East Mediator,New York Times,nytimes.com,nytimes.com,2026-08-17,https://www.nytimes.com/2026/08/17/briefing/trump-threatens-a-middle-east-mediator.html,en,2026-08-17,
Trump to Travel to Myrtle Beach to Rally for Darline Graham,New York Times,nytimes.com,nytimes.com,2026-08-17,https://www.nytimes.com/2026/08/17/us/politics/south-carolina-senate-runoff-graham-norman-trump.html,en,2026-08-17,
Appeals Court Rejects Trump’s Strategy of Picking U.S. Attorneys,New York Times,nytimes.com,nytimes.com,2026-08-17,https://www.nytimes.com/2026/08/17/us/us-attorneys-interim-appointments.html,en,2026-08-17,
Judge Rules Trump Administration Can’t Scrap F.B.I. Move to Maryland,New York Times,nytimes.com,nytimes.com,2026-08-17,https://www.nytimes.com/2026/08/17/us/politics/fbi-headquarters-maryland-trump.html,en,2026-08-17,
"Facing Quagmire in Iran, Trump Turns to a Familiar Face: North Korea’s Kim Jong-un",New York Times,nytimes.com,nytimes.com,2026-08-17,https://www.nytimes.com/2026/08/17/us/politics/trump-iran-north-korea-kim-jong-un.html,en,2026-08-17,
Trump Votes by Mail Again in Florida,New York Times,nytimes.com,nytimes.com,2026-08-17,https://www.nytimes.com/2026/08/17/us/politics/trump-mail-vote-florida-election.html,en,2026-08-17,
Xi Jinping will skip UN ahead of Trump summit,Politico,politico.com,politico.com,2026-08-17,https://www.politico.com/news/2026/08/17/xi-jinping-skip-unga-trump-summit-01039237,en,2026-08-17,
"Trump’s $100,000 paywall problem",Politico,politico.com,politico.com,2026-08-17,https://news.google.com/rss/articles/CBMirAFBVV95cUxPeEE4a1NoQVJUWDQzNElnaTdlVlNlS3BXaF9ERk5xV0lNZDVKYzZRbHYxZ3ZBaW5SdkxhQkpsMVh2Ukk1RHB5MlY2dG1XNDY1dGhTcEZDZ2xjT0t2REg1SmJoX21jNENaeW9FNk01bUNLbUxaV1FYY3ZNMjc2dlVfbm9qNy0yalpkdFBCODc5Ni0yMDhDR3VNQ0twdUNpaFAxVEh4dDNiSmdfX0t5?oc=5,en,2026-08-17,
Trump’s rosy Hormuz claims collide with tanker data,Politico,politico.com,politico.com,2026-08-17,https://news.google.com/rss/articles/CBMizAFBVV95cUxPUTBxOUphZDdPNWh6TVNWdTZheDNySDh3R1ZrZ0N3SkltQTl4WnBZNkFBVGpLU00xc1dNT0JIdU1OOEtHMGlxdVI5MlpvV0Z1dEFaODlGUVZQODNPMWZmXzROc0VJYVcwRGNNbXFBQkRVaEg5cWRaeHh2ZGlta2VCNVhRNEszb2JaSUFtQnc0YWNySkhlNjZLOUdxWmxTRms3RncxME9ldm83MXB2eG5XcWZhMzRGQkw0U1hUSFNPdUp2dXdJT2tlUEhNRHU?oc=5,en,2026-08-17,
Trump votes by mail again in his home state of Florida,Politico,politico.com,politico.com,2026-08-17,https://news.google.com/rss/articles/CBMijwFBVV95cUxPWkRSeGxROGZFdWN0UlQ2cGR0OEQtbEpXTGd6aWx5MFA0RjRIY0pXR0pJWlRMNzgxbU9PV2J2ZmlpYzN6WGpOeUV1UnN2V2RQRVdWTEJma0RvaFBTdVQ5ak5obmM4Znp2VG9pN0VWZmZ2Y2ZCMHdsdnFTdFd6TFZ5cmE0WTYyV1JXVE9tZEVhQQ?oc=5,en,2026-08-17,
Trump downplays worries over Burnham’s exchange with Wiles impersonator,Politico,politico.com,politico.com,2026-08-17,https://news.google.com/rss/articles/CBMiigFBVV95cUxPbVY4a1dYVzVsWmRRc2dPLXVRTUc5UUJ3QXIyQjEwOUJicDZGS2dUdVRMVUZ3bnpVNnNmM1pJdEZDMllnempac1gwVWNEWEl0LXJNWUxJeWxneC03UDBRLUZ5cFRzeTlLdjZ3UllIS1JUd0xLVUhPRGZFYUp1QkJSZFRKdUx4OGFKNHc?oc=5,en,2026-08-17,
More than Trump’s ‘human binkie’,Politico,politico.com,politico.com,2026-08-17,https://news.google.com/rss/articles/CBMiwwFBVV95cUxQd2RzZGhpekJ4c0pPZVM1eEZaTFpWWDZqRlVYMVBxX216SU96VW5NenhuUGU4WjRvUXdfUlJIVzBvTHVySzVsclVtTFlqekFETm85Wk4xSW5ZNHBNSmJ4ZUpPeWc2aDAwbWsyaFhjUEZWSEIzOTh3eHpRQm9rbWk4ZzhRa2oxYUl4R1hfQVZhMjFwcnFfangxVTZGeERCZ01VVzR3MEFRQzE5TnpkNVRQZVlCaWhGQVdYeG1KMjB3WFA5TlE?oc=5,en,2026-08-17,
Trump nudges South Korea toward nukes,Politico,politico.com,politico.com,2026-08-17,https://news.google.com/rss/articles/CBMiugFBVV95cUxNQmEta05GNVRPeXYxd3E2YnRyQ0ZHYVpyYWNXY0NrTTQwN2lOUWRjMHhyenAwMVhNU2JpYTIyOWdENm5BOHBvX0lWdkRLYlU3azhGNnQ0MzlzaTNCdVRJMlFwSUo0NTE5cWJ4aGxaeHFDcHNKSHhZNEstRy10aTU4anI1akkxcHMyZmxTT0ZGS0tUeVNSYXpPXzRyTndfcDNLSHdrRHhBa1c3NFh6b3NSVjlQRFNlRHp3UlE?oc=5,en,2026-08-17,
"Trump says Iran won't make deal he thinks is needed, threatens to bomb Oman",Reuters,reuters.com,reuters.com,2026-08-17,https://news.google.com/rss/articles/CBMiqgFBVV95cUxQZ3Rmc3puMlE0OGNHd3RFY2dEM3EzbkdKR3pxal9tVm1lWFliOE9Yc1NlVXN6aEx3SXJCSkVWVENjbjBJMWlXLThJdDE3NzF5aTRMbXJYdDNqRkRtYmlRUVhDcW02My04NWR1MXVianVOdDIwZXdsNGJ5a21walB1UjMxV2YyTGpfMFMzdHNZLW1YRjRaZENWZDE5akdRcFVibWlYcV9aTTM4UQ?oc=5,en,2026-08-17,
"Kushner's talks with Israel, Hamas end without breakthrough on Trump Gaza plan",Reuters,reuters.com,reuters.com,2026-08-17,https://news.google.com/rss/articles/CBMiuAFBVV95cUxOcEx3MFJPNUM1WXN5SzhvTjJKMjk5aXZHWkxtMlBSaS14RTZpaDZsV3cweGdLdGo3dWJDU1ZCZVlob1NESk1CT0l3OFh6OGRXVFVVLXRtb3d0UGRNMlpkSGFobzk4c1dmZ0dtRUxQcEtVQ0tLVWZZbENQRlRSR0FkNWw4eDNtcTk2bkpRNXEyNDN2OFp6clItN0ZPRWUwbmFVQlZUdEdRVmU2R2NiY2hLTFRTOWJGM1VL?oc=5,en,2026-08-17,
Trump says North Korea's Kim has responded to his overtures,Reuters,reuters.com,reuters.com,2026-08-17,https://news.google.com/rss/articles/CBMipgFBVV95cUxOTUJXMVdaUWl3aDB1SXIwbmVGSi1jbXJFblJHRkN3QTlaZ29LNEd2bktlYTF0d29GOE40TVVHQk1acVY4Z3hIM1RWNlJTb19udG1KM3hVV05xZWNhUGMteEh0bE9jaDNBci1DZ0U0NURkQU1zYXNYRmFLV3B1cmY4dTIzTWdmS3BhMEM3U2pMZzA4SEVoOFVZUm9hM1MzeVlfdGYwM05n?oc=5,en,2026-08-17,
"Erdogan urges Trump to pursue talks with Iran, offers support",Reuters,reuters.com,reuters.com,2026-08-17,https://news.google.com/rss/articles/CBMisgFBVV95cUxPZTVPLW5Mb1Q5eVJPMkVLcjVXVUg0Tmo5NE92SGQyZHFmbkxQeG12LVdjT2ZRMVNVNTc1WTN6VUZaUF8zYVlyTm1JR01PbHo4VHc4ZF95NnZyajlKdzZQSDhyWTR1TEpnNVk2dTZsdVNvUE8yQXhwd01oSTlnNE9zb0h6Ul9NbVUteEtERjVIczBGdGVsMFl0ZWM5ZlY1VnNZc3NUbEhYeTFHUXpLM2daSk93?oc=5,en,2026-08-17,
US judge blocks Trump administration's plan to scrap FBI headquarters move to Maryland,Reuters,reuters.com,reuters.com,2026-08-17,https://news.google.com/rss/articles/CBMivgFBVV95cUxQekdoTVNrR091TFpKUGNsdUdsYlducFpscXVRbmMxbjFwWnpaaGNKaXJTUE1NaF9RdFVMWmE0UERudTdvTHpzNUl0UWcwRUlBNnRNZi12TkdTMl9VLUN4b0lBdkt6bUh0NWMwSXFpQ01lOUFkYl8wejUxZWIzUXR0VnpMa2U5eDNKS29IdGJsVzBEV1hGdDJrdTlzVXF0Y3hockhwenFGVTNCRjFhLXZaVmVJNkRNR2Z1OEhrOEJ3?oc=5,en,2026-08-17,
"Trump administration unlawfully appointed Nevada's top federal prosecutor, court rules",Reuters,reuters.com,reuters.com,2026-08-17,https://news.google.com/rss/articles/CBMiywFBVV95cUxOdjc0R0VmZnRWcXlDN19FQ2JDYng0dFBfcTgwa291MHVlVTRBbWgwLWZnYzhxR0lVZlR6ZGgwWURXV0hQUXJPeEJJSC1HQ1NYblZ2RjNWZzU5dEJ1TzNPSlBoU0ZfX2phdkRwcHZQVXN6ZDdPN3NfZkpfLXZmR21ySTFwLTlRWWd1eEVCZEp0YkxlMHlzd1BiR3ZUNm1LTXBxeXpma0tGSm4zeGI1VG00bF9DM01vTy1OQ18tOG16bm9pc1E0NFZmckNFQQ?oc=5,en,2026-08-17,
Trump blames 'vandals' for damaged grass on the National Mall,USA Today,usatoday.com,usatoday.com,2026-08-17,https://www.usatoday.com/story/news/politics/2026/08/17/trump-blames-vandals-national-mall-grass-damage/91343791007/,en,2026-08-17,
Tina Peters hire bid ignites Shasta County election controversy,USA Today,usatoday.com,usatoday.com,2026-08-17,https://www.usatoday.com/story/news/state/california/2026/08/17/tina-peters-shasta-county-trump-elections-denier/91346066007/,en,2026-08-17,
Alexandria Ocasio-Cortez says she has no regrets about egg freezing,USA Today,usatoday.com,usatoday.com,2026-08-17,https://www.usatoday.com/story/news/politics/2026/08/17/aoc-no-regrets-freezing-eggs/91345276007/,en,2026-08-17,
"Trump hammers South Korea, criticizes US ally over Iran",USA Today,usatoday.com,usatoday.com,2026-08-17,https://www.usatoday.com/story/news/world/2026/08/17/trump-south-korea-military-iran/91346286007/,en,2026-08-17,
Kentucky governor says McConnell has not given him health update,USA Today,usatoday.com,usatoday.com,2026-08-17,https://www.usatoday.com/story/news/politics/2026/08/17/kentucky-governor-andy-beshear-heard-nothing-mitch-mcconnell-health/91341207007/,en,2026-08-17,
"President Trump's approval rating slips once again, hitting new low",USA Today,usatoday.com,usatoday.com,2026-08-17,https://www.usatoday.com/story/news/politics/2026/08/17/president-trumps-approval-rating-slips-once-again-hitting-new-low/91342923007/,en,2026-08-17,
Treasury charters Trump-owned World Liberty Financial as a bank,USA Today,usatoday.com,usatoday.com,2026-08-17,https://www.usatoday.com/story/news/politics/2026/08/17/treasury-trump-owned-world-liberty-financial-bank/91336724007/,en,2026-08-17,
"Freedom 250 IndyCar race: Schedule, start time, TV channel, live stream",USA Today,usatoday.com,usatoday.com,2026-08-17,https://www.usatoday.com/story/sports/motor/indycar/2026/08/17/freedom-250-grand-prix-tv-live-streaming/91339604007/,en,2026-08-17,
Trump wants to bomb Oman? His Iran war keeps getting worse,USA Today,usatoday.com,usatoday.com,2026-08-17,https://www.usatoday.com/story/opinion/columnist/2026/08/17/trump-oman-iran-war-strait-hormuz/91340715007/,en,2026-08-17,
Trump border wall work paused in Big Bend National Park,USA Today,usatoday.com,usatoday.com,2026-08-17,https://www.usatoday.com/story/news/nation/2026/08/17/trump-border-wall-work-paused-in-big-bend-national-park/91339596007/,en,2026-08-17,
Midterm election betting already surpassed 2024 levels,USA Today,usatoday.com,usatoday.com,2026-08-17,https://www.usatoday.com/story/news/politics/elections/2026/08/17/election-betting-surges-ahead-of-midterms/91340013007/,en,2026-08-17,
"Ossoff, Kelly outraged over admin response to report about USS Lincoln",USA Today,usatoday.com,usatoday.com,2026-08-17,https://www.usatoday.com/story/news/politics/2026/08/17/jon-ossoff-mark-kelly-trump-uss-lincoln/91339182007/,en,2026-08-17,
"USS Abraham Lincoln was hampered by change in supply bases, maps show",USA Today,usatoday.com,usatoday.com,2026-08-17,https://www.usatoday.com/story/graphics/2026/08/17/uss-abraham-lincoln-traveling-supply-cases-maps/91335944007/,en,2026-08-17,
Canada faces new 50% US tariffs as trade talks intensify,USA Today,usatoday.com,usatoday.com,2026-08-17,https://www.usatoday.com/story/money/economy/policy/2026/08/17/canada-us-tariffs-trade-talks/91341234007/,en,2026-08-17,
"No, Ossoff won't run for president in 2028. Would he have a chance?",USA Today,usatoday.com,usatoday.com,2026-08-17,https://www.usatoday.com/story/news/state/georgia/2026/08/17/no-ossoff-wont-run-for-president-in-2028-would-he-have-a-chance/91336356007/,en,2026-08-17,
"Nancy Mace reveals tattoos, years after getting them",USA Today,usatoday.com,usatoday.com,2026-08-17,https://www.usatoday.com/story/news/politics/2026/08/17/nancy-mace-tattoos-podcast-get-maced/91334786007/,en,2026-08-17,
"Sanders, Piker preach socialism but keep their wealth close",USA Today,usatoday.com,usatoday.com,2026-08-17,https://www.usatoday.com/story/opinion/columnist/2026/08/17/warren-sanders-piker-net-worth-socialists-wealth/91287987007/,en,2026-08-17,
"Indiana grapples with flooding, damage following deadly storms",USA Today,usatoday.com,usatoday.com,2026-08-17,https://www.usatoday.com/story/news/nation/2026/08/17/indiana-flooding-water-rescues/91335178007/,en,2026-08-17,
Supreme Court denies renewed Trump appeal in E. Jean Carroll case,USA Today,usatoday.com,usatoday.com,2026-08-17,https://www.usatoday.com/story/news/politics/2026/08/17/supreme-court-trump-appeal-e-jean-carroll/90981199007/,en,2026-08-17,
Trump threatens to bomb Oman if it 'gets in the way' of US-Iran talks,USA Today,usatoday.com,usatoday.com,2026-08-17,https://www.usatoday.com/story/news/politics/2026/08/17/trump-threatens-bomb-oman-iran-war-us-talks/91334335007/,en,2026-08-17,
"Photos, videos show destruction as Indiana floods continue",USA Today,usatoday.com,usatoday.com,2026-08-17,https://www.usatoday.com/story/news/weather/2026/08/17/indiana-flooding-photos-videos/91333951007/,en,2026-08-17,
Mamdani isn't ignoring his constituents. Imagine that,USA Today,usatoday.com,usatoday.com,2026-08-17,https://www.usatoday.com/story/opinion/columnist/2026/08/17/mamdani-luxury-home-tax-rent-freeze-new-york/91290868007/,en,2026-08-17,
Trump's National Guard deployments didn't lower crime,USA Today,usatoday.com,usatoday.com,2026-08-17,https://www.usatoday.com/story/opinion/2026/08/17/trump-extends-national-guard-washington-crime/91288328007/,en,2026-08-17,
"From NASA to SpaceX, rocket launches expected to surge in next decade",USA Today,usatoday.com,usatoday.com,2026-08-17,https://www.usatoday.com/story/tech/space/2026/08/17/nasa-spacex-rocket-launches-increase-us/91194362007/,en,2026-08-17,
Mary Peltola is putting Alaska's Senate election in play for Democrats,USA Today,usatoday.com,usatoday.com,2026-08-17,https://www.usatoday.com/story/news/politics/elections/2026/08/17/mary-peltola-alaska-senate-election-democrats/91294319007/,en,2026-08-17,
Marjorie Taylor Greene claims Trump considering using nukes in Iran,USA Today,usatoday.com,usatoday.com,2026-08-17,https://www.usatoday.com/story/news/state/georgia/2026/08/17/marjorie-taylor-greene-claims-trump-considering-using-nukes-in-iran/91334646007/,en,2026-08-17,
Trump threatens to bomb Oman if it ‘gets in the way’,Washington Post,washingtonpost.com,washingtonpost.com,2026-08-17,https://news.google.com/rss/articles/CBMikwFBVV95cUxNYkpvYWY4dExUNDRiaVd3RWNlOFRpd0loZDVTdm94SlpRWHJldnJTd1QtTlQ4Ukx5c3Q4X3NsaEgxci1LVmNVWC1KczFJcW55TTVZemd5M0xiTG1zU2Nyb3NHTVhtWENRVmk5dDl0N3BwNWhZR3lQWllGRDZSM0VZOUJNcDZ4WGtNQUNyUUEwRFhHaE0?oc=5,en,2026-08-17,
Supreme Court rebuffs Trump’s bid to overturn $5 million verdict in Carroll case,Washington Post,washingtonpost.com,washingtonpost.com,2026-08-17,https://news.google.com/rss/articles/CBMiwgFBVV95cUxOQ3NsUEFKaDhVWHl2LUdFU25kU2RQMWtGME52NHhzeVB1WkdaaUM2VG5vU1BqUmNQRFJSRm9sdWlzV3dQWkZlcE5pTk1TSV8yYjBfOUxCTTRaSUd6dmZVLS1rOUlNNXE2OFpPWFlaUFBvRkpZZmVEUkJTcWFldzdrMHBmWXZwa3RKeUVpYm5jNEZHRGZpRTNtZGx4SEhVbEVxeDZ3RE9PTEZQNGduWHNUNHNxUmlrMl83T2w1cEtJSUt4UQ?oc=5,en,2026-08-17,
Opinion | Here we go again. Another spectacularly dubious Trump golf triumph.,Washington Post,washingtonpost.com,washingtonpost.com,2026-08-17,https://news.google.com/rss/articles/CBMixwFBVV95cUxQaFRjTHNUVnpxald0TDRqWGUtRTN0X3BfMnU0aDVqSFJScTNkbUtfUFlxYVhQbjFMWWd6eDVCUDA3bURpeHJSNzRpSDJIRUxwZXV0aTRfMHJOOHE5VGk1YnJmZjNqdU9NdE9JV3kzb0VwT25NQ05tdVl4RjhqTk1TZGs5N043eGNhbVNuVGsyaGNGNzhmZ2hrU3Rsck11TzJkZ3A0TEtyTEdjX1VoS21LanJYb2ZiWXZiajlHTkVtWElXclVQSkp3?oc=5,en,2026-08-17,
Trump blames vandals for dead grass on lawn where he held Fourth of July event,Washington Post,washingtonpost.com,washingtonpost.com,2026-08-17,https://news.google.com/rss/articles/CBMivAFBVV95cUxNbFZOTWNjX2dEcHpfaF9QYXhQZ3RxeWVvczhtaU1MNWRIWDJNS09sQy1LU0pPYXBCRS1FSHVtdG1peGVSUzlwdGlMY3hqUlF4aWpKcFdmLWhGd25ieGFWOHpkdEV6UE92eldBUlprcFhkbkp6NkljNmZlMWlCLWhHWWdkb3BNODNGaGN1a29FNWppcEJuZXhlMzJNUC0xVWdmRmxrN01XUXFFdF9mOHRzVVlJNDJxaGNVOGZKQw?oc=5,en,2026-08-17,
Monday briefing: Trump’s ballroom; Hayden Panettiere; summer books; and more,Washington Post,washingtonpost.com,washingtonpost.com,2026-08-17,https://news.google.com/rss/articles/CBMiiwFBVV95cUxNX1lhRy1wQ2w3dzJFLVpiaFZjcHR6c2lSenRnamNJclpuMWNWc0g1a3FmYUpOVlFoUHFNamZXUjVtOFpVMUhDOXg0LUFHbUUxNE1qLWxIYnVSYUpxeEY1RkttUFZiT1JXSFZtLVE4aVowX004VDJKV29LOFBSbHUydHlmZXdreUN3SzVn?oc=5,en,2026-08-17,
"Cassidy on Trump’s vaccine overhaul: ‘Crazy, stupid thing’",Washington Post,washingtonpost.com,washingtonpost.com,2026-08-17,https://news.google.com/rss/articles/CBMipAFBVV95cUxOQzAydUJmZ2RlUkNoZ1J0QzdmdGZXclNqNUlCaGFySlB3X1h3S0RWVXA0UXdyMG9UaHFOQ3JfTUNiakRIVTE4QmEyWkpIYzNNY09xMTRLaFE0S1UtNVVqQ0tsM0JCd0NDYXFJelN3eTZ4a1pILXhvU0ptcHl4WDBVcTF4Q0gzc29ubHlBVFlheFpFdlM0RlhudzVoTlE0dTY4eldKWg?oc=5,en,2026-08-17,
Trump rolls back vaccine recommendations. See where your school stands.,Washington Post,washingtonpost.com,washingtonpost.com,2026-08-17,https://news.google.com/rss/articles/CBMiuwFBVV95cUxPMElVb1lJazFOZDRGZGdva3BHamdrRENYT3l1RmtJM0lsLUdRWklHM0hZTGVtZXB3OXkwdmR4aHJqRGlibkpTRWo1VzN4cGhuVE1TcHdlRjRJclp0bklPVVFPM3h6LUpBbUhnMHpXX1pvNjJXcE4wTWJ4Ui1MZ2lEdW1IaloxdlhuZHlHVkdpTHNOQTJMeWJELTVvTW1WbzNDaVRZUE9jMmw3QzhPR3gwLXowV0tIdmtCZXNF?oc=5,en,2026-08-17,
Trump administration moves ahead to end roadless rule on national forests,ABC News,abcnews.go.com,abcnews.go.com,2026-08-18,https://abcnews.com/Politics/wireStory/trump-administration-moves-ahead-end-roadless-rule-national-135748769,en,2026-08-18,
Appeals court says Trump-appointed US attorney in Nevada can’t legally serve in the role,ABC News,abcnews.go.com,abcnews.go.com,2026-08-18,https://abcnews.com/Politics/wireStory/appeals-court-trump-appointed-us-attorney-nevada-legally-135744203,en,2026-08-18,
Trump says US and Canada have reached last-minute deal to delay 50% US tariffs on $20 billion worth of Canadian imports,ABC News,abcnews.go.com,abcnews.go.com,2026-08-18,https://abcnews.com/US/wireStory/trump-us-canada-reached-minute-deal-delay-50-135759591,en,2026-08-18,
Trump picks Jay Clayton for director of national intelligence after uproar over Pulte,ABC News,abcnews.go.com,abcnews.go.com,2026-08-18,https://news.google.com/rss/articles/CBMipAFBVV95cUxQanBpazRmTDd1NWdIcEhrMUlheVBGMUVyUXRlX0ZyQ3dELUxkSm1yeHpkano4a1RybEdqZE8zUVNOaklrNG82cWMtRDAtS3o4d1BkbzZyYzlPZUVaTjFrYmhzRW8wUE5HcGw2bndYQ0pXcUdsbW5UdGhKR2l6Ymx1WVRXeUx1c09fdkloaGlkWGI5ZTNnZzZNOXlFZm1qQ1FaVWtlcdIBqgFBVV95cUxQLUF2d3d5eHZhalFXS20zUWE0NUVqR2ZUSjhXRU9kcGVFN0lVbE9Lc21GM3BRdnZiRlVrRl8zVnp5UU5zdERLNG1FekFVZGo3VmxWZEN3SEliSFk4aUY0UzRCSHN6ZDlTbkxDWUFSX0pVQXc0RzRZMXNIZFVoZm16RlRXUTU1NUlMRTFsaEFqbHVPR1VyQ3FBSzRfM3NkUUJPeHVYbHlDS0tNdw?oc=5,en,2026-08-18,
Video Trump doubles down on threat to Iran,ABC News,abcnews.go.com,abcnews.go.com,2026-08-18,https://news.google.com/rss/articles/CBMiTEFVX3lxTE9uYzFEb2FMNDVuMFhfSkhrSE1tZnJsRHpzWkpHN3p2NjN3aUdUNENXREFlbEJfN2sxZk9hZ2g4VTM3WTdvZ0F3V2VyZ1A?oc=5,en,2026-08-18,
Trump casts mail ballot again in Florida despite efforts to restrict mail voting,ABC News,abcnews.go.com,abcnews.go.com,2026-08-18,https://news.google.com/rss/articles/CBMipwFBVV95cUxQVFpFSzUwRkxWSnlzQjJfMlA5ck44cmdTcUlJTmZ2WV9tRlIzOWd5WDYxcFZSbWM1V3UxZVhLeUhZR2drMDZOejJFcEhKV0hPb0dWbElQaDNHanY5ZENnczJ2ZHJKMWJEcVBoQm1aN2dTMlBjUThxeFBpTHZvb3d2TDNWSFlGY3EyanllYmszQ3pkOWJoaGVjSEstN0ozTEdzUGRyM1Uwc9IBrAFBVV95cUxPYUJOOFhTbHNGSk8tUkk4TVdKZ3poUzk3OGtsa0hyVWloZGtoSnJFTk1MaXh3X1c2cElqQ2VQMVhtempPTUl3SkJJVDhqSzRLS01QOV8xeWNKQ0l2QzNiM25aWTFMTEdTbUw5amJQdzk5NlU4eFdwWlVPOGEzaDFYcFhNYVdHRy1ZSG9Fd21CR2VvTXFXendWS0xVZmFSc0l2eW1iTHVmalZiYTgy?oc=5,en,2026-08-18,
"In apparent reversal, Trump says he's sending 5,000 troops to Poland",ABC News,abcnews.go.com,abcnews.go.com,2026-08-18,https://news.google.com/rss/articles/CBMinwFBVV95cUxPdl9naFI3WUpJRHgtZ2VINy13NXpTLUcwSF94cVdSM3pia0w5RTVMUWxaYkZaalRnb2h3Z3lwUV9hVkhwcDVIb0lKdzFtT0pyMHBHVEdERDNaZkQxQ2tHWGY0aXoyTnBOU3dWb3ZYRXROY0hhVzBPdVRCdW5hN0ZEQTQzYXQzVFJRNkZKNlZpdFR5MHN5NlRjcEs2UUM3enfSAaQBQVVfeXFMTUV1TFF3QWVNcmJOdjNYT1ZVTzBlRlVmcmNzNmFhR3hOM3FNUUVzdFQxQzNDZVVPZ2I1cWZpY1hfcm9IN0ZlNGlab2V5c2xUVXN4dFZTcXRRRkFzd3QwUlc5ckZKeldpUm9lV3VpdTZtdHozMW4xRTNtX3lZTUNwS09FSDNubFdENTNDWmpOSzFLb0k1N0pla1dhSkk4WUtlR2s4clU?oc=5,en,2026-08-18,
"Trump is threatening to bomb Oman, but why?",ABC News,abcnews.go.com,abcnews.go.com,2026-08-18,https://news.google.com/rss/articles/CBMiggFBVV95cUxOM2FFejNHOHRiRHBTQ2JSNmVlUTE4dzl1VHY0ZGV6RVFRaWkwbmpCX0U2U1g5ZFUtTUY5V3VuZXlqTlByaUZyR04yZHVfeHkySXVuMmxzU3BxM3lfVmNGN1U4YjZiWmdpbFpsRGRyQ3kweW56dEdoeVhiZXlhSEMxWTJR0gGHAUFVX3lxTE5yeXdUZE45ZFZRYURmcG5EZzVmUzJiamgwLTlaOVNTQjNJVVNSdFRnZEF6NWQyMnJMN1I5WmF4ckZOaDdrRFNLcm9BNmxNcFRUVm5JWkZNVVhxLUlSbzF0XzAzRDNKeDkxNXNBQV9HRGNUUXBub2RIWTFuenY4bHVrZGNoUkpRNA?oc=5,en,2026-08-18,
South Korea president stresses US alliance as many baffled by Trump order to cut exercises,ABC News,abcnews.go.com,abcnews.go.com,2026-08-18,https://news.google.com/rss/articles/CBMirwFBVV95cUxNQkJDVkRuZktSdkZFY0c2ZWhiVi12alZLaWVZdUNxaW84aldkRGVTb1Zxb0Q5ZU00X1A2bHEwRWxicUVkSG14Qnc4dEY2cG91Tm1zbUU1OVJrUXFCXzE3NW4yWC03bHhkakZ1TkJicFBLdmlfUXJPcmJ6UUJveFRMVkRjdFg4U1ZmTkFXS3dlSzc1aWdUbl91UzctbnF6OHhMM0xPcDRKUlBZX3FHOXBN0gG0AUFVX3lxTE9ndEtwNDh4dUFIVW80Y29HRnNpT2ZEc0NQQV82aEFfdWhfM09IdC1PWjhaM2xpbThpdVFELUt0b0tQc2lFQ0FsSzhPejF4eEVOSkszQUZSdGE0d25sS1AxLWdnQkVnUUdmOGxleFBkZEhBb2FIUHVxSEQzcnBMdFRsdEV3S1kxMklfYS1DNkI3X2lZcVBLSGFOZGVQb3JpZlNCN0QyY21JYXoxeHZfN2M3X2lnag?oc=5,en,2026-08-18,
Quebec separatist leader says no independence referendum until Trump leaves office,ABC News,abcnews.go.com,abcnews.go.com,2026-08-18,https://news.google.com/rss/articles/CBMivwFBVV95cUxNRUo3Y0NZNVZ1dWRGYXhOUzZJa2I4a1UtN1FnS1psbW1wZldXbXdLTVYxTURxWWVtWk56anlZU1FkZ1FGakxHSS10WWJQOWR0V1RhbkFhNkFfMmtwWk0zajV3NVRGY3B5aHQ3c3lKT2lMOWpUdzJkdUtRTGNTY0RYcWpnMjdmVFpfQWYwbV9ZNGRGaW5BOWhhTnRqTTRobWgzY3NoYUEyM1RqZlFGcVpyOWNhZDVaSU1QSXZiNHU4WdIBxAFBVV95cUxQTXkwN0paUG8ycUt3MWFrZ0luR2V2TmlmSk9wMlBaMEs2WDgzSWg0LWxWYTRGUUVkSF9ETlQ0LW9wcV9qUWM2clZWaHdFS1dfOFE2TllFYnVXZVZocFZFdkIxWjl0dEVBYUNkaE9KVFdrVkhMcFFsSGt2dFNJaHBJcVZfcHJTbzRmczEwcFNMMmk2VjRhc1lDQk1uc3BYNl96cGJaNW42enJ5Yi02bElyUE9zd0wxNWpNeGdaMzhFZERGa0la?oc=5,en,2026-08-18,
Judge blocks the Trump administration from moving FBI headquarters to DC office building,ABC News,abcnews.go.com,abcnews.go.com,2026-08-18,https://news.google.com/rss/articles/CBMirgFBVV95cUxOQW16d3pCOXNLaHdBWmJkM3VBN2x1bms5OFh5YnpjcWs2N3k2eFViVmIzRWhVY3h0dHAxUUhtTTlTTHBNOGVrUjBIaXdvalQtMVhPM1hDZElyS1Y3TjdTOXF3c0NuelMxSG9FazBtNVlLQnVLOHNyQUtQZm84OXR6cmNvNTdXc1lyZjZWOERUWVE3TlVlRmV0YmxXUmd4SV9ocUlXRkJ1enk5U1BZUkHSAbMBQVVfeXFMTXdOQ0Z6WE9KRXVaWU1FWnpLRXo1YUFiVno4alE0M21fZDE0TXBLLVdGUERiOFc4UEs5LWNLOGdzQWRzODJiQ2ltcnNwQnFHbUN5TTBRR0tWRGxyeEFwc1BXZ1ZOU19GNzRaZ3VuOS1YTHBTLXhsS0FFdzdlMHJra1lqOXBFcXMtcVY2N0tReEE1Y1lvX05iM0lsMDJ6QmxCTFprUUdIM3FkV3J3dnVjaU91OG8?oc=5,en,2026-08-18,
"Judge rules paint tests on Eisenhower Building can proceed, advancing Trump's makeover plans for now",ABC News,abcnews.go.com,abcnews.go.com,2026-08-18,https://news.google.com/rss/articles/CBMipwFBVV95cUxQUVg2VUJWSHZ5ZjE5OU1iSmF5TjJkUUZlWEZlejZ6OXN1UGdDOVM0bm9nQzdQRUlvNGhBMDhiSDJoc1VaaWdTcHJURTl2NkdLTG55TFFpRU5fb0lPNTdXSDFjSDQyNFJaRlZZX1kteHNnZVRUTWoyb29idC1NVWdlVXpWNmNwVTZqQjc0SmE2RjBxaWlsVGZNTTNLSWdqckJkVmNtWFpYc9IBrAFBVV95cUxQVzFYQW9EYjNrXzJqendkTWpBWVppSHNaTy1qZEFibGF5TnptZGtUbjhaQkZmQTJQVUtRaFJUbDJkZmhzX2gxNEVFVkJGUVNfUWlVRnc3NDFnZXhlcV9VSHd1UE9uVERVbGFSQTRFMlptVlo5dWNKcTg1VUw3TW1udzNlTFZLbFZFWk80RnN4VzJXRnh1LVVSYlFZOVJwR1FnSFNPT0VBWkZYQWFl?oc=5,en,2026-08-18,
Trump says he's 'willing to live with' final US report on deadly missile strike near Iranian girls' school,ABC News,abcnews.go.com,abcnews.go.com,2026-08-18,https://news.google.com/rss/articles/CBMinAFBVV95cUxOM3h1ZU5xZTdVZkctejZnVk93cGxRX3RqZndScThpVk0xdDlEc1NMX0JKbEJiUE9wbTdOMzJsR2lVOEtrUFA0alIwN0ZZRERDWTUzYm9EalRuM1NLWDkyR2ZJM1ZuamVtV2hIWm9Ib1RweXpveEx5OHpjSnUzUXZVamNVSm1fejlJMmJaWTRFLXR4Ni1EY3RpQ0UzRkbSAaIBQVVfeXFMUFN5MjYxeDVlckhhekM3OWZ6djZOanpPTW1FN3BWNWZITkdqV20tOFJnQkloRFJfVF9mMjRvM1EyNkFNazJwQzhLc00tNUxUYkxsbkhlTVdTc2psb3lvV2xGMWtjSld0bTI0RnNZV2NETmh5YVFrV2hCa3RsZmo2YkJWWXp1ajQxdG5yamNoczUzT1U2eDJRRWxCWkF0OUtTakZB?oc=5,en,2026-08-18,
Trump administration briefly pauses contentious border project in Texas' Big Bend National Park,ABC News,abcnews.go.com,abcnews.go.com,2026-08-18,https://news.google.com/rss/articles/CBMisAFBVV95cUxQQjgtUDZUNnVBSDkxQklCSmxXSUlxUTdVbHNpTVB0UUI5elBVX0FLcEVndkV2T0NUanI0V3RnNmJqTmVLRVA4aTZEeTIyVFRQUFdaS2QwLXlRR3cwWlh3RVdVRmxHUGxOb3lIbFV6VGhUWkU3Zll2TUZzN3ZrRUtycERjdFpiX0ZKVndGdkpfaVQ3bE9iTEhiWU5QU2htVFY3NmdVR21HeHJfdXpHeVVYYtIBtgFBVV95cUxQSHFHYzdUQUtidWVHamR0MnNOOUZVaThyQmxnX0JncTVRQXNvaC1SNmpsREtHMHFsX292dGhvU1psSUdDb2d3bjB6VmMyVFRxOFJtRnV3TzR1QTgwZnhKdnhEM1A0akdtNUJLZjBsRzJ5d2N0QW55VHF4LUpoekJHSUdiNm5rZHZjS2k0aDJEbzkzcGhKUnl2M0xXNHRtYWhHdHdsV0NoSVFpbjFfSmhReGdNclU5QQ?oc=5,en,2026-08-18,
"After sweeping SCOTUS presidential immunity ruling, Trump wields it broadly in push for power",ABC News,abcnews.go.com,abcnews.go.com,2026-08-18,https://news.google.com/rss/articles/CBMisAFBVV95cUxOVGFCMmY0eUltMG02UXljUEhJSkplbGVKeUNlNjZraFdQNXItLUpRMFJySGtGQURLYkg3UVFGOTFmVERxeHZKOTVtbDJMWGllTW9jczdLY3lzWTNvMGVyNWdKQWZPN2xSWDRWWDEyUENZTkpGNXZySGNDaFlzRm5iRFJHMFZkSHd1RTl2N1FNdDRfczZoTlBOR0dHNzB6Y1BfTlRtQjUtUmV0bE1WRDI4etIBtgFBVV95cUxQU0lJNDJaczR2aV9lTFhFZ1A4LUdyalMyT25RQ09RSFZ2RkJQaG9JQzhpSU5OMFV0YVVCUXRrWlNsb0hLSmhzbEZaLVNNWHE1aTZueERONDM0SXdOM0oyVmZuWHBMcFNfeGRacjNud3JnbUdnSVlrN3duMkNJdnpvUGRUTnA3MHVtWllkSk5WUGRVbGhQUmtyTmV5dUdPZlNPVDdQZzNfVkxqLVVsbVhVZTMyeVNGUQ?oc=5,en,2026-08-18,
Teen lifeguard and boy he rescued are honored at White House after Trump saw dramatic viral video,ABC News,abcnews.go.com,abcnews.go.com,2026-08-18,https://news.google.com/rss/articles/CBMimwFBVV95cUxPWGdLaEp4YmpOVzhsUU5oeFE5YVFXR2dxY2lwZDdtbjBONk1ncDNRN2dhdGs5cXpxTk1YVGJhN2xpZjRsbE9kdzkwS3RwQTVPemJrbU16bHBLeTZzM19RMW1rbFg2OWRkSENnejRaNTRwUGZSWEV0LV9md01YOHY5bFplZDlIUnRBQ0xNR2NpTmxNWTNCRHRwa1p3d9IBoAFBVV95cUxNVjZaQ0JSN0VsSENxem11Q2R2djB1Qk0zVDNJUzk4YTk3elZrZVlpaW1GVXRTYjlDeGdYMnpKcjdfQ0dmWk81cE85eDQwRndDTnM2bDJwZTBSRDh0RGdNVzdDTlNkaEVoUkQ4OTlKWmQ3bHZSZlNWLXlKb1JkR2MtY1Q1bnFKU0JQcXdVSTIyWk9Oc3A2NTRfejM4YkJBLU1v?oc=5,en,2026-08-18,
Trump's slight of South Korea in favor of the North raises broader US security concerns,ABC News,abcnews.go.com,abcnews.go.com,2026-08-18,https://news.google.com/rss/articles/CBMimwFBVV95cUxQZkxJbm5xNmhCV1dhaVozYzFvYzhPSVI5SHhpbG9kLXExS1ozV2xpdjJVOXJ6QlpOaldlVktqTHRsTGZOYURhZ1lJMG5LbDNzdzk3dVRSaC1mWUsxRm1xbE9GY1cyaHZWa1EtX29BTmdZNzh0QmhRbTlmQjNLallWMlg5NEVpeU5pUEVmYVJqVUFreElyT2ZnamcwTdIBoAFBVV95cUxNMnFLakE4T3NyOWpZTGxMbEZESW9SREVZN1VyMDNuaWYwWTVaV2RXemZzRmZSVGdMMkc0Nkxta2hURDd0aEVHVzUyMGRjbDZrSmVXTFU2UWgzNlhxV2JXaUNraEg0V0s4cDF2d0NtenNsWDZ3SU5LSV9KNUZQc0l1M2RKenlGbWE3NXhlQkJYTFM4REhYX0lVWDFhS1dpZENk?oc=5,en,2026-08-18,
Drills cut by Trump are central to the US-South Korea alliance,ABC News,abcnews.go.com,abcnews.go.com,2026-08-18,https://news.google.com/rss/articles/CBMipAFBVV95cUxNZWkxYk84RHkzbTdjX3REazV1YlYyTDZoYk5WcGszR3NIeTVtYTh1ZC0yRzlmTHRyb3JBVjVWc202WWctTU9OWUFjb21uQlR1a0RONjJwSTZ0a1QxZV9yYlg0U2o2M3JncUtIeWRVUXZhN2FULWlvVko0dW5WVGVHNl9tY0JSLXdYdVlVWTllNWE0elRzWlRQSF9OT2FSb0Joelh4StIBqgFBVV95cUxQdDRHYXZxc25vVG44U0tTVTg2cTRuamFELUlxalN2RmlFZnhOMjQwRGxVS01nN0lVR3dIOTl4d00zdTR3UGFjZEFGMUpoU3ZnTTZtT3FQRzVGYUlDRjBIVHZJYWh0WElBVXhSM1lHQmJpMjBORDNaZXpBdWlxYWFUS0NXZENYQ3BVSHZGdGRhV1d1Y3pFQlVQVjF3ZzFfUkJfeXUyNjBEbExaUQ?oc=5,en,2026-08-18,
"Trump Making Ballroom ‘Fait Accompli,’ Foes Tell Supreme Court",Bloomberg,bloomberg.com,bloomberg.com,2026-08-18,https://www.bloomberg.com/news/articles/2026-08-18/trump-making-ballroom-fait-accompli-foes-tell-supreme-court,en,2026-08-18,
US Sanctions Top ICC Officials and Vows to ‘Dismantle’ Court,Bloomberg,bloomberg.com,bloomberg.com,2026-08-18,https://www.bloomberg.com/news/articles/2026-08-18/us-sanctions-top-icc-officials-and-vows-to-dismantle-court,en,2026-08-18,
Oil Advances for Fourth Day With US and Iran Locked in Stalemate,Bloomberg,bloomberg.com,bloomberg.com,2026-08-18,https://www.bloomberg.com/news/articles/2026-08-18/latest-oil-market-news-and-analysis-for-aug-19,en,2026-08-18,
China’s Top Envoy to Visit Seoul as Trump Shakes US-Korea Ties,Bloomberg,bloomberg.com,bloomberg.com,2026-08-18,https://www.bloomberg.com/news/articles/2026-08-18/china-s-top-envoy-to-visit-seoul-as-trump-shakes-us-korea-ties,en,2026-08-18,
"Natalie Harp, Trump’s Gatekeeper, Is at Center of Senator Jon Ossoff Clash",Bloomberg,bloomberg.com,bloomberg.com,2026-08-18,https://www.bloomberg.com/news/articles/2026-08-18/little-known-trump-aide-is-at-center-of-clash-with-dem-senator,en,2026-08-18,
"In Florida’s MAGA Stronghold, ‘Trump’s Guy’ Faces Insurgent GOP Rival",Bloomberg,bloomberg.com,bloomberg.com,2026-08-18,https://www.bloomberg.com/news/articles/2026-08-18/trump-pick-in-gop-florida-governor-race-byron-donalds-must-win-crowded-primary,en,2026-08-18,
Trump Is Interviewing Potential Nominees for FDA Commissioner,Bloomberg,bloomberg.com,bloomberg.com,2026-08-18,https://www.bloomberg.com/news/articles/2026-08-18/trump-is-interviewing-potential-nominees-for-fda-commissioner,en,2026-08-18,
"Trump Says No Talks With Iran, Claims Hormuz `Open and Operating’",Bloomberg,bloomberg.com,bloomberg.com,2026-08-18,https://www.bloomberg.com/news/newsletters/2026-08-18/trump-says-no-talks-with-iran-claims-hormuz-open-and-operating,en,2026-08-18,
Trump Overhaul Prompts Dulles Board to Seek $14 Billion in Bonds,Bloomberg,bloomberg.com,bloomberg.com,2026-08-18,https://www.bloomberg.com/news/articles/2026-08-18/trump-overhaul-prompts-dulles-board-to-seek-14-billion-in-bonds,en,2026-08-18,
Trump Plays Kim Jong Un Card to Pressure South Korea Over Trade,Bloomberg,bloomberg.com,bloomberg.com,2026-08-18,https://www.bloomberg.com/news/articles/2026-08-18/trump-plays-kim-jong-un-card-to-pressure-south-korea-over-trade,en,2026-08-18,
America’s Pivot to Asia Takes a U-Turn,Bloomberg,bloomberg.com,bloomberg.com,2026-08-18,https://www.bloomberg.com/opinion/articles/2026-08-18/under-trump-america-s-pivot-to-asia-takes-a-u-turn,en,2026-08-18,
"US, Canada Barrel Toward 50% Tariff as Trump Deadline Approaches",Bloomberg,bloomberg.com,bloomberg.com,2026-08-18,https://www.bloomberg.com/news/articles/2026-08-18/us-canada-barrel-toward-50-tariff-as-trump-deadline-approaches,en,2026-08-18,
Quebec Separatists Won’t Hold Independence Vote Until Trump Is Gone,Bloomberg,bloomberg.com,bloomberg.com,2026-08-18,https://www.bloomberg.com/news/articles/2026-08-18/quebec-separatists-won-t-hold-independence-vote-until-trump-is-gone,en,2026-08-18,
Disney Sues FCC Over ‘Retaliatory Campaign’ Tied to Licenses,Bloomberg,bloomberg.com,bloomberg.com,2026-08-18,https://www.bloomberg.com/news/articles/2026-08-18/disney-sues-fcc-over-retaliatory-campaign-tied-to-licenses,en,2026-08-18,
Trump Takes Hard Line on Iran as Hormuz Standoff Drags On,Bloomberg,bloomberg.com,bloomberg.com,2026-08-18,https://www.bloomberg.com/news/articles/2026-08-18/trump-takes-hard-line-on-iran-as-hormuz-standoff-drags-on,en,2026-08-18,
Trump Shuts the 60-Day Window for Iran Peace Deal,Bloomberg,bloomberg.com,bloomberg.com,2026-08-18,https://www.bloomberg.com/news/newsletters/2026-08-18/trump-shuts-the-60-day-window-for-iran-peace-deal,en,2026-08-18,
Peace Is More Dangerous Than War for Iran’s New Leaders,Bloomberg,bloomberg.com,bloomberg.com,2026-08-18,https://www.bloomberg.com/opinion/articles/2026-08-18/why-iran-s-new-leaders-need-to-continue-the-war,en,2026-08-18,
"China’s Xi to Skip UN Meeting During Trip to US, Report Says",Bloomberg,bloomberg.com,bloomberg.com,2026-08-18,https://www.bloomberg.com/news/articles/2026-08-18/china-s-xi-to-skip-un-meeting-during-trip-to-us-politico-says,en,2026-08-18,
Trump Cites India’s Elections to Push for US Voting Overhaul,Bloomberg,bloomberg.com,bloomberg.com,2026-08-18,https://www.bloomberg.com/news/articles/2026-08-18/trump-cites-india-s-elections-to-push-for-us-voting-overhaul,en,2026-08-18,
US-Iran Peace Prospects Dim as Trump Rejects Truce Extension,Bloomberg,bloomberg.com,bloomberg.com,2026-08-18,https://news.google.com/rss/articles/CBMivgFBVV95cUxQUWg5VDNKR0RTUHQyNUU2VWk1akRoMW8weUpLU0FBR0ZRUlo2NFMzWmRjb0QxNXp2RlYxT1ppeE5ucUdDWUtTRjZiTFdnYWYwM2tibk12SDNJRWQzcGxsNWVzLWw4d2M5SmhLTThYVDFuYWpwMTl4emdoU2liT2NxRzF4NTg2bXZEM0xYQk9pa3F1dzBQM1llX25oUWNZSDhKbldZVHFKanVkdnVkY2V1bTFsWEtxeDFoQnluV2h3?oc=5,en,2026-08-18,
"Under Trump, America's Pivot to Asia Takes a U-Turn",Bloomberg,bloomberg.com,bloomberg.com,2026-08-18,https://news.google.com/rss/articles/CBMipwFBVV95cUxPbjV3WHdQcGtvTGE1SXhsVW9KandiVTJxMG9RZzcyZDFVaWRfenkwZzBTQjEwdEtDbHhxbkF1cFZpb0piVHFLbGVoVTdsSk4xS254d3BPQlF5bXZCWHJXOG9zMWdVSVBqQnZQR3NzOXNhQ0dQcGtTYklEZEo2TVhpUVJ2ekt6anE1eXlERFVuRWlTOFlpelNDdm9FWi1EWU43NzJTTHdTWQ?oc=5,en,2026-08-18,
Trump Is Interviewing Possible Nominees for FDA Commissioner,Bloomberg,bloomberg.com,bloomberg.com,2026-08-18,https://news.google.com/rss/articles/CBMisgFBVV95cUxPV0otaDRHSzZFNkJTR0lmMTgzU2txZkNXU04tTkhfMU5mbFl1eTg4cXdwZU1WcF90aXBMMTlid25Ha29pNjJfc0Nma21XTFB3b243WHJxam9VSVcwQjVkcXNLUnY2TjNJQjZ1Nm44TFBTNHcydWNLeGp5ajJoekpkZG80UVNXSjRnS3VybHZaVmtRb3JuMFR5TS1YM01zcHlHMnc0NzZTdlRaNnI5LW5QTGdB?oc=5,en,2026-08-18,
Burnham Says He’s Not Embarrassed After Messaging Top Trump Aide Impersonator,Bloomberg,bloomberg.com,bloomberg.com,2026-08-18,https://news.google.com/rss/articles/CBMixwFBVV95cUxNZTlmOWhOaExiYUlqM01SZ3k0ZlhoOGVFdzlFRzEyY1lLUXI1U0k1aFZiY21TNUctVWdyb2VMUkFuUUdndExFV2gtRFNzbFNOMFlUWmV5Q2lyQjN4UEFVc3hnV1pyY1Y5X20wUFJadEpWN3BLdVgzd3I2MTktNTBRZ1pQd2s1dWx5NTBHRXdVa0hNOUJMc2dseHRNTXV2eUlFWHhLa3hFdFB0VDFrUG1pNk1kUC1adlBtZWFRRHVwTS1wOFVYY0VZ?oc=5,en,2026-08-18,
South Korea’s Lee Pushes for Nuclear Sub Deal After Trump Rebuke,Bloomberg,bloomberg.com,bloomberg.com,2026-08-18,https://news.google.com/rss/articles/CBMitgFBVV95cUxQYkhYaWZtZjNVVThmMExoOGhwcEcxM3R1RTB4SmxlSVozRnRsQ0hpczhxMHNwNHd6R2RmZXpLY21uT09BSHV3M29MYUF4WXV3NEpuSXIxVlI0ekRpQXZON3NoRUVxQ25Bd2xIaU93ZG5OZl96RDBJTVBnRVFfRHJxWHFNQVNFYU1XR1ZQTlUxN0gxOWowX2R4ajM4eTM0bXpLbkF5Wm84aXZ5Z1ZaUXRwLThtekZEUQ?oc=5,en,2026-08-18,
Trump Says North Korea’s Kim Jong Un Replied to Overtures,Bloomberg,bloomberg.com,bloomberg.com,2026-08-18,https://news.google.com/rss/articles/CBMiswFBVV95cUxOeUFGSFVLWVhhZm10UGx3SF9mTEw4dktXV25rRDZodkdxNHFHTHJyMkJ5RlM5Y2pTYW5lY2xqNkJnRXNPU1ZYSjRpeXItVVdiT1A1SGJIaVpCYWc3a2lxTzZuVi1uQ2tRSHdIOS01d1BqbDZUNVVhMmZFYmxmWXVVR1lrQ282dXVUZ0pHb1owOGszOUZJU1FGbzRYTER6T21iZlZNeDM0bm1UOFp1cjkzUVhuYw?oc=5,en,2026-08-18,
Energy Stocks Soar to Record as Oil Rises on Trump’s Hard Line,Bloomberg,bloomberg.com,bloomberg.com,2026-08-18,https://news.google.com/rss/articles/CBMiswFBVV95cUxOYzJRNkZ4ZXFOTUNyRXdMT1htRFdyb0c4QmRuTW1PLS1ZMS0zdHBPelpXMnRDclBlTHdaOXV4U2tNeVZyYkdXTHFZaHRlRlozejJXajdlUVp2QkJ4d0JiVjhqSGJ2dFUyNjJPTXFfLU90RHJKTG8wOUJqSklvVF9RVlBPeVk2bUNYUDJhbHpLNTBaanRZQ0ZpZ2V5Q3hOZkJKNmVjZjl1aGRZRTZIWW9mSkJWRQ?oc=5,en,2026-08-18,
"U.S.-Iran Live Updates: Trump announces ""crushing economic operation"" on Iran as talks in limbo",CBS News,cbsnews.com,cbsnews.com,2026-08-18,https://www.cbsnews.com/sanfrancisco/live-updates/us-iran-war-deal-strait-of-hormuz/,en,2026-08-18,
Trump says he paused 50% tariffs on some Canadian goods as deal being finalized,CBS News,cbsnews.com,cbsnews.com,2026-08-18,https://www.cbsnews.com/miami/news/trump-pauses-tariffs-canada/,en,2026-08-18,
"Slotkin presses Hegseth, Caine to keep U.S. military out of the midterm elections",CBS News,cbsnews.com,cbsnews.com,2026-08-18,https://www.cbsnews.com/detroit/news/senator-presses-hegseth-caine-military-midterm-elections/,en,2026-08-18,
"Norcross Army wife avoids possible detainment after ICE check-in, attorney says",CBS News,cbsnews.com,cbsnews.com,2026-08-18,https://www.cbsnews.com/atlanta/news/army-wife-faces-possible-detention-at-norcross-ice-check-in-while-husband-trains-attorney-says/,en,2026-08-18,
"Anti-Islam protest roils Dearborn, Michigan city council meeting as crowds try to rush through doors",CBS News,cbsnews.com,cbsnews.com,2026-08-18,https://www.cbsnews.com/detroit/news/anti-islam-protesters-community-members-dearborn-city-council-meeting/,en,2026-08-18,
"Iran Live Updates: U.S. might return to negotiations ""at some point,"" Trump says",CBS News,cbsnews.com,cbsnews.com,2026-08-18,https://www.cbsnews.com/texas/live-updates/us-iran-war-deal-strait-of-hormuz/,en,2026-08-18,
Trump says no talks with Iran taking place as standoff over Strait of Hormuz continues,CBS News,cbsnews.com,cbsnews.com,2026-08-18,https://www.cbsnews.com/chicago/video/trump-says-no-talks-with-iran-taking-place-as-standoff-over-strait-of-hormuz-continues/,en,2026-08-18,
Where things stand in Iran as White House sends mixed messages on U.S.-Iran communications,CBS News,cbsnews.com,cbsnews.com,2026-08-18,https://www.cbsnews.com/video/where-things-stand-in-iran-as-white-house-sends-mixed-messages-on-us-iran-communications/,en,2026-08-18,
Judge blocks plan to move FBI headquarters,CBS News,cbsnews.com,cbsnews.com,2026-08-18,https://www.cbsnews.com/video/judge-blocks-plan-to-move-fbi-headquarters/,en,2026-08-18,
"Supply chain issues contributing to poor conditions aboard the USS Lincoln, reporter claims",CBS News,cbsnews.com,cbsnews.com,2026-08-18,https://www.cbsnews.com/video/behind-the-supply-chain-issues-that-contributed-to-poor-conditions-aboard-the-uss-abraham-lincoln/,en,2026-08-18,
Eliott Rodriguez wins Democratic primary for Florida's 27th Congressional District,CBS News,cbsnews.com,cbsnews.com,2026-08-18,https://www.cbsnews.com/miami/news/2026-florida-primary-district-27-eliott-rodriguez/,en,2026-08-18,
Scott Singer wins Republican primary for Florida's Congressional District 25,CBS News,cbsnews.com,cbsnews.com,2026-08-18,https://www.cbsnews.com/miami/news/2026-florida-primary-district-25-republican-scott-singer/,en,2026-08-18,
Florida Senate race set between Ashley Moody and Angie Nixon after projected primary wins,CBS News,cbsnews.com,cbsnews.com,2026-08-18,https://www.cbsnews.com/miami/news/florida-senate-primary-results-ashley-moody-angie-nixon/,en,2026-08-18,
"Byron Donalds, David Jolly to face off in Florida governor's race after primary wins",CBS News,cbsnews.com,cbsnews.com,2026-08-18,https://www.cbsnews.com/miami/news/florida-governors-race-primary-results-byron-donalds-david-jolly/,en,2026-08-18,
Scandal-ridden Cory Mills ousted in GOP primary in Florida's 7th District,CBS News,cbsnews.com,cbsnews.com,2026-08-18,https://www.cbsnews.com/miami/news/florida-7th-district-gop-primary-results-cory-mills-ryan-elijah/,en,2026-08-18,
"U.S., South Korea cut short their joint military drills at Trump's direction",CBS News,cbsnews.com,cbsnews.com,2026-08-18,https://www.cbsnews.com/news/u-s-south-korea-cut-short-joint-military-drills-trump/,en,2026-08-18,
"Crime in Washington, D.C., down to lowest level since 2010 since Trump's crackdown",CBS News,cbsnews.com,cbsnews.com,2026-08-18,https://www.cbsnews.com/video/crime-in-washington-dc-down-to-lowest-level-since-2010-since-trumps-crackdown/,en,2026-08-18,
"Pentagon orders ""research security audit"" at University of Illinois, 29 other schools",CBS News,cbsnews.com,cbsnews.com,2026-08-18,https://www.cbsnews.com/chicago/news/department-of-defense-research-security-audit-university-of-illinois-urbana-champaign/,en,2026-08-18,
Where dreams 'feel protected': 97 new citizens take Oath of Allegiance in Chicago,CBS News,cbsnews.com,cbsnews.com,2026-08-18,https://www.cbsnews.com/chicago/news/chicago-citizen-naturalization-ceremony-dirksen-courthouse/,en,2026-08-18,
Trump says no talks with Iran planned as he posts map labeling Strait of Hormuz as U.S. territory,CBS News,cbsnews.com,cbsnews.com,2026-08-18,https://www.cbsnews.com/video/trump-says-no-talks-with-iran-planned-as-he-posts-map-labeling-strait-of-hormuz-as-us-territory/,en,2026-08-18,
Live Updates: 2026 Florida primary election live results on key local races,CBS News,cbsnews.com,cbsnews.com,2026-08-18,https://www.cbsnews.com/miami/live-updates/2026-florida-primary-live-updates-results/,en,2026-08-18,
Florida Division of Emergency Management Director Kevin Guthrie resigns to jump onto Collins ticket,CBS News,cbsnews.com,cbsnews.com,2026-08-18,https://www.cbsnews.com/miami/news/kevin-guthrie-resigns-jay-collins-governor-race/,en,2026-08-18,
Trump says there are no talks happening with Iran,CBS News,cbsnews.com,cbsnews.com,2026-08-18,https://www.cbsnews.com/texas/video/trump-says-there-are-no-talks-happening-with-iran/,en,2026-08-18,
U.S. quietly deporting Mexican migrants to Guatemala and Honduras,CBS News,cbsnews.com,cbsnews.com,2026-08-18,https://www.cbsnews.com/video/us-quietly-deporting-mexican-migrants-to-guatemala-and-honduras-angering-mexico/,en,2026-08-18,
"Former DOJ lawyer alleges Trump administration abused investigative process to target Harvard, Brown and Columbia",CBS News,cbsnews.com,cbsnews.com,2026-08-18,https://www.cbsnews.com/news/justice-department-harvard-brown-columbia-haley-van-erem-whistleblower/,en,2026-08-18,
Who is Trump aide Natalie Harp? Loyal assistant suddenly in the spotlight,CBS News,cbsnews.com,cbsnews.com,2026-08-18,https://www.cbsnews.com/news/natalie-harp-trump-white-house-aide/,en,2026-08-18,
"DEI policies brought no financial penalty for companies that kept them, study finds",CBS News,cbsnews.com,cbsnews.com,2026-08-18,https://www.cbsnews.com/news/dei-policies-company-stock-performance-study/,en,2026-08-18,
U.S.-Iran Updates: Trump says no talks with Iran taking place as standoff over Strait of Hormuz continues,CBS News,cbsnews.com,cbsnews.com,2026-08-18,https://www.cbsnews.com/chicago/live-updates/us-iran-war-deal-strait-of-hormuz/,en,2026-08-18,
"Trump says Strait of Hormuz is ""open and operating."" Shipping data appears to contradict his claim.",CBS News,cbsnews.com,cbsnews.com,2026-08-18,https://www.cbsnews.com/video/trump-says-strait-of-hormuz-open-operatin-shipping-data-appears-to-contradict-his-claim/,en,2026-08-18,
Trump says no talks are underway with Iran,CBS News,cbsnews.com,cbsnews.com,2026-08-18,https://www.cbsnews.com/video/trump-says-no-talks-are-underway-with-iran/,en,2026-08-18,
"Justice Department to send a record 1,000 monitors to polling places in midterm elections",CBS News,cbsnews.com,cbsnews.com,2026-08-18,https://www.cbsnews.com/news/justice-department-election-monitors-midterms/,en,2026-08-18,
"Dearborn prepares for anti-Islam protest spurred by Jake Lang, Lorenzo Sewell",CBS News,cbsnews.com,cbsnews.com,2026-08-18,https://www.cbsnews.com/detroit/news/dearborn-prepares-for-anti-islam-protest-spurred-by-jake-lang-lorenzo-sewell/,en,2026-08-18,
"U.S. quietly deporting Mexican migrants to Guatemala and Honduras, angering Mexico",CBS News,cbsnews.com,cbsnews.com,2026-08-18,https://www.cbsnews.com/news/us-deportations-mexican-migrants-guatemala-honduras/,en,2026-08-18,
Appeals court upholds block on immigration arrests at certain houses of worship,CBS News,cbsnews.com,cbsnews.com,2026-08-18,https://www.cbsnews.com/miami/news/appeals-court-blocks-immigration-arrests-houses-worship/,en,2026-08-18,
"Disney and ABC sue FCC over early license renewals, alleging ""a retaliatory campaign""",CBS News,cbsnews.com,cbsnews.com,2026-08-18,https://www.cbsnews.com/chicago/news/disney-abc-sue-fcc-early-license-renewal/,en,2026-08-18,
Discord suspends livestreams in Brazil amid backlash over girl's suicide,CBS News,cbsnews.com,cbsnews.com,2026-08-18,https://www.cbsnews.com/news/discord-brazil-livestreams-backlash-teen-girl-suicide/,en,2026-08-18,
IRS proposal would force nonprofits to disclose fraud or terrorism convictions of leaders,CBS News,cbsnews.com,cbsnews.com,2026-08-18,https://www.cbsnews.com/news/irs-proposal-nonprofits-fraud-terrorism/,en,2026-08-18,
"U.S. envoy in Turkey chastises Israel for ""unnecessary escalation"" with strikes on Syrian air base",CBS News,cbsnews.com,cbsnews.com,2026-08-18,https://www.cbsnews.com/news/syria-israel-airstrikes-us-tom-barrack-unnecessary-escalation-middle-east/,en,2026-08-18,
"Florida voters choose in governor, Senate primaries and more races to watch today",CBS News,cbsnews.com,cbsnews.com,2026-08-18,https://www.cbsnews.com/news/florida-governor-primary-byron-donalds-james-fishback-senate-alaska-wyoming/,en,2026-08-18,
Trump says no Iran talks are planned or ongoing and claims the Strait of Hormuz is open,CBS News,cbsnews.com,cbsnews.com,2026-08-18,https://www.cbsnews.com/video/trump-says-no-talks-scheduled-with-iran/,en,2026-08-18,
DOJ to stop using outside experts to help vet competitive grant applicants,CBS News,cbsnews.com,cbsnews.com,2026-08-18,https://www.cbsnews.com/news/justice-department-peer-review-grant-applications/,en,2026-08-18,
"U.S., Canada in last-minute talks to head off steep new U.S. tariffs",CBS News,cbsnews.com,cbsnews.com,2026-08-18,https://www.cbsnews.com/news/us-canada-last-minute-talks-steep-new-us-tariffs/,en,2026-08-18,
Trump orders military to reduce exercises with South Korea over refusal to help denuclearize Iran,CBS News,cbsnews.com,cbsnews.com,2026-08-18,https://www.cbsnews.com/video/trump-orders-military-to-reduce-exercises-with-south-korea-over-refusal-to-help-denuclearize-iran/,en,2026-08-18,
"With Iran talks stalled, Trump turns to threatening Oman",CBS News,cbsnews.com,cbsnews.com,2026-08-18,https://www.cbsnews.com/minnesota/video/with-iran-talks-stalled-trump-turns-to-threatening-oman/,en,2026-08-18,
Ossoff taunts Trump about White House aide Natalie Harp,CBS News,cbsnews.com,cbsnews.com,2026-08-18,https://www.cbsnews.com/video/ossoff-taunts-trump-about-white-house-aide-natalie-harp/,en,2026-08-18,
Trump's ire at Oman rises as Kushner meets with Netanyahu in Israel,CBS News,cbsnews.com,cbsnews.com,2026-08-18,https://www.cbsnews.com/video/trumps-ire-at-oman-rises-as-kushner-meets-with-netanyahu-in-israel/,en,2026-08-18,
Trump pushes against U.S. allies,CBS News,cbsnews.com,cbsnews.com,2026-08-18,https://www.cbsnews.com/detroit/video/trump-pushes-against-u-s-allies/,en,2026-08-18,
Trump threatens longtime U.S. ally Oman amid Strait of Hormuz stalemate,CBS News,cbsnews.com,cbsnews.com,2026-08-18,https://www.cbsnews.com/video/trump-threatens-longtime-us-ally-oman-amid-strait-of-hormuz-stalemate/,en,2026-08-18,
Eye Opener: Trump threatens to bomb U.S. ally,CBS News,cbsnews.com,cbsnews.com,2026-08-18,https://www.cbsnews.com/video/eye-opener-trump-threatens-to-bomb-us-ally/,en,2026-08-18,
"U.S., Iran passes 60 days of talks with no deal in place",CBS News,cbsnews.com,cbsnews.com,2026-08-18,https://www.cbsnews.com/newyork/video/u-s-iran-passes-60-days-of-talks-with-no-deal-in-place/,en,2026-08-18,
"U.S.-Iran Updates: Kushner says Iran not interested in deal that ""makes sense"" for U.S. as stalemate continues",CBS News,cbsnews.com,cbsnews.com,2026-08-18,https://www.cbsnews.com/live-updates/us-iran-war-deal-strait-of-hormuz/,en,2026-08-18,
Trump postpones 50% tariff he threatened for some Canadian goods,CNN,cnn.com,cnn.com,2026-08-18,https://www.cnn.com/2026/08/18/economy/canada-tariffs-trump,en,2026-08-18,
Watch: Key results from Florida primaries,CNN,cnn.com,cnn.com,2026-08-18,https://www.cnn.com/2026/08/18/politics/video/results-florida-primaries-dana-bash,en,2026-08-18,
Dem socialist Angie Nixon scores upset in Florida Dem Senate primary,CNN,cnn.com,cnn.com,2026-08-18,https://www.cnn.com/2026/08/18/politics/video/dem-socialist-angie-nixon-scores-upset-in-florida-dem-senate-primary-lcl,en,2026-08-18,
Palestinian-American man returns to West Bank home besieged by Jewish settlers,CNN,cnn.com,cnn.com,2026-08-18,https://www.cnn.com/2026/08/18/world/video/west-bank-american-home-diamond-pkg-081803pseg2-cnni-world-fast,en,2026-08-18,
Natalie Harp’s brother speaks out about her loyalty to Trump,CNN,cnn.com,cnn.com,2026-08-18,https://www.cnn.com/2026/08/18/politics/video/ebof-natalie-harp-brother-speaks-ossoff-trump,en,2026-08-18,
Military drills between US and South Korea cut short at Washington’s request,CNN,cnn.com,cnn.com,2026-08-18,https://www.cnn.com/2026/08/18/asia/trump-us-south-korea-military-exercises-intl-hnk,en,2026-08-18,
Ex-CIA officer on briefing Vice President Mike Pence as a Transgender woman,CNN,cnn.com,cnn.com,2026-08-18,https://www.cnn.com/2026/08/18/politics/video/src-julia-curlee-on-briefing-mike-pence,en,2026-08-18,
Trump tries a new approach in Iran war: Disengage,CNN,cnn.com,cnn.com,2026-08-18,https://www.cnn.com/2026/08/18/politics/iran-war-trump-halt-talks,en,2026-08-18,
"Key takeaways from Tuesday’s primaries in Florida, Alaska and Wyoming",CNN,cnn.com,cnn.com,2026-08-18,https://www.cnn.com/2026/08/18/politics/takeaways-florida-alaska-primaries,en,2026-08-18,
Fmr. GOP Strategist: ‘Hegseth should be focused on war’,CNN,cnn.com,cnn.com,2026-08-18,https://www.cnn.com/2026/08/18/politics/video/fmr-gop-strategist-hegseth-should-be-focused-on-war,en,2026-08-18,
Trump expected to pick Dr. Heidi Overton to lead FDA,CNN,cnn.com,cnn.com,2026-08-18,https://www.cnn.com/2026/08/18/health/fda-commissioner-heidi-overton,en,2026-08-18,
Sen. Darline Graham admits in debate: ‘National security is not my thing’,CNN,cnn.com,cnn.com,2026-08-18,https://www.cnn.com/2026/08/18/politics/darline-graham-debate-national-security-not-my-thing,en,2026-08-18,
Transgender CIA official breaks silence on chaos inside Trump White House before being fired,CNN,cnn.com,cnn.com,2026-08-18,https://www.cnn.com/2026/08/18/politics/video/src-julia-curlee-breaks-silence-on-chaos-insidetrump-white-house,en,2026-08-18,
"All eyes on Florida, keeping moms healthy, cosmic breadcrumb: Catch up on the day’s stories",CNN,cnn.com,cnn.com,2026-08-18,https://www.cnn.com/2026/08/18/us/5-things-pm-august-18-trnd,en,2026-08-18,
CNN projects Rep. Debbie Wasserman Schultz will win Florida primary,CNN,cnn.com,cnn.com,2026-08-18,https://www.cnn.com/2026/08/18/politics/video/ebof-florida-primary-projection-debbie-wasserman-schultz,en,2026-08-18,
Meta faces potential $1.4 trillion liability in social media addiction trial,CNN,cnn.com,cnn.com,2026-08-18,https://www.cnn.com/2026/08/18/us/video/ac360-meta-liability-trial,en,2026-08-18,
"Democratic socialist Angie Nixon will defeat Alex Vindman in Florida’s Democratic Senate primary, CNN projects",CNN,cnn.com,cnn.com,2026-08-18,https://www.cnn.com/2026/08/18/politics/live-news/florida-primary-election-results,en,2026-08-18,
What to know about the Disney FCC lawsuit,CNN,cnn.com,cnn.com,2026-08-18,https://www.cnn.com/2026/08/18/business/video/disney-first-amendment-lawsuit-fcc-trending-cli-hrzn,en,2026-08-18,
Day 2 in the murder trial of rapper Tupac Shakur,CNN,cnn.com,cnn.com,2026-08-18,https://www.cnn.com/2026/08/18/us/video/ac360-tupac-trial-day-2,en,2026-08-18,
"Meet Natalie Harp, the aide so close to Trump she once rode in an SUV trunk to accompany him",CNN,cnn.com,cnn.com,2026-08-18,https://www.cnn.com/2026/08/18/politics/natalie-harp-trump-aide,en,2026-08-18,
Meta faces critical lawsuit over child safety,CNN,cnn.com,cnn.com,2026-08-18,https://www.cnn.com/2026/08/18/us/video/meta-trial-sarah-kreps-intv-081811aseg2-cnni-us-fast,en,2026-08-18,
Kentucky Gov. Andy Beshear quips that he’d name a term limit bill after GOP Sen. Mitch McConnell,CNN,cnn.com,cnn.com,2026-08-18,https://www.cnn.com/2026/08/18/politics/video/cnn-sitroom-pamela-brown-andy-beshear-governor-kentucky-mitch-mcconnell-absence-senate,en,2026-08-18,
Disney sues Trump’s FCC over ‘retaliatory campaign’ against ABC,CNN,cnn.com,cnn.com,2026-08-18,https://lite.cnn.com/2026/08/18/media/disney-abc-fcc-trump-lawsuit-the-view-retaliatory,en,2026-08-18,
"Ex-lawmakers, pardoned felons and carpetbaggers seek political redemption in chaotic Florida GOP House primary",CNN,cnn.com,cnn.com,2026-08-18,https://www.cnn.com/2026/08/18/politics/video/florida-19th-district-gop-primary-ip,en,2026-08-18,
Rubio announces sanctions on ICC officials amid campaign to dismantle the court,CNN,cnn.com,cnn.com,2026-08-18,https://www.cnn.com/2026/08/18/politics/us-announces-sanctions-on-icc-officials,en,2026-08-18,
San Diego Padres staffer in ICE custody after arrest at Texas airport,CNN,cnn.com,cnn.com,2026-08-18,https://www.cnn.com/2026/08/18/sport/san-diego-padres-oswaldo-pirela,en,2026-08-18,
"Europe needs ‘a more scientific approach’ to migration, says former Spanish diplomat",CNN,cnn.com,cnn.com,2026-08-18,https://www.cnn.com/2026/08/18/tv/video/amanpour-berdoy,en,2026-08-18,
Can an ‘independent-minded Democrat’ do what no one has done since 1932: win in ruby-red Kansas?,CNN,cnn.com,cnn.com,2026-08-18,https://www.cnn.com/2026/08/18/politics/video/inside-politics-kansas-senate-democratic-candidate-pastor-adam-hamilton,en,2026-08-18,
President denies reports of troubles on board the USS Lincoln,CNN,cnn.com,cnn.com,2026-08-18,https://www.cnn.com/2026/08/18/us/video/bolduan-oliverio-hegseth-uss-lincoln-cnc,en,2026-08-18,
12 of Trump’s most bizarre moments on the Iran war,CNN,cnn.com,cnn.com,2026-08-18,https://www.cnn.com/2026/08/18/politics/trump-iran-war-comments,en,2026-08-18,
The Odds: Washington’s Magic Ball?,CNN,cnn.com,cnn.com,2026-08-18,https://www.cnn.com/2026/08/18/politics/video/the-odds-washingtons-magic-ball-cnc-kalpar,en,2026-08-18,
Trump posts image depicting Strait of Hormuz as new ‘U.S. Territory’,CNN,cnn.com,cnn.com,2026-08-18,https://www.cnn.com/2026/08/18/world/video/trump-iran-hormuz-collinson-live-ctw-fst-081809aseg1-cnni-world-fast,en,2026-08-18,
"Ceuta crisis ‘was a failure’ of EU’s new Pact on Migration and Asylum, says former EU diplomat",CNN,cnn.com,cnn.com,2026-08-18,https://www.cnn.com/2026/08/18/tv/video/amanpour-malstrom,en,2026-08-18,
"Ossoff calls Trump a ‘draft-dodging, crook president,’ intensifying his feud with White House",CNN,cnn.com,cnn.com,2026-08-18,https://www.cnn.com/2026/08/18/politics/jon-ossoff-trump-kelly,en,2026-08-18,
"Trump’s threats anger Omanis, leave observers puzzled",CNN,cnn.com,cnn.com,2026-08-18,https://www.cnn.com/2026/08/18/middleeast/trumps-threats-anger-omanis-intl,en,2026-08-18,
Iran is losing control of the Strait of Hormuz,CNN,cnn.com,cnn.com,2026-08-18,https://www.cnn.com/2026/08/18/business/iran-strait-of-hormuz-oil,en,2026-08-18,
Judge allows Trump administration to end deportation protections for thousands of Ethiopians,CNN,cnn.com,cnn.com,2026-08-18,https://www.cnn.com/2026/08/18/politics/judge-allows-trump-administration-to-end-tps-ethiopians,en,2026-08-18,
Judge rules FBI can’t abandon Biden-era plans to relocate headquarters to Maryland,CNN,cnn.com,cnn.com,2026-08-18,https://www.cnn.com/2026/08/18/politics/fbi-headquarters-maryland-ronald-reagan-building,en,2026-08-18,
"Who is Trump’s close aide, Natalie Harp?",CNN,cnn.com,cnn.com,2026-08-18,https://www.cnn.com/2026/08/18/politics/video/who-is-trumps-close-aide-natalie-harp-digvid,en,2026-08-18,
Africa CDC chief blames late detection and insecurity for fast-spreading Ebola outbreak,CNN,cnn.com,cnn.com,2026-08-18,https://www.cnn.com/2026/08/18/world/video/africa-cdc-ebola-outbreak-interview-intl-dsk,en,2026-08-18,
CDC’s new director is pressed to do something about its zombie programs,CNN,cnn.com,cnn.com,2026-08-18,https://www.cnn.com/2026/08/18/health/cdc-zombie-programs,en,2026-08-18,
‘Tremendous unease in South Korea’: Veteran U.S. diplomat on Trump military pull-back,CNN,cnn.com,cnn.com,2026-08-18,https://www.cnn.com/2026/08/18/tv/video/amanpour-golodryga-yun-south-korea-trump,en,2026-08-18,
Hawaii Gov.: ‘We’ll be here if you help us heal’,CNN,cnn.com,cnn.com,2026-08-18,https://www.cnn.com/2026/08/18/us/video/cnn-sitroom-blitzer-hawaii-governor-josh-green-hurricane-lala,en,2026-08-18,
Palestinian-American returns to home under settler siege,CNN,cnn.com,cnn.com,2026-08-18,https://www.cnn.com/2026/08/18/world/video/palestinian-american-returns-home-west-bank-intldsk-digivid,en,2026-08-18,
"Trump swings hard at Oman and South Korea, but his foreign policy misses are piling up",CNN,cnn.com,cnn.com,2026-08-18,https://www.cnn.com/2026/08/18/politics/trump-iran-war-south-korea-oman-strait-of-hormuz,en,2026-08-18,
Abdul El-Sayed is a problem for Democrats. Republicans appear to have more problems,CNN,cnn.com,cnn.com,2026-08-18,https://www.cnn.com/2026/08/18/politics/republican-senate-candidates-unpopularity,en,2026-08-18,
Maternal health in the spotlight amid the trial of Lindsay Clancy and the sudden death of Hayden Panettiere,CNN,cnn.com,cnn.com,2026-08-18,https://www.cnn.com/2026/08/18/us/video/maternal-health-lindsay-clancy-hayden-panettiere,en,2026-08-18,
Oil prices at highest level since July as fresh strike reported on vessel in Strait of Hormuz,CNN,cnn.com,cnn.com,2026-08-18,https://www.cnn.com/2026/08/18/world/live-news/iran-war-trump,en,2026-08-18,
Remains found near Guthrie’s home with no connection to case ‘at this time’,CNN,cnn.com,cnn.com,2026-08-18,https://www.cnn.com/2026/08/18/us/video/remains-found-near-guthries-home-with-no-connection-to-case-at-this-time-nancy-us-crime-hnk-digvid-hori-dirty,en,2026-08-18,
Student killed in Philippines school shooting,CNN,cnn.com,cnn.com,2026-08-18,https://www.cnn.com/2026/08/18/world/video/student-killed-in-philippines-school-shooting-kid-children-gun-fire-crime-hnk-digvid-hori-dirty,en,2026-08-18,
"What to watch in Tuesday’s primaries in Florida, Alaska, and Wyoming",CNN,cnn.com,cnn.com,2026-08-18,https://www.cnn.com/2026/08/18/politics/florida-alaska-wyoming-primaries-what-to-watch,en,2026-08-18,
Progressive Florida Dem Senate candidate wants to ‘assess’ congressional leadership,CNN,cnn.com,cnn.com,2026-08-18,https://www.cnn.com/2026/08/18/politics/video/progressive-florida-dem-senate-candidate-wants-to-assess-congressional-leadership,en,2026-08-18,
Republicans worry Trump’s warn in Iran could cost them in midterms,CNN,cnn.com,cnn.com,2026-08-18,https://www.cnn.com/2026/08/18/politics/republicans-iran-war-donald-trump,en,2026-08-18,
Why Trump is again threatening to bomb US ally Oman,CNN,cnn.com,cnn.com,2026-08-18,https://www.cnn.com/2026/08/18/world/video/why-trump-is-again-threatening-to-bomb-us-ally-oman-ldn-digvid,en,2026-08-18,
How one NYC suburb could decide which party controls the House,Fox News,foxnews.com,foxnews.com,2026-08-18,https://www.foxnews.com/politics/how-one-nyc-suburb-could-decide-which-party-controls-house,en,2026-08-18,
Want to strengthen America's economy? The key investment is hiding in plain sight,Fox News,foxnews.com,foxnews.com,2026-08-18,https://www.foxnews.com/opinion/strengthen-americas-economy-key-investment-hiding-plain-sight,en,2026-08-18,
Kai Trump reveals how family rallied around mom Vanessa amid breast cancer battle: ‘It’s a long journey’,Fox News,foxnews.com,foxnews.com,2026-08-18,https://www.foxnews.com/lifestyle/kai-trump-reveals-how-family-rallied-around-mom-vanessa-amid-breast-cancer-battle-its-long-journey,en,2026-08-18,
Kevin Sorbo blasts Hollywood 'blacklisting' of conservatives as 'seventh grade mean girls' culture,Fox News,foxnews.com,foxnews.com,2026-08-18,https://www.foxnews.com/entertainment/kevin-sorbo-blasts-hollywood-blacklisting-conservatives-seventh-grade-mean-girls-culture,en,2026-08-18,
"Louisiana football phenom Peyton Houston credits faith, family for his remarkable success",Fox News,foxnews.com,foxnews.com,2026-08-18,https://www.foxnews.com/media/louisiana-football-phenom-peyton-houston-credits-faith-family-remarkable-success,en,2026-08-18,
"Does pot make you a better parent? This 'garden mom' says yes, but the reality is hazy",Fox News,foxnews.com,foxnews.com,2026-08-18,https://www.foxnews.com/media/pot-make-better-parent-garden-mom-says-yes-reality-hazy,en,2026-08-18,
"Redistricting gives Republicans an edge, but affordability will decide the midterms",Fox News,foxnews.com,foxnews.com,2026-08-18,https://www.foxnews.com/opinion/redistricting-gives-republicans-edge-affordability-decide-midterms,en,2026-08-18,
"Trump wants to help 146,000 mentally ill who are homeless. Democrats want to stop him",Fox News,foxnews.com,foxnews.com,2026-08-18,https://www.foxnews.com/opinion/trump-wants-help-146000-mentally-ill-homeless-democrats-want-stop-him,en,2026-08-18,
Inside the tension that drove Trump’s South Korea alliance from ‘historic new era’ to military pullback,Fox News,foxnews.com,foxnews.com,2026-08-18,https://www.foxnews.com/politics/tension-drove-trumps-south-korea-alliance-historic-new-era-military-pullback,en,2026-08-18,
Trump-aligned conservative emerges from crowded primary to decide who fills Wyoming’s lone House seat,Fox News,foxnews.com,foxnews.com,2026-08-18,https://www.foxnews.com/politics/trump-aligned-conservative-emerges-from-crowded-primary-decide-wyoming-house-seat,en,2026-08-18,
Republican who kicked Liz Cheney out of Congress seeks higher office in reddest state,Fox News,foxnews.com,foxnews.com,2026-08-18,https://www.foxnews.com/politics/republican-kicked-liz-cheney-congress-seeks-higher-office-reddest-state,en,2026-08-18,
Your favorite cocktail could be an unexpected casualty of Trump's looming trade fight,Fox News,foxnews.com,foxnews.com,2026-08-18,https://www.foxnews.com/politics/your-favorite-cocktail-could-unexpected-casualty-trumps-looming-trade-fight,en,2026-08-18,
America’s reddest state crowns GOP governor nominee,Fox News,foxnews.com,foxnews.com,2026-08-18,https://www.foxnews.com/politics/americas-reddest-state-crowns-gop-governor-nominee,en,2026-08-18,
"Liberia agrees to accept 1,200 third-country deportees from US within a year",Fox News,foxnews.com,foxnews.com,2026-08-18,https://www.foxnews.com/world/liberia-agrees-accept-1200-third-country-deportees-us-within-year,en,2026-08-18,
Democrats pick their fighter for uphill bid to flip deep-red Senate seat,Fox News,foxnews.com,foxnews.com,2026-08-18,https://www.foxnews.com/politics/democrats-pick-fighter-uphill-bid-flip-deep-red-senate-seat,en,2026-08-18,
"Jonathan Fahey Warns Abolishing ICE Would Mean ""Total Chaos"" at the Border",Fox News,foxnews.com,foxnews.com,2026-08-18,https://radio.foxnews.com/2026/08/18/jonathan-fahey-warns-abolishing-ice-would-mean-total-chaos-at-the-border/,en,2026-08-18,
Midterm Risks & President Trump's Shift On Iran,Fox News,foxnews.com,foxnews.com,2026-08-18,https://radio.foxnews.com/2026/08/18/midterm-risks-president-trumps-shift-on-iran-2/,en,2026-08-18,
Hayden Panettiere Death: New Details,Fox News,foxnews.com,foxnews.com,2026-08-18,https://radio.foxnews.com/2026/08/18/hayden-panettiere-death-new-details/,en,2026-08-18,
Cammack: The Complete Lack Of Self-Awareness With These DSA Candidates Is Comedy Gold,Fox News,foxnews.com,foxnews.com,2026-08-18,https://radio.foxnews.com/2026/08/18/cammack-the-complete-lack-of-self-awareness-with-these-dsa-candidates-is-comedy-gold/,en,2026-08-18,
‘Hebrew Hammer’ defeats social media influencer after bitter campaign marred by antisemitic posts,Fox News,foxnews.com,foxnews.com,2026-08-18,https://www.foxnews.com/politics/hebrew-hammer-defeats-social-media-influencer-after-bitter-campaign-marred-antisemitic-posts,en,2026-08-18,
Media executive overcomes Trump endorsement in race to succeed Byron Donalds in ‘circus-like primary’,Fox News,foxnews.com,foxnews.com,2026-08-18,https://www.foxnews.com/politics/trump-endorsed-33-year-old-wins-gop-nod-succeed-byron-donalds-circus-like-primary,en,2026-08-18,
Federal judge blocks Trump admin plan to move FBI headquarters to Reagan Building,Fox News,foxnews.com,foxnews.com,2026-08-18,https://www.foxnews.com/politics/federal-judge-blocks-trump-administration-plan-move-fbi-headquarters-reagan-building,en,2026-08-18,
"ABC more cautious of booking candidates on 'The View' amid FCC pressure, Disney's First Amendment lawsuit says",Fox News,foxnews.com,foxnews.com,2026-08-18,https://www.foxnews.com/media/abc-cautious-booking-candidates-view-amid-fcc-pressure-disney-first-amendment-lawsuit,en,2026-08-18,
Never-Trump Republican is top Dem choice in crucial Florida primary,Fox News,foxnews.com,foxnews.com,2026-08-18,https://www.foxnews.com/politics/never-trump-republican-top-dem-choice-crucial-florida-primary,en,2026-08-18,
Rep Ralph Norman calls Senate hiatus 'a slap in the face' while SAVE Act remains stalled,Fox News,foxnews.com,foxnews.com,2026-08-18,https://www.foxnews.com/media/rep-ralph-norman-calls-senate-hiatus-slap-face-asks-round-clock-save-act-votes,en,2026-08-18,
Trump's handpicked DeSantis successor wins crowded GOP primary for Florida governor,Fox News,foxnews.com,foxnews.com,2026-08-18,https://www.foxnews.com/politics/trumps-handpicked-desantis-successor-wins-crowded-gop-primary-florida-governor,en,2026-08-18,
President Trump reportedly will go on a lap of honor around the Freedom 250 Grand Prix street circuit,Fox News,foxnews.com,foxnews.com,2026-08-18,https://www.foxnews.com/outkick-sports/president-trump-lap-honor-freedom-250-grand-prix-street-circuit-report,en,2026-08-18,
Kai Trump recalls ‘a lot of crying’ with mom Vanessa before college amid breast cancer battle,Fox News,foxnews.com,foxnews.com,2026-08-18,https://www.foxnews.com/lifestyle/kai-trump-recalls-lot-crying-mom-vanessa-college-breast-cancer-battle,en,2026-08-18,
Trump admin scores court win to end deportation protections for Ethiopian migrants,Fox News,foxnews.com,foxnews.com,2026-08-18,https://www.foxnews.com/politics/trump-admin-scores-court-win-end-deportation-protections-ethiopian-migrants,en,2026-08-18,
"Rosie O'Donnell 'surprised' by being tapped to guest host for Kimmel, but eager for anti-Trump platform",Fox News,foxnews.com,foxnews.com,2026-08-18,https://www.foxnews.com/media/rosie-odonnell-surprised-being-tapped-guest-host-kimmel-eager-anti-trump-platform,en,2026-08-18,
"Anti-socialism push can flip battlegrounds, Republican leader bets as party fights to hold House",Fox News,foxnews.com,foxnews.com,2026-08-18,https://www.foxnews.com/politics/anti-socialism-push-flip-battlegrounds-republican-leader-bets-party-fights-hold-house,en,2026-08-18,
Drivers Josef Newgarden and Kyle Kirkwood talk IndyCar's 'once-in-a-lifetime' Freedom 250 Grand Prix,Fox News,foxnews.com,foxnews.com,2026-08-18,https://www.foxnews.com/outkick-sports/drivers-josef-newgarden-kyle-kirkwood-talk-indycars-once-in-a-lifetime-freedom-250-grand-prix,en,2026-08-18,
Ralph Norman suggests special GOP primary runoff rival Darline Graham is the establishment's chosen candidate,Fox News,foxnews.com,foxnews.com,2026-08-18,https://www.foxnews.com/politics/ralph-norman-suggests-special-gop-primary-runoff-rival-darline-graham-establishment-chosen-candidate,en,2026-08-18,
Transgender defendant who sought to 'kill Scott Bessent' sentenced to more than 6 years in prison,Fox News,foxnews.com,foxnews.com,2026-08-18,https://www.foxnews.com/politics/transgender-defendant-sought-kill-scott-bessent-sentenced-more-6-years-prison,en,2026-08-18,
Boy who passed out in deadly ocean waves celebrates miracle birthday inside Trump Oval Office,Fox News,foxnews.com,foxnews.com,2026-08-18,https://www.foxnews.com/media/boy-passed-out-deadly-ocean-waves-celebrates-miracle-birthday-trump-oval-office,en,2026-08-18,
Rosie O'Donnell’s return to late night reignites decades-old feud with Donald Trump,Fox News,foxnews.com,foxnews.com,2026-08-18,https://www.foxnews.com/media/rosie-odonnells-return-late-night-reignites-decades-old-feud-donald-trump,en,2026-08-18,
Longtime GOP aide defects to Dem rising star as Texas Senate battle for Cornyn's seat heats up,Fox News,foxnews.com,foxnews.com,2026-08-18,https://www.foxnews.com/politics/longtime-gop-aide-defects-dem-rising-star-texas-senate-battle-heats,en,2026-08-18,
WATCH: Letitia James told ‘do her f---ing job’ by Republican enraged by inaction on antisemitic crimes,Fox News,foxnews.com,foxnews.com,2026-08-18,https://www.foxnews.com/politics/letitia-james-told-do-her-f-ing-job-republican-enraged-inaction-antisemitic-crimes,en,2026-08-18,
Iran’s gutted ranks leave loyalists filling critical posts — with one glaring problem,Fox News,foxnews.com,foxnews.com,2026-08-18,https://www.foxnews.com/world/irans-gutted-ranks-leave-loyalists-filling-critical-posts-one-glaring-problem,en,2026-08-18,
Antisemitism fight explodes in Florida as voters head to the polls: 'Political pogrom',Fox News,foxnews.com,foxnews.com,2026-08-18,https://www.foxnews.com/politics/antisemitism-fight-explodes-florida-voters-head-polls-political-pogrom,en,2026-08-18,
Jon Ossoff dodges on why he invoked Trump aide's name during Georgia campaign rally,Fox News,foxnews.com,foxnews.com,2026-08-18,https://www.foxnews.com/media/jon-ossoff-dodges-why-invoked-trump-aides-name-georgia-campaign-rally,en,2026-08-18,
South Korean president jumps to invest in military after Trump cuts joint exercises,Fox News,foxnews.com,foxnews.com,2026-08-18,https://www.foxnews.com/world/south-korean-president-jumps-invest-military-trump-cuts-joint-exercises,en,2026-08-18,
White House tears into Ossoff with brutal takedown after jab at key Trump aide: ‘Lightweight loser’,Fox News,foxnews.com,foxnews.com,2026-08-18,https://www.foxnews.com/politics/white-house-tears-ossoff-brutal-takedown-after-jab-key-trump-aide-lightweight-loser,en,2026-08-18,
Kushner touts unprecedented Iran contacts as Tehran denies Trump backchannel,Fox News,foxnews.com,foxnews.com,2026-08-18,https://www.foxnews.com/politics/kushner-touts-unprecedented-iran-contacts-tehran-denies-trump-backchannel,en,2026-08-18,
"Disney sues FCC over ‘retaliatory campaign against ABC,’ seeks to block early renewal proceedings",Fox News,foxnews.com,foxnews.com,2026-08-18,https://www.foxnews.com/media/disney-sues-fcc-over-retaliatory-campaign-against-abc-seeks-block-early-renewal-proceedings,en,2026-08-18,
Trump’s affordability plan faces conservative pushback as pocketbook issues loom over midterms,Fox News,foxnews.com,foxnews.com,2026-08-18,https://www.foxnews.com/politics/trumps-affordability-plan-faces-conservative-pushback-pocketbook-issues-loom-midterms,en,2026-08-18,
Spanish journalist says Ceuta residents believe government isn't doing enough to prevent another migrant rush,Fox News,foxnews.com,foxnews.com,2026-08-18,https://www.foxnews.com/world/spanish-journalist-ceuta-residents-believe-government-isnt-doing-enough-prevent-another-migrant-rush,en,2026-08-18,
"Democrat Party's civil war heads to Florida, Alaska and Wyoming and more top headlines",Fox News,foxnews.com,foxnews.com,2026-08-18,https://www.foxnews.com/us/democrat-partys-civil-war-heads-florida-alaska-wyoming-more-top-headlines,en,2026-08-18,
Iran fails to strike deal with US as deadline passes and Trump calls for ‘white flag of surrender',Fox News,foxnews.com,foxnews.com,2026-08-18,https://www.foxnews.com/politics/iran-fails-strike-deal-us-deadline-passes-trump-calls-white-flag-surrender,en,2026-08-18,
Trump endorses replacement GOP nominee Jennifer Balkcom after Chuck Edwards ends re-election bid,Fox News,foxnews.com,foxnews.com,2026-08-18,https://www.foxnews.com/politics/trump-endorses-replacement-gop-nominee-jennifer-balkcom-chuck-edwards-ends-reelection-bid,en,2026-08-18,
Appeals court rules Trump admin unlawfully appointed Nevada's top federal prosecutor,Fox News,foxnews.com,foxnews.com,2026-08-18,https://www.foxnews.com/politics/appeals-court-rules-trump-admin-unlawfully-appointed-nevadas-top-federal-prosecutor,en,2026-08-18,
DOJ opens probe into prestigious college over alleged discrimination favoring minority students,Fox News,foxnews.com,foxnews.com,2026-08-18,https://www.foxnews.com/us/doj-opens-probe-prestigious-college-alleged-discrimination-favoring-minority-students,en,2026-08-18,
Tasas de vacunación escolar en EEUU bajan ligeramente y las exenciones alcanzan máximo histórico,Los Angeles Times,latimes.com,latimes.com,2026-08-18,https://www.latimes.com/espanol/eeuu/articulo/2026-08-18/tasas-de-vacunacion-escolar-en-eeuu-bajan-ligeramente-y-las-exenciones-alcanzan-maximo-historico,es,2026-08-18,
Primarias en EEUU podrían influir en batalla por el control del Congreso,Los Angeles Times,latimes.com,latimes.com,2026-08-18,https://www.latimes.com/espanol/eeuu/articulo/2026-08-18/primarias-en-eeuu-podrian-influir-en-batalla-por-el-control-del-congreso,es,2026-08-18,
Fiscal general de Minnesota demanda al gobernador de Texas para que extradite a un agente del ICE,Los Angeles Times,latimes.com,latimes.com,2026-08-18,https://www.latimes.com/espanol/eeuu/articulo/2026-08-18/fiscal-general-de-minnesota-demanda-al-gobernador-de-texas-para-que-extradite-un-agente-del-ice,es,2026-08-18,
ICE pitches legal insurance to help shield local officers who make immigration arrests,Los Angeles Times,latimes.com,latimes.com,2026-08-18,https://www.latimes.com/world-nation/story/2026-08-18/ice-pitches-legal-insurance-to-help-shield-local-officers-who-make-immigration-arrests,en,2026-08-18,
San Diego County kicks immigration agents out of shooting range. Sheriff says not so fast,Los Angeles Times,latimes.com,latimes.com,2026-08-18,https://www.latimes.com/california/story/2026-08-18/san-diego-supervisors-kick-ice-out-of-county-owned-shooting-range,en,2026-08-18,
"A culture war over trans athletes invades the WNBA, and ratings soar",Los Angeles Times,latimes.com,latimes.com,2026-08-18,https://www.latimes.com/world-nation/story/2026-08-18/former-nba-players-troll-wnba-by-demanding-draft-eligibility,en,2026-08-18,
Congresswoman says target of ICE operation in fatal Maine shooting wasn't up for removal,Los Angeles Times,latimes.com,latimes.com,2026-08-18,https://www.latimes.com/world-nation/story/2026-08-18/lawmaker-says-man-in-fatal-ice-shooting-in-maine-wasnt-up-for-removal,en,2026-08-18,
"Liberia agrees to take 1,200 deportees from the U.S.",Los Angeles Times,latimes.com,latimes.com,2026-08-18,https://www.latimes.com/world-nation/story/2026-08-18/liberia-agrees-to-take-1-200-deportees-from-u-s,en,2026-08-18,
Orquesta Sinfónica Nacional estará en 6 sedes del área de Washington por cierre del Centro Kennedy,Los Angeles Times,latimes.com,latimes.com,2026-08-18,https://www.latimes.com/espanol/entretenimiento/articulo/2026-08-18/orquesta-sinfonica-nacional-estara-en-6-sedes-del-area-de-washington-por-cierre-del-centro-kennedy,es,2026-08-18,
"Klaveness critica la ""gestión basada en el miedo"" en la FIFA de Infantino tras despido de Lamour",Los Angeles Times,latimes.com,latimes.com,2026-08-18,https://www.latimes.com/espanol/deportes/articulo/2026-08-18/klaveness-critica-la-gestion-basada-en-el-miedo-en-la-fifa-de-infantino-tras-despido-de-lamour,es,2026-08-18,
Corte Suprema vuelve a rechazar pedido de Trump de anular compensación a escritora que lo acusó,Los Angeles Times,latimes.com,latimes.com,2026-08-18,https://www.latimes.com/espanol/eeuu/articulo/2026-08-18/corte-suprema-vuelve-rechazar-pedido-de-trump-de-anular-compensacion-escritora-que-lo-acuso,es,2026-08-18,
"Recortes de Trump dejan programas médicos en EEUU como ""zombies"", financiados pero sin personal",Los Angeles Times,latimes.com,latimes.com,2026-08-18,https://www.latimes.com/espanol/eeuu/articulo/2026-08-18/recortes-de-trump-dejan-programas-medicos-en-eeuu-como-zombies-financiados-pero-sin-personal,es,2026-08-18,
Beverly Hills substitute teacher said she was fired over anti-Trump posts. Now she's suing the district,Los Angeles Times,latimes.com,latimes.com,2026-08-18,https://www.latimes.com/california/story/2026-08-18/beverly-hills-substitute-teacher-said-she-was-fired-over-anti-trump-posts-now-shes-suing-district,en,2026-08-18,
Supreme Court is urged to block Trump's huge new ballroom so Congress can decide,Los Angeles Times,latimes.com,latimes.com,2026-08-18,https://www.latimes.com/politics/story/2026-08-18/justices-urged-to-block-trumps-new-ballroom-so-congress-can-decide,en,2026-08-18,
Trump administration advances plan to rescind 'Roadless Rule' protecting national forests,Los Angeles Times,latimes.com,latimes.com,2026-08-18,https://www.latimes.com/environment/story/2026-08-18/trump-administration-advances-plan-to-rescind-roadless-rule-protecting-national-forests,en,2026-08-18,
Justice Department pushes to revive criminal case against Kilmar Abrego Garcia,Los Angeles Times,latimes.com,latimes.com,2026-08-18,https://www.latimes.com/world-nation/story/2026-08-18/justice-department-pushes-to-revive-criminal-case-against-kilmar-abrego-garcia,en,2026-08-18,
'Brazen act of self-dealing': Democrats seek to block a Trump-linked crypto bank,Los Angeles Times,latimes.com,latimes.com,2026-08-18,https://www.latimes.com/politics/story/2026-08-18/democrats-seek-to-block-trump-linked-crypto-bank,en,2026-08-18,
Column: Everyone is campaigning on 'affordability' that no one can deliver,Los Angeles Times,latimes.com,latimes.com,2026-08-18,https://www.latimes.com/opinion/story/2026-08-18/everyone-is-campaigning-on-affordability-that-no-one-can-deliver,en,2026-08-18,
Pentagon orders audit of 30 universities' partnerships with foreign institutions,Los Angeles Times,latimes.com,latimes.com,2026-08-18,https://www.latimes.com/world-nation/story/2026-08-18/pentagon-orders-audit-of-30-universities-foreign-partnerships,en,2026-08-18,
'The young ones are the best ones': Meta on trial for alleged effort to hook kids,Los Angeles Times,latimes.com,latimes.com,2026-08-18,https://www.latimes.com/california/story/2026-08-18/california-social-media-addiction-lawsuit-meta,en,2026-08-18,
Trump says U.S. has no talks planned with Iran as ships in the Strait of Hormuz still face attacks,Los Angeles Times,latimes.com,latimes.com,2026-08-18,https://www.latimes.com/world-nation/story/2026-08-18/trump-says-u-s-has-no-talks-planned-with-iran-as-ships-in-strait-of-hormuz-still-face-attacks,en,2026-08-18,
Trump claims credit as prescription drug prices see steepest drop since 1963,Los Angeles Times,latimes.com,latimes.com,2026-08-18,https://www.latimes.com/business/story/2026-08-18/trump-claims-credit-as-prescription-drug-prices-see-steepest-drop-since-1963,en,2026-08-18,
"Judge rules paint tests on Eisenhower Building can proceed, advancing Trump's makeover plans for now",Los Angeles Times,latimes.com,latimes.com,2026-08-18,https://www.latimes.com/world-nation/story/2026-08-18/judge-rules-paint-tests-on-eisenhower-building-can-proceed-advancing-trumps-makeover-plans-for-now,en,2026-08-18,
CDC's new director is pressed to do something about its zombie programs,Los Angeles Times,latimes.com,latimes.com,2026-08-18,https://www.latimes.com/world-nation/story/2026-08-18/cdcs-new-director-is-pressed-to-do-something-about-its-zombie-programs,en,2026-08-18,
Zambia President Hakainde Hichilema is declared the winner of a troubled election,Los Angeles Times,latimes.com,latimes.com,2026-08-18,https://www.latimes.com/world-nation/story/2026-08-18/zambia-president-hakainde-hichilema-is-declared-winner-of-troubled-election,en,2026-08-18,
Palestinian American returns to besieged West Bank home but Israeli settlers remain,Los Angeles Times,latimes.com,latimes.com,2026-08-18,https://www.latimes.com/world-nation/story/2026-08-18/palestinian-american-returns-to-besieged-west-bank-home-but-israeli-settlers-remain,en,2026-08-18,
"ABC sues FCC, alleging Trump-fueled retaliation in TV license fight",Los Angeles Times,latimes.com,latimes.com,2026-08-18,https://www.latimes.com/entertainment-arts/business/story/2026-08-18/abc-files-suit-to-stop-fccs-early-tv-license-reviews,en,2026-08-18,
Mysterious poisoning of Tahoe trees may improve somebody's view,Los Angeles Times,latimes.com,latimes.com,2026-08-18,https://www.latimes.com/california/newsletter/2026-08-18/mysterious-poisoning-of-tahoe-trees-may-improve-somebodys-view,en,2026-08-18,
Letters to the Editor: The top-two primary hasn’t solved the many problems with California elections,Los Angeles Times,latimes.com,latimes.com,2026-08-18,https://www.latimes.com/opinion/letters-to-the-editor/story/2026-08-18/top-two-election-reform,en,2026-08-18,
"Contributor: This year, the keyword for Democrats is 'competence'",Los Angeles Times,latimes.com,latimes.com,2026-08-18,https://www.latimes.com/opinion/story/2026-08-18/democratic-candidates-science-competence,en,2026-08-18,
"As Colorado River reservoirs shrink, Arizona warns of a legal fight",Los Angeles Times,latimes.com,latimes.com,2026-08-18,https://www.latimes.com/environment/story/2026-08-18/colorado-river-legal-fight,en,2026-08-18,
A political farewell to one of the best friends Social Security ever had in Congress,Los Angeles Times,latimes.com,latimes.com,2026-08-18,https://www.latimes.com/business/story/2026-08-18/farewell-rep-larson-hero-of-the-social-security-wars,en,2026-08-18,
How to prevent future U.S. attorneys general from being subservient attack dogs,Los Angeles Times,latimes.com,latimes.com,2026-08-18,https://www.latimes.com/opinion/story/2026-08-18/constitutional-amendment-attorney-general-political-influence,en,2026-08-18,
"War was supposed to crush Iran's 'Axis of Resistance.' Instead, it's bloodied but unbroken",Los Angeles Times,latimes.com,latimes.com,2026-08-18,https://www.latimes.com/world-nation/story/2026-08-18/war-has-left-irans-axis-of-resistance-bloodied-but-unbroken,en,2026-08-18,
"As L.A. burned, online gamblers bet on how much the fires would destroy. 'That was fun'",Los Angeles Times,latimes.com,latimes.com,2026-08-18,https://www.latimes.com/california/story/2026-08-18/polymarket-kalshi-wildfire-markets,en,2026-08-18,
‘Resign. You’re destroying the country’: Republican voter in key Ohio district slams Trump,NBC News,nbcnews.com,nbcnews.com,2026-08-18,https://www.nbcnews.com/meet-the-press/video/-resign-you-re-destroying-the-country-republican-voter-in-key-ohio-district-slams-trump-268491333778,en,2026-08-18,
Trump appears to repeatedly contradict his own top advisers on the Iran war,NBC News,nbcnews.com,nbcnews.com,2026-08-18,https://www.nbcnews.com/politics/trump-administration/trump-appears-repeatedly-contradict-top-advisers-iran-war-rcna593118,en,2026-08-18,
"Whistleblower alleges political pressure, lack of evidence in antisemitism probes targeting schools",NBC News,nbcnews.com,nbcnews.com,2026-08-18,https://www.nbcnews.com/politics/trump-administration/whistleblower-lack-evidence-antisemitism-probes-schools-rcna593248,en,2026-08-18,
Judge orders release of woman accused of vandalism at World War II Memorial,NBC News,nbcnews.com,nbcnews.com,2026-08-18,https://www.nbcnews.com/news/us-news/judge-orders-release-melissa-farris-vandalism-world-war-ii-memorial-rcna593075,en,2026-08-18,
ICE pitches legal insurance to help shield local officers who make immigration arrests,NBC News,nbcnews.com,nbcnews.com,2026-08-18,https://www.nbcnews.com/news/us-news/ice-pitches-legal-insurance-help-shield-local-officers-make-immigratio-rcna593091,en,2026-08-18,
South Korean president urges stronger independent defense after Trump orders joint military drills scaled back,NBC News,nbcnews.com,nbcnews.com,2026-08-18,https://www.nbcnews.com/world/asia/south-korean-president-urges-stronger-independent-defense-trump-orders-rcna593073,en,2026-08-18,
What to watch in Tuesday’s primaries and Buss family drama over Lakers share: Morning Rundown,NBC News,nbcnews.com,nbcnews.com,2026-08-18,https://www.nbcnews.com/news/us-news/tuesday-primaries-buss-family-lakers-morning-rundown-rcna593059,en,2026-08-18,
Gov. Josh Shapiro takes a hard line against ‘predatory’ data center developers in Pennsylvania,NBC News,nbcnews.com,nbcnews.com,2026-08-18,https://www.nbcnews.com/politics/2028-election/gov-josh-shapiro-executive-order-data-centers-pennsylvania-rcna593177,en,2026-08-18,
San Diego County will stop letting federal immigration agents train at local firing ranges,NBC News,nbcnews.com,nbcnews.com,2026-08-18,https://www.nbcnews.com/politics/immigration/san-diego-county-stop-letting-immigration-agents-train-firing-ranges-rcna593247,en,2026-08-18,
Election highlights: Byron Donalds and David Jolly to face off in Florida governorâs race; Democratic socialist scores upset in Senate primary,NBC News,nbcnews.com,nbcnews.com,2026-08-18,https://www.nbcnews.com/politics/2026-election/live-blog/elections-florida-governor-house-senate-alaska-primaries-live-updates-rcna593016,en,2026-08-18,
Trump administration moves to rescind rule that protects millions of acres of national forest,NBC News,nbcnews.com,nbcnews.com,2026-08-18,https://www.nbcnews.com/science/environment/trump-administration-rescind-rule-protecting-national-forests-rcna593201,en,2026-08-18,
What two under-the-radar DNC moves say about the party’s direction: From the Politics Desk,NBC News,nbcnews.com,nbcnews.com,2026-08-18,https://www.nbcnews.com/politics/politics-news/two-radar-dnc-moves-say-partys-direction-politics-desk-rcna593231,en,2026-08-18,
States take on Meta in court over child addiction claims,NBC News,nbcnews.com,nbcnews.com,2026-08-18,https://www.nbcnews.com/now/video/states-take-on-meta-in-court-over-child-addiction-claims-268478021786,en,2026-08-18,
Trump posts that 'no talks or conversations' are scheduled with Iran,NBC News,nbcnews.com,nbcnews.com,2026-08-18,https://www.nbcnews.com/video/trump-posts-that-no-talks-or-conversations-are-scheduled-with-iran-268470341527,en,2026-08-18,
U.K. Prime Minister Andy Burnham says he’s not embarrassed about messaging someone impersonating a top Trump aide,NBC News,nbcnews.com,nbcnews.com,2026-08-18,https://www.nbcnews.com/politics/white-house/uk-prime-minister-burnham-trump-aide-susie-wiles-impersonator-rcna593095,en,2026-08-18,
Palestinian-American travels to his West Bank home amid Israeli settler siege,NBC News,nbcnews.com,nbcnews.com,2026-08-18,https://www.nbcnews.com/video/palestinian-american-travels-to-his-west-bank-home-amid-israeli-settler-siege-268455493859,en,2026-08-18,
"Disney and ABC sue FCC, seeking to stop early license renewal process",NBC News,nbcnews.com,nbcnews.com,2026-08-18,https://www.nbcnews.com/business/business-news/abc-disney-sues-fcc-trump-administration-first-amendment-rcna593088,en,2026-08-18,
Who is Natalie Harp? Sen. Jon Ossoff puts Trump aide in spotlight,NBC News,nbcnews.com,nbcnews.com,2026-08-18,https://www.nbcnews.com/politics/white-house/natalie-harp-trump-aide-jon-ossoff-questions-rcna593003,en,2026-08-18,
Trump administration moves to open untouched national forests to logging,NPR,npr.org,npr.org,2026-08-18,https://www.npr.org/2026/08/18/nx-s1-5936495/trump-administration-moves-to-open-untouched-national-forests-to-logging,en,2026-08-18,
Vaccination rates fall as more parents opt out,NPR,npr.org,npr.org,2026-08-18,https://www.npr.org/2026/08/18/nx-s1-5936234/vaccination-rates-fall-as-more-parents-opt-out,en,2026-08-18,
Iraq's PM faces tough challenges after promising to disarm Iran-backed militias,NPR,npr.org,npr.org,2026-08-18,https://www.npr.org/2026/08/18/nx-s1-5936225/iraqs-pm-faces-tough-challenges-after-promising-to-disarm-iran-backed-militias,en,2026-08-18,
A look at the Trump administration's evolving relationship with Asia,NPR,npr.org,npr.org,2026-08-18,https://www.npr.org/2026/08/18/nx-s1-5935428/a-look-at-the-trump-administrations-evolving-relationship-with-asia,en,2026-08-18,
Embattled Florida Republican Rep. Cory Mills fights to keep his House seat,NPR,npr.org,npr.org,2026-08-18,https://www.npr.org/2026/08/18/nx-s1-5936435/mills-elijah-florida-republican-primary,en,2026-08-18,
Trump versus Capital One,NPR,npr.org,npr.org,2026-08-18,https://www.npr.org/2026/08/18/nx-s1-5935601/trump-versus-capital-one,en,2026-08-18,
Trump threatens Oman amid talks over control of the Strait of Hormuz,NPR,npr.org,npr.org,2026-08-18,https://www.npr.org/2026/08/18/nx-s1-5935590/trump-threatens-oman-amid-talks-over-control-of-the-strait-of-hormuz,en,2026-08-18,
Longtime Trump critic Rosie O'Donnell is stepping in for Jimmy Kimmel this week,NPR,npr.org,npr.org,2026-08-18,https://www.npr.org/2026/08/18/nx-s1-5936389/longtime-trump-critic-rosie-odonnell-is-stepping-in-for-jimmy-kimmel-this-week,en,2026-08-18,
Voters head to the polls in embattled Florida Congressman Cory Mills' district,NPR,npr.org,npr.org,2026-08-18,https://www.npr.org/2026/08/18/nx-s1-5933038/voters-head-to-the-polls-in-embattled-florida-congressman-cory-mills-district,en,2026-08-18,
"ABC and Disney sue FCC, alleging First Amendment violations",NPR,npr.org,npr.org,2026-08-18,https://www.npr.org/2026/08/18/nx-s1-5936406/abc-and-disney-sue-fcc-alleging-first-amendment-violations,en,2026-08-18,
Trump is demanding English — while defunding ESL,NPR,npr.org,npr.org,2026-08-18,https://www.npr.org/2026/08/18/nx-s1-5925111/trump-is-demanding-english-while-defunding-esl,en,2026-08-18,
S. Korea stresses US alliance amid confusion over Trump drill cut,NPR,npr.org,npr.org,2026-08-18,https://www.npr.org/2026/08/18/g-s1-139096/s-korea-stresses-us-alliance-amid-confusion-over-trump-drill-cut,en,2026-08-18,
"U.S. and Iran miss peace talks deadline. And, Alaska, Florida and Wyoming primaries",NPR,npr.org,npr.org,2026-08-18,https://www.npr.org/2026/08/18/g-s1-139072/up-first-newsletter-iran-south-korea-jared-kushner-florida-wyoming-alaska-primaries-luigi-mangione,en,2026-08-18,
This crowded Republican primary in Florida has drawn a unique cast of candidates,NPR,npr.org,npr.org,2026-08-18,https://www.npr.org/2026/08/18/nx-s1-5930699/florida-republican-19th-district-carpetbaggers,en,2026-08-18,
Carney and Trump Talk Again as Deadline Nears on New U.S. Tariffs,New York Times,nytimes.com,nytimes.com,2026-08-18,https://www.nytimes.com/2026/08/18/world/canada/trade-tariffs-trump-carney.html,en,2026-08-18,
Rosie O’Donnell Just Knows Trump Is Watching Her Host ‘Jimmy Kimmel Live’,New York Times,nytimes.com,nytimes.com,2026-08-18,https://www.nytimes.com/2026/08/18/arts/television/rosie-odonnell-jimmy-kimmel-trump.html,en,2026-08-18,
"Trump’s Broken Promises, in 11 Charts",New York Times,nytimes.com,nytimes.com,2026-08-18,https://www.nytimes.com/interactive/2026/08/18/opinion/trump-economy-campaign-promises.html,en,2026-08-18,
"Trump’s $47 Billion-Dollar Border Wall Plan, and Why a Tupac Murder Trial Is Starting After 30 Years",New York Times,nytimes.com,nytimes.com,2026-08-18,https://www.nytimes.com/2026/08/18/podcasts/the-headlines/trump-border-wall-tupac-murder-trial.html,en,2026-08-18,
Trump Honors a Teenage Lifeguard and Takes Aim at a CNN Reporter,New York Times,nytimes.com,nytimes.com,2026-08-18,https://www.nytimes.com/2026/08/18/us/politics/trump-lifeguard-cnn-reporter.html,en,2026-08-18,
Sugar Importer With Trump Ties Said to Maintain Abusive Labor Practices,New York Times,nytimes.com,nytimes.com,2026-08-18,https://www.nytimes.com/2026/08/18/business/economy/trump-central-romana-sugar-forced-labor.html,en,2026-08-18,
Trump Administration Moves to Allow Logging in Pristine National Forests,New York Times,nytimes.com,nytimes.com,2026-08-18,https://www.nytimes.com/2026/08/18/climate/trump-ends-roadless-rule-forests.html,en,2026-08-18,
Judge Allows Limited Testing in Trump Plan to Paint Eisenhower Building White,New York Times,nytimes.com,nytimes.com,2026-08-18,https://www.nytimes.com/2026/08/18/us/politics/judge-paint-eisenhower-building-trump.html,en,2026-08-18,
Trump Fired the Watchdogs. Their Replacements Have a Different Mission.,New York Times,nytimes.com,nytimes.com,2026-08-18,https://www.nytimes.com/2026/08/18/us/politics/trump-inspector-general.html,en,2026-08-18,
"Trump’s Ballroom Is Rising at Breakneck Speed: 20 Hours a Day, 7 Days a Week",New York Times,nytimes.com,nytimes.com,2026-08-18,https://www.nytimes.com/2026/08/18/us/politics/trump-ballroom-construction.html,en,2026-08-18,
"Trump Officials Ignored Their Own University Investigators, Lawyer Says",New York Times,nytimes.com,nytimes.com,2026-08-18,https://www.nytimes.com/2026/08/18/us/trump-administration-university-investigations-whistleblower.html,en,2026-08-18,
Threatening Friends and Courting Enemies in Trump’s ‘Upside-Down World’,New York Times,nytimes.com,nytimes.com,2026-08-18,https://www.nytimes.com/2026/08/18/us/politics/trumps-upside-down-world.html,en,2026-08-18,
"Sydney Gruters, Wife of R.N.C. Chair, Wins House Primary in Florida With Trump’s Backing",New York Times,nytimes.com,nytimes.com,2026-08-18,https://www.nytimes.com/2026/08/18/us/politics/trump-gruters-florida-republican-primary.html,en,2026-08-18,
Florida rejects Democratic establishment — and even snubs Trump,Politico,politico.com,politico.com,2026-08-18,https://www.politico.com/news/2026/08/18/florida-angie-nixon-trump-democratic-republican-primary-2026-01041405,en,2026-08-18,
Trump’s pick for Wyoming governor is the latest endorsee to lose primary,Politico,politico.com,politico.com,2026-08-18,https://www.politico.com/news/2026/08/18/trumps-pick-for-wyoming-governor-is-the-latest-endorsee-to-lose-primary-01041404,en,2026-08-18,
Trump to select Heidi Overton for FDA commissioner,Politico,politico.com,politico.com,2026-08-18,https://www.politico.com/news/2026/08/18/heidi-overton-fda-food-and-drug-commissioner-01041348,en,2026-08-18,
Trump’s threats to Seoul may be worse than their bite,Politico,politico.com,politico.com,2026-08-18,https://www.politico.com/news/2026/08/18/trump-south-korea-military-security-01040890,en,2026-08-18,
‘There is no breaking point’: The problem with Trump’s plan to economically strangle Iran,Politico,politico.com,politico.com,2026-08-18,https://news.google.com/rss/articles/CBMixAFBVV95cUxPaE1lQ0VsRVJncmxLd18zQnlhQ0xXWlJlQUdES1J1RlB1WEhKdjlqRTNYMkw3UmxjQzRLUXFyQzhBT0xULURMcmQ2RVRUQUg2UDQ1VEVPemhRQW8wUDJvWHpTdnRyQ2ZGUEVOUkZjVXNSSzFBTDdqU1pLOTBxODNldUxtTWhqcmpwWllwdXhZUkg2SlY3Y2pMVnNnRS14VXc4ZS1NMjJmSEpKYkFFVUtfVUNzWkVhbTJUc0l0OHZ3Z2VhSk9D?oc=5,en,2026-08-18,
Trump is weighing whether to grant Canada a tariff reprieve,Politico,politico.com,politico.com,2026-08-18,https://news.google.com/rss/articles/CBMijgFBVV95cUxPWnlfNlhXN0hPbENYcWlMcDh2aFlkLWQ1WGJWQVlIRTFEUEo1WC02enIydUE0VnFsSENWam5VY1EtMXAyVno3RHpCZlQ1RFR5R0FpTmFxYzdxWjBEUk1feFJRMEl0QVFPUTF4UXQ1bjNseWxvemdpZmJDMXJrczIxTG0wVVltVjVDaFF4QWl3?oc=5,en,2026-08-18,
Trump’s new world disorder,Politico,politico.com,politico.com,2026-08-18,https://news.google.com/rss/articles/CBMimgFBVV95cUxPMzhKNG5KdTJ6NmpscFlldGc2Z0tQSmp4UThoS3V0N1NnWGxjVVYyNWl4VVRaaUtlQUlpaWRBS1Rka3V3UGZkMlRoeGU2ZXRud29FcnVsNVBPdzZEaFpBU3NHVVQwMEdZSWNlYm9NbmZFZmR3aEg5Wk00d0dka3lWQ080cmowY1FXS0xGckk0cEdZWlZoTFdJV2ZB?oc=5,en,2026-08-18,
Trump’s Syria envoy calls Israeli air strikes on base ‘unnecessary escalation’,Politico,politico.com,politico.com,2026-08-18,https://news.google.com/rss/articles/CBMiiAFBVV95cUxOWXRJcUJXbWRra2tBczRRaUtpaFd0MWg2M0ZkOWRBNHluSzg5VC1OTjg2c05Vdk9xaWRHVnZGcm4yTnJNTjV6NFE2TDAxSVpLWXExNUpJdTZWZUhOcjRmYnlobVBWbmVGSWRnWEpiZjY0Yl8yOHNLcVM3QmdPbWVpaDNCQktUTkJq?oc=5,en,2026-08-18,
‘He's there to run it’: Trump’s energy whisperer looks ready to call the shots at major oil trade association,Politico,politico.com,politico.com,2026-08-18,https://news.google.com/rss/articles/CBMirwFBVV95cUxONkpaaW9BbEdHQ3RfdVhyR1IyaWhCNm5uQkpRRDlzcDhJeG9IZnB2aE5jSUhzUjd5dGt0MUl3SEJJNFNmX1AweVY2Tk9kbExQUjVqdXFZODg2TXcyVXE1SlJXUjNONDA1eWtBeWlnSXNsbVRmOUdnTXRKNHkteUpndGhWWjRHd01MLUpLTXJ2OWQ4RE1aTW80Q21hVEZ0aFRwUTBKazBMaFJkTGgzd00w?oc=5,en,2026-08-18,
Donald Trump,Politico,politico.com,politico.com,2026-08-18,https://news.google.com/rss/articles/CBMiWkFVX3lxTE1yYWV5ZmRibGFLZFdxMWNoSGlfdDlfRVFJYlhaM21NQXRsQUJxSFlVZzNhZTJJbWhkelZVSkd6dXF6eXRIT2lqUHBDZFpkMTFOc2hXMldWUjlydw?oc=5,en,2026-08-18,
"Trump says no talks planned with Iran, Tehran says Strait of Hormuz still shut",Reuters,reuters.com,reuters.com,2026-08-18,https://news.google.com/rss/articles/CBMixwFBVV95cUxOUFBFaGFVcWFQMUh6YjRZVVpwX2piQ093ZzVJVjJtRmgtaE9RVFhJNG40STQxbDlhSG00cHBNVWNlRnZ5TE9MSmVVQTdJRk5hTDhIVEVCeXRtbmsyQkNCR1FSQm5GVGRNYmcybHN6RFNzbGJGN3hsdUUzWFh1c0NEdXd0X0h4SHdRXzlsRjd4NDZvR1VBc0M3ZDJxdG1TcTBISHBWSHRjcHBRSG90SU44cE5WM011U2g0V1dObWZXaEJSX2tONDQ0?oc=5,en,2026-08-18,
"US, South Korea to cut length, scope of military drills after Trump order",Reuters,reuters.com,reuters.com,2026-08-18,https://news.google.com/rss/articles/CBMiwAFBVV95cUxPWjJDSC1vNWx4bEg0SXR2M0htUXhSS0Jfb0Riend2YmpHcXZSVlg0d1VacGZPa1hhYTlUREg4Y3FCVkNHV3d6VFBBYjBUYm9QYjhUcU40NmJPMnBDYVp1TFVrNnRqaFQ4NWJMb21fcUdIYmhZYWVvVU5KemNQQmJuUU9kLVVGOGpDcm5IS1BobzF1NXpsYlpkOTB4QUJicENTZ0VnQVZ1VmNOZHlfVEl1dlNEQnVyQW1oOExvclJ6UTY?oc=5,en,2026-08-18,
"EXCLUSIVE: Trump approval falls to 33%, lowest of his presidency, Reuters/Ipsos poll finds",Reuters,reuters.com,reuters.com,2026-08-18,https://news.google.com/rss/articles/CBMitAFBVV95cUxQQi1faldMbmRDZnpQWWdTWWtyQmZZOVRnU01BVEt5aVdEQ0xxeGlWdmlNR1k4c2lWODJmcjNHUkFFc3BwLTgzVjQyd0dkTXJnUGdvN1hJeHZ0SC1aYzlVZC1DQW1ZM0NjdWhUby1JRzBjQmg1cDdjMEEydjRlVTlkT2Q4ODJad2s3eXhEaVlEY1JnVm01Y0FQb2lhLS10dGpPSlQ2aFBjQy1kTkdyOFhWWGtkMWM?oc=5,en,2026-08-18,
US judge allows Trump to end thousands of Ethiopians' deportation protections,Reuters,reuters.com,reuters.com,2026-08-18,https://news.google.com/rss/articles/CBMisgFBVV95cUxQakNGSm9UQUNhdE1tVzBFdUw0WmxyTXRValpDZ2NTQnl3QzFKQ3N0R0owcU04M3lBZHEya3gxUGdUMDBhRnF1bmRnd1hVckZVMGNFME9DR1dvUkZvNjMyTEh0Vm9WVlRtTnIyMDBQR1J2OUhfc1RGeUdpb2taWHdCd0NUNktGWVlwcldyMUZXMUMtbjNyeEdZbEVmQ2pyVFFNbXBaSFI2dVEzQUdjX0h6QXlB?oc=5,en,2026-08-18,
White House defends Trump's ability to vote by mail,Reuters,reuters.com,reuters.com,2026-08-18,https://news.google.com/rss/articles/CBMiogFBVV95cUxQcVhsN21VZ2ZlUnVlZXdMZnl6aGFaS2FiLVJSekRhU1JiRXdtenFzNE5NYi1zcnpqQ2xDdU9tNkpmVkVNZHY4RHVQdjhtUXBPSGVZTGF3aE5LNjUwajAyaldtTlpCM09SelF6NDg3Rm8zR3lwbWJtRV9fWG85R2Ztd3VuLUpoVE5YaGxDam11bWpaZDZncGk2VzBtR2k5cnR2T0E?oc=5,en,2026-08-18,
Trump administration moves to rescind rule that protects millions of forest acres,Reuters,reuters.com,reuters.com,2026-08-18,https://news.google.com/rss/articles/CBMixwFBVV95cUxQOTVaQzJXRGt5bG5SR3c4UElzeEFnRWV6UkRSdENUb3FZd1NOdVpMYW0xUHlTbXJIemdOaFJLMWUwckpSZWY3OGI0YldRd0RhYklKcnhxZGo4VTAyS1hhNC1VTHBvRlpzZTh4WmJKOHQ0ekRjazQ5Q2lKNU81TzVOSkVVVjVVWkJKMEZ4d0FfYlA2WXpZQmRuV2Exd1U2TGtsNVBna3dwZ1JtYWpOY3FxTHQzZ3REeGRSZklsbFRRT2RIY1JldjUw?oc=5,en,2026-08-18,
Trump invokes presidential privilege in lawsuit over law firm orders,Reuters,reuters.com,reuters.com,2026-08-18,https://news.google.com/rss/articles/CBMiugFBVV95cUxQU1oxT1FKaFVnMkpUVGFpZF9yVjJzV1QwMjRqb0tYZUtXeHV4WFhxQlFlR2tYOUIycWJYS2Vkd1pFTElQdEdkMFpab01XNmRKQkdVSFVZT2t6V2ZidVQ5VGpabnV0S1lnNm9Pdm9DYXRpOXRGcFp5UGNVVVFTcGxqMTkySmYwSmdZaDhRUlZyNUl6cXcwc2lYc2tfeDZTM1JwVWxKSG8ta0R4SEZhMk90S0pYSktHVDF5Rnc?oc=5,en,2026-08-18,
US appeals court blocks Trump immigration enforcement near some houses of worship,Reuters,reuters.com,reuters.com,2026-08-18,https://news.google.com/rss/articles/CBMiygFBVV95cUxNc3REYk5McXJYV3BXcGZ3VkU0dHE2cS1TbWQ5Qy1FM0FQRTV5eDIzRElCVHcwQlk0R2U2dVZzYjBZbnhPVUMxUGNHZVI4bzhvd0lBV1M2SXgwMXg5R093SGRwdEktU0kzMWxIQ2ZLeVZZYnJjOHVCdzE5ajgwWXIyS3pHSEFTOEdTSkxQUkh0bDR1VURLekFOUWp2RW9qVmxnQnM1WS04X050WGsxQzRaUGZIbG04ZlBRa0RaeHF2dEJ6dTBDeTMycm5R?oc=5,en,2026-08-18,
"Trump pushes for Kim Jong Un meeting this year, WSJ reports",Reuters,reuters.com,reuters.com,2026-08-18,https://news.google.com/rss/articles/CBMirgFBVV95cUxPbGZRWHN4MkNwcm5iZklzZTNKSTJ1YzVTM0FaNDVjaWw2TFlTUmlJdjIxV21yZXk2Q0Nqb1FDZTBIWFJXUUtqZ2pIVWdpSDJqb0pHX01fUjdVVHdMcGtwcHFzcGVTM09fT2NSZ1huekRwc05VRC15Vzg1TUxDeVhsMExXMUcxMWRIUWNGaUdDWVRmaFoyMVhMZ1o3LXUtUGRYbUpFaTcwYXlRdy1XYlE?oc=5,en,2026-08-18,
Trump says no talks are taking place with Iran and none are scheduled,Reuters,reuters.com,reuters.com,2026-08-18,https://news.google.com/rss/articles/CBMiuwFBVV95cUxQSHhKekZqU0IxWEQwY2JOckhOeTBJd0FraHloM25INUJuQXNnRk5BM1JzU05UTl9RbDVSUnVkbWVzYlpaaV9lRG16bloxZGxRRXQ5dlV2a1plTkpHXzQ5Smg0Nlk0c3VjdFZLSjdkRHIxLVl6Sm5yamhoVWF3SlowaDVYV01QdGE0emdOd3N6cnFOeW5FbDRsdEExSTNNMFFMOUtYQjFDakRUbWdVbVNoWkNCcm02RkhYcjUw?oc=5,en,2026-08-18,
Carney spoke with Trump on Tuesday afternoon as tariff deadline looms,Reuters,reuters.com,reuters.com,2026-08-18,https://news.google.com/rss/articles/CBMiqAFBVV95cUxObkRiajNCdU9tVURCam9vRkJCc0ROTndxOTdTQ1hWTllUa3FFVEl3M3hIUk91b3FWbmpWTEhvc3laejUwZGc3Zm5Qc1NVZUowZjF2dE41bGl2Qkp0d3FKa0JaSTd0OUl0MlN5VkU5UWhEQXR4bVg3SmNXbEFCNWl4U2dYOEs5d0dMNFdIOVJ0eVdhb3FOQjJKNjZWWG1WRlBXeHM1dGRQOTM?oc=5,en,2026-08-18,
"Trump agencies to set crypto policy as bill stalls, limiting industry's gains",Reuters,reuters.com,reuters.com,2026-08-18,https://news.google.com/rss/articles/CBMivwFBVV95cUxPQW5FN1FiTHlqcnktM0xnazRRWHFpaHM3bDdLWlNIckszLTJId3QyN1NZc0VTdlk3VFFlZG1qWVlQQUo3SUN4R083SlZaNmpKTkdMb1NKTnNZM2VpcERyUm5TZGhzT1N0UGhhNExIWGY3NXBxWUczMm4xWFctRkNVR0ZwbTJib0szTUhpUkZOWk9sVDFmbmp2Q0pFOERwbEhVYVd3RHNXSHdzR3FGdlFBQmk2Xy1JV3d1TnRkdk5SUQ?oc=5,en,2026-08-18,
How has the US-South Korea relationship evolved under Trump?,Reuters,reuters.com,reuters.com,2026-08-18,https://news.google.com/rss/articles/CBMiugFBVV95cUxPekdkMndyOEgzUmw1WExmeDJ5dGc0ZUZ3UmprX1NxUGhaWjFQcVdCZXkxNzhZaVVUam0wOXRxYnlsM3lxbnhXSFRqOWMzT0xrSGN2bXhwSlp0RERpbmZSRnE1TDlnalVudlhQa0hzUGJIV2FaMThFRUk2THYzX2UyQkJ2X3haUC1ZRWxDQl9lZlpJdXpBazZUbmNkVmo5dzlVZThQY1FaSm1CS2lZWE1xR1ZnTnNFT0VQZXc?oc=5,en,2026-08-18,
Who's leading the 2028 presidential race?,USA Today,usatoday.com,usatoday.com,2026-08-18,https://www.usatoday.com/story/news/politics/2026/08/18/who-is-leading-2028-presidential-race/91360340007/,en,2026-08-18,
Angie Nixon pulls off DSA Senate primary win in Florida: takeaways,USA Today,usatoday.com,usatoday.com,2026-08-18,https://www.usatoday.com/story/news/politics/elections/2026/08/18/angie-nixon-florida-senate-dsa-moskowitz-wasserman-schultz/91361300007/,en,2026-08-18,
"Map of the Freedom 250 Grand Prix route in Washington, DC",USA Today,usatoday.com,usatoday.com,2026-08-18,https://www.usatoday.com/story/graphics/2026/08/18/washington-dc-grand-prix-map-route-freedom-250/91342742007/,en,2026-08-18,
Trump says he will have an 'answer' on Flock cameras soon,USA Today,usatoday.com,usatoday.com,2026-08-18,https://www.usatoday.com/story/news/politics/2026/08/18/trump-flock-camera-comments/91357057007/,en,2026-08-18,
"Live results: Follow key primary elections in Florida, Alaska, Wyoming",USA Today,usatoday.com,usatoday.com,2026-08-18,https://www.usatoday.com/story/news/politics/elections/2026/08/18/primary-election-results-updates-florida-alaska-wyoming--live/91339298007/,en,2026-08-18,
Gas prices are rising. What it means for your budget,USA Today,usatoday.com,usatoday.com,2026-08-18,https://www.usatoday.com/story/money/2026/08/18/gas-prices-rising-iran-war-ceasefire-expire/91354212007/,en,2026-08-18,
"Trump, Joe Rogan praise ibogaine. What is it?",USA Today,usatoday.com,usatoday.com,2026-08-18,https://www.usatoday.com/story/life/health-wellness/2026/08/18/trump-joe-rogan-praise-ibogaine-what-is-it/91355544007/,en,2026-08-18,
"Judge blocks relocation of FBI headquarters, a setback for Trump",USA Today,usatoday.com,usatoday.com,2026-08-18,https://www.usatoday.com/story/news/politics/2026/08/18/fbi-headquarters-relocation-blocked-trump/91355209007/,en,2026-08-18,
Supreme Court told Trump trying to make ballroom impossible to stop,USA Today,usatoday.com,usatoday.com,2026-08-18,https://www.usatoday.com/story/news/politics/2026/08/18/supreme-court-trump-white-house-ballroom-construction/91355331007/,en,2026-08-18,
Who is Natalie Harp? Trump's aide explained,USA Today,usatoday.com,usatoday.com,2026-08-18,https://www.usatoday.com/story/news/politics/2026/08/18/who-is-natalie-harp-trump-aide-explained/91351064007/,en,2026-08-18,
Trump votes by mail again in home state of Florida,USA Today,usatoday.com,usatoday.com,2026-08-18,https://www.usatoday.com/story/news/politics/2026/08/18/trump-votes-mail-florida-primary-election/91349596007/,en,2026-08-18,
"US news today: Midterms, USS Lincoln, Hayden Panettiere in Daily Briefing",USA Today,usatoday.com,usatoday.com,2026-08-18,https://www.usatoday.com/story/news/2026/08/18/uss-lincoln-midterms-hayden-panettiere-lindsay-clancy-aoc-egg-freezing/91348886007/,en,2026-08-18,
Woke 1 wasn't perfect. Democrats shouldn't throw it all away,USA Today,usatoday.com,usatoday.com,2026-08-18,https://www.usatoday.com/story/opinion/columnist/2026/08/18/woke-culture-meaning-overton-window-politics/91310998007/,en,2026-08-18,
Disney says FCC's actions against ABC are unconstitutional in lawsuit,USA Today,usatoday.com,usatoday.com,2026-08-18,https://www.usatoday.com/story/news/nation/2026/08/18/disney-says-fccs-actions-against-abc-are-unconstitutional-in-lawsuit/91351756007/,en,2026-08-18,
Trump’s chaotic trade policy continues to face legal challenges,USA Today,usatoday.com,usatoday.com,2026-08-18,https://www.usatoday.com/story/news/nation/2026/08/18/trumps-chaotic-trade-policy-continues-to-face-legal-challenges-the-excerpt/91343450007/,en,2026-08-18,
US judge blocks Trump admin's plan to relocate FBI to Washington,USA Today,usatoday.com,usatoday.com,2026-08-18,https://www.usatoday.com/story/news/nation/2026/08/18/us-judge-blocks-trump-fbi-washington/91349023007/,en,2026-08-18,
Trump and CNN reporter clash in oval office exchange. Watch,USA Today,usatoday.com,usatoday.com,2026-08-18,https://www.usatoday.com/story/news/politics/2026/08/18/donald-trump-cnn-reporter-video/91349875007/,en,2026-08-18,
Who is 'Natalie' and why did Ossoff include her in Atlanta speech?,USA Today,usatoday.com,usatoday.com,2026-08-18,https://www.usatoday.com/story/news/state/georgia/atlanta/2026/08/18/who-is-natalie-and-why-did-ossoff-include-her-in-atlanta-speech/91349553007/,en,2026-08-18,
Measles outbreak is no time to test RFK Jr.'s vaccine policy,USA Today,usatoday.com,usatoday.com,2026-08-18,https://www.usatoday.com/story/opinion/2026/08/18/kennedy-mmr-vaccine-schedule-children/91306408007/,en,2026-08-18,
"Rosie O'Donnell takes over 'Kimmel' as host, roasts Donald Trump",USA Today,usatoday.com,usatoday.com,2026-08-18,https://www.usatoday.com/story/entertainment/tv/2026/08/18/rosie-o-donnell-trump-jimmy-kimmel/91349328007/,en,2026-08-18,
DSA platform is a gift to MAGA for the midterms,USA Today,usatoday.com,usatoday.com,2026-08-18,https://www.usatoday.com/story/opinion/2026/08/18/democratic-socialist-wins-primary-republicans-midterms/91277274007/,en,2026-08-18,
Kindergarten vaccine coverage falls; exemptions on the rise,USA Today,usatoday.com,usatoday.com,2026-08-18,https://www.usatoday.com/story/news/health/2026/08/18/kindergarten-vaccine-coverage-exemptions-cdc-data/91349672007/,en,2026-08-18,
I voted for Trump to cut spending. He's outspending Biden,USA Today,usatoday.com,usatoday.com,2026-08-18,https://www.usatoday.com/story/opinion/columnist/2026/08/18/trump-white-house-ballroom-national-debt/91304814007/,en,2026-08-18,
"Trump says no talks taking place with Iran, blockade will continue",USA Today,usatoday.com,usatoday.com,2026-08-18,https://www.usatoday.com/story/news/world/2026/08/18/trump-talks-iran-blockade/91351043007/,en,2026-08-18,
"Duffy slashes fuel efficiency, and gets to vacation for free",USA Today,usatoday.com,usatoday.com,2026-08-18,https://www.usatoday.com/story/opinion/columnist/2026/08/18/vacation-sean-duffy-secretary-transportation-gas-prices/91336275007/,en,2026-08-18,
Trump election demands spark suit over DHS anti-terrorism funding,USA Today,usatoday.com,usatoday.com,2026-08-18,https://www.usatoday.com/story/news/politics/2026/08/18/trump-anti-terrorism-funding-elections-lawsuit/91351379007/,en,2026-08-18,
Socialist challengers come to Florida Democratic primaries Aug. 18,USA Today,usatoday.com,usatoday.com,2026-08-18,https://www.usatoday.com/story/news/politics/elections/2026/08/18/florida-primary-democratic-socialist-byron-donalds-governor/91343768007/,en,2026-08-18,
Trump revives unverified claims of noncitizen voting in 2020,Washington Post,washingtonpost.com,washingtonpost.com,2026-08-18,https://www.washingtonpost.com/politics/2026/08/18/trump-revives-unverified-claims-noncitizen-voting-2020/,en,2026-08-18,
Ballroom opponents ask Supreme Court to keep Trump project on hold,Washington Post,washingtonpost.com,washingtonpost.com,2026-08-18,https://www.washingtonpost.com/politics/2026/08/18/ballroom-opponents-ask-supreme-court-keep-trump-project-hold/,en,2026-08-18,
"What to know about Natalie Harp, the Trump aide whom Ossoff put in the spotlight",Washington Post,washingtonpost.com,washingtonpost.com,2026-08-18,https://www.washingtonpost.com/politics/2026/08/18/what-know-about-natalie-harp-trump-aide-whom-ossoff-put-spotlight/,en,2026-08-18,
Trump inverts his own foreign policy mantra,Washington Post,washingtonpost.com,washingtonpost.com,2026-08-18,https://www.washingtonpost.com/opinions/2026/08/18/trump-iran-war-is-undermining-his-own-defense-strategy/,en,2026-08-18,
"White House attacks CNN reporter after Trump clash, invoking her children",Washington Post,washingtonpost.com,washingtonpost.com,2026-08-18,https://news.google.com/rss/articles/CBMiwAFBVV95cUxNWEFXSEFlQWdZWEJ1d19wcEhPcHlZWHh4RnJ3d1cyVzVQYTNDTFVaLXFYMnp1bHVrR0R2M29HeEgyYnRpUTBxQ3dsbjJmcXFRaUMxV0xOWllfLWVBUF90V3dKWTBJVE5XYnFRcmlEVU1YX283emN0SjFhdmZ3dUZaVDBQSnUtaHRVQU5JNlAzWWVyVFd1dW81WHRaaHExUE5qU3k3MGdXT0VWclB2VFJNQVlhTGdtM0R1VWt3NzY2b1k?oc=5,en,2026-08-18,
Rosie O’Donnell mocks but barely mentions Trump in talk show return,Washington Post,washingtonpost.com,washingtonpost.com,2026-08-18,https://news.google.com/rss/articles/CBMirAFBVV95cUxPbnRxLXNGTEw1MDF2OXkyZ0VlUWppTkI5R3YzWU84bnI3cWVjWmpUYlhxanZIU0xIcWVXTXAwRWswT3FCSWNRYUw5N0JYOEQxZ2JmZlFHOVBQQ3A0VXNsSEtMbEhETS1pNHNfYkpQYlNfZ0MzVC1PRFJhLTVFQm5KcHhkUFhIV1ZQaVJhbzVQVXRTbXdPNE12LXo5R0VIQk4zRURDRlh4eTY2QkZL?oc=5,en,2026-08-18,
Analysis | The divide between Trump and Vance on Iran,Washington Post,washingtonpost.com,washingtonpost.com,2026-08-18,https://news.google.com/rss/articles/CBMiiwFBVV95cUxNdElPTjJkOFNKemN2QVVuS1B1SzlIRlFWWm9mVDJtNzZsTDhQSnRMQkhuQWVFcHJJX0VqRllTcTFtOGl5eWdmY3dqZXgya0FCOERsYkdIdURVN2gtMmtFcTU3NlBadXBmSlJKS21aUVhkSlg0NUNkZUVRTTFmRWdnQVFNcGFYUjZlNEI0?oc=5,en,2026-08-18,
"Teen lifeguard, who saved child from dangerous surf, meets with Trump",Washington Post,washingtonpost.com,washingtonpost.com,2026-08-18,https://news.google.com/rss/articles/CBMirwFBVV95cUxNZXFTdFhFdFU1WkVjTzFyNW1rWEYyT1BfNHM0UDdURVhHRkhzc1NVUEdyUzBCeVZtWXAwN0RtU1NvSVoxX0pEOG9VdVg0WDQyUzN3QmNWRWQ4d05wNWFmQzFtVUs2Z2xVZU1lMGJKc1JkLTBWaWNSYXhDN05yX3AybjZPcFRoNzNsYnoxa2MycmZXaWtnQUlxS1F4TVo2dVY2OHFCMFFsSzJOYkVMZmpF?oc=5,en,2026-08-18,
"Trump administration can’t scrap plan to move FBI headquarters to Md., judge rules",Washington Post,washingtonpost.com,washingtonpost.com,2026-08-18,https://news.google.com/rss/articles/CBMizwFBVV95cUxNNFlkZXZqd2psNkNRZExsN0xVYUpfSDVNdWVXcUpwdEVyTmItajNqOC1sZHV2Q1JjSHpHc3N4eFV2dVNJVFA2dlR0UmpXSEJuZE83NHlYMVFxZEFMcnlWXzBzR1ZfU3RkSnRzRmtic1UtOUdMLUkzNHBXTWFXZjl2QTdmby1rR0NzNWNFR0lubFkwWmN5R2Fwa1Y5WG9uYmtBVEZDeFU0d2xHTm8zck9YZ3l3QWxkaV9SRkowVjM3UDdqc3FLYzZBMFctTXY5S1U?oc=5,en,2026-08-18,
"60 days after signing Iran deal, Trump stuck in quagmire as war drags on",Washington Post,washingtonpost.com,washingtonpost.com,2026-08-18,https://news.google.com/rss/articles/CBMivwFBVV95cUxPVW11cldIazMtZ3FxdFMxclNuV2E0bkxXS1NQTW5fdlVtTmk4WWgyemVPSEJvOE5VWk5RRS1PckxxOWtqdURsOTJ0YTcxZERta1lkSm1UbkQ5TXpMRGh2UEw4NzIwa3kxZ2R2MkgtSk1EbTRsaGplZnpLdGJWcmM1ci1FTXJlM2tkZk1rcmxGbS0xS2J5UWJpQm9RbFdYVjViOWdGbWNLb2NzdTNmaUtLeTFjZG1PVUN4S1JlZEhOOA?oc=5,en,2026-08-18,
Tuesday briefing: Trump’s Oman threat; Musk fans; what to plant in your garden; and more,Washington Post,washingtonpost.com,washingtonpost.com,2026-08-18,https://news.google.com/rss/articles/CBMijAFBVV95cUxOU0NFblFLdFF1WTZtV1V5NGVpZVdITm9nQVYyVU9EdjAwNzVOSGJCbkRaUl9uOVIwTjJZbzNBSVdwWHVreG1jQXBwOWJER3A3cm1TZ1ZDYXUwWGVUbllSakZPMXRNYWNRN2pvOGtteHNWRUQtRmZmMi1rdDN1WmVMRE5nbmpwUGNpbmQyaA?oc=5,en,2026-08-18,
Trump defends his move to cut back U.S.-South Korea military exercises,Washington Post,washingtonpost.com,washingtonpost.com,2026-08-18,https://news.google.com/rss/articles/CBMiuAFBVV95cUxQbG5xVUtMZDJhOWFoM1p0WTVXYVVmSTdmSjNEc0pmM3ZqcHdCQ0Z5cHAzMjF6enE0UEY5OU9uNWJ2SzN4ZnVsZXlzMlJyMHVQUVowS05GbFZidVBHN21POUFvR0dmYmFKejBxWjcwaUE4M3NjQlYyTy14ZkdHS2NndXFROUluTUs1SnhaRlhJV3M3dHVYNmRvR0p3X1gxZW5zR0xLNnNmUXRacHVDZ0JsTGRSY2gwcFdM?oc=5,en,2026-08-18,
Trump shows off multimillion-dollar White House helipad and adds his signature,ABC News,abcnews.go.com,abcnews.go.com,2026-08-19,https://abcnews.com/Politics/trump-shows-off-multimillion-dollar-white-house-helipad/story?id=135782264,en,2026-08-19,
Trump appears to have dropped tit-for-tat strategy for Iran attacks on shipping,ABC News,abcnews.go.com,abcnews.go.com,2026-08-19,https://abcnews.com/Politics/trump-appears-dropped-tit-tat-approach-iran-attacks/story?id=135783275,en,2026-08-19,
Trump says US-South Korea exercises are 'insulting' to North Korea's Kim,ABC News,abcnews.go.com,abcnews.go.com,2026-08-19,https://abcnews.com/Politics/trump-us-south-korea-exercises-insulting-north-koreas/story?id=135786640,en,2026-08-19,
Trump calls ballroom a 'military complex' in bid to complete White House construction,ABC News,abcnews.go.com,abcnews.go.com,2026-08-19,https://abcnews.com/Politics/trump-calls-white-house-ballroom-military-complex-supreme/story?id=135782053,en,2026-08-19,
"Trump announces temporary pause on Canada tariffs, citing new deal",ABC News,abcnews.go.com,abcnews.go.com,2026-08-19,https://abcnews.com/International/trump-announces-temporary-pause-new-canada-tariffs/story?id=135759598,en,2026-08-19,
Kennedy Center filing reveals Trump's name could be on the building twice,ABC News,abcnews.go.com,abcnews.go.com,2026-08-19,https://abcnews.com/US/kennedy-center-filing-reveals-trumps-building/story?id=135767113,en,2026-08-19,
"Trump says US and Canada have a trade deal, but key terms remain unclear",ABC News,abcnews.go.com,abcnews.go.com,2026-08-19,https://abcnews.com/Politics/wireStory/trump-us-canada-trade-deal-key-terms-remain-135785816,en,2026-08-19,
Missouri court allows new Trump-backed US House districts be used in November election,ABC News,abcnews.go.com,abcnews.go.com,2026-08-19,https://abcnews.com/US/wireStory/missouri-court-allows-new-trump-backed-us-house-135789330,en,2026-08-19,
"North Korea shrugs off Trump's scaled-back drills with South Korea, saying it changes nothing",ABC News,abcnews.go.com,abcnews.go.com,2026-08-19,https://abcnews.com/US/wireStory/south-korean-us-militaries-shorten-drills-half-after-135757050,en,2026-08-19,
Acting AG Blanche says Trump administration is nixing $1.8 billion 'Anti-Weaponization Fund',ABC News,abcnews.go.com,abcnews.go.com,2026-08-19,https://news.google.com/rss/articles/CBMisgFBVV95cUxPRjdaN2xTbi1hVmxsSzdvOGlVX1V0bTM4M0NrRVFZVmVyb3dUZ1RDMGszNlFqbzZvX2dBLWpBVVVrUGo5aVNoTUlaWlFQdmlSSzcyRllVa2VMemlkT05FZFZuYUIzSUlpRmtYZFRpVHJWUXRHVTVqWWxrUGRTLWx4TG1lU0xaenRNVXZKUTVFMWc2VTZtSnJvSzd3WWdpTUdscnNYRk5aSDczYTMybUx6dmpB0gG3AUFVX3lxTE5Ea2hzYThEZ3FEWUw1M0dhbi1QenZENmlRSHBuZXh5QmdRdVAtLWY3ZUFWSzFZQzJKeVNMRjdEcmw0R0tCNjhvRTFidl9DY1J5Vmc2OHhRNkppM2lSRmsxcm92eC1lempTbE80UEtBLWxBbkVRSmp0NkpHRVhxajdaNFlsS2MzSi00ODBRa2tZMU1lOG56QkxQVFdvNjlUZ29sQkxpVUNqNFpTTy1LeHBfV0xfUGkxQQ?oc=5,en,2026-08-19,
Trump picks White House aide Dr. Heidi Overton for top FDA job,ABC News,abcnews.go.com,abcnews.go.com,2026-08-19,https://news.google.com/rss/articles/CBMikgFBVV95cUxPWW1sYVpDSEl2Mlo2N3B3VklJOWptN2NiTW1oWHZQYnpiMTlNb0VhS3dtT2FqRVpQMUN4a0gyUGJZMXoxSjAxWi1tOXhpOTBxMXRvTzNhczc2V2RrU2hVMkVuLWozQWhFTEpSV2ZIQUdaeVJmb1VJWkNZZUY4VTdRLWVad3BNRlZBYjdpVTZ6WkhVQdIBlwFBVV95cUxOaU9wRG5heU54SXBaZk1DNGxYSl9obkEzUGtnM2QzSUxFV3FfNG5Eb21KZjdwVnVEdEpJUGZFWjc2QnZzbXV4SnBITm04UjlwTnV0bDJKZ0Z1WW0xb1JpblJFWlRqRnFLc21nQktFd1ZwYjA5dkdqNW56OTlHdUl1Sl9NWlZKWDdMMGJjVkd5Y1hlSXNOcGFZ?oc=5,en,2026-08-19,
Trump plays White House tour guide to show off work on his helipad and ballroom,ABC News,abcnews.go.com,abcnews.go.com,2026-08-19,https://news.google.com/rss/articles/CBMijwFBVV95cUxNeWhpZ2hsMVNjQWtUSEwyeTgxWW9CZHVPZ1NTNmlOSjk2TkJEdGhQUnJYYlpQbUQ3YzdSdTJfZTZIX1RkMTkxaFNPaWMtUmdpc2Y4bUtWN1p0bmloX01TcjRuNmJ5NHFEZEo5SEpla3pZMDk2WFhyckRnVW1nTko3T0JBeHMyN1c3aEU5MTJab9IBlAFBVV95cUxQdV9YRDZwZFRZWEJaR2lBMjg5MTJIV296ZkRnME01elhPZ2dtZjNQcUN0NlltcmtyTWdnRkxvY01BY2NERW1OdE1FTWFfQ1ZLQTRyajJVeVdjQmtyRWl2WEtUaUR6RHo5aDZEME5UVzRjYUt1ejgxNUgtMHgyQzlTZmRTRFJvLVptZkZTb1RQQWc5eDk5?oc=5,en,2026-08-19,
Trump calls White House ballroom a 'military complex' in Supreme Court bid to finish construction,ABC News,abcnews.go.com,abcnews.go.com,2026-08-19,https://news.google.com/rss/articles/CBMiqAFBVV95cUxNZXpZSTJ0OW9hMmVZWXJ4YmRmdk9CNndXYk54ZHY3Y3JaYm1nUHFXMEUwdUEtQkQwWF9zc0RGclNCMm52XzFGTHo2YVA1U2tvU2Y4OV9BM3M1ZF80S1Bzc29LXzFyQmNSN0gxeGdBeUJjRXlWcktMZVVCb05KTHpRbERYV3VackJKQnp0NG4wRXBBZURGU3RCck44azFDOWZsdHE1RTFNRmrSAa4BQVVfeXFMUGJNTmE0QWZUc3lraW1TOUhpX2R5UVpsQ0JrN3lYaVdKdDB2cWxoblZnRG5SaGJEcDJVM2M2d1M5V3lENlZYb2RXWk5USTFxNmd2YXlsaVRzS1VUS25vTTB4a3l4S0JZb2pOZXZ1MUdFbzBlcGhVSFUzbG83ZXdMZEpVNGlIcnY4VU5pZXdKWFhjWjhmYmk1QjFSWHRVTklrcGEyNW1ZZXBJY253N2pR?oc=5,en,2026-08-19,
An alarmed bond market gets the Trump administration to act again,ABC News,abcnews.go.com,abcnews.go.com,2026-08-19,https://news.google.com/rss/articles/CBMilwFBVV95cUxOYTE5UHFUdm9CVlE3NklzMGM5QjkxRDZnMGtvMG9XVWlWUXR4cEZPVUUtMV90Q2lrUGFHME51d0ZkWV9DUVRBSDc0Z1ZzcTZ5WEtQU1JpeWo1Mk5DY1ozS2YwbkJQQXJHVmN4TDQwTDk3eUtuRXZwQXAxYTF2Mkg1bHEycXN5SUFtUWpURmc0cFlNaTY5UVVj0gGcAUFVX3lxTFAyTVpfMGRGNlBXckFrQUF3TzVvbXVwTFU4NVpLUFFfSkFjMWxXT2lndHFVX1dJWUxSVmwwS3FWWm04cE5aSGtaRlFkTTFFRFM5a0tjVS1HeWNabEthV2ctd29CTmRwdUN2RG1wWktjMU11emZyUUpYanpQSHZaaWg4QTBzU21ORVZYNGUyM0E2aVp6ZEU4bDF0NmVtRQ?oc=5,en,2026-08-19,
"Here's a list of the individuals, including James Comey, targeted by the Trump administration",ABC News,abcnews.go.com,abcnews.go.com,2026-08-19,https://news.google.com/rss/articles/CBMirAFBVV95cUxQeDV4U3lXWlRPTHY5M1ljNzBTUEdlZEx2R2c5N1VSQ0NSLXAxbUp5bW1PREhFV2YtX3VaX0JnTWQteGJHazFYWE9vdXp2ZDVrTkdmREhLVWpkVXUtN0tQQUZfdVNFYUFKWmxWdEZ4a3NfelpMS2lNWjc2V3hpcWdoeldIOHFTRkNRU2hmdV9yNmFVd0NBNmt6U0JiZVU0NUJEeHpkLXo4QThUaWlk0gGyAUFVX3lxTE9nUFNSZ0VyeGtKYkluY181dEdkR3lvdlZNck83dWlhbXAyMzA4aTI3Um8tY01RdkVGWkVDLVhuTUg2b2dDXy1jbFpHMjBnLWZBYm0yV3lLeG9ZSWRUOG56U24xd05NTlBEM2JhMktaaFR4a0VacURFckVIOTFqT2dlNGdKa2Z5ZC1MN2FNUFdIdWNvTWxabG9lMVlmY1owNjF6NlM5VGU3NDRMT29zdUJCcXc?oc=5,en,2026-08-19,
Trump slaps additional 50% tariff on certain Canadian goods,ABC News,abcnews.go.com,abcnews.go.com,2026-08-19,https://news.google.com/rss/articles/CBMimwFBVV95cUxPdDZTVjFHZXBWcUoteUpOakQ0T016RDVlQWxGR19KYnhEeEdfQzV3UmVLNkdEbWVCckxFbHZsNjhpcW9HQktmWGd5RmtobE1fWTJ4TnpqQlRZZDJRTUs2QzU4eW9zNl9ZeEpfRFk0OVRRTzRBVUJYS1F0dTFWRlNqNUFNV0taQU81MnBWbHd1MG5rendjb1g1X290RdIBoAFBVV95cUxPX09ka2RKeVgzdHdOWERZWHFGNWhmeWk0bHE5b0V3T3B0X19JQzZfcVQ0SHFkNXRBLWp3Sk1QMWduVU5sdy1DektIa19VeWtwTGNuNy1lbnU0OW0wazRjN1ZQdWJZdlp1N2kwSjc3RVhBaG40eFZTN0xTbE5xTHMyenZZazdlOXdqSHhrbkZrcTlzOGZiX3BnTy1tSThqTm1G?oc=5,en,2026-08-19,
2 officers who defended Capitol on Jan. 6 sue to stop Trump's Anti-Weaponization Fund,ABC News,abcnews.go.com,abcnews.go.com,2026-08-19,https://news.google.com/rss/articles/CBMijAFBVV95cUxOM3RLcHYtTzhrdng5M3dHUzhUbnRoRDlUcmN3UlVKbWdVVVEyUnF2M1VzTWlBelBocVlmTXVxdHQxU21BVlRyM0g3a01CSVhFTHY4VGY1TEFOMVkxNnJGdUQ1VmtxMXJhVkFqTGZfb2huZEFjS3k5ZU9tVFFHc25uMWE3VkhxMGgyQTFWUtIBkgFBVV95cUxQX01Vc1dVOFprRFV1TFVqQWRTVFhBMFJzOFkydzdxNW5tQVZUMVh6VmpIVHRmbl9mVk5hQ2JfbUx0Z3hWR3JNUkFZUThUY0JNY0pJczVkSGFFMUxiRHhpaUtEUzNoeVZwQmhDZVpYWGVtMGNYN0pJYllQN1k0cnNpX1N6M2QzNDlob2k1T0twN253dw?oc=5,en,2026-08-19,
Americans oppose Trump ballroom 2-to-1; even more oppose his signature on money: ABC News/Washington Post/Ipsos poll,ABC News,abcnews.go.com,abcnews.go.com,2026-08-19,https://news.google.com/rss/articles/CBMiogFBVV95cUxOSlphYjJTMnFTRHVlV0JNaDBEQlhlUUZuT09jYmhfN3k2WnM3T2JpVHExUDI5RW5OOXNJbXVXUGhKNm42MG5vUElZWnVQdzM5dmZqQktGZWdCMHlHVnZXMlJFRGpEdmZHODJXQXRZVVNDZnpYQUxOZ2hkamFpUFNWZDNHYVdlMl90R2MyRXU1enNhNWkwVllRQV9WYzBiMzVTM1E?oc=5,en,2026-08-19,
Trump signals economic pressure in Iran conflict as talks stall: ANALYSIS,ABC News,abcnews.go.com,abcnews.go.com,2026-08-19,https://news.google.com/rss/articles/CBMiqAFBVV95cUxNX25SUkxvajNLRFphdC00a0dic3JkUi1ZZzhCdGRYMkRaWGZEVndvR2xVUFVCUGduOWdael9MTFRsR2xFNVY2WVNxM3hiZHRVdWlqckFENm10VnJleHZ2MV9USlpGcS1iVjFoOWJPLXFaQS1fZklBaVBuR1UzaHd1MDBORmtuUVFqTjQ3ME1aUnhNd3ZGUFRwSGw3MFd4dlMyTzJ1WkYxTDLSAa4BQVVfeXFMUHFFck0xU2tvTUNXamx2NThhVDNBRS16d2hNTEJtcG9fT1RXTHpLSkExOFZnZ3o3VGoySGNNSEl3dnZWNVJuQ2tycmxEU24yWHEtdHZRX3YyalNEOTBMQ0NaZXhoOUlBNGc0RWRHQjdFUmx4Y2lkVUNXR0RIWG41VnFtX3dZZFlpOGVCYUlVQ0w4VGNqMjJUeFNEMVR4cmlMMmZWc184bXQwZHNyUHd3?oc=5,en,2026-08-19,
"US-South Korea military drills to end early after Trump order, Seoul says",ABC News,abcnews.go.com,abcnews.go.com,2026-08-19,https://news.google.com/rss/articles/CBMioAFBVV95cUxPZEx6S0RLakV1ODJqOWNNT3VpOEVOajZHa1VmRkZhTnpvZjJ0UDVyX2RlYTdCN1NWZ0VEamwyTUIwVmRxVkhHOTVTSE5KLU9GTHNVVkdKTFh6ZDJEVWVTNEU4VnVIdTBIaUlZNl9PaGd1M1pxcVNXQ2Z6OVA1cUR1NUVCbTBjYjhRQTlYcEJ3RFFWX3F3bGQyWS1hbFYzdnFH0gGmAUFVX3lxTE9IcUgxdmlaampOUVQyMnQ5TVlfVFRvdF92V0NiODBCM3dscmxyQjFNYUJyNkdka2tuTmg5UEhZUEVZR2U5bGJyVzhjaVZqdmNMdXZ3MzZkTGw5N3JwdDVBUXdNWWlpVWNaNDVVWW41RlJPOUszdGpYaEVLdTlBc05icnJpTE1hMzRxNXJ1N1dyTjJXMVFyTUdscGU5dnBZUUhFc1J6Qnc?oc=5,en,2026-08-19,
Trump picks Dr. Heidi Overton for top FDA job,ABC News,abcnews.go.com,abcnews.go.com,2026-08-19,https://news.google.com/rss/articles/CBMilwFBVV95cUxOaU9wRG5heU54SXBaZk1DNGxYSl9obkEzUGtnM2QzSUxFV3FfNG5Eb21KZjdwVnVEdEpJUGZFWjc2QnZzbXV4SnBITm04UjlwTnV0bDJKZ0Z1WW0xb1JpblJFWlRqRnFLc21nQktFd1ZwYjA5dkdqNW56OTlHdUl1Sl9NWlZKWDdMMGJjVkd5Y1hlSXNOcGFZ0gGXAUFVX3lxTE5pT3BEbmF5TnhJcFpmTUM0bFhKX2huQTNQa2czZDNJTEVXcV80bkRvbUpmN3BWdUR0SklQZkVaNzZCdnNtdXhKcEhObThSOXBOdXRsMkpnRnVZbTFvUmluUkVaVGpGcUtzbWdCS0V3VnBiMDl2R2o1bno5OUd1SXVKX01aVkpYN0wwYmNWR3ljWGVJc05wYVk?oc=5,en,2026-08-19,
"Trump allies, Jan. 6 defendants lining up to apply for $1.7 billion 'Anti-Weaponization Fund'",ABC News,abcnews.go.com,abcnews.go.com,2026-08-19,https://news.google.com/rss/articles/CBMikAFBVV95cUxQOHppeGhCbVgwQXdvMHhwWkowdldEYm5jR2lyTHZZSzNUaDJaaGFUNHZuNTJ6RlVyZlZXS1FQQ1hJMkx3R3VQVjhnekZnbnVncF83TXNXMmptTW9FM2Rpb2N5bXdSazZQUFhEU0V6NlNtdHQwZlhJSzVxRWJhOXA5MWo0Y3RJTWRJNWRGbjRTZHrSAZYBQVVfeXFMTWtjdlBWRTdJTVRfd2x2aUtRMFRPdUt5RzNyVVIyNFdDRk0zdjduRXVhalJ3UFlzR3BrMk5WZU1jSjduanNuNlp3NTFiRHhheF9VZjJnWDJFdXFCTGxOM2xLMDA1cFhNdTJKdEk5eDFmaDFDU1pSRHJ4WllZZVBlOHZlWS10ajF3RnpvUy11NXdHNjZuRTRn?oc=5,en,2026-08-19,
Kennedy Center tells court it won't try to restore Trump's name to the building before Sept. 8,ABC News,abcnews.go.com,abcnews.go.com,2026-08-19,https://news.google.com/rss/articles/CBMirgFBVV95cUxOM1hSMFlZUktlcnAyQ3REenhENDNsaERLczRJVEF2ZG5HQ0psbUVsdVg5TjZyWF9HVTk4c0UtN2U0V2RZeWJ0eWdKZ3hhUDlERUFnMXlpM2VvYTk4eU1kYWtvY1Y4VUNhbUFPdmZSbk5fMVU5bDhCUzZCYjFQZ3I0QUF3ckJ3blhBdUtpTjZmMmpQdlRzWDUyb3cyUTRqQnFlWW1Pd2kzREkzMXBjY1HSAbMBQVVfeXFMTS1DQ1hkWUR1LVVOOWE1dGRxd1BWRmpBdU1zemQ1MVR4MGZNbVJKYlU5R2ozN1JCRGxuNnA1cUZyaGRBZ3BNZlNlU3dSTU83c0FkamtMZTJJVjhxOHdmQ0E1MzIxdm4zM296U21QMFFVdXJCSXB2VG9NYlVLbXdkdkRTM205dy02cUNvLXJHMDRsRWpzczN6YVcwU0hzSV85bUp5YzFCOE9zcTA5bDYzb2xVcXc?oc=5,en,2026-08-19,
"Real estate, watches and guitars: Trump's 2025 $2.2B income wasn't all from cryptocurrency",ABC News,abcnews.go.com,abcnews.go.com,2026-08-19,https://news.google.com/rss/articles/CBMinwFBVV95cUxQSm1NSkxuTEt5UjdMMTVqWjFycExIWmpWZmR3S3FXSVFjRV9OdWJtVG0xQXJNX3d0d2R0NlE4blRhY0dlMWp3UE40R1hCMnpOVS1sd0RoOGxDMElWZFdkR2QzSXF3VFVzSXhjdGEtMlp4RWRNWldldVNYcXlXY01CS0s5VWxzU0xweVRqai14Y0xBbXExSG5lNS1mcWRteUHSAaQBQVVfeXFMTlhQblo4SUtwTU9wNVVDS3hkajk4ME4tdkpoLUlILUd2d0dUTTVBNUx2Ym9CeWUzbzNBYUlST1A2UmgwcmktNGFDdEFHMlpyeXpuMk1yQldEUjU1d2dyOVM2eDI5ekdxR3JyUUdyY1R6dExLMVEyQkQ5dnE3aGZFWHZUUU5LRzVqdzdfVUdnaWEzWExXT0ZZZ3JWRThQb3IyZ2Z5aDk?oc=5,en,2026-08-19,
South Korean and US militaries shorten drills by about half after Trump ordered a reduction,ABC News,abcnews.go.com,abcnews.go.com,2026-08-19,https://news.google.com/rss/articles/CBMimwFBVV95cUxQcVFxZy1CVmRSaURDX1NYVU9QeDg0R2kxenEyUlEyRmRRbDFaYTdUNVZwbW5UaXRjUFJWRDFvTkFDVlVFeWttcWhKb3l6eGJDMUNsNVl2SmdpMzRuWmJIelRVSkxGbjl3UWVpU0VkN2RaQnd3LU9wV0U3UFJuWUFUZDlUQUVZZmVsZG9lejh3ZldFVktBc3VRNjJYb9IBoAFBVV95cUxPOG1WVmYwNGhlekNaaWdwZWc5ZGdhUmVmYWhjSWEwOGJzVW9yVWRaeFBIUWRaOFlFam1Od0FKSzk4VFNGVlU0eXVwN1R4V1QxR2d5T0VrazAtaXQ5alJ4bWhFdXllNTVEOGNRa0l6THNwQ2pZYzBLTGZVMnRDLXloLXBBWTNVQ0t5SmRoT1hHcmIySWRnLWw0QkJXM3VvazY2?oc=5,en,2026-08-19,
Trump appears to downplay Iran war deaths in social posts comparing them to previous conflicts,ABC News,abcnews.go.com,abcnews.go.com,2026-08-19,https://news.google.com/rss/articles/CBMioAFBVV95cUxQLTF4ZlFPdTA0ZzRpWmEwVmVhZHpIbUZFRlpqQWpyTkY1WlNmNUxNcFhTV2wxYVA5TnpKVWtFQmU5aVZ2emtKWmFiMlNIN0JXMl9nZ1NaaGc1dFZvNzE3ajJ2MGFVRDkxaEgyS082LVJIdFZwU1VWajJ4bW85cmN0RmhEQmpmQ1U2TTRnWUtJcUZUYnhMWl9VVGp1RjFMUHl40gGmAUFVX3lxTE01RXRQcXhxZ1JwM0poeUlueG1STkNBT1FFSDFlRXN1enM3TE1oWUoxdTNSZHpxdE5YVm9SUkl0T2JzcEtlNWZ3bW5NZ2ZFbjFhSGdBZEc2ODNCS25BeTNKY3dLTHRZV1lubDFZN1gwWElSMzd6N0hnbjdpbmM5TTBBaU14QzNzWFE3R2YyV0d3RGFZZ1dpT253Ry1UMDhhallXQVJQdkE?oc=5,en,2026-08-19,
Trump says US has no talks planned with Iran and other news from the Middle East,ABC News,abcnews.go.com,abcnews.go.com,2026-08-19,https://news.google.com/rss/articles/CBMinwFBVV95cUxOeHQ3NnV1aVBTOFdJWEwyTUZDZTItOG9abElVbm5GRG81T1RUWTVBOG1qUll5cXJpUXFURmFOdEd1ck9SVnlnOE41MS1Ec1g2XzJGcDR6M19wdHh3b0Fxa2J0RWZRSU56YWY4WjNxUHlKQ3RNdXh1a0ctbHQtaVYwTTV6Tk43MWNhMUUwajlVbEljalBhM0JJLUZpM3hXUUHSAaQBQVVfeXFMUC0teE9aUF95TmZRWWtmTmwxTkU4YzRiWVRVQmtaNDZPcV9pQjNwRHRiTTBHT214LVNQRDFRWUQ2M0M1bEU1LXFpREhjSVBVT3FibGZmU1RmWHc4RFExd2g2Y091WTZwcy1ObDJCRFJnYzN4TjZzZWNvTERld3ZITWdSSDFBRUpla055SlV5bnVTVWt5YVJmLXlRTmkwMWZXaVFzSlQ?oc=5,en,2026-08-19,
"Video Kennedy Center to close for renovations, add Trump’s name",ABC News,abcnews.go.com,abcnews.go.com,2026-08-19,https://news.google.com/rss/articles/CBMiTEFVX3lxTE1wWEZnWW93N01WdkxISWVicTB1UjBXdE5DQTkybFVfRXJ5cjhsYjdFVVo0Ul95QnVUa3N6Tk80M1BqRlFKU2xVTmgxaG0?oc=5,en,2026-08-19,
Takeaways from Tuesday primaries: Trump endorsement only goes so far,ABC News,abcnews.go.com,abcnews.go.com,2026-08-19,https://news.google.com/rss/articles/CBMimAFBVV95cUxNbVhlUzluYkw5clpBR3NpelZwaFdMSXZZeW0zbG9fdV9ORTViaE5EalUzcC1NbGFaLUVqS0s4Ym4tX2w3S1lKUmpRQ0dPcWxLNnE3S0dkdWp6S1dMVjBlcHNhU1JycERKbVFPbS1GMGlDN012eDFNZDR3a3ZBYnB4bHlUSm1vZC01NUQzZ1pFeFA5cjR5VXdXNdIBngFBVV95cUxQQjBCcjFjN09NN2JyaWx6dEw1ajU0ZU02a2NTS05qWmtONWJJSXY2QmVaWU9LZTRLazA1MkhJT09LVEpDejNaV1BvZHNRdDVNRnQxc3RhazlXV05PeWx4NS0tWEp6Tng3UE9GNTNQNjNxOVh3elI5Z3JoZ2U3Tmp1TTVmbUYxOE9jdlFVeWJrSXpwWUY2NFp0WTh1Z2g0UQ?oc=5,en,2026-08-19,
Trump announces temporary pause on new Canada tariffs,ABC News,abcnews.go.com,abcnews.go.com,2026-08-19,https://news.google.com/rss/articles/CBMiqwFBVV95cUxOTVBGQnlQYWtuZTlZUWVqaWVjZzdFdVE3eUlqUkxVTDNhRTVwTzEyWTBlM0ZPRXd6ZlhEZGFmbWRyUmtUQ3lodlZUTXRLbG5vYzBBdDhNdDY1RTJDby13MW95NUlYMEFGTkF6RXc3MnJnamdvWFdTcnhBejltUUg5WUJfazczR20zTG5UTUJIcFd1RVZyb29OVUFLV2RDUEYzbU9yTFNPc3ltdjTSAasBQVVfeXFMTk1QRkJ5UGFrbmU5WVFlamllY2c3RXVRN3lJalJMVUwzYUU1cE8xMlkwZTNGT0V3emZYRGRhZm1kclJrVEN5aHZWVE10S2xub2MwQXQ4TXQ2NUUyQ28tdzFveTVJWDBBRk5BekV3NzJyZ2pnb1hXU3J4QXo5bVFIOVlCX2s3M0dtM0xuVE1CSHBXdUVWcm9vTlVBS1dkQ1BGM21PckxTT3N5bXY0?oc=5,en,2026-08-19,
Video Trump pauses 50% tariffs on Canadian goods,ABC News,abcnews.go.com,abcnews.go.com,2026-08-19,https://news.google.com/rss/articles/CBMiTEFVX3lxTE5jLXNaX0ZkX0cwSzJ1b25Fa01EazdzczFfX1lsSW5PN1A2RW9hQXlNUUs5SDNrc1pOVjQyb2VjQUVCLVlxUmQwRHdXdWY?oc=5,en,2026-08-19,
Swalwell’s exit and Trump’s endorsement opens path for Democrats in California governor race,ABC News,abcnews.go.com,abcnews.go.com,2026-08-19,https://news.google.com/rss/articles/CBMiswFBVV95cUxNWUxNMUxmU1drOXJZazNfZTVFYVNzbGpzMnN4bWNuZzI1NHFJVVZ2NzRRTmpkQTIxUEpOTW94b0lZNjdiNlRWQVZFTGx2M0picWt4dDBhOS14ZDFreTFMS0luMG5zcGN5enhVWkZMMkNJNkI5ZVFXM0JDVmhaOG01eGRJazdLN0t5MjN6ZTlrNnRzY1NaVnVUUlhqaTRDbHljWVVtYlBjZGYtclhUY2dWM29Lb9IBuAFBVV95cUxPb3V2NXEtc0pDanBqN3pTMnp2TDhTZ05JZlduTi1FZkl5LXJLam80NkY0ak5fc1U5MHg1MWUydmpfQkxyRkJoc21hdmZxa1B0LWxnUmJrZFpHYnlENTctRzZBQlZreF9JSTV2aHZzdVF2eWFZZDdad0dWV200ZnVZV0ZfVzNLbWVMelp6MGNHcDhqZmYwWk9nZFFDYkI4X3ZDZmpYalF2MnRfZktmWnhlbjZsZ3NxOUpB?oc=5,en,2026-08-19,
Video President Trump-endorsed Florida candidate loses during primary elections,ABC News,abcnews.go.com,abcnews.go.com,2026-08-19,https://news.google.com/rss/articles/CBMiTEFVX3lxTE1jdjNadnRQT3A0dnVDMW02aVZCMV9EbTZkSGp1TUpncVJnVFFUZS1rb0w1ZjZ5SXR2V1Zoc2QyQy1lMGRrN2s1MUphaWE?oc=5,en,2026-08-19,
"Texas GOP Senate candidate Ken Paxton works to overcome fundraising woes, with President Trump's help",ABC News,abcnews.go.com,abcnews.go.com,2026-08-19,https://news.google.com/rss/articles/CBMiogFBVV95cUxOMmdWTmVmZlJmQk12aXJZSlNaa2c0MHJic2F2ZHZxODdtN0tNOUdVcGYtVnZBX3J6Z3RMWGZKQmZSNjVpbkZ0TXR0aTJQM05Ia1dEQlRaY2NZTTVXS3g4ckJvdnMyWXIyRzRleUJkdGVzRjZodnRVWG5tX0Jvbk5zUmQ1bFBfWmhSZmRRd3M1R1N3LXo0U1pOSHJieEFGVVpVdlHSAacBQVVfeXFMUFVCVjdaWlpjQlktRzNLZGhCV2wtZlZmRldlZVhlT2NOc3A2RXk4OHNkN3kwdl85ZnBfaTcxMHNYZ0dvUnNZMUdIbHpXcnpQZXN4bmltUndYQWF1clBBTE42WHZFXzdpRHdBcUtxSHVielFaWFNQUVIycHpLRGxFUU1LbHBVUURVaEdza1FicXN6dVpwMDh2NHd3TTFwUGhLVjVxSmh4cjA?oc=5,en,2026-08-19,
Trump says James Comey's Instagram post represents 'tremendous danger',ABC News,abcnews.go.com,abcnews.go.com,2026-08-19,https://news.google.com/rss/articles/CBMirwFBVV95cUxPTXNlM3d2U0xTMlVlbVhRdzdPTVROUEphLXBOTGlWd0RZMWJsMWEzZWxndzg5bTNJaWM5ZldwWTN6NU84dVp2dGNtSVZ2M3RLNEtteXZxN2Y3MGk4TUxtX1RXY0tCRVZ2aHVPUVlVLUVZUVRXRkJaNlE0VzNGS25fRGJxMWJWbFFOSG5JZk90V0hkdkZyczZNTnY2SDNVM0h4dmxUTGJWXzVPWG5DWGNJ0gG0AUFVX3lxTFBWVVdBZXpQbm5tV2FSUVVITy0wU1Q5T05qbkJkT2tyTWExNm12QWduRkR6SjE5ZWxJS0s1T09qRTJfZ0VXeTc1QXZqZ2N1SDJ0eFQ0XzlLMWQ4U1dYa2xMbHpCekZIVkdNeUJDdTF3MEVUUjNBeDVfREtsU2xtZV94S2JCaFNUMEgwSGk0RlFjaUJOS0RRQzlIU1B4WmtTYkhhNDZUd3h4TWh3T0t2ajUwTWF5eQ?oc=5,en,2026-08-19,
"Sen. Schiff leads probe into Freedom250, the America birthday group offering access to Trump for donations",ABC News,abcnews.go.com,abcnews.go.com,2026-08-19,https://news.google.com/rss/articles/CBMipwFBVV95cUxPd2lSai1Kb3pfZnhhUmxEM3h6aUs5VThIRW5NMmpfTGdTQy1OampyX21SX1RyMjhEN2tacHJXQ0lkMlREbXdjVG8yTVI4cVF3dkZDOG9MUW0wcnRTcmR2WW9mOVlUTzhWMWl3eXdhRHVWWmE2S1JMZng1OGpPQ3VOQXctc3dXSmpONHQ2TUF5cXd2Qm9vMkgtYVE1QW9hdWVmUDFIMVZHMNIBrAFBVV95cUxQM0VlblN2Y2docWQwWE14ODFaaFlyaWU4TEZDaUU5Q2hXTkxuSVREdGVjb3RDOHJiYmlrY29yRzJYbVBTUUdfSFZkbl9zNVg0TjJlWTBHVUtMNnR3M09Ya3VYTFhtcGRHVDQ4cjRFd0cxaFg4Sy1FOF84MFdCS0d4bGtndjhzZTFDQlp1dng2YldtMzY2OE03UllRN2ppNWZpVEwzN1E2b2xsdW5Z?oc=5,en,2026-08-19,
Video President Trump gives preview of White House construction,ABC News,abcnews.go.com,abcnews.go.com,2026-08-19,https://news.google.com/rss/articles/CBMiTEFVX3lxTE4tQlBlLTdzRXQzeVVJN2ZSaXMxR2tJdC16bG92bjJsV3ctYS12NGJDMHhaY21xUVpLWW9kTHZKU2F2TjhoS29wd0dzTVo?oc=5,en,2026-08-19,
Trump says US and Canada have reached last-minute deal to delay 50% US tariffs on $20 billion worth of Canadian imports,ABC News,abcnews.go.com,abcnews.go.com,2026-08-19,https://news.google.com/rss/articles/CBMikAFBVV95cUxQYmtFQ1cteV90MG5mU3REamR6Rm9QbklGOXdrdlZNZ0FCSE43SkFqcURfaUxLcWpzWEl5Smp0eHpjMS0yak5EZVNubjZ3eUs1d0RXbk5IV0lDdTFpTldUTlJXWVoyb3hITXFNTGRieFhMOVdSRlpVZlRIbVg3VVVOWmVLYThlZVoyQXNnNWV4ekfSAZYBQVVfeXFMTlRlTklLWGdpc2E0NkkyUGhkRDBvSElaM1g3TkEzTTJQWHQ2Y3MzU0kyQTZ4YTlwcFNhbkZGQkF2eVFzRkVBcUVPRGFpSW9jOXV2c2Q4clNHZmZMblJFdGdXa1g2QTM2WmdYa19rX0pCT3ZJOVBfTUszTVdmamNiLWJ6U1V0QjBDUjFUalZZenprSGFPblJR?oc=5,en,2026-08-19,
Video Trump announces temporary pause on new Canada tariffs,ABC News,abcnews.go.com,abcnews.go.com,2026-08-19,https://news.google.com/rss/articles/CBMiTEFVX3lxTE1xZG5oYVhMeW50NE1zak9Qb3YzSGJLX2xwYnpYTkxLaVdXczBLOV8zMUNuMG81dHlkM2RGRjUzcVBMT1QxWEdzaHdTRVA?oc=5,en,2026-08-19,
Video Trump scales back US-South Korea drills,ABC News,abcnews.go.com,abcnews.go.com,2026-08-19,https://news.google.com/rss/articles/CBMiTEFVX3lxTE5OeTRIOWViV0dCYWNoWjZJSGdURFNVM1R1RXF4cTZSNXh4QTdzNjJjM0hXOVROM0FRal9uTTVRSFJMV1ExandRdW9Yekw?oc=5,en,2026-08-19,
Postal Service says it will not deliver ballots if states refuse to turn over voter lists under Trump proposal,ABC News,abcnews.go.com,abcnews.go.com,2026-08-19,https://news.google.com/rss/articles/CBMipgFBVV95cUxQa01oaGRXYU1kLU9uc2N5RlZHWFRQdnRLNW5hdlpQSHBBUFdzSk93U2lud09EOXlnN3BLYUlpUDBSZzZWeXRLallELXlQNmhGOWM0MUpJYmNNZVNrY2FYT0M3Q3dac1FKOVFLSG95WTVmY2hFN0lJMXpVcnZUQlhwN1h1MXJxZUVObW5kQndkay1INFNfa29EMjFzbjBDVkV0SVFQLThB0gGrAUFVX3lxTE9PMWxNRWtOUU1mX2ZmRFFxYmxJTHpjbXotbnJfeUQ5RThBR0tWNFlmWkk2Ui1HQXlVSVFaSFR3V29INUNPaGtva3FKRk0xLXRDanRVS09fa3JkUlRpWEEzRlQ1U1NULXJjVDRiSWNJTVFzcHZWdDRjRVd4bWp4QnppNHZyYnpnTzAzYnZjbmJ4SDhKLW9oRDVIT0QxQTRhUDZlMWFSQS14cXJjNA?oc=5,en,2026-08-19,
Video President Trump: Canada will rescind all tariffs for U.S. farmers as part of deal,ABC News,abcnews.go.com,abcnews.go.com,2026-08-19,https://news.google.com/rss/articles/CBMiTEFVX3lxTE10SjF2OW5MUHl5M2dkTG1wMnU3VlpwekJtci0wR0NCd2dlVGRDdlVtTzJEa29YdHFvcEtSdlBYQ0doVkhPWmU1LUxzbUQ?oc=5,en,2026-08-19,
US Debt Tops Historic $40 Trillion Mark,Bloomberg,bloomberg.com,bloomberg.com,2026-08-19,https://www.bloomberg.com/news/newsletters/2026-08-19/us-debt-exceeds-historic-40-trillion-mark-evening-briefing-americas,en,2026-08-19,
Carney Asks Canada Premiers to End US Booze Ban as Part of Deal,Bloomberg,bloomberg.com,bloomberg.com,2026-08-19,https://www.bloomberg.com/news/articles/2026-08-19/carney-asks-canada-premiers-to-end-us-booze-ban-as-part-of-deal,en,2026-08-19,
"Trump’s Fast-Track Presidency Hits Pause on Tariffs, Iran and DC Makeover",Bloomberg,bloomberg.com,bloomberg.com,2026-08-19,https://www.bloomberg.com/news/newsletters/2026-08-19/trump-s-fast-track-presidency-hits-pause-on-tariffs-iran-and-dc-makeover,en,2026-08-19,
Trump Offers to Cut Canada Auto Tariffs to 15% in Trade Deal,Bloomberg,bloomberg.com,bloomberg.com,2026-08-19,https://www.bloomberg.com/news/articles/2026-08-19/trump-offers-to-cut-canada-auto-tariffs-to-15-in-trade-deal,en,2026-08-19,
Anxious Manufacturers Await Canada-US Deal to Avoid 50% Tariffs,Bloomberg,bloomberg.com,bloomberg.com,2026-08-19,https://www.bloomberg.com/news/articles/2026-08-19/anxious-manufacturers-await-canada-us-deal-to-avoid-50-tariffs,en,2026-08-19,
Trump Opens Door to Hyperliquid as US Pulls Crypto Trade Onshore,Bloomberg,bloomberg.com,bloomberg.com,2026-08-19,https://www.bloomberg.com/news/articles/2026-08-19/trump-opens-door-to-hyperliquid-as-us-pulls-crypto-trade-onshore,en,2026-08-19,
US Lead in the AI Race With China Is Rapidly Narrowing,Bloomberg,bloomberg.com,bloomberg.com,2026-08-19,https://www.bloomberg.com/graphics/2026-us-china-ai-race/,en,2026-08-19,
‘The Treasury Is Watching’: Bessent’s Buybacks Jolt Bond Market,Bloomberg,bloomberg.com,bloomberg.com,2026-08-19,https://www.bloomberg.com/news/articles/2026-08-19/-the-treasury-is-watching-bessent-s-buybacks-jolt-bond-market,en,2026-08-19,
"Trump, Carney Optimistic on Trade Deal as Negotiators Meet in Washington",Bloomberg,bloomberg.com,bloomberg.com,2026-08-19,https://www.bloomberg.com/news/articles/2026-08-19/trump-carney-optimistic-on-trade-deal-as-negotiators-meet-in-washington,en,2026-08-19,
The Decline in Murder Is Clear. The Reason Is Not,Bloomberg,bloomberg.com,bloomberg.com,2026-08-19,https://www.bloomberg.com/opinion/articles/2026-08-19/the-decline-in-murder-is-clear-the-reason-is-not,en,2026-08-19,
Dollar Tumbles as Treasury Buyback Unleashes Bond-Market Rally,Bloomberg,bloomberg.com,bloomberg.com,2026-08-19,https://www.bloomberg.com/news/articles/2026-08-19/dollar-tumbles-as-treasury-buyback-unleashes-bond-market-rally,en,2026-08-19,
Takaichi Confronts Her Mentor’s Mixed Foreign Policy Legacy,Bloomberg,bloomberg.com,bloomberg.com,2026-08-19,https://www.bloomberg.com/opinion/articles/2026-08-19/takaichi-confronts-her-mentor-s-mixed-foreign-policy-legacy,en,2026-08-19,
Treasury Seeks to Limit Immigrants’ Use of Some Tax Breaks,Bloomberg,bloomberg.com,bloomberg.com,2026-08-19,https://www.bloomberg.com/news/articles/2026-08-19/treasury-seeks-to-limit-immigrants-use-of-some-tax-breaks,en,2026-08-19,
Canadian Stocks Climb as Trump Pauses Tariffs on Trade Talks,Bloomberg,bloomberg.com,bloomberg.com,2026-08-19,https://www.bloomberg.com/news/articles/2026-08-19/canadian-stocks-climb-as-trump-pauses-tariffs-signals-deal-near,en,2026-08-19,
"North Korea Says No Trump-Kim Talks, Still Sees US as ‘Hostile’",Bloomberg,bloomberg.com,bloomberg.com,2026-08-19,https://www.bloomberg.com/news/articles/2026-08-19/north-korea-says-no-trump-kim-talks-still-sees-us-as-hostile,en,2026-08-19,
US-Canada Tariff Delay Sets New Clock Ticking on Friday Deadline,Bloomberg,bloomberg.com,bloomberg.com,2026-08-19,https://www.bloomberg.com/news/newsletters/2026-08-19/us-canada-trade-talks,en,2026-08-19,
Treasury Bond Buybacks Evoke Memory of Fed’s ‘Operation Twist’,Bloomberg,bloomberg.com,bloomberg.com,2026-08-19,https://www.bloomberg.com/news/articles/2026-08-19/treasury-bond-buybacks-evoke-memory-of-fed-s-operation-twist,en,2026-08-19,
Trump Asks Congress to Pass Crypto Bill Alongside Executives,Bloomberg,bloomberg.com,bloomberg.com,2026-08-19,https://www.bloomberg.com/news/articles/2026-08-19/trump-asks-congress-to-pass-crypto-bill-alongside-executives,en,2026-08-19,
Trump Taps White House Advisor to Run FDA After Turmoil,Bloomberg,bloomberg.com,bloomberg.com,2026-08-19,https://www.bloomberg.com/news/articles/2026-08-19/trump-taps-white-house-adviser-to-run-fda-after-months-of-tumult,en,2026-08-19,
Two Chinese Supertankers U-Turn in Hormuz as Risks Remain High,Bloomberg,bloomberg.com,bloomberg.com,2026-08-19,https://www.bloomberg.com/news/articles/2026-08-19/two-chinese-supertankers-u-turn-in-hormuz-as-risks-remain-high,en,2026-08-19,
Trump Delays Canada Tariffs at Last Minute After Tentative Deal,Bloomberg,bloomberg.com,bloomberg.com,2026-08-19,https://www.bloomberg.com/news/articles/2026-08-19/trump-pauses-50-canada-tariffs-for-three-days-subject-to-a-deal-mszgvwa3,en,2026-08-19,
India’s Exports to US Hold Firm After a Year of Trump’s Tariffs,Bloomberg,bloomberg.com,bloomberg.com,2026-08-19,https://www.bloomberg.com/news/articles/2026-08-19/india-s-exports-to-us-hold-firm-after-a-year-of-trump-s-tariffs,en,2026-08-19,
Trump-Endorsed Donalds Handily Wins Florida Governor Primary,Bloomberg,bloomberg.com,bloomberg.com,2026-08-19,https://www.bloomberg.com/news/articles/2026-08-19/donalds-wins-florida-gop-governor-primary-ap-projects,en,2026-08-19,
South Korea Says Joint Military Drills With US to Be Curtailed,Bloomberg,bloomberg.com,bloomberg.com,2026-08-19,https://www.bloomberg.com/news/articles/2026-08-19/south-korea-says-joint-military-drills-with-us-to-be-curtailed,en,2026-08-19,
Trump Says US Is Waging Economic Warfare Against Iran,Bloomberg,bloomberg.com,bloomberg.com,2026-08-19,https://www.bloomberg.com/news/articles/2026-08-19/trump-says-us-starting-economic-warfare-operation-against-iran,en,2026-08-19,
Trump Set to Cut Canada Auto Tariffs to 15% in Trade Deal,Bloomberg,bloomberg.com,bloomberg.com,2026-08-19,https://news.google.com/rss/articles/CBMirwFBVV95cUxNMGZxcHNVYUdvWk9oNnYzNk8yZzlFY3lyNXFGVHpILXBZd3BvUzVudkQ5NDlmSWdzYUgycjdITHVZZGc2cW1zajBjWmxmVEhHM2hKV2lTZ2xHczg5SWJ4TWNCLV92SzJzalZlTzZrVmlVUVhNRXFSNVNOMDlhLVdfdGxINGJEV01hNlJnY1lmUktFV3hZV1VZZXpyMkRXRS1aaHhlWVp3ZDZ6SEJPUVJZ?oc=5,en,2026-08-19,
"Trump Delays Canada Tariffs at 11th Hour, Saying Deal Close",Bloomberg,bloomberg.com,bloomberg.com,2026-08-19,https://news.google.com/rss/articles/CBMiwAFBVV95cUxQSlRnTXRZS3BtTDltbTVnaFgzMVpQSDI1NEhLTWU5bkp1OFNtc0t4MEF6eTF3cXlwaHpzX1p4OEsxZXE3MHlDYjNEUUo3RUQ2MkFkUlF4bGV0T1NRRmowbmFIMDlCS3AwRWNOSFh4cjVxRmRvY3cwSzY1RXktZ1dUOXVTTTRfT2loTUxwaG5JTFdENHY4amlqSnVpam1scUprUjlBRjU5cjhVS2EzN0VtYkJSeUJHNnpJeV91SF9YMko?oc=5,en,2026-08-19,
China’s Top Envoy to Visit Seoul as Trump Shakes US-Korea Ties,Bloomberg,bloomberg.com,bloomberg.com,2026-08-19,https://news.google.com/rss/articles/CBMiswFBVV95cUxNNDJFTHVwY1lSTlhqT0w1YWtmN0o1LV9hVF9wSHFIUmxHcElXdHZ0emlKT0xCNUJ1QmNVeUxyTXVwZUtwTWE2VVZBVUhFSVFVNnJSYVFEbGYwOXpSaWFrWWdlR0RBREYtOTZGRmxId0szSGY3S3hsVllDTlNfNVNTOUF5aUM4T01VMVY4UENIZTJjMWlSSjlhNVNIakJhQkhoV29HM0VBNm9SSElSU0ZOaXpLRQ?oc=5,en,2026-08-19,
Trump Takes Hard Line on Iran as Hormuz Standoff Drags On,Bloomberg,bloomberg.com,bloomberg.com,2026-08-19,https://news.google.com/rss/articles/CBMirAFBVV95cUxNd1ViR1JaSUlfNEQtajk2RkpTcVI3QW1GZTBkR2RkZ0tVVWNDbHMyQnhmc2x0cTM0NWo2eFIwX3ljOTdudnRxb2RYa2puUDJseXVBVm5zLWV1cEFsMEpvcDRhRlZ4cllmMTZBaUJaLWhuc0xGNXh4N1pQYktDZkRrcU9IX2NWcUNqY1dVSVVRdjNjTDZLd3lOVDZiVmx6VmhKdzRQVV9lZTVkV2RK?oc=5,en,2026-08-19,
Watch Trump Takes Hard Line as Hormuz Tensions Mark New Normal,Bloomberg,bloomberg.com,bloomberg.com,2026-08-19,https://news.google.com/rss/articles/CBMisAFBVV95cUxONllES0Q1a0N2bGxqNWFSR054dWhZZlpOM3BibXBiMUVhTDd6bEFZYW5lR2ZqamVLWU9ESHBaQTBPdXBub19FRDJ0UXJ5UFZSV3dGNWpSUERlVFFOOThZNWE2a0tvLXp3SEFRSFJ6OHV0czU4VmZXSUdTWGVkMVJ2U2dGZEFFNmw1cmxYSnVsYVhSazNvdnRhcHNsRHJkVVRxcm82VmJ6ZnNta1RGeFB0bQ?oc=5,en,2026-08-19,
H.R. McMaster reacts to Trump apparently pushing for meeting with North Korea's Kim Jong Un,CBS News,cbsnews.com,cbsnews.com,2026-08-19,https://www.cbsnews.com/video/hr-mcmaster-reacts-trump-north-korea-kim-jong-un/,en,2026-08-19,
"Trump pauses Canada tariffs for 3 days, says deal has been reached",CBS News,cbsnews.com,cbsnews.com,2026-08-19,https://www.cbsnews.com/minnesota/video/trump-pauses-canada-tariffs-for-3-days-says-deal-has-been-reached/,en,2026-08-19,
"President Trump working to ease tariff tensions with Canada, meets with North Korea leader",CBS News,cbsnews.com,cbsnews.com,2026-08-19,https://www.cbsnews.com/atlanta/video/president-trump-working-to-ease-tariff-tensions-with-canada-meets-with-north-korea-leader/,en,2026-08-19,
"Trump delays 50% tariffs on Canada, hints at plan to revive controversial oil pipeline",CBS News,cbsnews.com,cbsnews.com,2026-08-19,https://www.cbsnews.com/video/trump-hints-at-plan-to-revive-controversial-oil-pipeline-50-tariffs-on-canada/,en,2026-08-19,
"Dr. Oz on Trump and prescription drug prices, skin cancer vaccine trial",CBS News,cbsnews.com,cbsnews.com,2026-08-19,https://www.cbsnews.com/video/dr-oz-on-trump-claims-about-lower-prescription-drug-prices/,en,2026-08-19,
Tariffs on Canada lead to shocking price tag for Minnesota high school mascot costume,CBS News,cbsnews.com,cbsnews.com,2026-08-19,https://www.cbsnews.com/minnesota/video/tariffs-on-canada-lead-to-shocking-price-tag-for-minnesota-high-school-mascot-costume/,en,2026-08-19,
Anne Arundel schools amend gender identity policy after Trump administration threat,CBS News,cbsnews.com,cbsnews.com,2026-08-19,https://www.cbsnews.com/baltimore/video/anne-arundel-schools-amend-gender-identity-policy-after-trump-administration-threat/,en,2026-08-19,
"Trump pauses tariffs on Canada for 3 days amid ""very good deal""",CBS News,cbsnews.com,cbsnews.com,2026-08-19,https://www.cbsnews.com/video/trump-pauses-tariffs-on-canada-for-3-days-amid-very-good-deal/,en,2026-08-19,
"What to make of Trump's latest comments on Iran as he says talks could continue ""at some point""",CBS News,cbsnews.com,cbsnews.com,2026-08-19,https://www.cbsnews.com/video/what-to-make-of-trumps-latest-comments-on-iran-as-he-says-talks-could-continue-at-some-point/,en,2026-08-19,
Trump administration halts project at Big Bend National Park after backlash,CBS News,cbsnews.com,cbsnews.com,2026-08-19,https://www.cbsnews.com/video/trump-administration-big-bend-backlash/,en,2026-08-19,
Trump administration say it's making progress on trade deal with Canada,CBS News,cbsnews.com,cbsnews.com,2026-08-19,https://www.cbsnews.com/boston/video/trump-administration-say-its-making-progress-on-trade-deal-with-canada/,en,2026-08-19,
"Pentagon officials considering firing longtime Stars and Stripes publisher, sources say",CBS News,cbsnews.com,cbsnews.com,2026-08-19,https://www.cbsnews.com/miami/news/pentagon-considers-firing-stars-stripes-publisher/,en,2026-08-19,
He spied for the U.S. in the war on terror. Now ICE wants to deport him.,CBS News,cbsnews.com,cbsnews.com,2026-08-19,https://www.cbsnews.com/texas/news/ice-detainee-spy-terrorism-blerim-skoro/,en,2026-08-19,
Trump administration says it's making progress toward trade deal with Canada,CBS News,cbsnews.com,cbsnews.com,2026-08-19,https://www.cbsnews.com/newyork/video/trump-administration-says-its-making-progress-toward-trade-deal-with-canada/,en,2026-08-19,
"National debt tops $40 trillion after doubling in less than a decade, Treasury data shows",CBS News,cbsnews.com,cbsnews.com,2026-08-19,https://www.cbsnews.com/texas/news/national-debt-tops-40-trillion-doubles/,en,2026-08-19,
"Pennsylvania gubernatorial candidate Stacy Garrity on data centers, calls for construction pause",CBS News,cbsnews.com,cbsnews.com,2026-08-19,https://www.cbsnews.com/video/pennsylvania-gubernatorial-candidate-stacy-garrity-on-data-centers/,en,2026-08-19,
Trump pauses border wall construction in Texas' Big Bend National Park amid Abbott pushback,CBS News,cbsnews.com,cbsnews.com,2026-08-19,https://www.cbsnews.com/video/trump-pauses-major-border-wall-construction-after-bipartisan-concerns/,en,2026-08-19,
8/19: The Takeout with Major Garrett,CBS News,cbsnews.com,cbsnews.com,2026-08-19,https://www.cbsnews.com/video/081926-the-takeout-with-major-garrett/,en,2026-08-19,
Trump flaunts White House improvement projects,CBS News,cbsnews.com,cbsnews.com,2026-08-19,https://www.cbsnews.com/video/trump-flaunts-white-house-improvement-projects/,en,2026-08-19,
President Trump says he's struck a trade deal with Canada,CBS News,cbsnews.com,cbsnews.com,2026-08-19,https://www.cbsnews.com/texas/video/president-trump-says-hes-struck-a-trade-deal-with-canada/,en,2026-08-19,
Trump administration reaches last-minute deal to delay 50% tariffs on Canadian imports,CBS News,cbsnews.com,cbsnews.com,2026-08-19,https://www.cbsnews.com/chicago/video/trump-administration-reaches-last-minute-deal-to-delay-50-tariffs-on-canadian-imports/,en,2026-08-19,
"Trump says peace talks with Iran will resume ""maybe at some point""",CBS News,cbsnews.com,cbsnews.com,2026-08-19,https://www.cbsnews.com/video/trump-says-peace-talks-iran-resume-maybe-some-point/,en,2026-08-19,
Trump nominates policy aide Dr. Heidi Overton as next FDA commissioner,CBS News,cbsnews.com,cbsnews.com,2026-08-19,https://www.cbsnews.com/news/trump-heidi-overton-fda-commissioner-nomination/,en,2026-08-19,
"Darline Graham says she's ""not that informed on national security"" at debate",CBS News,cbsnews.com,cbsnews.com,2026-08-19,https://www.cbsnews.com/news/darline-graham-debate-south-carolina-runoff-ralph-norman/,en,2026-08-19,
Mike Lindell says he will fund statewide hand recount after losing Minnesota GOP primary by double digits,CBS News,cbsnews.com,cbsnews.com,2026-08-19,https://www.cbsnews.com/minnesota/news/mike-lindell-minnesota-governor-primary-recount/,en,2026-08-19,
Mexico rejects latest Trump administration crackdown that is leaving migrants in other countries,CBS News,cbsnews.com,cbsnews.com,2026-08-19,https://www.cbsnews.com/video/trump-administration-mexico-deportations-migrants/,en,2026-08-19,
Early details on potential Trump-Kim Jong Un meeting,CBS News,cbsnews.com,cbsnews.com,2026-08-19,https://www.cbsnews.com/video/early-details-on-potential-trump-kim-jong-un-meeting/,en,2026-08-19,
Trump boasts about Kim Jong Un friendship after slamming South Korea,CBS News,cbsnews.com,cbsnews.com,2026-08-19,https://www.cbsnews.com/video/trump-north-korea-kim-jong-un-south-korea/,en,2026-08-19,
"Michael Cohen, Trump's fixer-turned-nemesis, says he'll interview former boss",CBS News,cbsnews.com,cbsnews.com,2026-08-19,https://www.cbsnews.com/news/michael-cohen-trump-interview/,en,2026-08-19,
Trump says he expects to meet again with North Korea's Kim Jong Un​ this year,CBS News,cbsnews.com,cbsnews.com,2026-08-19,https://www.cbsnews.com/news/trump-kim-jong-un-north-korea-meeting-nuclear-weapons/,en,2026-08-19,
"Democratic socialist candidate Angie Nixon says ""it's not about labels"" after Florida Senate primary victory",CBS News,cbsnews.com,cbsnews.com,2026-08-19,https://www.cbsnews.com/miami/news/angie-nixon-interview-democratic-socialist-victory-florida/,en,2026-08-19,
"Shapiro on placing guardrails on AI data centers in Pennsylvania: ""I don't want developers running roughshod""",CBS News,cbsnews.com,cbsnews.com,2026-08-19,https://www.cbsnews.com/pittsburgh/news/shapiro-ai-data-centers-pennsylvania/,en,2026-08-19,
Why Trump says he's pausing 50% tariffs on some Canadian goods for 3 days,CBS News,cbsnews.com,cbsnews.com,2026-08-19,https://www.cbsnews.com/video/why-trump-says-hes-pausing-50-tariffs-on-some-canadian-goods-for-3-days/,en,2026-08-19,
Mexico outraged as Trump administration deports Mexican migrants to other countries,CBS News,cbsnews.com,cbsnews.com,2026-08-19,https://www.cbsnews.com/video/mexico-angered-as-trump-administration-deports-mexican-migrants-to-other-countries/,en,2026-08-19,
"4 things to know from Aug. 19, 2026",CBS News,cbsnews.com,cbsnews.com,2026-08-19,https://www.cbsnews.com/minnesota/video/4-things-to-know-from-aug-19-2026/,en,2026-08-19,
Trump pauses 50% tariffs on Canada for three days amid last-minute talks,CBS News,cbsnews.com,cbsnews.com,2026-08-19,https://www.cbsnews.com/video/trump-tariffs-canada-last-minute-talks/,en,2026-08-19,
President Trump delays Canadian import tariffs,CBS News,cbsnews.com,cbsnews.com,2026-08-19,https://www.cbsnews.com/detroit/video/president-trump-delays-canadian-import-tariffs/,en,2026-08-19,
"Charlie Kirk was targeted for his politics, prosecutors say bullet engraving shows",CBS News,cbsnews.com,cbsnews.com,2026-08-19,https://www.cbsnews.com/miami/news/charlie-kirk-was-targeted-for-his-politics-prosecutors-say-bullet-engraving-shows/,en,2026-08-19,
"Sen. Dan Sullivan, Mary Peltola advance in Alaska Senate primary",CBS News,cbsnews.com,cbsnews.com,2026-08-19,https://www.cbsnews.com/news/mary-peltola-dan-sullivan-alaska-senate-primary-results/,en,2026-08-19,
The Real Cost of RFK Jr’s ‘Real Food’,CNN,cnn.com,cnn.com,2026-08-19,https://www.cnn.com/2026/08/19/us/video/the-real-cost-of-rfk-jrs-real-food-horizontal,en,2026-08-19,
"Disney’s nod to nostalgia, controversial project, follow the corgis: Catch up on the day’s stories",CNN,cnn.com,cnn.com,2026-08-19,https://www.cnn.com/2026/08/19/us/5-things-pm-august-19-trnd,en,2026-08-19,
‘We are united’ DNC Chair on Democrats’ civil war amid Socialist Surge,CNN,cnn.com,cnn.com,2026-08-19,https://www.cnn.com/2026/08/19/politics/video/we-are-united-dnc-chair-on-democrats-civil-war-amid-socialist-surge-lcl,en,2026-08-19,
"Trump pauses 50% Canada tariffs, says the two sides have a ‘deal’",CNN,cnn.com,cnn.com,2026-08-19,https://www.cnn.com/2026/08/19/politics/video/cncpm-trump-canada-trade-deal-tariffs,en,2026-08-19,
National debt reaches grim $40 trillion milestone. Here’s why that matters,CNN,cnn.com,cnn.com,2026-08-19,https://www.cnn.com/2026/08/19/economy/national-debt-hits-40-trillion-dollars-vis,en,2026-08-19,
Duke and Duchess of Sussex planning to move back to UK,CNN,cnn.com,cnn.com,2026-08-19,https://www.cnn.com/2026/08/19/world/video/duke-duchess-sussex-harry-meghan-move-britain-uk-royals-max-foster-latam-intl,en,2026-08-19,
"Trump’s record disapproval, bipartisan bitterness more",CNN,cnn.com,cnn.com,2026-08-19,https://www.cnn.com/politics/video/enten-roundup-81926-ytc,en,2026-08-19,
Trump pauses 50% tariffs on Canada for three days,CNN,cnn.com,cnn.com,2026-08-19,https://www.cnn.com/2026/08/19/us/video/trump-canada-tariffs-stewart-live-091803pseg1-cnni-us-fast,en,2026-08-19,
"US airman detained again after calling for Trump’s impeachment, his attorney speaks out",CNN,cnn.com,cnn.com,2026-08-19,https://www.cnn.com/2026/08/19/politics/video/ebof-major-jason-watson-arrested,en,2026-08-19,
President Trump promised ‘tremendous economic consequences’ for any country aiding Iran,CNN,cnn.com,cnn.com,2026-08-19,https://www.cnn.com/2026/08/19/world/video/ac360-trump-iran-consequences-latest,en,2026-08-19,
Democratic Rep. Jared Moskowitz: ‘You can’t tell people how to feel. They know better’,CNN,cnn.com,cnn.com,2026-08-19,https://www.cnn.com/2026/08/19/politics/video/democratic-rep-jared-moskowitz-you-cant-tell-people-how-to-feel-they-know-better,en,2026-08-19,
Key Trump legislative advisor to depart with potentially bruising midterm looming,CNN,cnn.com,cnn.com,2026-08-19,https://www.cnn.com/2026/08/19/politics/trump-legislative-advisor-james-braid-departing,en,2026-08-19,
More than 750 US service members wounded since start of Iran War,CNN,cnn.com,cnn.com,2026-08-19,https://www.cnn.com/2026/08/19/politics/us-casualties-iran-war-more-than-750,en,2026-08-19,
‘Shocked’: PA Democrat speaks to CNN after pulling off election upset in Trump country,CNN,cnn.com,cnn.com,2026-08-19,https://www.cnn.com/2026/08/19/politics/video/ebof-democrat-brandon-dukes-pennsylvania-state-house-victory-in-trump-district,en,2026-08-19,
"Amid war record debt, Trump unveils new White House construction",CNN,cnn.com,cnn.com,2026-08-19,https://www.cnn.com/2026/08/19/politics/video/ebof-kristen-holmes-trump-renovations-us-debt-iran-war,en,2026-08-19,
Democratic socialists are having a moment. They’re not all in agreement on what it means to be one,CNN,cnn.com,cnn.com,2026-08-19,https://www.cnn.com/2026/08/19/politics/democratic-socialists-platform-disagreement,en,2026-08-19,
New CDC director acknowledges agency problems in first large staff meeting,CNN,cnn.com,cnn.com,2026-08-19,https://www.cnn.com/2026/08/19/health/cdc-schwartz-staff-meeting,en,2026-08-19,
Boris Sanchez challenges DSA Co-Chair on statement commemorating 100 years of Fidel Castro,CNN,cnn.com,cnn.com,2026-08-19,https://www.cnn.com/2026/08/19/politics/video/cncpm-democratic-socialists-of-america-fidel-castro,en,2026-08-19,
U.S. bond yields fall after Treasury boosts buybacks,CNN,cnn.com,cnn.com,2026-08-19,https://www.cnn.com/2026/08/19/us/video/bond-yields-markets-national-debt-el-erian-live-081904pseg1-cnni-us-fast,en,2026-08-19,
KY farm owner wants governments to ‘throw on the brakes’ after turning down $26M offer from AI data center,CNN,cnn.com,cnn.com,2026-08-19,https://www.cnn.com/2026/08/19/us/video/cnn-sitroom-brown-kentucky-farm-data-center-offer-refusal,en,2026-08-19,
The battle to contain DRC’s deadliest Ebola outbreak,CNN,cnn.com,cnn.com,2026-08-19,https://www.cnn.com/2026/08/19/tv/video/jean-kaseya-amanpour,en,2026-08-19,
"Just 2 years after Trump won this Pennsylvania state house district by 18, Democrats could flip the seat",CNN,cnn.com,cnn.com,2026-08-19,https://www.cnn.com/2026/08/19/politics/video/inside-politics-pennsylvania-special-election,en,2026-08-19,
Call for wartime elections in Ukraine piles pressure on Zelensky when he least needs it,CNN,cnn.com,cnn.com,2026-08-19,https://www.cnn.com/2026/08/19/europe/ukraine-wartime-presidential-election-zelensky-intl,en,2026-08-19,
World Humanitarian Day: 2025 among deadliest years for aid workers,CNN,cnn.com,cnn.com,2026-08-19,https://www.cnn.com/2026/08/19/world/video/aid-workers-humanitarian-deaths-miliband-intv-ctw-fst-081909aseg2-cnni-world-fast,en,2026-08-19,
US airman arrested at Capitol after calling for Trump’s impeachment is detained again,CNN,cnn.com,cnn.com,2026-08-19,https://www.cnn.com/2026/08/19/politics/us-airman-arrested-at-capitol-trump-impeachment-detained,en,2026-08-19,
Former Quebec Premier: ‘Let’s get beyond this trade conflict’,CNN,cnn.com,cnn.com,2026-08-19,https://www.cnn.com/2026/08/19/world/video/cnn-sitroom-blitzer-jean-charest-canada-trump-tariffs,en,2026-08-19,
"DOJ says approx. 1,000 election monitors will observe polling sites in November. Here’s what that means for the midterms",CNN,cnn.com,cnn.com,2026-08-19,https://www.cnn.com/2026/08/19/politics/video/doj-election-monitors-midterms-ip,en,2026-08-19,
Ossoff’s feud withTrump is drawing the attention of Gen Z voters,CNN,cnn.com,cnn.com,2026-08-19,https://www.cnn.com/2026/08/19/politics/video/trump-ossoff-social-media-parnas-intv-ctw-fst-081909aseg2-ctw-cnni-politics-fast,en,2026-08-19,
Tankers shift toward Oman route through Strait of Hormuz,CNN,cnn.com,cnn.com,2026-08-19,https://www.cnn.com/2026/08/19/world/video/oil-prices-tankers-gulf-oman-hormuz-digvid,en,2026-08-19,
Kennedy Center board tells judge it won’t remove tarp showing Trump’s name removed,CNN,cnn.com,cnn.com,2026-08-19,https://www.cnn.com/2026/08/19/politics/kennedy-center-trump-name-september,en,2026-08-19,
What we know about Trump’s expected pick to lead FDA,CNN,cnn.com,cnn.com,2026-08-19,https://www.cnn.com/2026/08/19/us/video/what-we-know-about-trumps-expected-pick-to-lead-fda-cnc,en,2026-08-19,
Judge seeks Grand Jury materials in Don Lemon case,CNN,cnn.com,cnn.com,2026-08-19,https://www.cnn.com/2026/08/19/us/video/bolduan-don-lemon-cnc,en,2026-08-19,
Kim Jong Un’s powerful sister says she is ‘completely unaware’ if he contacted Trump,CNN,cnn.com,cnn.com,2026-08-19,https://www.cnn.com/2026/08/19/asia/kim-jong-un-sister-unaware-trump-talks-intl,en,2026-08-19,
‘Very special stone’: Trump unveils another White House construction project,CNN,cnn.com,cnn.com,2026-08-19,https://www.cnn.com/2026/08/19/politics/trump-construction-white-house-helipad,en,2026-08-19,
‘I reject the DSA’: Florida democrat says she has ‘pretty significant disagreements’ with party’s senate nominee Angie Nixon,CNN,cnn.com,cnn.com,2026-08-19,https://www.cnn.com/2026/08/19/politics/video/cncpm-debbie-wasserman-schultz-angie-nixon-florida-senate,en,2026-08-19,
The Odds: The Unpopular Vote,CNN,cnn.com,cnn.com,2026-08-19,https://www.cnn.com/2026/08/19/politics/video/the-odds-the-unpopular-vote-cnc-kalpar,en,2026-08-19,
Iranian Parliament Speaker’s visit to Iraq puts Iran’s influence in focus,CNN,cnn.com,cnn.com,2026-08-19,https://www.cnn.com/2026/08/19/world/video/iraq-iran-relations-rizk-intv-ctw-fst-081909aseg1-ctw-cnni-world-fast,en,2026-08-19,
"After Trump-endorsed Cory Mills loses primary, Trump says he told him to drop out",CNN,cnn.com,cnn.com,2026-08-19,https://www.cnn.com/2026/08/19/politics/trump-cory-mills-election,en,2026-08-19,
Richard Gadd on exploring the ‘darker edges of life’,CNN,cnn.com,cnn.com,2026-08-19,https://www.cnn.com/2026/08/19/tv/video/amanpour-gadd-half-man-baby-reindeer,en,2026-08-19,
Transportation Secretary Sean Duffy’s ‘Great American Road Trip’ reality show is finally out after months-long delay,CNN,cnn.com,cnn.com,2026-08-19,https://www.cnn.com/2026/08/19/us/duffy-reality-show-premiers,en,2026-08-19,
Losses are piling up for Trump-backed candidates,CNN,cnn.com,cnn.com,2026-08-19,https://www.cnn.com/2026/08/19/politics/trump-candidates-primary-losses,en,2026-08-19,
IDF admits firing on car carrying 5-year-old Hind Rajab,CNN,cnn.com,cnn.com,2026-08-19,https://www.cnn.com/2026/08/19/world/video/gaza-idf-killing-rajab-diamond-live-ctw-fst-081909aseg1-cnni-world-fast,en,2026-08-19,
Justice Department attempts to distance Attorney General Todd Blanche from Comey’s ‘8647’ seashell threat indictment,CNN,cnn.com,cnn.com,2026-08-19,https://www.cnn.com/2026/08/19/politics/comey-seashell-indictment-prosecutor-justice-department,en,2026-08-19,
Bond market takes a breather after surprise move by Treasury Department,CNN,cnn.com,cnn.com,2026-08-19,https://www.cnn.com/2026/08/19/investing/bond-market-treasury-bessent,en,2026-08-19,
Trump says he intends to meet Kim Jong Un this year,CNN,cnn.com,cnn.com,2026-08-19,https://www.cnn.com/2026/08/19/politics/trump-kim-jong-un-meeting,en,2026-08-19,
UAE halts trade with Iran after accusing Tehran of firing ballistic missiles,CNN,cnn.com,cnn.com,2026-08-19,https://www.cnn.com/2026/08/19/world/live-news/iran-war-trump,en,2026-08-19,
Jon Ossoff’s ‘travel with Natalie’ shows how candidates win attention in a culture of clips,CNN,cnn.com,cnn.com,2026-08-19,https://www.cnn.com/2026/08/19/media/jon-ossoff-natalie-harp-viral-clips,en,2026-08-19,
Ukraine’s ousted defense minister calls for elections,CNN,cnn.com,cnn.com,2026-08-19,https://www.cnn.com/2026/08/19/world/video/ukraines-ousted-defense-minister-calls-for-elections-digvid-hnk,en,2026-08-19,
Iran’s latest warning to the US signals the hardliners are just getting started,CNN,cnn.com,cnn.com,2026-08-19,https://www.cnn.com/2026/08/19/middleeast/iran-hardliners-just-getting-started-intl,en,2026-08-19,
Prosecutors say bullet engraving shows Charlie Kirk was targeted for his politics,CNN,cnn.com,cnn.com,2026-08-19,https://www.cnn.com/2026/08/19/us/charlie-kirk-tyler-robinson-trial-hnk,en,2026-08-19,
Democrats nominate a democratic socialist to run for U.S. Senate in Florida,CNN,cnn.com,cnn.com,2026-08-19,https://www.cnn.com/2026/08/19/politics/video/angie-nixon-florida-democrats-senate-primary-race,en,2026-08-19,
Why Ossoff’s savage lampooning of Trump is taking off,CNN,cnn.com,cnn.com,2026-08-19,https://www.cnn.com/2026/08/19/politics/jon-ossoff-trump-feud,en,2026-08-19,
Trump-backed Byron Donalds attacks Dem David Jolly after projected win in FL governor’s race,CNN,cnn.com,cnn.com,2026-08-19,https://www.cnn.com/2026/08/19/politics/video/trump-backed-byron-donalds-attacks-dem-david-jolly-after-projected-win-in-fl-governors-race-lcl,en,2026-08-19,
Trump wants South Korea to defend itself. His overtures to Kim Jong Un could delay that,CNN,cnn.com,cnn.com,2026-08-19,https://www.cnn.com/2026/08/19/asia/trump-south-korea-alliance-intl-hnk-ml,en,2026-08-19,
Battle over federal courthouses erupts as GSA warns against giving judiciary more control,Fox News,foxnews.com,foxnews.com,2026-08-19,https://www.foxnews.com/politics/battle-federal-courthouses-erupts-gsa-warns-against-giving-judiciary-more-control,en,2026-08-19,
Texas mom backs Ten Commandments in classrooms as legal battle reaches Supreme Court,Fox News,foxnews.com,foxnews.com,2026-08-19,https://www.foxnews.com/politics/texas-mom-backs-ten-commandments-classrooms-legal-battle-reaches-supreme-court,en,2026-08-19,
California lawmakers want corporations to disclose ties to slavery despite uncertain future for reparations,Fox News,foxnews.com,foxnews.com,2026-08-19,https://www.foxnews.com/media/california-lawmakers-push-corporate-slavery-disclosure-bill-despite-uncertain-future-reparations,en,2026-08-19,
Biden admin released illegal immigrant accused of fatally stabbing Fairfax County mother,Fox News,foxnews.com,foxnews.com,2026-08-19,https://www.foxnews.com/politics/biden-admin-released-illegal-immigrant-accused-fatally-stabbing-fairfax-county-mother,en,2026-08-19,
"Judge hands Trump, GOP major redistricting win ahead of midterm elections and more top headlines",Fox News,foxnews.com,foxnews.com,2026-08-19,https://www.foxnews.com/us/judge-hands-trump-gop-major-redistricting-win-ahead-midterm-elections-more-top-headlines,en,2026-08-19,
Trump reveals exact number of North Korea's nuclear weapons,Fox News,foxnews.com,foxnews.com,2026-08-19,https://www.foxnews.com/politics/trump-reveals-exact-number-north-koreas-nuclear-weapons,en,2026-08-19,
"Iran proves that it might change its military leaders, but it’s not changing strategy",Fox News,foxnews.com,foxnews.com,2026-08-19,https://www.foxnews.com/opinion/iran-proves-might-change-military-leaders-not-changing-strategy,en,2026-08-19,
One monthly bill Americans can’t avoid is quietly surging thanks to emerging industry: data,Fox News,foxnews.com,foxnews.com,2026-08-19,https://www.foxnews.com/politics/monthly-bill-americans-cant-avoid-quietly-surging-emerging-industry-data,en,2026-08-19,
MORNING GLORY: Alaska’s 'real' Senator Dan Sullivan stood up over challenger,Fox News,foxnews.com,foxnews.com,2026-08-19,https://www.foxnews.com/opinion/morning-glory-alaskas-real-senator-dan-sullivan-stood-challenger,en,2026-08-19,
"Missouri judge hands Trump, GOP major redistricting win ahead of midterm elections",Fox News,foxnews.com,foxnews.com,2026-08-19,https://www.foxnews.com/politics/missouri-judge-hands-trump-gop-major-redistricting-win-ahead-midterm-elections,en,2026-08-19,
Idaho county probation officers compile ‘foreign-born list’ to hand over to ICE as critics raise alarms,Fox News,foxnews.com,foxnews.com,2026-08-19,https://www.foxnews.com/us/idaho-county-probation-officers-compile-foreign-born-list-hand-ice-critics-raise-alarms,en,2026-08-19,
"Iran taps financial lifeline, Russian arms as Trump escalates 'crushing' economic warfare",Fox News,foxnews.com,foxnews.com,2026-08-19,https://www.foxnews.com/world/iran-taps-financial-lifeline-russian-arms-trump-escalates-crushing-economic-warfare,en,2026-08-19,
"RNC warns Democrats face 'political suicide' after DSA praises Fidel Castro, demands Rubio's prosecution",Fox News,foxnews.com,foxnews.com,2026-08-19,https://www.foxnews.com/media/rnc-warns-democrats-face-political-suicide-after-dsa-praises-fidel-castro-demands-rubios-prosecution,en,2026-08-19,
Ex-New York Magazine writer announces he will 'take some time away' after plagiarism scandal,Fox News,foxnews.com,foxnews.com,2026-08-19,https://www.foxnews.com/media/ex-new-york-magazine-writer-announces-take-time-away-plagiarism-scandal,en,2026-08-19,
Trump threatens 'unprecedented' economic consequences for any nation aiding Iran,Fox News,foxnews.com,foxnews.com,2026-08-19,https://www.foxnews.com/politics/trump-threatens-unprecedented-economic-consequences-any-nation-aiding-iran,en,2026-08-19,
Former congressman Matt Gaetz speaks out on helping Royce White in WNBA Draft pursuit,Fox News,foxnews.com,foxnews.com,2026-08-19,https://www.foxnews.com/outkick-sports/former-congressman-matt-gaetz-speaks-royce-white-wnba-draft-pursuit,en,2026-08-19,
Pat McAfee has officially surpassed Stephen A Smith as the Face of ESPN,Fox News,foxnews.com,foxnews.com,2026-08-19,https://www.foxnews.com/outkick-sports/pat-mcafee-officially-surpassed-stephen-smith-face-espn,en,2026-08-19,
Jon Ossoff's controversial Trump jab sparks media feeding frenzy over White House aide Natalie Harp,Fox News,foxnews.com,foxnews.com,2026-08-19,https://www.foxnews.com/media/jon-ossoffs-controversial-trump-jab-sparks-media-feeding-frenzy-over-white-house-aide-natalie-harp,en,2026-08-19,
El-Sayed reveals he would go ‘step further’ than Sanders on socialist plan for major US industry,Fox News,foxnews.com,foxnews.com,2026-08-19,https://www.foxnews.com/politics/el-sayed-reveals-would-go-step-further-sanders-socialist-plan-major-us-industry,en,2026-08-19,
Thousands of North Korean IT workers are infiltrating corporate America,Fox News,foxnews.com,foxnews.com,2026-08-19,https://www.foxnews.com/tech/thousands-north-korean-it-workers-infiltrating-corporate-america,en,2026-08-19,
Trump administration sanctions sitting president of the International Criminal Court for 'abuses of power',Fox News,foxnews.com,foxnews.com,2026-08-19,https://www.foxnews.com/world/trump-administration-sanctions-sitting-president-international-criminal-court-abuses-power,en,2026-08-19,
Trump's approval rating plummets to new low ahead of critical midterms: 'More work to do',Fox News,foxnews.com,foxnews.com,2026-08-19,https://www.foxnews.com/politics/trump-approval-rating-plummets-new-low-ahead-critical-midterms,en,2026-08-19,
Kathy Griffin 'really hurt' she's not a guest on Kimmel's show during Rosie O'Donnell's week to host,Fox News,foxnews.com,foxnews.com,2026-08-19,https://www.foxnews.com/media/kathy-griffin-really-hurt-not-guest-kimmel-show-rosie-odonnell-week-host,en,2026-08-19,
"Soros-linked prosecutor blasted after accused killer got passport, fled US",Fox News,foxnews.com,foxnews.com,2026-08-19,https://www.foxnews.com/politics/soros-linked-prosecutor-blasted-accused-killer-got-passport-fled-us,en,2026-08-19,
Walz defies Trump on key minerals as GOP warns China stands to benefit,Fox News,foxnews.com,foxnews.com,2026-08-19,https://www.foxnews.com/politics/walz-defies-trump-key-minerals-gop-warns-china-stands-benefit,en,2026-08-19,
Karen Bass ripped after viral video lays out taxpayer-funded match of campaign donations,Fox News,foxnews.com,foxnews.com,2026-08-19,https://www.foxnews.com/politics/karen-bass-ripped-viral-video-taxpayer-funded-match-campaign-donations,en,2026-08-19,
"5 Americans killed in helicopter crash in Kenya, including Telemundo executive",Fox News,foxnews.com,foxnews.com,2026-08-19,https://www.foxnews.com/world/5-americans-killed-helicopter-crash-kenya-including-telemundo-executive,en,2026-08-19,
Trump White House envoy visits Pro Football Hall of Fame to amplify museum as global tourist destination,Fox News,foxnews.com,foxnews.com,2026-08-19,https://www.foxnews.com/outkick-sports/trump-white-house-envoy-visits-pro-football-hall-fame-amplify-museum-global-tourist-destination,en,2026-08-19,
"Ex-counterterrorism chief advocates for Trump to 'walk away from' Iran war, yank troops out of Middle East",Fox News,foxnews.com,foxnews.com,2026-08-19,https://www.foxnews.com/politics/ex-counterterrorism-chief-advocates-trump-walk-away-iran-war-yank-troops-middle-east,en,2026-08-19,
"Scandals, socialists and Trump roil primaries, send incumbents packing at near-record pace",Fox News,foxnews.com,foxnews.com,2026-08-19,https://www.foxnews.com/politics/incumbents-ousted-primary-bloodbath-hits-congress-biggest-non-redistricting-wipeout-decades,en,2026-08-19,
‘Stripper’ Venmo ‘scandal’ makes Dems the punchline as Trump candidate flips script on viral DNC post,Fox News,foxnews.com,foxnews.com,2026-08-19,https://www.foxnews.com/politics/stripper-venmo-scandal-makes-dems-punchline-trump-candidate-flips-script-viral-dnc-post,en,2026-08-19,
Who is Angie Nixon? Bullhorn-wielding socialist upsets establishment favorite in Sunshine State stunner,Fox News,foxnews.com,foxnews.com,2026-08-19,https://www.foxnews.com/politics/who-angie-nixon-bullhorn-wielding-socialist-upsets-establishment-favorite-sunshine-state-stunner,en,2026-08-19,
"Rosie O’Donnell ‘thanks’ Trump for making her famous again, says he revived ‘fascism and the measles’",Fox News,foxnews.com,foxnews.com,2026-08-19,https://www.foxnews.com/media/rosie-odonnell-thanks-trump-making-her-famous-again-says-he-revived-fascism-measles,en,2026-08-19,
Trump to nominate Dr Heidi Overton as next FDA commissioner,Fox News,foxnews.com,foxnews.com,2026-08-19,https://www.foxnews.com/politics/trump-nominate-dr-heidi-overton-next-fda-commissioner,en,2026-08-19,
Trump teases potential Kim Jong Un meeting later this year,Fox News,foxnews.com,foxnews.com,2026-08-19,https://www.foxnews.com/politics/trump-teases-potential-kim-jong-un-meeting-later-year,en,2026-08-19,
Iran loses key economic lifeline in Middle East that Trump's sanctions couldn't reach as deadlock persists,Fox News,foxnews.com,foxnews.com,2026-08-19,https://www.foxnews.com/politics/iran-loses-key-economic-lifeline-in-middle-east-that-trumps-sanctions-couldnt-reach-as-deadlock-persists,en,2026-08-19,
Cuba’s economic freefall is hiding a national security threat just miles from Florida: report,Fox News,foxnews.com,foxnews.com,2026-08-19,https://www.foxnews.com/world/cubas-economic-freefall-hiding-national-security-threat-just-miles-from-florida-report,en,2026-08-19,
Jill Biden hails Hunter having his 'time to shine' as media tour raises questions about political ambitions,Fox News,foxnews.com,foxnews.com,2026-08-19,https://www.foxnews.com/media/jill-biden-hails-hunter-having-his-time-shine-media-tour-raises-questions-about-political-ambitions,en,2026-08-19,
Lindsey Graham’s sister admits she’s ‘not that informed on national security’ while seeking full Senate term,Fox News,foxnews.com,foxnews.com,2026-08-19,https://www.foxnews.com/politics/lindsey-grahams-sister-admits-shes-not-informed-national-security-while-seeking-full-senate-term,en,2026-08-19,
5 takeaways from Florida Senate primary: GOP Sen Ashley Moody will face DSA's Nixon,Fox News,foxnews.com,foxnews.com,2026-08-19,https://www.foxnews.com/politics/5-takeaways-florida-senate-primary-gop-sen-ashley-moody-face-dsa-nixon,en,2026-08-19,
"Bill de Blasio backs Democrats' socialist wing, says Americans are 'hungry' for far-left vision",Fox News,foxnews.com,foxnews.com,2026-08-19,https://www.foxnews.com/media/bill-de-blasio-backs-democrats-socialist-wing-says-americans-hungry-far-left-vision,en,2026-08-19,
Turkey accuses Netanyahu of pursuing ‘expansionist’ policies after Israeli strike on Syrian airbase,Fox News,foxnews.com,foxnews.com,2026-08-19,https://www.foxnews.com/politics/turkey-accuses-netanyahu-pursuing-expansionist-policies-israeli-strike-syrian-airbase,en,2026-08-19,
Far-left socialist wins massive Florida upset: Key takeaways from Tuesday's primaries and more top headlines,Fox News,foxnews.com,foxnews.com,2026-08-19,https://www.foxnews.com/us/far-left-socialist-wins-massive-florida-upset-key-takeaways-tuesday-primaries-more-top-headlines,en,2026-08-19,
Socialists capture major Florida victory on hit-or-miss night for Trump-endorsed primary candidates,Fox News,foxnews.com,foxnews.com,2026-08-19,https://www.foxnews.com/politics/socialists-capture-major-florida-victory-hit-miss-night-trump-endorsed-primary-candidates,en,2026-08-19,
"Trump admin sued over visa time restrictions for foreign students, journalists",Fox News,foxnews.com,foxnews.com,2026-08-19,https://www.foxnews.com/politics/trump-admin-sued-visa-time-restrictions-foreign-students-journalists,en,2026-08-19,
"Report warns Paramount-Warner merger could erase 4,500 jobs in L.A.",Los Angeles Times,latimes.com,latimes.com,2026-08-19,https://www.latimes.com/entertainment-arts/business/story/2026-08-19/paramount-warner-merger-4500-lost-la-jobs,en,2026-08-19,
¿Por qué está Trump amenazando a Omán?,Los Angeles Times,latimes.com,latimes.com,2026-08-19,https://www.latimes.com/espanol/eeuu/articulo/2026-08-19/por-que-esta-trump-amenazando-oman,es,2026-08-19,
Pesquisa: Sistema penitenciario de California no protege a reclusas de abusos sexuales de custodios,Los Angeles Times,latimes.com,latimes.com,2026-08-19,https://www.latimes.com/espanol/california/articulo/2026-08-19/pesquisa-sistema-penitenciario-de-california-no-protege-reclusas-de-abusos-sexuales-de-custodios,es,2026-08-19,
Condado de San Diego ya no permitirá que agentes de inmigración entrenen en campos de tiro locales,Los Angeles Times,latimes.com,latimes.com,2026-08-19,https://www.latimes.com/espanol/california/articulo/2026-08-19/condado-de-san-diego-ya-no-permitira-que-agentes-de-inmigracion-entrenen-en-campos-de-tiro-locales,es,2026-08-19,
New CDC director acknowledges agency problems in first large staff meeting,Los Angeles Times,latimes.com,latimes.com,2026-08-19,https://www.latimes.com/world-nation/story/2026-08-19/new-cdc-director-acknowledges-agency-problems-in-first-large-staff-meeting,en,2026-08-19,
"Trump-backed candidates struggle, and other takeaways from Florida, Wyoming, Alaska primaries",Los Angeles Times,latimes.com,latimes.com,2026-08-19,https://www.latimes.com/politics/story/2026-08-19/trump-backed-candidates-struggle-other-takeaways-from-florida-wyoming-alaska-primaries,en,2026-08-19,
Woman accused of plotting to kill Treasury Secretary Scott Bessent is sentenced to 6 years in prison,Los Angeles Times,latimes.com,latimes.com,2026-08-19,https://www.latimes.com/world-nation/story/2026-08-19/woman-accused-of-plotting-to-kill-treasury-secretary-scott-bessent-is-sentenced-to-6-years-in-prison,en,2026-08-19,
Stocks halt their slide after the Treasury Department moves to ease pressure from the bond market,Los Angeles Times,latimes.com,latimes.com,2026-08-19,https://www.latimes.com/business/story/2026-08-19/stocks-halt-their-slide-after-treasury-department-moves-to-ease-pressure-from-bond-market,en,2026-08-19,
Trump plays White House tour guide to show off work on his helipad and ballroom,Los Angeles Times,latimes.com,latimes.com,2026-08-19,https://www.latimes.com/world-nation/story/2026-08-19/trump-plays-white-house-tour-guide-to-show-off-work-on-his-helipad-ballroom,en,2026-08-19,
Trump's treatment of migrant kids prompts judge to appoint watchdogs to enforce rules,Los Angeles Times,latimes.com,latimes.com,2026-08-19,https://www.latimes.com/california/story/2026-08-19/trump-migrant-kids-flores-settlement-watchdogs,en,2026-08-19,
MS NOW will launch direct-to-consumer streaming service on Sept. 9,Los Angeles Times,latimes.com,latimes.com,2026-08-19,https://www.latimes.com/entertainment-arts/business/story/2026-08-19/ms-now-will-launch-direct-to-consumer-streaming-service-on-sept-9,en,2026-08-19,
Insured with State Farm? They may owe you $100 or more,Los Angeles Times,latimes.com,latimes.com,2026-08-19,https://www.latimes.com/business/story/2026-08-19/insured-with-state-farm-they-may-owe-you-100-or-more,en,2026-08-19,
U.S. Navy destroyer with 300 sailors aboard broke down for four days in the Pacific,Los Angeles Times,latimes.com,latimes.com,2026-08-19,https://www.latimes.com/world-nation/story/2026-08-19/u-s-navy-destroyer-with-300-sailors-aboard-broke-down-for-four-days-in-pacific,en,2026-08-19,
"Trump picks Dr. Heidi Overton, a top White House aide, to lead the Food and Drug Administration",Los Angeles Times,latimes.com,latimes.com,2026-08-19,https://www.latimes.com/world-nation/story/2026-08-19/trump-picks-dr-heidi-overton-top-white-house-aide-to-lead-fda,en,2026-08-19,
"North Korea shrugs off Trump's scaled-back drills with South Korea, saying it changes nothing",Los Angeles Times,latimes.com,latimes.com,2026-08-19,https://www.latimes.com/world-nation/story/2026-08-19/north-korea-shrugs-off-trumps-scaled-back-drills-with-south-korea-saying-it-changes-nothing,en,2026-08-19,
"'No serious dispute' that Comey's seashell post could be read as a Trump threat, prosecutors say",Los Angeles Times,latimes.com,latimes.com,2026-08-19,https://www.latimes.com/world-nation/story/2026-08-19/no-serious-dispute-that-comeys-seashell-post-could-be-read-as-trump-threat-prosecutors-say,en,2026-08-19,
Israel's deadly Gaza strikes cast more doubt on ceasefire progress days after Kushner visit,Los Angeles Times,latimes.com,latimes.com,2026-08-19,https://www.latimes.com/world-nation/story/2026-08-19/israels-deadly-gaza-strikes-cast-more-doubt-on-ceasefire-progress-days-after-kushner-visit,en,2026-08-19,
Polymarket bets on 2025 L.A. wildfires show just how ugly the online gambling market can be,Los Angeles Times,latimes.com,latimes.com,2026-08-19,https://www.latimes.com/california/newsletter/2026-08-19/polymarket-bets-on-2025-la-wildfires-show-just-how-ugly-online-gambling-market-can-be,en,2026-08-19,
Letters to the Editor: ‘Communist name-calling’ has been used against competent administrations before,Los Angeles Times,latimes.com,latimes.com,2026-08-19,https://www.latimes.com/opinion/letters-to-the-editor/story/2026-08-19/democratic-candidates-competence-communism,en,2026-08-19,
Becerra pledges to debate Hilton — more than once — between now and Nov. 3,Los Angeles Times,latimes.com,latimes.com,2026-08-19,https://www.latimes.com/california/story/2026-08-19/becerra-debate-hilton-governors-race,en,2026-08-19,
Alabama Shakes are rock's generational bridge that won't break,Los Angeles Times,latimes.com,latimes.com,2026-08-19,https://www.latimes.com/entertainment-arts/music/story/2026-08-19/alabama-shakes-i-must-be-dreaming-brittany-howard,en,2026-08-19,
Politicians defy the people when they take away protections from public lands,Los Angeles Times,latimes.com,latimes.com,2026-08-19,https://www.latimes.com/opinion/story/2026-08-19/utah-bears-ears-grand-staircase-escalante-public-lands-protected-monuments,en,2026-08-19,
Why Catholics must take the lead to rebuke MAGA in the midterms,Los Angeles Times,latimes.com,latimes.com,2026-08-19,https://www.latimes.com/california/story/2026-08-19/catholic-voters-2026-midterms,en,2026-08-19,
Anxiety grips Pacific allies as Trump pulls back,Los Angeles Times,latimes.com,latimes.com,2026-08-19,https://www.latimes.com/politics/story/2026-08-19/anxiety-grips-pacific-allies-as-trump-pulls-back,en,2026-08-19,
Rory Kennedy's 'Freefall' reexamines Boeing after whistleblower's death,Los Angeles Times,latimes.com,latimes.com,2026-08-19,https://www.latimes.com/entertainment-arts/tv/story/2026-08-19/rory-kennedy-freefall-a-reckoning-for-boeing,en,2026-08-19,
"California voters favor progressive candidates, split over democratic socialism, poll finds",Los Angeles Times,latimes.com,latimes.com,2026-08-19,https://www.latimes.com/california/story/2026-08-19/california-voters-are-split-on-democratic-socialism-poll-finds,en,2026-08-19,
Trump's top federal prosecutor in L.A. could face new challenge after appellate ruling,Los Angeles Times,latimes.com,latimes.com,2026-08-19,https://www.latimes.com/california/story/2026-08-19/9th-circuit-ruling-bill-essayli-first-assistant-us-attorney,en,2026-08-19,
"A convicted election denier went to prison. Now, she might help run elections in a California county",Los Angeles Times,latimes.com,latimes.com,2026-08-19,https://www.latimes.com/california/story/2026-08-19/tina-peters-pro-trump-election-denier-went-to-prison-now-california-county-might-hire-her,en,2026-08-19,
‘Fed up with a war they didn't want’: Midwestern voters air frustrations impacting the midterms,NBC News,nbcnews.com,nbcnews.com,2026-08-19,https://www.nbcnews.com/meet-the-press/video/-fed-up-with-a-war-they-didn-t-want-midwestern-voters-air-frustrations-impacting-the-midterms-268551237711,en,2026-08-19,
How Sen. Darline Graham’s debate blunder could give undecided voters ‘some pause’,NBC News,nbcnews.com,nbcnews.com,2026-08-19,https://www.nbcnews.com/meet-the-press/video/how-sen-darline-graham-s-debate-blunder-could-give-undecided-voters-some-pause-268552261732,en,2026-08-19,
Democratic socialist wins in Florida and Hayden Panettiere’s mother speaks out: Morning Rundown,NBC News,nbcnews.com,nbcnews.com,2026-08-19,https://www.nbcnews.com/news/us-news/angie-nixon-florida-result-hayden-panettiere-mom-morning-rundown-rcna593286,en,2026-08-19,
"Liberia agrees to take 1,200 third-country deportees from the U.S.",NBC News,nbcnews.com,nbcnews.com,2026-08-19,https://www.nbcnews.com/world/africa/liberia-agrees-take-1200-third-country-deportees-us-rcna593282,en,2026-08-19,
Trump’s endorsement record takes a hit at the end of primary season,NBC News,nbcnews.com,nbcnews.com,2026-08-19,https://www.nbcnews.com/politics/2026-election/trumps-endorsement-record-takes-hit-end-primary-season-rcna593351,en,2026-08-19,
Trump says he plans to meet with North Koreaâs Kim Jong Un,NBC News,nbcnews.com,nbcnews.com,2026-08-19,https://www.nbcnews.com/politics/trump-administration/live-blog/trump-alaska-primary-florida-election-2026-congress-iran-live-updates-rcna593214,en,2026-08-19,
America’s borrowing costs are surging. Washington is shrugging.,NBC News,nbcnews.com,nbcnews.com,2026-08-19,https://www.nbcnews.com/politics/trump-administration/national-debt-deficit-washington-shrugging-bonds-interest-rates-rcna592935,en,2026-08-19,
Mike Lindell says he’ll pay for recount after double-digit loss in Minnesota governor primary,NBC News,nbcnews.com,nbcnews.com,2026-08-19,https://www.nbcnews.com/politics/elections/mike-lindell-plans-pay-recount-losing-minnesota-gop-primary-governor-rcna593447,en,2026-08-19,
ICC slams U.S. decision to sanction the court’s president and senior prosecution lawyer,NBC News,nbcnews.com,nbcnews.com,2026-08-19,https://www.nbcnews.com/politics/trump-administration/us-sanctions-icc-president-senior-trial-lawyer-attack-court-rubio-rcna593295,en,2026-08-19,
U.S. Navy destroyer with 300 sailors aboard broke down for four days in the Pacific,NBC News,nbcnews.com,nbcnews.com,2026-08-19,https://www.nbcnews.com/world/asia/us-navy-destroyer-300-sailors-broke-four-days-pacific-rcna593279,en,2026-08-19,
"Behind Trump’s surprise order to cut U.S.-South Korea drills short, irritation over trade",NBC News,nbcnews.com,nbcnews.com,2026-08-19,https://www.nbcnews.com/world/asia/south-korea-military-drills-trump-trade-kim-jong-un-investment-us-rcna593070,en,2026-08-19,
Democrat leads in Pennsylvania legislative district Trump won by more than 18 points in 2024,NBC News,nbcnews.com,nbcnews.com,2026-08-19,https://www.nbcnews.com/politics/2026-election/democrat-brandon-dukes-leads-pennsylvania-district-trump-won-18-points-rcna593356,en,2026-08-19,
U.S. debt crosses $40 trillion threshold after doubling under Trump and Biden,NBC News,nbcnews.com,nbcnews.com,2026-08-19,https://www.nbcnews.com/business/business-news/us-debt-crosses-40-trillion-threshold-doubling-trump-biden-rcna593441,en,2026-08-19,
Book him: Prosecutors using James Comey’s novel against him in seashells case,NBC News,nbcnews.com,nbcnews.com,2026-08-19,https://www.nbcnews.com/politics/justice-department/book-prosecutors-using-james-comeys-novel-seashells-case-rcna593378,en,2026-08-19,
United Arab Emirates suspends trade with Iran after coming under renewed missile fire,NBC News,nbcnews.com,nbcnews.com,2026-08-19,https://www.nbcnews.com/world/iran/united-arab-emirates-suspends-trade-iran-coming-renewed-missile-fire-rcna593433,en,2026-08-19,
Democrats are in their post-resistance era: From the Politics Desk,NBC News,nbcnews.com,nbcnews.com,2026-08-19,https://www.nbcnews.com/politics/politics-news/democrats-are-post-resistance-era-politics-desk-rcna593414,en,2026-08-19,
Nonprofit sues over U.S. push to auction areas of water around American Samoa for potential mining,NBC News,nbcnews.com,nbcnews.com,2026-08-19,https://www.nbcnews.com/science/environment/non-profit-sues-us-auction-areas-water-american-samoa-mining-rcna593292,en,2026-08-19,
Sen. Darline Graham faces more questions about her qualifications after debate blunder,NBC News,nbcnews.com,nbcnews.com,2026-08-19,https://www.nbcnews.com/politics/2026-election/darline-graham-questions-experience-shaky-debate-answer-china-rcna593354,en,2026-08-19,
Trump administration was warned about peeling Reflecting Pool nearly a month before it brought vandalism case,NBC News,nbcnews.com,nbcnews.com,2026-08-19,https://www.nbcnews.com/politics/justice-department/trump-administration-was-warned-peeling-reflecting-pool-nearly-month-b-rcna593390,en,2026-08-19,
Trump says he will meet with Kim Jong Un this year,NBC News,nbcnews.com,nbcnews.com,2026-08-19,https://www.nbcnews.com/politics/trump-administration/trump-meet-kim-jong-un-this-year-north-korea-rcna593374,en,2026-08-19,
Trump to nominate Heidi Overton to lead the FDA,NBC News,nbcnews.com,nbcnews.com,2026-08-19,https://www.nbcnews.com/politics/trump-administration/trump-heidi-overton-fda-commissioner-rcna593309,en,2026-08-19,
Unitree unveils ‘Superman’ humanoid robot,NBC News,nbcnews.com,nbcnews.com,2026-08-19,https://www.nbcnews.com/video/unitree-unveils-superman-humanoid-robot-268519493780,en,2026-08-19,
GOP Sen. Dan Sullivan and Democrat Mary Peltola advance to battleground Senate election in Alaska,NBC News,nbcnews.com,nbcnews.com,2026-08-19,https://www.nbcnews.com/politics/2026-election/gop-sen-dan-sullivan-democrat-mary-peltola-advance-battleground-senate-rcna592389,en,2026-08-19,
Republican Byron Donalds and Democrat David Jolly set to square off for Florida’s governorship,NBC News,nbcnews.com,nbcnews.com,2026-08-19,https://www.nbcnews.com/politics/2026-election/republican-byron-donalds-democrat-david-jolly-set-square-floridas-gove-rcna592352,en,2026-08-19,
Democratic socialist Angie Nixon scores upset in Florida’s Democratic Senate primary,NBC News,nbcnews.com,nbcnews.com,2026-08-19,https://www.nbcnews.com/politics/2026-election/angie-nixon-winner-florida-senate-primary-democrat-alex-vindman-moody-rcna593255,en,2026-08-19,
Trump pauses 50% tariffs on Canada for 3 days,NBC News,nbcnews.com,nbcnews.com,2026-08-19,https://www.nbcnews.com/business/economy/trump-pauses-canada-tariffs-rcna593176,en,2026-08-19,
GOP Rep. Cory Mills loses his Florida primary amid investigations,NBC News,nbcnews.com,nbcnews.com,2026-08-19,https://www.nbcnews.com/politics/2026-election/gop-rep-cory-mills-loses-florida-primary-investigations-rcna593238,en,2026-08-19,
Angie Nixon projected winner in Florida Democratic Senate primary,NBC News,nbcnews.com,nbcnews.com,2026-08-19,https://www.nbcnews.com/video/angie-nixon-projected-winner-in-florida-democratic-senate-primary-268502085911,en,2026-08-19,
U.S.-South Korea joint military drills are cut short after surprise Trump order,NBC News,nbcnews.com,nbcnews.com,2026-08-19,https://www.nbcnews.com/world/asia/us-south-korea-joint-military-drills-scaled-back-trump-order-rcna593264,en,2026-08-19,
Trump-backed Rep. Harriet Hageman wins Republican Senate primary in Wyoming,NBC News,nbcnews.com,nbcnews.com,2026-08-19,https://www.nbcnews.com/politics/2026-election/trump-backed-pharriet-hageman-wins-republican-senate-primary-wyoming-rcna592388,en,2026-08-19,
Darline Graham defends her résumé in South Carolina debate after saying ‘national security is not my thing’,NBC News,nbcnews.com,nbcnews.com,2026-08-19,https://www.nbcnews.com/politics/2026-election/darline-graham-defends-resume-south-carolina-debate-saying-national-se-rcna593244,en,2026-08-19,
"Two Trump-backed candidates lose, Debbie Wasserman Schultz wins in Tuesday’s House primaries in Florida",NBC News,nbcnews.com,nbcnews.com,2026-08-19,https://www.nbcnews.com/politics/2026-election/two-trump-backed-candidates-lose-debbie-wasserman-schultz-wins-tuesday-rcna592392,en,2026-08-19,
Takeaways from Tuesday's primaries,NPR,npr.org,npr.org,2026-08-19,https://www.npr.org/2026/08/19/nx-s1-5937522/takeaways-from-tuesdays-primaries,en,2026-08-19,
"Florida Primary Results, US-Canada Tariffs, Meta Trial Begins",NPR,npr.org,npr.org,2026-08-19,https://www.npr.org/2026/08/19/nx-s1-5937387/florida-primary-results-us-canada-tariffs-meta-trial-begins,en,2026-08-19,
Experts raise alarms over Census Bureau report Trump is touting on noncitizen voting,NPR,npr.org,npr.org,2026-08-19,https://www.npr.org/2026/08/19/nx-s1-5938799/trump-census-bureau-noncitizen-voting,en,2026-08-19,
Morning news brief,NPR,npr.org,npr.org,2026-08-19,https://www.npr.org/2026/08/19/nx-s1-5931256/morning-news-brief,en,2026-08-19,
Former Fauci adviser Dr. David Morens pleads guilty to concealing COVID-related records,NPR,npr.org,npr.org,2026-08-19,https://www.npr.org/2026/08/19/nx-s1-5936636/covid-research-fauci-morens-foia-guilty,en,2026-08-19,
Iraq is caught between Washington and Tehran,NPR,npr.org,npr.org,2026-08-19,https://www.npr.org/2026/08/19/nx-s1-5938514/iraq-is-caught-between-washington-and-tehran,en,2026-08-19,
"The U.S. debt tops a record-shattering $40 trillion. Yes, with a T.",NPR,npr.org,npr.org,2026-08-19,https://www.npr.org/2026/08/19/nx-s1-5937552/the-u-s-debt-tops-a-record-shattering-40-trillion-yes-with-a-t,en,2026-08-19,
"In new filings, Kennedy Center says it won't try to put Trump's name on facade until Sept. 8",NPR,npr.org,npr.org,2026-08-19,https://www.npr.org/2026/08/19/nx-s1-5937912/kennedy-center-president-trump-name,en,2026-08-19,
"Why more than 400,000 kids are on waitlists for federal childcare assistance",NPR,npr.org,npr.org,2026-08-19,https://www.npr.org/2026/08/19/nx-s1-5920326/childcare-assistance-waitlists,en,2026-08-19,
"U.S. delays 50% tariff on Canadian imports. And, takeaways from Florida's primaries",NPR,npr.org,npr.org,2026-08-19,https://www.npr.org/2026/08/19/g-s1-139173/up-first-newsletter-florida-primary-canada-tariffs-trump-meta-trial,en,2026-08-19,
Trump administration launches $5B AI initiative aimed at advancing science,NPR,npr.org,npr.org,2026-08-19,https://www.npr.org/2026/08/19/nx-s1-5935542/trump-administration-launches-5b-ai-initiative-aimed-at-advancing-science,en,2026-08-19,
Groups sue Trump administration over new foreign student visa rule,NPR,npr.org,npr.org,2026-08-19,https://www.npr.org/2026/08/19/nx-s1-5936490/groups-sue-trump-administration-over-new-foreign-student-visa-rule,en,2026-08-19,
U.S. delays 50% tariff on Canadian imports after reaching deal,NPR,npr.org,npr.org,2026-08-19,https://www.npr.org/2026/08/19/nx-s1-5936217/u-s-delays-50-tariff-on-canadian-imports-after-reaching-deal,en,2026-08-19,
"Liberia agrees to take 1,200 third-country deportees from the U.S.",NPR,npr.org,npr.org,2026-08-19,https://www.npr.org/2026/08/19/nx-s1-5937389/liberia-to-take-deportees-from-us,en,2026-08-19,
Trump says U.S. and Canada reached deal to delay 50% U.S. tariffs on Canadian imports,NPR,npr.org,npr.org,2026-08-19,https://www.npr.org/2026/08/19/g-s1-139156/trump-canada-tariffs,en,2026-08-19,
Referee chief Howard Webb ‘really troubled’ by FIFA’s Folarin Balogun red-card decision,New York Times,nytimes.com,nytimes.com,2026-08-19,https://www.nytimes.com/athletic/7524201/2026/08/19/folarin-balogun-red-card-howard-webb/,en,2026-08-19,
"‘With All My Heart, Natalie.’ Trump’s Most Devoted Aide Emerges.",New York Times,nytimes.com,nytimes.com,2026-08-19,https://www.nytimes.com/2026/08/18/us/politics/natalie-harp-trump-devotion-white-house.html,en,2026-08-19,
Tariffs on Hold as Trump Claims Deal With Canada Is Near,New York Times,nytimes.com,nytimes.com,2026-08-19,https://www.nytimes.com/2026/08/18/world/canada/tariffs-trade-trump-carney.html,en,2026-08-19,
"Harriet Hageman, Backed by Trump, Wins G.O.P. Senate Primary in Wyoming",New York Times,nytimes.com,nytimes.com,2026-08-19,https://www.nytimes.com/2026/08/18/us/politics/wyoming-senate-trump-republican-hageman.html,en,2026-08-19,
Rancher Beats Trump-Backed Candidate in Primary for Governor of Wyoming,New York Times,nytimes.com,nytimes.com,2026-08-19,https://www.nytimes.com/2026/08/18/us/politics/wyoming-governor-republican-primary.html,en,2026-08-19,
"Trump Nominates Heidi Overton, a Top Domestic Policy Aide, for F.D.A. Commissioner",New York Times,nytimes.com,nytimes.com,2026-08-19,https://www.nytimes.com/2026/08/18/health/heidi-overton-fda.html,en,2026-08-19,
"U.S. Cuts Back Military Drills With South Korea, as Trump Woos Kim Jong-un",New York Times,nytimes.com,nytimes.com,2026-08-19,https://www.nytimes.com/2026/08/18/us/politics/pentagon-south-korea-training-exercises.html,en,2026-08-19,
Rosie O’Donnell Rags on Trump’s Strait of Hormuz Claims,New York Times,nytimes.com,nytimes.com,2026-08-19,https://www.nytimes.com/2026/08/19/arts/television/rosie-odonnell-late-night-trump-strait-of-hormuz.html,en,2026-08-19,
"With Limited Options, Trump Tries Economic Pressure on Iran — Again",New York Times,nytimes.com,nytimes.com,2026-08-19,https://www.nytimes.com/2026/08/19/world/europe/iran-trump-economic-sanctions-leverage.html,en,2026-08-19,
He Bet Big on Trump. The Prize Could Be the Florida Governor’s Mansion.,New York Times,nytimes.com,nytimes.com,2026-08-19,https://www.nytimes.com/2026/08/19/us/elections/byron-donalds-profile-florida-governors-race.html,en,2026-08-19,
Trump’s Lust for Vengeance Is Turning Into a Farce,New York Times,nytimes.com,nytimes.com,2026-08-19,https://www.nytimes.com/2026/08/19/opinion/trumps-revenge.html,en,2026-08-19,
"How Tech Executives Limit Their Kids’ Screen Time, and Trump’s Race to Finish His Ballroom",New York Times,nytimes.com,nytimes.com,2026-08-19,https://www.nytimes.com/2026/08/19/podcasts/the-headlines/screen-time-kids-trump-ballroom.html,en,2026-08-19,
U.A.E. Announces Halt to Trade With Iran Amid Trump’s Push To Isolate Tehran,New York Times,nytimes.com,nytimes.com,2026-08-19,https://www.nytimes.com/2026/08/19/world/middleeast/uae-cuts-trade-ties-iran-missiles.html,en,2026-08-19,
What Does the Trump Administration Have Against the 26th Amendment?,New York Times,nytimes.com,nytimes.com,2026-08-19,https://www.nytimes.com/2026/08/19/opinion/college-students-voting-civic.html,en,2026-08-19,
Judge Is Asked to Block Inscription of Trump’s Name on Kennedy Center,New York Times,nytimes.com,nytimes.com,2026-08-19,https://www.nytimes.com/2026/08/19/arts/music/judge-trump-name-kennedy-center.html,en,2026-08-19,
The Topsy-Turvy World of Trump’s Canada Tariffs,New York Times,nytimes.com,nytimes.com,2026-08-19,https://www.nytimes.com/2026/08/19/world/canada/trump-canada-tariffs-carney-deal-trade.html,en,2026-08-19,
More of Trump’s Chosen Candidates Fall in G.O.P. Primaries,New York Times,nytimes.com,nytimes.com,2026-08-19,https://www.nytimes.com/2026/08/19/us/politics/trump-primary-election-republican-endorsements.html,en,2026-08-19,
Trump vs. the International Criminal Court,New York Times,nytimes.com,nytimes.com,2026-08-19,https://www.nytimes.com/2026/08/19/world/trump-icc-israel-investigation.html,en,2026-08-19,
"Trump to Appear on Radio With Michael Cohen, His Onetime Nemesis",New York Times,nytimes.com,nytimes.com,2026-08-19,https://www.nytimes.com/2026/08/19/us/politics/trump-podcast-michael-cohen.html,en,2026-08-19,
"Trump, Who Has Amassed Enormous Wealth in Crypto, Hosts Industry Leaders",New York Times,nytimes.com,nytimes.com,2026-08-19,https://www.nytimes.com/2026/08/19/us/politics/trump-crypto-executives.html,en,2026-08-19,
Michael Cohen won’t say if he’ll use his Trump interview to seek a pardon,Politico,politico.com,politico.com,2026-08-19,https://www.politico.com/news/2026/08/19/michael-cohen-trump-interview-radio-pardon-01043191,en,2026-08-19,
Trump tries to quiet his mass deportation campaign. Voters aren’t moving.,Politico,politico.com,politico.com,2026-08-19,https://www.politico.com/news/2026/08/19/poll-trump-deportations-voters-midterms-01041099,en,2026-08-19,
Trump says he told Cory Mills to ‘get out of the race’,Politico,politico.com,politico.com,2026-08-19,https://www.politico.com/live-updates/2026/08/19/congress/trump-on-mills-01041568,en,2026-08-19,
Trump's pick to lead the FDA faces uphill Senate battle,Politico,politico.com,politico.com,2026-08-19,https://www.politico.com/news/2026/08/19/trump-heidi-overton-fda-maha-makary-01042797,en,2026-08-19,
Judge halts Trump’s abstinence-only overhaul of teen sex ed program,Politico,politico.com,politico.com,2026-08-19,https://www.politico.com/news/2026/08/19/judge-halts-trumps-abstinence-only-overhaul-of-teen-sex-ed-program-01041688,en,2026-08-19,
Trump’s snub of South Korea sends region scrambling,Politico,politico.com,politico.com,2026-08-19,https://news.google.com/rss/articles/CBMilAFBVV95cUxOSHJqVWxjam9RLTRjaWt4cFRjZ283cXdISmUtRVg5TGtzcndUcXZnZDlPV2p0ZGhDZHRyQTRGZUp0VzVEd1RfanlPeWpGNVF6YmFKazk1LVM0WmJWY0s2ZVlzVnlMZmNvZ0J6dnZ2UG1DUnJiUWpqblZMODlfalh5QjhTM21mNVZDZDB0YUQ1cmswMXBE?oc=5,en,2026-08-19,
Trump backed down from 50 percent tariffs on Canada. It’s not a TACO.,Politico,politico.com,politico.com,2026-08-19,https://news.google.com/rss/articles/CBMitwFBVV95cUxNc1k3ZHRKeDJ6NlNpR1l3SzhsRzhDYjZoZ2dobU1icHNkWVRicEZSdnktMjI5V09tcnpEc0c1eG45ak1rTkF1bHd6UjZvUFZ4UF8tRUEtMFZ1bVhzYjVuTDgyUUhHZHVvZkpiNVRFXzBmbG5vYUpiVG5YbmNib25sNVNhRkxUU0hRUkJEbFFoVjl2akZscUg3U1NFM3B6SzBjd0hYS3lRZE9lMUw0WHZkRkExSno3YlU?oc=5,en,2026-08-19,
Trump says he will meet with North Korea's Kim Jong Un,Politico,politico.com,politico.com,2026-08-19,https://news.google.com/rss/articles/CBMipgFBVV95cUxQblljQTRSXzFobmRPbG5odlU2UERSalhBc19yaTItNkVmTEllLTFISGZNRlQwVVpaLW5Odmkzc1lEdm9OeUJKdUVQQ3I5aUoteHZ0VEhJQm9JaERqNmk5MEFXVG10UjlxNzY1NExwNnNITG5UZ0hraFVUb0VFWGhHNWFjNURyM0N3SFRRTzgwN0JrOEl2MGV3eFAyN3Fvcnl3U3pFSUt3?oc=5,en,2026-08-19,
Trump is trying to wage an ambitious trade war with a shrinking army,Politico,politico.com,politico.com,2026-08-19,https://news.google.com/rss/articles/CBMiugFBVV95cUxOUXgzUEpkYTdWRGpaeUpZYUs3UnRTVjZ3THJQUEl4SnZIQVZxdm5iOGVMSkhQWVVROThOeGltb0poS0FDams0STFNV0JwNmxOakpncW1MWjJwdzFXcXpJUzVTdTFfcW9tZUhjby1RQl9SU3JXNkRWalFPR20wcGdTLVc3N3BUYUtYSkI3TkRFVDRfNW4xdklBSk9Fc3ZjYXQ1NnFqYnNSTWJhaGZjMG85RjN0dS1kSmI5a1E?oc=5,en,2026-08-19,
Florida rejects Democratic establishment — and even snubs Trump,Politico,politico.com,politico.com,2026-08-19,https://news.google.com/rss/articles/CBMirwFBVV95cUxONlpVWUhOSE84bVp6bmk0djFLU1p6U2s2VDA2SzBDcHZHT1lFOXVvSUFVM01JTXBBRjhIZTdKT3Fidk5GQ2MyN2RfbmJ3eWV0Y2RnaE9mZU4za3g1UFkxUUhiOTJVZDdmUGZEVm14SWVydTdwaUVraDlVVEhZQ0RCY3JJQWFZSDJ1SlFPSUFOUm5vWUpPUU5HT2FWWDRfVE9IVnh3Y2VkYjgyYzZDNVdN?oc=5,en,2026-08-19,
Trump’s pick for Wyoming governor is the latest endorsee to lose primary,Politico,politico.com,politico.com,2026-08-19,https://news.google.com/rss/articles/CBMivgFBVV95cUxPQWlhNTJZTVBsODB1STFac2MxaUhQMXN0cmtiQ1VRR3ZyX0l1blU4MUp4UlotUHRETDdTZmU4ZFNvU2hIQ3VyTEg4QVVXaURaU3NSMUtsc0doYVdwRGtfWm13ZEJfUDUxamMzcmYxNUZDWjVUdnRDaTFzd0NzRmU5TERYTG5UNmZtY2VZZVQ4Y0xuNDdhNEM1QUNPTVBzemxNMm9BblRVVUQ3cWxtcVluSWtNcnh4TDFGMG44ZjRn?oc=5,en,2026-08-19,
Trump hits pause on new Canada tariffs,Politico,politico.com,politico.com,2026-08-19,https://news.google.com/rss/articles/CBMikgFBVV95cUxQc3dHTkdRdzdweUxQM3R0ZVBwZ0pWNEZ4SnRlY0NVOUJZY01XcUs1MnljeTlUQi04c216akg1R3BJV2RVVW51TDBMaWJObi1nZElzTkFOLVRuZ3drbGU0cTY3Tk5PTG9pOHZtR1Y2Ymh3YnBsUHBRMG9aLU1xTzZvWUhCTnNPdThta29IS0I1Z0pzQQ?oc=5,en,2026-08-19,
Trump to select Heidi Overton for FDA commissioner,Politico,politico.com,politico.com,2026-08-19,https://news.google.com/rss/articles/CBMimgFBVV95cUxPUFZqcDVCb3pNUFdXZzZxZ3hLTGhFTmZWbnhuOHhTYXg2UWhESFhlRzVfbWQ5cTVBVUc1eDhZWlVsWWQwbHR2S1RBQlFpQzhvYUEwcWhlQ214XzF6dlRNaWswbGUwclVmR2VVbDU0LWFKU29pR083N2ZfckI4T3lmaWR4Y0g2Uy10RmRVbU9PQXExalhNNVQ2TWJR?oc=5,en,2026-08-19,
US debt crosses $40 trillion threshold after doubling under Trump and Biden,Reuters,reuters.com,reuters.com,2026-08-19,https://news.google.com/rss/articles/CBMisgFBVV95cUxPY3NKYnBaTEJPd09VZndtN19jYWFXX3FIZE1KZV9VSlp0NWxMNmZNbFZYemVWR0RWYnpUOWpQM2w4eWQ1aVQ3UEtCTVc5Y2Ric2lteHdZSmZSdkRKVXRDaTdoVDZNd3I4YUsxMnZLN0tuSkpSd1VmbnNEUEhSOEJKdi1Hd05iMU9MQmQzSVl3YmFCYklzRVFrbVlpcDZEbk54VS1GT3NJZllDeWRSZTl3dEp3?oc=5,en,2026-08-19,
Trump the builder carves his legacy in stone as pressures mount,Reuters,reuters.com,reuters.com,2026-08-19,https://news.google.com/rss/articles/CBMinwFBVV95cUxQdXpsWnAwT1J2UjI3TFBJdHp6YW5lMW5yQ0dDNzNleFhraTQ0MTFiQkxhQVAxNEtZLWF5T3pEOUt6cGVqemdTMlRBNU9OYkRfV0VlbXFONGVWTXBIZW1JaDFxTktGVDh3SHJXQ1U0Z1liTGhnUjBSTEoyRjJzQnVPX2VFUk82dHc2X2YxTHM4SEVKRUZMdkJOMjNwWE1WSGc?oc=5,en,2026-08-19,
Trump says he plans to meet with North Korea's Kim this year,Reuters,reuters.com,reuters.com,2026-08-19,https://news.google.com/rss/articles/CBMipAFBVV95cUxQZjlyRG93Zk1yZ01NcGdqcVlhN2JDWDFfRndXM1VvSEF4UmExQ3NMVkJFcTRIYkdSSGNYR1UwRnU5cUUxa3QwMHl2MWFVQmswdVlqbUxvNU9GOXpiU3VJTktyLXktMk9BMVQwNGVTYW5VZUlQVEJYNlFtdHlUSE80aEtvRldkM2FHYVBaSXEyVHZVbzdNc1pWOHIyMDU5Z0tBMW90QQ?oc=5,en,2026-08-19,
Trump calls for Congress to pass crypto bill at White House event,Reuters,reuters.com,reuters.com,2026-08-19,https://news.google.com/rss/articles/CBMipwFBVV95cUxNeXlaZ0VhOGd4LUliRjFMSVhSaWxjVE5rTGp5ZjFxaHJKLVFGRGhPYjV2VXJiaXVnQXJCRi1GMmJ3bUlFM0FETnlmaC1hM2s3UzhvNk5HRUVGREV4UjdrejZPaFBxUTFyT0JXY2lMdEM3bkZnaVo1UWtzbkc1VFpuT2tteEFPVmJ0YXRuN295RXpENE9zVWp5UXhBY1VzUGZmXzh0N3p5VQ?oc=5,en,2026-08-19,
"Most Americans believe Trump has inappropriately profited since returning to power, Reuters/Ipsos poll finds",Reuters,reuters.com,reuters.com,2026-08-19,https://news.google.com/rss/articles/CBMivgFBVV95cUxOU1h6LUQwS0tnLUt3MTFHQjVaSHRvTExtWkRCZ3VTSzBEZnJId0lGeGlOUHJicklYQVk1N2k0V2dkZWppV3A3bC15RlpZZmRNUWJtQzBmT2V3U01rU2pGRlZPQl9STkZBZFlmN3otOWJWWV9NaW1PYURRWWh4ZjZISExOaVhudHlCOG95Y2NhMmtHT1VVYUlhclpCcmpKUklXY2FMWUdDYVBid1lVcUJnVXdRWXdLb3dTdGhESktR?oc=5,en,2026-08-19,
Trump put thousands of soldiers on Washington’s streets. They seldom stop crime,Reuters,reuters.com,reuters.com,2026-08-19,https://news.google.com/rss/articles/CBMitwFBVV95cUxNSkpHV0wwZHN4MV84emhmbV95VHJ0UHZtd2dPN1owdVJORzA5VG5uY2kzczR6VF9GOVBsOThTRmxrWFA1ZU9TMV9WX3hnMkctdG5WYkgyZkh5SGVUZEdscE1ENjJMUjZOdTZYYXBxa0E4eE9CTnhIRW9VRExKV1NFd3FoT2Y3Q1lGaDlYRjFuSWd6UHdrWkFUczhZZ3h3SWJwb2hjMERsYXQtelA1ZlBSTW5LdXdid1U?oc=5,en,2026-08-19,
China's Wang Yi in South Korea for talks amid Trump push to revive North Korea diplomacy,Reuters,reuters.com,reuters.com,2026-08-19,https://news.google.com/rss/articles/CBMiwwFBVV95cUxNV2Y5a01ZMXZHOVkzbjMteDRKZVhLb2ZGQlhkYkFnLXZ3VThOMUNLQ1o5RHp5WXpISW1WbG00TndoNk40Nmo4Sy0ycDcxNDkxWjdTX0h4MWRNUjhMNk9tV0FPTWFrQ3gwcnN4UTVvVVdWUjN6eHZSSkZMUW9BblBzblc2UVJKbUdFMW5LSkV3WEd3cmM5c0dBYnpEbEJERG9QSzJXQ1FHZGJkVWtfYktTd0hkU3M3ODRtbVowM0duX2RyaW8?oc=5,en,2026-08-19,
ABC says intimidation by Trump's FCC forced programming changes,Reuters,reuters.com,reuters.com,2026-08-19,https://news.google.com/rss/articles/CBMitgFBVV95cUxPX3ZYbU5MNnNYbTFkLVlneThkUmNXNDk2TWJyc3VjVjZEdmRQSGpMWEpUVUpFSmdKdzRNVmFkdGo1YWw3RE90YWdsMXkwLTFUZFF0RHRTZXZJSDVWU1ZYbHJHNnBIVFFqLXhKT1ZYcFlnek1EZkM5bUdKTHlGTUZacU1oLTBxSS14eVp0bVdQOWVXMHczLUI1OC1vbUV6NGdUOUxLb2E4SjE0UTBCeWwxanZIMktRZw?oc=5,en,2026-08-19,
"Trump pauses tariffs on Canadian imports, Carney says key work remains",Reuters,reuters.com,reuters.com,2026-08-19,https://news.google.com/rss/articles/CBMingFBVV95cUxQa1BlNEtwMVJSSkVvQjRBMWRlanN4VUs0aEFKUjIyWU93N090cHl5MjN6Q0VCMWdvUVhseXI4N3Y2aUdXTy1oeHpQVE5TYjdiLVlOcFdaMWswRGVsZzZ0dG5HamdSeFdMSFc5bTZZVHNwaWp3SXRWT3IydFZnR3NSVm13bnEzbTdxajVkbFpzUUhwc01zQzFwWG8yT3RHZw?oc=5,en,2026-08-19,
"US families, healthcare providers under strain after Trump crackdown on Haitian immigrants",Reuters,reuters.com,reuters.com,2026-08-19,https://news.google.com/rss/articles/CBMixwFBVV95cUxPY1hxU1pUQUZZUFBGRUVHU0oyd3pNUUVjZ1ZwTG1RekRDV1pVVnJReFJMMFFaWVdSYWdORDBsRlhCUzBUMFNNajl5eHJwcVhnVFlNOVNrSzZBcTJhdnEzRFd2bWRSWFBUV2w2a0ppM2pUOHNwTmlfdk1nS3RCQUhQZF9ZLVE5czNYVUxoLUZnaVVMQUpUcGIzeXBrakdacDQ4Nm9QVzYtVTRieVFWYkFZZ3k2NDRNczJIT2ljSmR6V1U1RVduNmpZ?oc=5,en,2026-08-19,
"Trump pauses 50% tariffs on goods from Canada, says two sides have a deal",Reuters,reuters.com,reuters.com,2026-08-19,https://news.google.com/rss/articles/CBMiqgFBVV95cUxQT190OW5VSmgxa3lud1N6Zm9zbUxGUXpMMEEyRXc4R0M5S3RNMld4YXh4ZjRxc2lNcm9TQ0JOcXVjY0tVYnBveHN6RWcwcXZ3dkxoajNzV3VXNFl1TGFvV1dIaTJUT05vQ1pnRmpkRlFRWmxvUzF2X2d0RUg3STRBQmZWaGVWenhtdzVsS1NtdTJ6b0NyUVk2UUwwNFRfam5DWUp4dEcydUtRQQ?oc=5,en,2026-08-19,
DOJ argues Comey novel shows he knew ‘86 47’ post was a threat against Trump,Reuters,reuters.com,reuters.com,2026-08-19,https://news.google.com/rss/articles/CBMiwwFBVV95cUxOaWZTeUdMZERSdUtKTEFkZWhxMktJYUpqU19Td2hMRnczNkxBNG1YUmNSd1ZIR2NiT1F0cHpxeThQNHk0WkdPdDRYY0F5ejZCczZQRWU2cEJ2alM3U21KcEJlYlVaX0ZsOGlaaHMxTjZvbk1PUVV4aDlTM2VRMUVTQTB3SmlfNTNKc0xBVWtaY2M4bHRtVmJ5ZDBlTFE5UjdPR3U5ZWNoNTdreDVFcWlqUEpfLTBLbnV1emhKbXNpTU9OQ0E?oc=5,en,2026-08-19,
Trump's bid to inscribe name on Kennedy Center faces renewed court test,Reuters,reuters.com,reuters.com,2026-08-19,https://news.google.com/rss/articles/CBMiuAFBVV95cUxNakxlTWZTdnhuWE01cmNFX2JLdjdMM3JqaVRfaE0tejJCY3FRVkdZamNCdTFfVUJRR0d3QXBzRGVZVHF5RTdlTlZCRFJyeHkxb0FkR0ZhM1FPNkR4bTdDcXBIN2pvZFYtUmkwUzlyQnFEa1I3RzNJajNraDhjcm5oaDRfSUFpVHBqWS16eVY1bnJIRVZQUE8xamc2SXhwSExpWDdKN1U3S2psTHZsTVhFOXQ4TXd6dVRs?oc=5,en,2026-08-19,
"South Korea minister says Trump appears to be pressuring Seoul over Iran, investment",Reuters,reuters.com,reuters.com,2026-08-19,https://news.google.com/rss/articles/CBMi0AFBVV95cUxQTVZrYXM5NGpibkZyR1hqU0JpVWV4S084VkR4UGhsUDItUlpodjhuSl90NkJXdXBSc3NEcFZ2QzVIZFpoLXpDNWliT014aW9IbnNOd2o4eWUyZ2gyOFU4bHhSam1uczNnMVRrdlhHcVBKZDNqdWk2eTBJUkdWcjdSZEJfZ0pwQ0YzVk9vbmU2RFdOOTdQVE53WDNyOFUzend2Z01CaHBGaVFWc2hrSWxPdXMzV3Zfa083S2poUTI4b3hhM3FtVURfWXRsTmp5cFNY?oc=5,en,2026-08-19,
Trump picks White House ally Overton to lead embattled FDA,Reuters,reuters.com,reuters.com,2026-08-19,https://news.google.com/rss/articles/CBMikwFBVV95cUxOanVmYlVxbkJTQzEzaWkzczNmNHVEeVJGbzkyMnVBQk80UVF1M2JueFoyMUxiNzVub3dvVWdPZm02ekNOQmZVN1ZaMmxMZmk1WnRENlNmMXA4a2F5VHpCODVvZjIxOWp0ZHpVNUlpTFZ1VmxCU0dBc21ReUUwb0FmRG1rWS1ORjZsbEVxQVRoSGZDNUE?oc=5,en,2026-08-19,
Trump names nine new judicial nominees as November midterms loom,Reuters,reuters.com,reuters.com,2026-08-19,https://news.google.com/rss/articles/CBMitAFBVV95cUxOZWdUQUdRNHYzaFJ4V00wTUhoZVZNUVdGWE94eWxjeTl0eGE0WmZNVm0tSVNtMkFYUXMyLWQ2N3lGRTZyODdnYnhNVDhlQk5Uby03enZtLVpUa293SUFVZm14cG5zMERqT0RGOHQ4ZW1PVkNVM2M4SW5kTWMyZVM1b2hGalI3d1o2eHN5RGlDMXAweE9MRElzZ1V0YmQ2M0w2VFIzUVZMS0xkVy1RaHFDNWN3M1c?oc=5,en,2026-08-19,
"Trump picks White House adviser Heidi Overton to run FDA, source says",Reuters,reuters.com,reuters.com,2026-08-19,https://news.google.com/rss/articles/CBMirgFBVV95cUxOMHRrSk9aZ0VFa2VURVpJUk1ZQnlnU0dWYjNXaGFZTkcxRXozYnZaTFpoUkhJVEZsWGFTanNpMFY2dTdTM3MzWnpoYjNta2xrUUg3T1pVU3pqb2h5cHhmSnJ4RnBJUFZaUmdWd200RnV1RXUwUk50bU91NWlvd2lBeGR6NllRZ29Cdm1nWXZVN0U4eElfRGREdDRsbnhFcEUyV19zdVBDeFdPd09MLVE?oc=5,en,2026-08-19,
"IndyCar race comes to Washington, tracing a city reshaped by Trump",Reuters,reuters.com,reuters.com,2026-08-19,https://news.google.com/rss/articles/CBMiqAFBVV95cUxNRVVQVnNaMFhibWRLWVBCQWVOUVl4b295NjJDeFQ1M3dsSDBDUWRnOGRwcjhBa0hDVTlHNC12WUk1NjFhd0tYR192MUhFdmVLVFM1NEYtdUFsRVdrWGpjWUtaYlVqellNdWowcmctT0ZfTWljRkh1SmZreE5QMlhaYXRiQmxCMFo0QXNaZ2U0QnhEeThnaVVQM0N6cW1TeXBDSTZZRXRPSTg?oc=5,en,2026-08-19,
"Trump administration antisemitism probes into universities lacked evidence, ex-DOJ attorney says",Reuters,reuters.com,reuters.com,2026-08-19,https://news.google.com/rss/articles/CBMiygFBVV95cUxOeFh1aERJODJvRjlLSmpFWGZSMGxLV2Vnc2VLeXhYMmRxaDdQZVFMVjRKcW1LTlJPZDU4SWJCM2ZZTzNzb3dPWWRGd0lBbi1XVGt4dUdraENvNGllb241X3FlZG1NUjBRZ1lzU1JTeUEzTHlKN0NILUtGd3QwbVJZZlpYS0V6T2Z5Z0dvYXdNbjlJTFppbGJDQ0cwZlhpMTJuMnVFeTVQdU52X1FJU0JhbVRPS09zU2NvVXB5VjljeE5ITUMzbUNEYnd3?oc=5,en,2026-08-19,
South Korea says caught off guard by Trump's order to cut military drills,Reuters,reuters.com,reuters.com,2026-08-19,https://news.google.com/rss/articles/CBMiwgFBVV95cUxPbWYxYTBmc3JJV05xd3dJdm53eGVOalN5VldSVUQ3TzlXQl9IU1ZrX0xETkNQS1ZzX3R6aG9nM29oeHZyVFI4bDI4Ni01cThHcE16NWJiNWs1b014WGpyTVlvbGRrNE1MOG8zREM3S3g0eVNaekVnSjBXYmUySDUwTU1iLUI1TXRQLWZHcExUbFIyajBtZDl2cjIxVjZxYUI1ZzQxUTBHMDJGUERwQnltQUVlOVJyZDJsWjJfcVI4TXF2QQ?oc=5,en,2026-08-19,
Kai Trump shares college apartment haul from this popular store,USA Today,usatoday.com,usatoday.com,2026-08-19,https://www.usatoday.com/story/entertainment/celebrities/2026/08/19/kai-trump-target-college-apartment-shopping-haul/91375274007/,en,2026-08-19,
JD Vance endures Marine Corps obstacle course in new video,USA Today,usatoday.com,usatoday.com,2026-08-19,https://www.usatoday.com/story/news/politics/2026/08/19/jd-vance-marine-corps-obstacle-course-video/91374893007/,en,2026-08-19,
"Will LIV Golf survive? Scottie Scheffler, Rory McIlroy, CEO sound off",USA Today,usatoday.com,usatoday.com,2026-08-19,https://www.usatoday.com/story/sports/golf/2026/08/19/liv-golf-future-scottie-scheffler-rory-mcilroy-pga/91369978007/,en,2026-08-19,
Do democratic socialists have a chance in midterms? Tell us,USA Today,usatoday.com,usatoday.com,2026-08-19,https://www.usatoday.com/story/opinion/columnist/2026/08/19/dsa-candidates-2026-midterms-democratic-socialism/91368818007/,en,2026-08-19,
SEC proposes crypto exemptions that could ease token fundraising,USA Today,usatoday.com,usatoday.com,2026-08-19,https://www.usatoday.com/story/money/2026/08/19/sec-crypto-rule-changes/91375573007/,en,2026-08-19,
Natalie Harp's brother speaks with on sister's 'obsession' with Trump,USA Today,usatoday.com,usatoday.com,2026-08-19,https://www.usatoday.com/story/news/politics/2026/08/19/natalie-harp-brother-interview-trump/91373522007/,en,2026-08-19,
US national debt surpasses $40T after doubling under Trump and Biden,USA Today,usatoday.com,usatoday.com,2026-08-19,https://www.usatoday.com/story/news/politics/2026/08/19/us-national-debt-surpasses-40-trillion/91377595007/,en,2026-08-19,
"Most Americans say Trump profits inappropriately from WH, poll finds",USA Today,usatoday.com,usatoday.com,2026-08-19,https://www.usatoday.com/story/news/politics/2026/08/19/trump-crypto-profits-inappropriate-reuters-ipsos-poll/91378000007/,en,2026-08-19,
Trump taps White House adviser Heidi Overton as FDA commissioner,USA Today,usatoday.com,usatoday.com,2026-08-19,https://www.usatoday.com/story/news/politics/2026/08/19/trump-adviser-heidi-overton-fda-commissioner/91371821007/,en,2026-08-19,
Woke 1 and Woke 2 are new political buzzwords. Here's what they mean.,USA Today,usatoday.com,usatoday.com,2026-08-19,https://www.usatoday.com/story/news/politics/2026/08/19/woke-1-woke-2-meme-origin-aoc/91351078007/,en,2026-08-19,
"Rory Kennedy on 'Freefall' Boeing doc, CEOS to face 'criminal charges'",USA Today,usatoday.com,usatoday.com,2026-08-19,https://www.usatoday.com/story/entertainment/tv/2026/08/19/rory-kennedy-interview-boeing-documentary-freefall-netflix/91149194007/,en,2026-08-19,
Why Trump aides keep getting oxford shoes gifted to them,USA Today,usatoday.com,usatoday.com,2026-08-19,https://www.usatoday.com/story/shopping/trending/2026/08/19/shop-president-donald-trump-aide-gift-oxford-shoes/91370123007/,en,2026-08-19,
Trump unveils granite helipad also suitable for White House cocktails,USA Today,usatoday.com,usatoday.com,2026-08-19,https://www.usatoday.com/story/news/politics/2026/08/19/trump-helipad-white-house-granite/91371500007/,en,2026-08-19,
Jimmy Kimmel uses Donald Trump attacks to campaign for Emmy,USA Today,usatoday.com,usatoday.com,2026-08-19,https://www.usatoday.com/story/entertainment/tv/2026/08/19/jimmy-kimmel-donald-trump-emmy-campaign/91370411007/,en,2026-08-19,
Trump tells Supreme Court delaying ballroom would present security risks,USA Today,usatoday.com,usatoday.com,2026-08-19,https://www.usatoday.com/story/news/politics/2026/08/19/trump-supreme-court-ballroom-white-house-construction-risks/91371810007/,en,2026-08-19,
Rosie O'Donnell feud with Trump part of 'Jimmy Kimmel Live' monologues,USA Today,usatoday.com,usatoday.com,2026-08-19,https://www.usatoday.com/story/news/politics/2026/08/19/rosie-o-donnell-donald-trump-dispute/91366879007/,en,2026-08-19,
Trump says he will meet this year with North Korea's Kim Jong Un,USA Today,usatoday.com,usatoday.com,2026-08-19,https://www.usatoday.com/story/news/politics/2026/08/19/trump-north-korea-kim-jong-un-meeting/91370177007/,en,2026-08-19,
"National Guard in Washington, DC, have minimal impact on crime",USA Today,usatoday.com,usatoday.com,2026-08-19,https://www.usatoday.com/story/news/politics/2026/08/19/national-guard-washington-dc-crime/91367497007/,en,2026-08-19,
"FL, MI may elect Black governors. The media sure is quiet",USA Today,usatoday.com,usatoday.com,2026-08-19,https://www.usatoday.com/story/opinion/columnist/2026/08/19/florida-primary-byron-donalds-republican-governor/91337680007/,en,2026-08-19,
"See Wyoming primary election results for House, Senate, governor races",USA Today,usatoday.com,usatoday.com,2026-08-19,https://www.usatoday.com/story/news/politics/elections/2026/08/19/wyoming-primary-election-results/91284950007/,en,2026-08-19,
"Angie Nixon, the Democratic Socialist who made Florida primary history",USA Today,usatoday.com,usatoday.com,2026-08-19,https://www.usatoday.com/story/news/politics/2026/08/19/angie-nixon-dsa-democratic-socialist-florida-election/91364091007/,en,2026-08-19,
Melania makes few public appearances. What has she done as first lady?,USA Today,usatoday.com,usatoday.com,2026-08-19,https://www.usatoday.com/story/news/politics/2026/08/19/first-lady-melania-trump-public-appearances-summer-break/91334558007/,en,2026-08-19,
Trump’s Iran war becomes a growing liability for Republicans,USA Today,usatoday.com,usatoday.com,2026-08-19,https://www.usatoday.com/story/news/nation/2026/08/19/trumps-iran-war-becomes-a-growing-liability-for-republicans-the-excerpt/91357467007/,en,2026-08-19,
"Darline Graham 'not informed on national security,' she says at debate",USA Today,usatoday.com,usatoday.com,2026-08-19,https://www.usatoday.com/story/news/politics/2026/08/19/darline-graham-debate-national-security/91367277007/,en,2026-08-19,
Former Trump official seeks to channel MAGA's backlash to Iran war,USA Today,usatoday.com,usatoday.com,2026-08-19,https://www.usatoday.com/story/news/politics/2026/08/19/trump-iran-war-maga-dissident-joe-kent/91344989007/,en,2026-08-19,
"See Florida primary election results for House, Senate, governor races",USA Today,usatoday.com,usatoday.com,2026-08-19,https://www.usatoday.com/story/news/politics/elections/2026/08/19/florida-primary-election-results/91272188007/,en,2026-08-19,
Wall Street is losing faith in the Magnificent Seven,USA Today,usatoday.com,usatoday.com,2026-08-19,https://www.usatoday.com/story/money/personal-finance/2026/08/19/magnificent-seven-stocks-401k-wall-street/91354381007/,en,2026-08-19,
"US news today: Natalie Harp, Iran, Meta in Daily Briefing",USA Today,usatoday.com,usatoday.com,2026-08-19,https://www.usatoday.com/story/news/2026/08/19/natalie-harp-iran-ice-hayden-panettiere-mlb-tupac-trial/91366354007/,en,2026-08-19,
Trump joins leaders of crypto companies in push for industry-backed bill,Washington Post,washingtonpost.com,washingtonpost.com,2026-08-19,https://www.washingtonpost.com/politics/2026/08/19/trump-joins-leaders-crypto-companies-push-industry-backed-bill/,en,2026-08-19,
What it means that Democrats are winning special elections in Trump country,Washington Post,washingtonpost.com,washingtonpost.com,2026-08-19,https://www.washingtonpost.com/politics/2026/08/19/what-it-means-that-democrats-are-winning-special-elections-trump-country/,en,2026-08-19,
Trump says he expects to meet with North Korea’s Kim Jong Un later this year,Washington Post,washingtonpost.com,washingtonpost.com,2026-08-19,https://www.washingtonpost.com/politics/2026/08/19/trump-says-he-expects-meet-with-north-koreas-kim-jong-un-later-this-year/,en,2026-08-19,
"Trump shows off his new helipad, brags about construction projects",Washington Post,washingtonpost.com,washingtonpost.com,2026-08-19,https://www.washingtonpost.com/politics/2026/08/19/trump-shows-off-his-new-helipad-brags-about-construction-projects/,en,2026-08-19,
Three more Trump-endorsed candidates lose their primaries,Washington Post,washingtonpost.com,washingtonpost.com,2026-08-19,https://www.washingtonpost.com/politics/2026/08/19/three-more-trump-endorsed-candidates-lose-their-primaries/,en,2026-08-19,
How Trump’s dismissive comment could damage GOP chances in a key House race,Washington Post,washingtonpost.com,washingtonpost.com,2026-08-19,https://www.washingtonpost.com/politics/2026/08/19/how-trumps-dismissiveness-iran-could-impact-key-house-race/,en,2026-08-19,
"Trump says he has paused 50% Canadian tariffs, touts last-minute deal",Washington Post,washingtonpost.com,washingtonpost.com,2026-08-19,https://www.washingtonpost.com/business/2026/08/18/trump-says-he-has-paused-50-canadian-tariffs-touting-last-minute-deal/,en,2026-08-19,
I know what U.S. Navy sailors sacrifice. Trump’s indifference stings.,Washington Post,washingtonpost.com,washingtonpost.com,2026-08-19,https://www.washingtonpost.com/opinions/2026/08/19/i-know-what-uss-abraham-lincoln-sailors-sacrifice-trumps-indifference-stings/,en,2026-08-19,
Trump’s steam obsession risks crippling the U.S. carrier fleet,Washington Post,washingtonpost.com,washingtonpost.com,2026-08-19,https://www.washingtonpost.com/opinions/2026/08/19/us-navy-readiness-could-be-crippled-by-trump-steam-obsession/,en,2026-08-19,
Opinion | Trump’s steam obsession risks crippling the U.S. carrier fleet,Washington Post,washingtonpost.com,washingtonpost.com,2026-08-19,https://news.google.com/rss/articles/CBMisgFBVV95cUxQT0c0Z3M2S1NCY2RLU3VUck5kWUtjNHJidHh0alRXYTlIWmNrdlEwaDU1bmtvSFBXVHFTWW1WSmRNOFFCVUhuYnM3Uk9zREE0QlJsY3FXNTRmSE9WT3lodmdDSHZOU09XMlBJUVN4N2ZUTHFBU1hFSm0zUG5LbVljcGZpME5vcnpSMm1ZcnREbV9ORmhqclVhODhVT3JYTVNpZFcwa21TNkdISUxTMzVmcW1B?oc=5,en,2026-08-19,
Analysis | How Trump’s dismissive comment could damage GOP chances in a key House race,Washington Post,washingtonpost.com,washingtonpost.com,2026-08-19,https://news.google.com/rss/articles/CBMirwFBVV95cUxPT1pLLXh0bW1fWnVld3FaZGRLT29kTjZDeFdsbHltTF9TT2dySU1mLXNPcUhfcUdNdGh3MjEwUnVvNjlTSUdpWHREcjN4V3dtSGhtU05YM21jU3R6TW41bVlqcThYWDdWRDZ1bmwwRXdXbXNYZW1uNkNqRHJMdl9HYVFBcXo1TlJVVXBHMHYzeUlydlZaUktVa0NFWWo3TU44ZmVSd3pBMlQ3djBKdkhF?oc=5,en,2026-08-19,
Trump’s ICE nominee helped lead one of the harshest immigration crackdowns in U.S.,Washington Post,washingtonpost.com,washingtonpost.com,2026-08-19,https://news.google.com/rss/articles/CBMivwFBVV95cUxQVFp1YzNULWs1aXE1c2tfNFctQVZQd2RGM3lYNVlpTHJPUndWS3AwRlczQ1NTTExoQ01rbWNIam0wU05tVTQ0TEd3VmpwS0pnRGFRbWtmSW12eDFIb3p6QVA5d1MzSWY0Q3dWQTRBR2pjUEtEa0tMclR5X2FiUHF5c1hlQkhTR2V5LUxuM2o3MHQ2SGhSS2YyTHh1UnViM2c0Tm5jMmRaUHc3S0tfOVNpaE1kaWpGdlVVdFBQMWpWaw?oc=5,en,2026-08-19,
"What to know about Natalie Harp, the Trump aide whom Ossoff put in the spotlight",Washington Post,washingtonpost.com,washingtonpost.com,2026-08-19,https://news.google.com/rss/articles/CBMiuAFBVV95cUxQSXkweFY3OUtSMjhtQWg4VHhBU29SbHFmeUE5QW5FU2lkMHJHd3djczFvVkNPVXRuaU9WcnFuajVRZ1dkOVFJUmRkVV91bnQ5RU9FTVZlM3JNZE9hTVlVODV0RVFvRUl2b2I5SjVZQzB6bHVmSWJmLTMtbHNEU1R1V29ta3hHUDM1Q19wUndZTDVQajgwb0VhVERCeVVXU0gxVU1rek9GOF9Dc0NnTmYtcEVmYVozeWt4?oc=5,en,2026-08-19,
Wednesday briefing: Florida primaries; Trump aide; Tom Holland workout; and more,Washington Post,washingtonpost.com,washingtonpost.com,2026-08-19,https://news.google.com/rss/articles/CBMijwFBVV95cUxNUGEwVUdUYnBkSmpLM2dJd2hvRmxZSVZMajFQc1dZaFgxcnVQUnpiWGZRa0UwNFBQQURZUTFPaThlLWNER1JYQUxTY3RPdXY4MmEyNk44V0hqWkxZdGk1Uk1xeTNaSnl4SGJXTkNsTXNXN1FHeEFXWHFuUnplMFowWlhYWndhU1FHVzB6NWNESQ?oc=5,en,2026-08-19,
Trump seeks to open millions of acres of national forests to roads,Washington Post,washingtonpost.com,washingtonpost.com,2026-08-19,https://news.google.com/rss/articles/CBMiuAFBVV95cUxPZHZfRTMtMzlKTFNUYlFwMjB6WWxZRW8wR21PMHR3RTNRYzAzNTRfa0xLYy1KWmJrZFJqRHE0MWRmVFM1ZE9Mc19PMjVfM2RJZWZGYW9YNU5fM1p0OFFvSmpyb0tjbnV0Vllsd2JHT0gwT1Y4ejlfTVVfUEp0bFZtZENvdW5xNmlacWlYcjZmYlJhbWJ6cHF6SmdYMDd2b0xRZ3VnTUVtR3FId0MwbXg4c2ZZelM5VzZY?oc=5,en,2026-08-19,
"Trump says he has paused 50% Canadian tariffs, touting last-minute deal",Washington Post,washingtonpost.com,washingtonpost.com,2026-08-19,https://news.google.com/rss/articles/CBMivgFBVV95cUxPczBlQ0I3TGgzYjFzWnVjelNKZ043cmdMTUNNX1hKWXc5STBoclhLQUEyeWJHaDBub1pJRDEtQnBLNUhEUEZobmhkdmxVcE9CTmFnUUgyemhHeHJQTW5CQkI1SWM2bkc4bmEtdnVBSno4TVFQcHhkTzRocWFTcnp0VTJUaDc0Q3B5VEM3SkRnQjVJeHh4WVkzTmdPX3RpblYzZEgtdmY3cVg2c0l0a2RHSUpYXzlBSTUwa2lFMnpn?oc=5,en,2026-08-19,
Key witness in Trump impeachment trial loses to democratic socialist in Florida Senate primary. See live results.,Washington Post,washingtonpost.com,washingtonpost.com,2026-08-19,https://news.google.com/rss/articles/CBMiyAFBVV95cUxNQjVzMkRmZkcyNDBXUzlPRm03Y3hmMmtLVGpnX3dndnpxNjB6UmJKLWI3dlVrVk8xU2NtT050U0dLb3gxME8zMzl2Si1YQ3dvaXFael9RRFhtUnkyeEZ6SXU4OTZaRndCNm10cy04V2lDdy1kREN0M05ubVRvWEFRZFdQTUs0bzNEaHI2YzljSnd4TXlzNVU3ZG1ZZ2VwcVc1Q2Z4ODhXS0NUQW5nRTJib1d6WXMzQnFEN200YVBNYTZVS1k3Y0dRMA?oc=5,en,2026-08-19,
Trump revives unverified claims of noncitizen voting in 2020,Washington Post,washingtonpost.com,washingtonpost.com,2026-08-19,https://news.google.com/rss/articles/CBMiqgFBVV95cUxQQ3hZRk5BdjlGXzd6Qy13M29iWkVkSWQwd0RpRGFyQWl3ci1Oc1hNWkcxNFl6bjV0MV9ZWVpmazY5M3g3OXB0U1VIWDZabzlZT0YzYTQ5Z0dpLXhINzQzcXdpNFBRdWlYOUxGS1VGRzgtWWJvalFzeDhiRTdhY2RMajhfaXp5M1RfbDE5NmtJZUxjekszdjZwOU9XYWljYVJFWFVLQmM3c2hQQQ?oc=5,en,2026-08-19,
Opinion | Trump inverts his own foreign policy mantra,Washington Post,washingtonpost.com,washingtonpost.com,2026-08-19,https://news.google.com/rss/articles/CBMiqgFBVV95cUxNYV9rbEsyeWsyZlV5blBaeUtoaWtQOVVtcElxbWtrUTk3YWFuT012Zy1XeUJpMFZXWWlvMVNNbnVWdm9aYlpDLW5rYW50SjNJT1h4S2tvY01xd2hfaXdZNmZTVkpTaXY0Z2lHcWtsNmI0ZGxxdWN0SUlCZGhwaGhXLVlYd2o4X1EtSnYtSWxTRzRyMnJqdGpkRFhqT2xldFFULU9vNXc2U0RYZw?oc=5,en,2026-08-19,
"Trump pick for Wyoming governor loses primary, adding to string of defeats. See live results.",Washington Post,washingtonpost.com,washingtonpost.com,2026-08-19,https://news.google.com/rss/articles/CBMivAFBVV95cUxPVjl2Q0RCU1dPRmJERDdDY3hWczBEM0lKSmlaNnU2VDhOOTZXamo4ZWNwY2poTkR2WHlncWFHZjFlOVQ0QVNZWnY1eXozTzBkTkd3LXBQVXFNdDZtOTBEdmdHdDF1c2hxaDcxei1FRDZrM09zeDFXYlVPeHdWaFkwSnQxOXBaYmo2YkpwRzFldW9SczRCLTBQUnEzTVgweFJvU1dlMnFhX1BfejJWOGNoaTkzcjhna3U0RUJ6cg?oc=5,en,2026-08-19,
Ballroom opponents ask Supreme Court to keep Trump project on hold,Washington Post,washingtonpost.com,washingtonpost.com,2026-08-19,https://news.google.com/rss/articles/CBMisgFBVV95cUxOdEVHTnY1UHpadmZLTUNtTDRGUFhxbmZxWGN2NWNLUEhZNFBMOVo1eGNPY2NPckVpUlJDUGNTNVd0ZHlyVXdyT0xQZy1Kdk9POGhvSlVYTHM5cTdHbzlQTXhUZm1UNTl0QWtSVGtqSHAyRlBEYndYQkdoZVZ0Q1lyX09yV2E4Nk5vS3BsSlR4RU82dFJTYmN0WjFiX2xObUEzY18tZHUtb3R3cXZMcVByOHVn?oc=5,en,2026-08-19,
Iran live updates: Araghchi dismisses Trump's 'economic D-Day' threat,ABC News,abcnews.go.com,abcnews.go.com,2026-08-20,https://abcnews.com/International/live-updates/iran-live-updates-tehran-adopt-offensive-aspect-irgc/?id=135700072,en,2026-08-20,
"Iran's next supreme leader won't 'last long' without my approval, Trump says",ABC News,abcnews.go.com,abcnews.go.com,2026-08-20,https://news.google.com/rss/articles/CBMikgFBVV95cUxQX3RvSkROQ1dUcVdOb0hGTHNHM092RlZncjZweFNZTFZ2Wm5vM0xSUE1CQVYwZl95ZnZrTUVWbHFaR2Utc1hTMW5WMFNNUlRYOTJQTzR2OUNGMjhjdzRZZ0FZekRDWGlyQkhuNXYxVGtmVzRSaUV2NHU2YllOMUNFQmgwakd2dUJxSGxVbVMwOWZNUdIBlwFBVV95cUxPbGdERVM5X3ktZTVvSDNXNmxvb2FEQllES1NLRVFfOWFvNllwNUdWbi1pZE96Tml2a2U0TEFuREJ4bnAwOVktS1o0TXNuZTRlTlZVV3pnSExrenpianBHZDFqSXo0YTZ3aHVYT0VjVFJpWlAta1BEbHhSZW1UeHhYUU1DQ29aS0Y0aWFiUm9lMGtRbENwbDRz?oc=5,en,2026-08-20,
"Trump's signature will be added to US currency, Treasury says",ABC News,abcnews.go.com,abcnews.go.com,2026-08-20,https://news.google.com/rss/articles/CBMilgFBVV95cUxPSVBSb21sWjJSbFlBS2lIQ1NWLWFadVRkV3ZqN2xpaTZIb3NiSXFVWUhmVS1ETGZjcTVaMEtHMmFUdWVnNjgyZWZhT3lFaVNlQkNlTUlLZ2JSV3pfejczYmlEQlR4WVJudVFWcVEzNE44UmgtVzB2WFhuUlE3UUlrdDVRc3VsYmhFdElOUUUwMWItNXByc0HSAZsBQVVfeXFMT1VBc0xjSnFuMU1meGhLcl9PcUZpRXJFZGZrdkE5Q0tRMm9Ob1RSZ184SzNJY2RZdTVlRUVYWlp5VEVYOE9GZUkxU0dBNVJUWm9SZThCRl9sanE2cDl4aWh4RVhWVzVKMFZhejVJU2Nyb2oyaHVObmNWOUJFMl9GUlJnbjJMN19aTUswRW11eUlJMHNJcTBoaGNkUW8?oc=5,en,2026-08-20,
"Trump says he'll consider giving Turkey F-35 jets, adds that US will lift sanctions",ABC News,abcnews.go.com,abcnews.go.com,2026-08-20,https://news.google.com/rss/articles/CBMikgFBVV95cUxOZkVXSVdMWjlXRUlidzI2bVhDaE5JUHcxcHZWV3NPWkRLZkozSGl1c083OUw4eGNya2IzOWJ0SkQxQmpJSm9UdUdhdS1qNG5OTlRtUjJKc1M2U183TlRULTRVT2dXS2JRXzE2SktaRk4xcUlObkFFR2taeVhmQm9zak40OTN4eEF6MUZJeVB3elc5QdIBlwFBVV95cUxOaGI1aXdhOTBKeXBMbUVkR015RDVITy1vcXgwZkpkMmdRS3lpWUxYUU1XZWk0dGYxZGtyRlVhTUkzVVp1d2dhU09hOWlhdHEzc1ZoNm1nVWRpMmJEemNONWwwbXhUZnUzNmRpd0kwS0k4aFBCZHNvOFhzanpnMFJOXy0yX1NiWGFTUFJaUlhCSi14dzRycnNV?oc=5,en,2026-08-20,
Many congressional Democrats call Trump's threats to blow up Iran 'unhinged',ABC News,abcnews.go.com,abcnews.go.com,2026-08-20,https://news.google.com/rss/articles/CBMirwFBVV95cUxNOER6cjZfNUZJZ1RGcWNobUZIY0EyWWI3MmtmWnFucVFMSXZuajJ0NWRLWFZSSzhpQWhILU42WlRqWWs3bDNOd2w3anpOX3pNMzVxUldEaXZSUUd6S3ZKdE9XZHl3cTU0ZHJlWkhiekI2djJPNExmQ0cwMEF2VGFFa0FZaTVfRVVQZWpId09PWHRHdU1ubXdWbi1RR2hTaV9WNnJ3YmI0clFlQVhtUUg40gG0AUFVX3lxTE9mV3lpRndleUZVZEhuYm4yWFN1cjhMdnB6M2ZDN3RTQzB3QlZFVmxkcTdHQlZBaXlLRW1ybmliRllNazVfSk03TUlxNzJkbUJIcUE4T2xacTdkMThDSnVOdEdZVFl6Rmk3dTlLQUhwcE9LTWlrZ3FLOEF5NlkwUkVPYlJxSVNGNGhTNVFYQVFsVUg4dVZMcDhXZzNFRTNkeHhKbUpOMTlmamZHSUpxR2c2T3pYOQ?oc=5,en,2026-08-20,
"Trump fires DHS secretary Kristi Noem, replaces her with Sen. Markwayne Mullin",ABC News,abcnews.go.com,abcnews.go.com,2026-08-20,https://news.google.com/rss/articles/CBMisAFBVV95cUxQejRNeDdaRXJuRV80M0kzSVR3b1hmcG1JZE9fTG1takY0dklqMC12MzlDT2x5S0lhQndBUTB6X0xzSDlDc0M4dWhSSzRaTGMyZkpmMUpJWVlqblNlRm9fT2RlVHlYcExrR2pqblg5YUlIb1pMcVhMbGtCVzJ0MlhPbW1xdmozNjVTRDBySmxCcm5MSFZxdHc4QklmcTFERVEwZ0NKWUxjUE5wWGEtWWxMbdIBtgFBVV95cUxQQ0pmMk1YV3NMSG5IOEg1VVV5TDdrYWdvN0pBaExDMW5HYXhoanJQNVBEcmt0NlMyaHZndUo3N2dFWDB1RnQ0VkhtQnp5Vk1DWl9ybXBTUnJzdkFPWFpYdWtzUmhaTV82Z1U4bkV1d1RYaGg2N0UyMGFMeUdJM21JVWpMb3lMbUc4bXRzT3ZBU0hWQkNHdnI0dHhMM2FfMHQxREJYRUdGN1o3S284WUZXRDBXUjh0Zw?oc=5,en,2026-08-20,
Trump administration's mixed messaging on war with Iran: ANALYSIS,ABC News,abcnews.go.com,abcnews.go.com,2026-08-20,https://news.google.com/rss/articles/CBMipgFBVV95cUxPZnZlazZqV1FLUHJPRzZ2VWhxYk9lc3JDVi1iUU9RU212dDN1VFh3TDZzVVlMMDZXbVBXZHRUNUZfeVRsNjk4VHJ0dkFZSHVWcDdlOW5FZXhab1FVR1dBeEUyS0dKLVM3MjNoVXdHbkg4X3JzV056U0RyZHJFYnVzUDU0cElqbDRXaGpJTWdvU2xNamhza3l2Z3FvV1JOUkk2dFVfX0NR0gGrAUFVX3lxTE9tY2VhaVd1ck1ESUpBWXFvWS1pV0dwbF9Eb2lReU42dk4yNEVoZExtUUlOYW1tbWFGWHUybGdIcnBiSFJrYkxZSnBRWFN3YldWM09HWEJScG8xR2hQTnVsaTA3TU45cjduU1FFMFE5ZGlUSW9DVmZEYWlHaHNmMHh4ODFSdlZkcmR4ZlZHWWR1aHVCdkxkd0JGdHRqbDlvNEtxa0xhcU0tcjJhOA?oc=5,en,2026-08-20,
Crypto mogul sues Trump family venture over alleged fraud,ABC News,abcnews.go.com,abcnews.go.com,2026-08-20,https://news.google.com/rss/articles/CBMimgFBVV95cUxPMzNzRVhILW1GbEx0N2JfZWpYdmlBVHlSQ1kySTBaUDJhSVVXTmtESUFGRFRkMkVLdWVqbC1ERThyUm1XRWJNYUg5REg1cGdobE9iNzUyNlNGcWpHVm0zRkZ1N1NneWg5RFhLdGFqVHd3VG5NSG1ReUoyNjZJTGVyVGxoV25jdnNfeE4yYzUyTThVbWpjLVJjOUdB0gGfAUFVX3lxTE1yblB5UkVvQWtCOGlOdktiWkZ3M1ZYMzhCa21TU1VSajZmOUgxVi1FSUJzX3laQ0J3UkpBLUdNWkFVY2hyRVpyQmFFYy1xV2FiaFUzTnpIZ21mUnF4SDY1ZXh1XzA0aldlMmpPVzZ1c01iaHIxbS0wS3BzLVhuTWJBOVhXVEo0dWhseGFEV1dleTFyTkd0NGNadDBqam5SYw?oc=5,en,2026-08-20,
Trump and Cassidy clash over war powers vote in meeting with Republican senators,ABC News,abcnews.go.com,abcnews.go.com,2026-08-20,https://news.google.com/rss/articles/CBMipAFBVV95cUxQak1Ja0NjSjZQVDdGZVFtUl8tT0s0WGJNMUQtYUN1TjZIblk4QjhtZGtyUHcxUkVVRWZfNVlaeEF5ZkF1bkNucTdZTG1uUmdLSnE5cER0blpaTVVmc2V6cWI3dVkwVVBhQmFzWm5WdWlpblU1Wm9oSlpkX2o4dU1iUWNPQ01QZnhYejZ6SnRQLU4tMHZsNlVxV05vUHp5RXZWcjZqU9IBqgFBVV95cUxOMkRBaVUzeTByQklPMmJZV2lyTVJvR2FodDFHbXRpVW84ZHNWdVgwUGFlVHRwelJBeXphb1hnRzlQM3R1Rk9VcGw3aUpMVlc1WExKWl83T2Vxd1Zjd0p5UzFtZEJ1dkk3ZDVYOW1NYVlYX1NBTHFydHV2NW12eWJtSmptaWJUWFNodmdGbk1OUXJmdzdxeWlMWHZHWmQ4MEtibUZadzVFT0xPdw?oc=5,en,2026-08-20,
Supreme Court invalidates most of Trump's tariffs,ABC News,abcnews.go.com,abcnews.go.com,2026-08-20,https://news.google.com/rss/articles/CBMikgFBVV95cUxNTTZyamI3Uks3N20wbnpWemxhQTh5NG9UODJyVHFXUE5KTGFmMWlYSVZpUW9Eb2JnUmFjU1RJMWYzOW5pX0l3UXlPdWpaaEJqOUNmU1pQa2dNQUtvUjhwQVdweno2bU9kbTVNams1SmhqY1FrZklQU3BTTnF1S0VJd2RMNTZ1VmJVamt0SUdYem9JZ9IBlwFBVV95cUxNa0dWUktjN181VDcyUThKWGIzLTU1VnBsdlhOb3p6NmJMWHpodDh0c2M1WHA2SHZKdTRSQmhNbUxXZW13RllnbS01cktCOWhYY19MZXJtR2w2WnVfZjBYVGRDQ2pnM2NLTGwtZnZOZGlpc3FNM3ZQSWdETHNMQzg3a3hWMTdnV25FQzkyMDlOVkoyR3l6SkZF?oc=5,en,2026-08-20,
Trump's attacks on Pope Leo are hurting recent GOP gains with Catholic Americans: Experts,ABC News,abcnews.go.com,abcnews.go.com,2026-08-20,https://news.google.com/rss/articles/CBMinAFBVV95cUxNXzh6bjd0dzlNczZIUmp4RHZ2Q3ZXUHg5YkE5WVhQQThaSGhwNjBaMWp0Rm13dXBqMV9FbWprTnlWdTlTdzRMcDhkZHhsQU16YlcxUjU1eWJhaU0wYWpBWDdBOFFka21Gem1OOWlFOEl2eE9VMjFVTTZDVUtnaHJ6T1BsOHp3R3pTd0hDUkRrM1BlS3VuVHR0aVQ1eE7SAaIBQVVfeXFMTmRSYUx0c3JONWxEQTRvRDIzUmhndy1pWDRZZ01ZaU1MeEhremhVMFlPVzczU0JlQmhETlduc2l3c2dKZnBGMGZrbFFheVJkWk9fV185UVpVM1U4U1FUT0QzUlFRZUZNam5JaTJQNlFFYkZjTzZNUTA1MHZqNndpOUkxeGtGRTQxeWQ1dlYtT0s2UGZ3X2RmaVBKNjc0MGo0SVB3?oc=5,en,2026-08-20,
"Trump lobs insults at political opponents, press during rescheduled White House correspondents' dinner",ABC News,abcnews.go.com,abcnews.go.com,2026-08-20,https://news.google.com/rss/articles/CBMiswFBVV95cUxQb2lybEIzTjRZaURsdlg4M1lZZjBJVkpSbHFhNkRYM2o3dFRpa1VZMEFGWHpSYjZwdFAwQk01Zms0MEVBYVplUXR5cVRWb2xwUzhSb013VHQwTjA4LXp0dUlvdDNVZFpmSGhWTGFuTG10Wnd3ZWdZT1FjOGpJMDl5Xzl5TWVrREJNQTkzbWVLa3I2cy1ld0FmTnh2UjM4d1NDS0xET05mS19SVWNlR3E0akY1SdIBuAFBVV95cUxNVGNuY051UlQxY2JMSjZISHB5aEF3ZmM1c2FITFgwZy1CU3ZScnpXZUdyNXp5dnJNUTdkNWRadVl3Ul8zWnN6TG14SlR1TF82dVJOajBCWnN1ZHc0MzVLU0M4SmkzNk1VQVdfc0lGRUluQnk1M1RYcElLakRUanZsYnZzQkxOdzh2alAxZUV6Um5DdzFlTEtkcWpNcHkwbmZ1TG5LMmlqQXdZdkRYc09hUkN6QWpTaDYz?oc=5,en,2026-08-20,
Trump says 'no interest' in Kennedy Center overhaul after judge orders his name removed,ABC News,abcnews.go.com,abcnews.go.com,2026-08-20,https://news.google.com/rss/articles/CBMinwFBVV95cUxNVmdiUzJlMThpWlYwMUl2WkpaaFVSR0w2RVREX2RvX1Y2QTBoTmNLSTdVNElFaGNkbzBsa1RaRjZKRWxta1Q3TGtvSjhsaFU4amxfeWFrMVd5TEg5S3dFVGdJdUpnUElDaER3Nmhwa3pzQ2p5VU5DMF9teWNLODVZWkQ0Uk9EMC1yZVY4SDA1Um9Tc093R19PaFFfSUctNXPSAaQBQVVfeXFMTjMweWJ4Y2JKZUdabDZBbGZxQldhUzR2ZS1nS0VUSkhIVEJ2ckVDVElyeThibzUtS0JmMjFBOUFDVzBIVEhMOTFfb1A0TVEzTmozVThvMVlablZYYl9TTkl3WURRTHlpODVQTkVPUHd3aGxrVUN5bTlSVGtieXEzY1VlSkZyWkpNYTRwZGhIaHdEMmF5YzJMVHNaZjYyc0tINEhWTVI?oc=5,en,2026-08-20,
Trump claims military victory in Iran. But is the mission accomplished? ANALYSIS,ABC News,abcnews.go.com,abcnews.go.com,2026-08-20,https://news.google.com/rss/articles/CBMisgFBVV95cUxQWnZ4cllvVUNVMWJidExDVmVfQjI5V3k1WF9xakpiNlBDWnIwbThWREVBRTd5R2RRaS1QRXMwYnJWSGI4OURfX2N1MDlUOVJ2VDlCSnJvaDBmVkNobDZvb2FvdXZ5cDNXb3ZYOGpMdTVBa3luSGx5WmJVa3RYaGl3cVlYS2VIempuOXBLbll1anB3UlZtd1pqbWVVSHo2ejVVVG4weGZlcWtCUGlmR05YN0xB0gG3AUFVX3lxTFB5WDBGakw1MEdlVzRUN3pTMWIyLXBCek1RbTNRLWRidUt3aXFtbTA0TXJyTTJrOVJTQ2t5X3hMaFVESVh6NTlZYk1XNWJQVFRnV3NlM0tlRHhzRVotRTc1NFRrY2hGX3RrOEdQZVVIYzZ4aXNTaWViWFV1UFFSRzN0R19PWXdwZjVndEEzdXJrbHZiNS1mbXRiWkdYRmpYVDJfeGdqQXhzdTZ6SEw5ZWhxOVd6YzhiRQ?oc=5,en,2026-08-20,
"Trump discloses 21,000 securities trades during first year in office",ABC News,abcnews.go.com,abcnews.go.com,2026-08-20,https://news.google.com/rss/articles/CBMioAFBVV95cUxNRXRKN3Z0andHTXp5WjRNQ2xkUjcxS2tCeHpfdG9EeFRpaGM1Q2IxZFM4akNkQm5IZkt6NnEwRFNsNUQ2VUpYaXdaQW5LZEFsNC1OcHhKNWczS0QxSDZ6RE9qbGFieUdvaHpsNldGczhQa1hTQjF2aGZiSl9wcUhlaENId0I5VWx1cGJFZ1NCM0IyY2M2LWtKRkVDX3I4WDYz0gGmAUFVX3lxTE9Dc2ZEcnpkNmxPUVphbjRJcnBpaGNsM0EyVXlsQTFwdmg3TWZXekcxSUR0cGp3RWttdU5NMkRFVkZlV280MHV1V0RQOWtrTzlLQTlRQkE5eGpXaF9Yajh2NC1ITkdqSmhYcFY2ZFlLeE9nTjFKWUdKaG12WDlVTzl3VWIxeTdJRldpOFpsbEdXM29abG1KejFLLWdnWVBBVEtXSHdtU2c?oc=5,en,2026-08-20,
Trump says Walter Reed medical exam went ‘perfectly’,ABC News,abcnews.go.com,abcnews.go.com,2026-08-20,https://news.google.com/rss/articles/CBMilwFBVV95cUxNSllqS09DblktdXZyMG5yLXZYTnYxTWxBZXl4VzUwcWFHMHNwaGlpbEY3OXR0TGF1OVZEcVJJLWFOUUFULTRWb2s5S2VUdmxveXpGbERzemFtZm00cWhLUGVRdWdpSUVQNnc4eVdJQVNGWWNTeTEwcHR1WmtFVkswMVh6MHNGVWRLc3Z0VFgtNFg0bUJZd1J30gGcAUFVX3lxTE5wYVgxdFBWeXQxeEhXa2ZJbHZHNmhEUTFBa3ZQY0tueTJSUmNoam10NGlfWnJLelFwcVJHZnI3cktqaTZxRGcxSzVfR2N4dGMySXlEUlptelNLR3ZQZjVLMG5YeVNpay1ZVnNCQ2JFbVhwbXlMbFoyTWd1eVVWNmtDRVRobElPRzJPbUFuU0J5UFNqUTRKVTZKeTNhNA?oc=5,en,2026-08-20,
Trump doubles down on Reflecting Pool vandalism claims without providing evidence,ABC News,abcnews.go.com,abcnews.go.com,2026-08-20,https://news.google.com/rss/articles/CBMiswFBVV95cUxQaHZDVWd0b3FLWW9EQ0RLTnJmNzd2RDBFMVIydjVsZ3U2eWxVT09NT3FMdGRpOGRtNHlReUpJR2prYjZPUFpERG1YNldWODhETGZaZGZ0TTU5MDRyeWRyOVY4dUQ3MV9pVjdPTVlUT3J1czdWQm4ya2hVOVkyNjVNT09fTmJLT2hkZXNZWkp4STR1Q2FIQ3Z5WFB0YlFCUGVTZkUxUXRnSk1aSlNsaktueGtRMNIBuAFBVV95cUxQNFZMX3g0Y2l4c3QwQ1o2dGw1VlIxTGZ5SG5yOEJqTDFfZFdiZGxSQlc5MlBDRzFWV0laLUxjOG1lR25Db1VQX0g0RktUTkR4TTRMeXhzRVkxVy0xV1FLQmo4aURGaFFTX3ZSVFI4MXlVMkNpQzdnMWxRaG1WLUs1WlpIWHVTeFhJUU1JTHFQbFBOcHRwYWdlMkJjUE52NXJlVmdpQzRWblFVM2xzdjA1TW9XWDVaWGt5?oc=5,en,2026-08-20,
"Trump celebrates Fourth of July in National Mall address, repeatedly touches on politics",ABC News,abcnews.go.com,abcnews.go.com,2026-08-20,https://news.google.com/rss/articles/CBMingFBVV95cUxNN3RrZHpxN1VwZ2hLZFpXTkJtSTlSZkhoNjZwV0czbmxhb2Q2UW8tUmxEZERHU0JJMG56ZktfTXl3OFJfMnpzNld0ZEw5NGVuM1o5TUlzV0tmOHRBYXRfQVhpU2F6ZWJKVmtnTGoxTkdkMFdQZm5sZjBhSXk3aTE4ZWxtQ3pVXzNXQlR0UlcwRGlPSGIyNDBVS2E2VUdkZ9IBowFBVV95cUxPb0p4aGVzdEs3bWxGY2lRMWVubWJuazhRYkUxUnIwN196MGFtNDE5UU45NUVPMDJiZkZCa0xGR3lyclBhOVVpeEM0MGlzYjdDa3dNMGdyTjVzblVtakNrMjBIZjVWTS1WXzdLVkV3ZDBhVzZNQ1Znc3NmWlZFTHp0bElQdEpQZmdnUHM2bHJIMHNzcEVRTjdGdU5CN19iQmlTWDRn?oc=5,en,2026-08-20,
Trump's image to appear on limited-edition passports for America's 250th,ABC News,abcnews.go.com,abcnews.go.com,2026-08-20,https://news.google.com/rss/articles/CBMiowFBVV95cUxNNWg3c1pNR0p3XzBqUUVvRmxER1d5b1dIV0QxTHVtRVJPTndfX2ZVXzdDeThDU3lBOVUzWFBwaDI4TUFJeDFPbVlwMFdpUS14OEttRkVOTGxRNHFKdE9qaktpN3h5S0QyYmNIZC03bDdYdnU1YXNFNUJDY01aYjM1UmYyODBBMFdwZVIxWXVvNWtoU3hjc3BHMzNnZWd3VzE5bndF0gGoAUFVX3lxTE5OZm40dDdtMDFUOFJtcm1qcXEyVVF6ZWhUTDl1R1lEWXh5cU51UndZVVJTUDJJX3h4U2FFN3BxbzlyVnotdFMxaUNQUG5TSkdLR0FxWkZWeC1fNjB6RktQNHR6dUJxOHNFeGduS245MVdnLWJaNVN1b1dPcnRqRkd5RmtQT1lMNk9FYTdnZUpmWG5UUHkxejlMX1FSeEo4OGtDUHM4dFZoVA?oc=5,en,2026-08-20,
Majority of Americans disapprove of how Trump is handling tariffs: ABC/Post/Ipsos poll,ABC News,abcnews.go.com,abcnews.go.com,2026-08-20,https://news.google.com/rss/articles/CBMiugFBVV95cUxNRkMzY1Y1VTFIRFpldFV5RnctWEZDdnNsemQzUGtvWi1sMEFQZThtYzZvNDRBZk84WkFMQThubmx6aUwycWRsTDI2Zk5MbHRCV3JQUXBCSC0xQTBuMXFRTVVXSWVfQUcxZzQ1LWxvUWNNQmFyQ2ZsNmhnT0FZWmQyajNDOTdRT1lGRXRFWlJERVJiZXl2cHhwLWxZdFp3UFB3NnVnaDc5aWZxbGg3QmxMeUJkNGM0TllBSlE?oc=5,en,2026-08-20,
'Complete demolition': Trump outlines 4-hour attack plan if Iran deal isn't reached by 8 p.m. ET Tuesday,ABC News,abcnews.go.com,abcnews.go.com,2026-08-20,https://news.google.com/rss/articles/CBMipAFBVV95cUxNZGltUFRuUS1BMURfRS03WmV4dkprcE5rOER0YVozRERrYWVkYlJwZThQSVRHMVlFdlB0NUtfVC1ZQVk1Zm5JZllHb2hBUzhOMFJqMkl5LXBwRmxKMnRIY0s5c184VmVLRVVzYkIxMF9PSlBKLWpBWmhDTXJwaTEzelZfeEM4MUd6ODU1WXFMbnRIT1NaMWU2Wmc0LUhTSVgtbW42ctIBqgFBVV95cUxQOUZNOFlWUHFaRVlmRVBMS3FldGU0ci14NjEzS2hNT1dsbnp6YlJNX2ZyR1Iyck1hTlRYQW5UdVlJWlppMXpRNG9Fd296dXNod3dYdkFGOEpKT0lVTElQaWVveXZKLWFnSUt1Qmt1QjZIRUhfRERqNFpLZ1lnWjhVTi1VbjhRY0k3Und3ZHN5S0xXS3FKUjlkMmxiYU1BUFRrbjdXUHVMaVdyUQ?oc=5,en,2026-08-20,
Video North Korea testing ballistic missiles as Trump touts relationship with Kim Jong Un,ABC News,abcnews.go.com,abcnews.go.com,2026-08-20,https://news.google.com/rss/articles/CBMiTEFVX3lxTE9LS2h1UGN1cXNGQno5UWppRTVzUGVWRVdVZmloZkxDdkVuV1lueEtNcktFbFNNR1hUelR0MnpxMVhoTlVLTk1QOXNXNVc?oc=5,en,2026-08-20,
Angry crowd confronts Republican Rep. Mike Flood at Nebraska town hall over Trump policies,ABC News,abcnews.go.com,abcnews.go.com,2026-08-20,https://news.google.com/rss/articles/CBMipwFBVV95cUxOYjBoOVFRRzVKVlhHWWVNRjEwSC1EMW1rVk94emJKaHA5NXJ2WmVhU3BwSlJIcm5idEZLdjlxMmdzVkc1MkE4VGRnYTRpbXFtUEFXQVBTZWVSTjA0RVFaRnQ1dlF3eGh1amZldVZva3RudDVrZDh5bTh0N18xdXBQQTJ0c0RkNHRwRGdER1JZRzdoaV91emdCRklKeG9tdXMtUDBXN1lQSdIBrAFBVV95cUxQTXBhVnlYNkYwY3ZhX2RPY3RDSDZXV3lCQW84WGpEWFRVSGV2MWV5SEZ3MHBpUFdwaUwtRmJ1bHNzU2tzZjQyWGl6WWRxcWJnZlZ5UVRIbHdWdFA0eWdscUNWcGZNSkZERXNnMVdmMXBCUmMyVEw5WnFZbUotVHZzTGpfMWUzTWRONGliREtLMWV2VHpYMF8zWTRBSXhBLWtJMXhnYUthOFM0U1Rf?oc=5,en,2026-08-20,
Trump blasts MAGA influencers who have split with him over Iran,ABC News,abcnews.go.com,abcnews.go.com,2026-08-20,https://news.google.com/rss/articles/CBMikgFBVV95cUxOQWhVU3VuU01YSXZEaWt2YXVkT3BmZ05vU2p1SGdwb1JOSzU2bS1oU1Y4SjBfUTE4RkdVQ0Vzb2hHRmdMbXpiQms3UzJ5VXdIa3BCaXIzbU0zR0JheG5DZUxvLWpKVlI2R3diR21xZmlHRzM3dldhaTkwN1VXRV8yOXdWRmhJNjM4Y0RVaXhPM3JMd9IBlwFBVV95cUxQWlFkY1lrcnpvVk5MM2FXY21Wa0hLRFplcjktQU1jTW1Td2E3SjRCS3NGZ2dCLXgxeVhYQmVmcURrZFBuekhySmxqM2V1eVl4bm9GemJOQm9fYzhSUDlYMFNKdXBWZU1VbWplQ05xNGlNal82YmV5UXJGRUIwTFAwUUJXRllTRERMdDNNVHJVNnNlWFYxUEE0?oc=5,en,2026-08-20,
"Treasury pushing plans for $250 bill with Trump's portrait and signature, sources say",ABC News,abcnews.go.com,abcnews.go.com,2026-08-20,https://news.google.com/rss/articles/CBMiqAFBVV95cUxOR2NmbTVQVUxOTEJtaXI4VlhjM2t4cm9EZVotRDk0elh4MFhPanhXMGNfbGM1cjYzU0I5OERZZXNKUzBJOE43ZmtKRF9rT3VuU0NadzFXcjZGVUVFd1RiQm05Z3psMjJGM0JYLVhoaTRqWWJ4d082OEpuaGFVR0VMRmpxY24yOHpwTU1wZkY5VzdReVNBbHhuVnh4amNSX3NkaFNycWx2SUbSAa4BQVVfeXFMTUFEUFV3dS0wM0c3ZzBFUmJMdFJISUhJWDFidmE3dFl4MExOVmFQQlFtU0tGWkZEUk80U3ZaOENmVWRsUm1sQ29PNlpfdENqc1NGX3FMOFMzczR0NW81UVVZOVJEczhTbk10WTR4QjkzVjdlbUQ0ZDdsUW40Rkk4XzdFSms5eEZqSjVoMldnQndiaUc1WEpHbFlqQ1JqMGxMTFFSdFY1M3ZKV3VZS2dn?oc=5,en,2026-08-20,
Judge refers Trump's attorneys for potential disciplinary action over IRS lawsuit,ABC News,abcnews.go.com,abcnews.go.com,2026-08-20,https://news.google.com/rss/articles/CBMiqAFBVV95cUxObjh5LV9nNldEeG5WU1VzRFd3bWNTOGF4bUZvNVpNdkl4UTB5QXl2UUhyU0hnVkl1SHFLcnpBX0NfTkJ5UjE5NFZaNmR4SUk1NUlwSEVuNHpHbTVLSTQ2Y3RUOGdVZ21XZzRyaDBmS2xrQUZWUkk0dGJaWl9TTTJoRTZTcVhPOWRfdVRWVWFlQWZ0Mk5maTFoNEFHNWRSeWt6ZUZXdGp1RzDSAa4BQVVfeXFMUGtsbFBDV21FQ1U0bEdWT0JqajExdmhQRy1yXzZQUnF4VTA3bnFfbVQ5bHVBSWtKZzE3SGZJeWt5aEcwRDJhRXpaX2l5blp6aG9tbGxRcnNHbk5pUTEzS2ZWVnNDQlRKbGZCVVRIbTJ2WGxGVElEalJDZXJBSmRjUFVPVUc5MmF3T1R4YmhNQ0FmVWk3ZnBiekJNMFpqZFZBWFFiZ1RSeU1WWGNDZWFn?oc=5,en,2026-08-20,
Video Trump hosts cryptocurrency executives at White House,ABC News,abcnews.go.com,abcnews.go.com,2026-08-20,https://news.google.com/rss/articles/CBMiTEFVX3lxTFBWT1EtMm93ZktKdWkwVWMxcC1aWFpKR1U3cTdPa0dGUjNjMnl2VXZod0VwVkk3RGFDU0RiQ192ZldFQzhLTU1OcURzOUY?oc=5,en,2026-08-20,
"Rep. Tom Kean hasn't voted in months, yet Trump is backing him",ABC News,abcnews.go.com,abcnews.go.com,2026-08-20,https://news.google.com/rss/articles/CBMikAFBVV95cUxORkxfWHRQY0x1TEdTczBncXRTQ1VVbXNMOFFzN0JwRW94VDN0OHB4NDUtVng4bDVSS09WOHVXZ0VGTnMwaU91Vy1KSi1tSHVvX1hxbVpBa1doUEpwYkRSZ08wNEVkTEw0cFNRSGIzWV9HZS1ZZWNGdklLb3R4aTR3bldYakNtR0ZzdGItcGZmTWHSAZYBQVVfeXFMTTl5bUl3TFhaRmtxTlUweTJJcTluZkFSN3E1RWphVW5HYksweFRGd0xRTHV6dHhweURzaDNSYlVCU2hHaGZBandiOWsyQ0IxRzNyd0NhUktleU1LdjZubDN0bS0yeEU5alpfS3FMTzh3RGFOUGMwZmZZbE00bUVsUWlQdFUyRjczSllUdDh4NW55WnJjcndR?oc=5,en,2026-08-20,
What we know about Melania Trump and Jeffrey Epstein,ABC News,abcnews.go.com,abcnews.go.com,2026-08-20,https://news.google.com/rss/articles/CBMie0FVX3lxTE9udmVnRm1XdUliTWpieDNOT0lzOGxZdGxIZW1vR1dSU3hXZDlQWUtybWZaZ1NUS0FoajJ4WXk4TWdlOHNpNjAxNk5fWmlMa2gwWnpuek5lZUp5a1ZUdkNLWFp6bTdfUXhXYlhlRzVWVzF6eDV2UzZlTlctTdIBgAFBVV95cUxOdkZROEhjMnYwRER3dzh4ZDFNMjRxb2ZwSGo4SU1yUDlfdHVReHlqVXRTVy1xblcyZWZMbjl4M2NqcFYtZnZuT0t6b3Uxc1VkeWZGS25XR0NMMWpEQVRFVFoyRW5hcjRDZXhXVnR1eEYtRGhiQlBoaUh2aEF6YkN0Ug?oc=5,en,2026-08-20,
President Trump hosts cryptocurrency executives at White House,ABC News,abcnews.go.com,abcnews.go.com,2026-08-20,https://news.google.com/rss/articles/CBMiTEFVX3lxTFBKU082OV9GRUZRMHFqTXlydGREMWJzQVZYeHlwZXBKdE15UGRTNzB3Y1RnbWZmS2ZOcTEyZUd5dTBNN2xMdDR5LUV2bWg?oc=5,en,2026-08-20,
Trump appears to have dropped his tit-for-tat approach to Iran attacks in the Strait of Hormuz,ABC News,abcnews.go.com,abcnews.go.com,2026-08-20,https://news.google.com/rss/articles/CBMioAFBVV95cUxOeERXT2lUdlNjVkx4OHlMaU10bU9tOUpYbmJlMmtUcnNBbzZqSEl0RUVYZkFMaDZDQ2l3M2VGR294dXhzWWtiNkJGYWRxZUFaUFVfdGpfbGJrdHllMm9oWXRDMHdLWGtmc0ZDWlhaaHE4U2ozcTNESnZWQ3pMeGNRREZOX2o0N21ndlhLODAwRU5MR2JsNlJoaUpKNkNHUzdD0gGmAUFVX3lxTFBrcnFDVTNGRjg3X1NDUzRqMjZiV1NacXR4alFCdlVldU5EVktiQVhtSm0tMTlOQV8tQ0lSYjFiaFFfbnRlam1FOE9vcExLeVppbF84N0ZZdkJFVk00NWpKSERIeGJCMldNQVoxckVzRVJueG9ybE9zWjJ0N2RyaGs3YWU1QjhYcG5QZ3lJRVdESmk5U3AwZC1IOHc0ZnFGQ1o1WS1vTVE?oc=5,en,2026-08-20,
Judge rules alleged Jan. 6 pipe bomber not covered by Trump's blanket pardons,ABC News,abcnews.go.com,abcnews.go.com,2026-08-20,https://news.google.com/rss/articles/CBMikAFBVV95cUxOTmV5QzRyeVFlRXQ3Q2lYNUY3QUJnX1Z1Y3dVS1NBQ2dNRnVzRDJfV0ZjR0pCRm5xVld3V25weGFrZkFUN3c3emY2U2d5SktZTWh4aHhPaTU1cE9IRllvTnB0aFI5UF9ELUFpd3p4UGU1ajF3QUdtNklRQXBTcG16bl9LWGpiWlZDdFJJdUlWTjPSAZYBQVVfeXFMUC1NWEhzQXMzaS1TTi1tMFJPUEVXOHZ6QmZaSWNkZjZva2lobGtmeUpDYlNtUWdUQkNTNWJhRHJ4M1BMZllWWC1qTDNCSXZpYVJwejA3QlBPYWNtTXI5U05WbUFXWmJEa3FwN2hrSDdBQ1g1VmI4UURoQ2FxcmU4MTEwb3dsUnRXaHdzRW5xWloyNUFGdGZn?oc=5,en,2026-08-20,
"Trump says US and Canada have a trade deal, but key terms remain unclear",ABC News,abcnews.go.com,abcnews.go.com,2026-08-20,https://news.google.com/rss/articles/CBMilwFBVV95cUxOeXd3cEtfTkkzWEdvUm8zeGViWDR5eUZfMmlYUk1IZlQ1WUtBNUNLNzhaUHAxbEFTZ2oxNV85NTYxRGRFOUJIRVoyelBqT2Y5eUJncTVobnJvTTBCNHJJTlltSU16SnJGanpzS1BWdE9hVlc5S01oZEZLUGc2SVduRldCelB1V3pXd0xoYWY0elJUcG1Ya3d30gGcAUFVX3lxTE5HYmFVM18zT0NabWtBLUswOU1jdWYzbU1VRGs2ZDRrdmdvMWlBcXNoUnRydXRoZm9fR2RfWjdOaFc4ZVJhN2t6b3VaUW4zaGFKY0RVcDdwVm04bU1JT3hGRXdRVl9YVlhtdGlTVnNHQUw1NXdLQmhhMGJQWERzQmY3MDZTbUdjdVpwbkhVSW1ZRUZsMndKdE9DNFZiLQ?oc=5,en,2026-08-20,
Trump shows off multimillion-dollar White House helipad and adds his signature,ABC News,abcnews.go.com,abcnews.go.com,2026-08-20,https://news.google.com/rss/articles/CBMipgFBVV95cUxQb3VUc0ptWTJGNzBSX05CLVFGWDh3VThSQU0yR1dXSUdVUUs1d3RXa21ieURrRmJlM2puOGJ6SS0wRDdkMjJGclpLUVdRcGV5RFd4enNIY2ZxT0IxaUUxeDhQUWZ6V1I1TjdnYlk0Mk9QWXhKOWRBZnY3dllBMkQ2dm5CeEliSXlnZkxNLWtIN2xoVmVLV1BGMzR6OTVhSFJpS1puSGpR0gGrAUFVX3lxTE9keUdKV3UzS3VCVXo0TXIxLW43QU83V1QxcW5zSGpocWNtamxPa0t0Y2xsOV9ySjAyaFpDdHZLQnFOdC1WbTVydUZGcms0MWJoOHNRVmJHSXFPOHBtSDJkY0ZMUmFHT2NTbVZsXzU4dUdqZHNUczV4OWpUdEhYRGNBeG45NHIwV051UUZFR1JhbEQtb29MUzc0c3lDSTAzdGZuZVhZX1N5SmNWaw?oc=5,en,2026-08-20,
White House releases report of Trump's physical exam,ABC News,abcnews.go.com,abcnews.go.com,2026-08-20,https://news.google.com/rss/articles/CBMinAFBVV95cUxONTNNMndHUGk0YzJvcjJwTzNEeGpEY1N2bWg3WjE0UXhVM1pCaXNfeVpOZE9qN0lnMVQ0UGhPZmhpZFFUS2V5ZXk2SkxVZE9pX0tKYTlBYVpJaUVPdFpXSVlaZnI1VHpNQW5ra0NEZUx6cUpEc0pOM0hzODdmdm9aNUplSFE4TzJDRlNybHpYa3p0MU4tNzc4QUlqTnLSAaIBQVVfeXFMTXc4dE1CdVJlVFRRaTRNZ1FRY0dHYXlDWGl4c3J6RTZ2WHNXelk4UHlaSEJoUUlvbVNLRFQ0VzBtNDZnbmx6STI4OVZzUWxJTHVIMVh3LTJJUVdTNTlOc0N3VWJsOEJHM3VQQVhxbml1UTRaMklTRk9raVZxeHY3QzVLTUdiZDZuNFRRWHJHMlhldGg1MjR6Ul9MbnNZYkU1RFRn?oc=5,en,2026-08-20,
Video Trump touts White House renovations amid war with Iran,ABC News,abcnews.go.com,abcnews.go.com,2026-08-20,https://news.google.com/rss/articles/CBMiTEFVX3lxTE05ZE1BUTRGdlVNZG1aUzJHVHlfb29EdlNBRWNObWxkSUVCenNLWmtvTFozLW5QWktXM1hDVm9ERGhlZVJfYkVGeDZlLUY?oc=5,en,2026-08-20,
"Trump’s Aircraft Carrier Order Will Raise Costs, Contractor Says",Bloomberg,bloomberg.com,bloomberg.com,2026-08-20,https://www.bloomberg.com/news/articles/2026-08-20/trump-s-aircraft-carrier-order-will-raise-costs-contractor-says,en,2026-08-20,
"Bitcoin Roars Past $70,000 as Yields Sink, Trump Sparks Optimism",Bloomberg,bloomberg.com,bloomberg.com,2026-08-20,https://www.bloomberg.com/news/articles/2026-08-20/bitcoin-btc-roars-past-70-000-as-yields-sink-trump-cour,en,2026-08-20,
Warning Signs Are Flashing at America’s Overheating Landfills,Bloomberg,bloomberg.com,bloomberg.com,2026-08-20,https://www.bloomberg.com/features/2026-america-overheating-landfills/,en,2026-08-20,
Lula Rides Trump Backlash to Cusp of History,Bloomberg,bloomberg.com,bloomberg.com,2026-08-20,https://www.bloomberg.com/news/newsletters/2026-08-20/brazil-president-lula-rides-trump-backlash-to-cusp-of-history,en,2026-08-20,
"US Seeks Importer, Company Data to Build Up Trade Enforcement",Bloomberg,bloomberg.com,bloomberg.com,2026-08-20,https://www.bloomberg.com/news/newsletters/2026-08-20/us-seeks-importer-company-data-to-build-up-trade-enforcement,en,2026-08-20,
Korea’s Lee Hails Trump’s ‘Determination’ for Peninsula Peace,Bloomberg,bloomberg.com,bloomberg.com,2026-08-20,https://www.bloomberg.com/news/articles/2026-08-20/korea-s-lee-hails-trump-s-determination-for-peninsula-peace,en,2026-08-20,
Lula Wages His Final Campaign as Brazil’s Presidential Frontrunner,Bloomberg,bloomberg.com,bloomberg.com,2026-08-20,https://www.bloomberg.com/news/features/2026-08-20/brazil-election-lula-seen-as-frontrunner-over-flavio-bolsonaro,en,2026-08-20,
"The US Has Entered Its Aging, Endangered Hegemon Era",Bloomberg,bloomberg.com,bloomberg.com,2026-08-20,https://www.bloomberg.com/opinion/articles/2026-08-20/the-us-has-entered-its-aging-endangered-hegemon-era,en,2026-08-20,
This Megachurch Pastor Could Break Democrats’ 94-Year Losing Streak,Bloomberg,bloomberg.com,bloomberg.com,2026-08-20,https://www.bloomberg.com/opinion/articles/2026-08-20/kansas-senate-race-adam-hamilton-could-break-democrats-losing-streak,en,2026-08-20,
South Korea Seeks China’s Help as Trump Pushes for Kim Meeting,Bloomberg,bloomberg.com,bloomberg.com,2026-08-20,https://www.bloomberg.com/news/articles/2026-08-20/south-korea-seeks-china-s-help-as-trump-pushes-for-kim-meeting,en,2026-08-20,
Keeping Up With the Trump-Kim Jong Un Saga,Bloomberg,bloomberg.com,bloomberg.com,2026-08-20,https://www.bloomberg.com/news/articles/2026-08-20/will-trump-and-kim-jong-un-meet-why-us-is-seeking-to-reengage-with-north-korea,en,2026-08-20,
"Trump Turns to Economic Warfare, With China in Crosshairs",Bloomberg,bloomberg.com,bloomberg.com,2026-08-20,https://www.bloomberg.com/news/newsletters/2026-08-20/trump-turns-to-economic-warfare-with-china-in-crosshairs,en,2026-08-20,
Markets Rise After Bessent’s Bond Bet,Bloomberg,bloomberg.com,bloomberg.com,2026-08-20,https://www.bloomberg.com/news/newsletters/2026-08-20/markets-rise-after-bessent-s-bond-bet,en,2026-08-20,
Trump Says US Is Waging Economic Warfare Against Iran,Bloomberg,bloomberg.com,bloomberg.com,2026-08-20,https://www.bloomberg.com/news/newsletters/2026-08-20/trump-says-us-is-waging-economic-warfare-against-iran,en,2026-08-20,
Choking Iran's Economy Is the Least Bad Way to End the War,Bloomberg,bloomberg.com,bloomberg.com,2026-08-20,https://www.bloomberg.com/opinion/articles/2026-08-20/choking-iran-s-economy-is-the-least-bad-way-to-end-the-war,en,2026-08-20,
Trump’s Legislative Director to Leave Ahead of Midterms,Bloomberg,bloomberg.com,bloomberg.com,2026-08-20,https://www.bloomberg.com/news/articles/2026-08-20/trump-s-legislative-director-to-leave-ahead-of-midterms,en,2026-08-20,
China Says Trump’s Economic Warfare Won’t Solve Iran Crisis,Bloomberg,bloomberg.com,bloomberg.com,2026-08-20,https://www.bloomberg.com/news/articles/2026-08-20/china-says-trump-s-economic-warfare-won-t-solve-iran-crisis,en,2026-08-20,
"Bitcoin Roars Past $70,000 as Yields Sink, Trump Sparks Optimism",Bloomberg,bloomberg.com,bloomberg.com,2026-08-20,https://www.bloomberg.com/news/videos/2026-08-20/bitcoin-roars-past-70k-as-trump-sparks-optimism-video,en,2026-08-20,
Trump Says US Starting ‘Economic Warfare’ Operation Against Iran,Bloomberg,bloomberg.com,bloomberg.com,2026-08-20,https://news.google.com/rss/articles/CBMiswFBVV95cUxQMVF2ODdxMWJ4SXVOQzFyTUZIRFcyYVB6cmJxOHpfTHpmREk1amI2dFFVV0tXb2c3YUxWTkRJSjdsVS15SkVFSTNpemlaZHBsZmdrdTdZVzFiZTZlZzJCdFRQSXNJY1NKZnJhWGxiLVNWcmtJS0hMR2NaUWxsOGpndkVrQ1FYd1FRSjZTX01RRjZzaERiWG1hcE1MZVhtMHY5Y2txOFlhT3I0ODNRaVlZbXIwRQ?oc=5,en,2026-08-20,
Democratic Lawmakers Urge Fed’s Warsh to Disclose Trump Calls,Bloomberg,bloomberg.com,bloomberg.com,2026-08-20,https://news.google.com/rss/articles/CBMisgFBVV95cUxQTWFRYndNMFd1ZjB4U0hKaXBjLUhmeHhZT1JzTzBGT092d2QzZFRmalM3Z3lkaUF0bjNLODZhNjV1bHdLNnpGc2JRcmZmXzhWWWx4N3dXcVlEM0U5aHNVbUlVWnFIREppNDg3cGhEeGRDLV9xVzdBUXUtdlI4X1Y4a0pLMk5fTFNjRmdCQ0pNRWdPb0VnTlQ3M0NTY1pWSjdyV3pKRHp6azVtNzUzdDRFekxB?oc=5,en,2026-08-20,
North Korea Denies Kim Talks as Trump Seeks Meeting This Year,Bloomberg,bloomberg.com,bloomberg.com,2026-08-20,https://news.google.com/rss/articles/CBMisAFBVV95cUxPSVM1Z2JyY2pMY21LMEhRX3FNeG02dWxKck14NkcwWURBemljUVFMSm5zOGlHLWx6RlZWWGRiZGtpMFdhbHRXNWFldGtSbS11WTJiTzRleC1hSDlDZ3hmRUFaZHc0OEROUkxvR0h1TFNzd3JvSy1MRXNCbm1hajRiVGw3RjljekRjOG5TWGJrM2VPN1lhVWx1TmlRMlVpNWVlczMyNFZUSzBzMkpCNGpVUg?oc=5,en,2026-08-20,
Trump plans to meet with North Korea's Kim Jong Un,CBS News,cbsnews.com,cbsnews.com,2026-08-20,https://www.cbsnews.com/video/trump-plans-to-meet-with-north-koreas-kim-jong-un/,en,2026-08-20,
"Trump threatens Iran with ""Economic Warfare and Isolation""",CBS News,cbsnews.com,cbsnews.com,2026-08-20,https://www.cbsnews.com/video/trump-threatens-iran-with-economic-warfare-and-isolation/,en,2026-08-20,
Trump's Canada tariffs near after brief pause. A North American deal could ease the threat.,CBS News,cbsnews.com,cbsnews.com,2026-08-20,https://www.cbsnews.com/video/trumps-canada-tariffs-near-after-brief-pause-a-north-american-deal-could-ease-the-threat/,en,2026-08-20,
Trump teases talks with North Korea,CBS News,cbsnews.com,cbsnews.com,2026-08-20,https://www.cbsnews.com/minnesota/video/trump-teases-talks-with-north-korea/,en,2026-08-20,
"U.S. designates American citizen Min Zin, held by China, as wrongfully detained",CBS News,cbsnews.com,cbsnews.com,2026-08-20,https://www.cbsnews.com/news/min-zin-us-designates-american-citizen-held-by-china-wrongfully-detained/,en,2026-08-20,
"Tulsi Gabbard shares story of husband's cancer diagnosis: ""It was tough""",CBS News,cbsnews.com,cbsnews.com,2026-08-20,https://www.cbsnews.com/news/tulsi-gabbard-husband-abraham-williams-cancer-diagnosis/,en,2026-08-20,
"Trump announces ""crushing economic operation"" on Iran",CBS News,cbsnews.com,cbsnews.com,2026-08-20,https://www.cbsnews.com/detroit/video/trump-announces-crushing-economic-operation-on-iran/,en,2026-08-20,
Trump seeks meeting with Kim Jong Un as North Korea launches missiles,CBS News,cbsnews.com,cbsnews.com,2026-08-20,https://www.cbsnews.com/texas/video/trump-seeks-meeting-with-kim-jong-un-as-north-korea-launches-missiles/,en,2026-08-20,
Trump says North Korea has 57 nuclear warheads. South Korea says it could be up to 120.,CBS News,cbsnews.com,cbsnews.com,2026-08-20,https://www.cbsnews.com/video/trump-says-north-korea-has-57-nuclear-warheads-south-korea-says-it-could-be-up-to-120/,en,2026-08-20,
"President Trump announces ""crushing economic operation"" against Iran",CBS News,cbsnews.com,cbsnews.com,2026-08-20,https://www.cbsnews.com/newyork/video/president-trump-announces-crushing-economic-operation-against-iran/,en,2026-08-20,
"Live Updates: Iran dismisses Trump's ""economic D-Day"" threat, says it ""will only bring further defeat""",CBS News,cbsnews.com,cbsnews.com,2026-08-20,https://www.cbsnews.com/texas/live-updates/iran-war-donald-trump-us-economic-threat-defeat/,en,2026-08-20,
"ICE, Iran quietly worked together on deporting Iranians to Iran, emails show",CBS News,cbsnews.com,cbsnews.com,2026-08-20,https://www.cbsnews.com/news/ice-iran-deport-more-than-100-iranians-to-iran-2025-2026/,en,2026-08-20,
"Trump threatens Iran with ‘economic warfare,’ while cutting off talks",CNN,cnn.com,cnn.com,2026-08-20,https://www.cnn.com/2026/08/20/world/live-news/iran-war-trump,en,2026-08-20,
Exclusive: CNN speaks to target of Monaco bombing,CNN,cnn.com,cnn.com,2026-08-20,https://www.cnn.com/2026/08/20/world/video/monaco-bombing-cnn-exclusive,en,2026-08-20,
Diddy’s former bodyguard speaks out on Tupac murder trial,CNN,cnn.com,cnn.com,2026-08-20,https://www.cnn.com/2026/08/20/us/video/diddys-former-bodyguard-speaks-out-on-tupac-murder-trial-lcl,en,2026-08-20,
DNC Chair Ken Martin: ‘I’m not going anywhere’,CNN,cnn.com,cnn.com,2026-08-20,https://www.cnn.com/2026/08/20/politics/video/dnc-chair-ken-martin-im-not-going-anywhere-lcl,en,2026-08-20,
The Democrats’ one neat trick to try to win a Senate majority,CNN,cnn.com,cnn.com,2026-08-20,https://www.cnn.com/2026/08/20/politics/independents-democrats-red-states-senate,en,2026-08-20,
"After months of delays, the Department of Transportation debuts a new reality show starring Secretary Sean Duffy",CNN,cnn.com,cnn.com,2026-08-20,https://www.cnn.com/2026/08/20/us/video/great-american-road-trip-debuts-sean-duffy,en,2026-08-20,
Melania Trump prioritizes policy over public presence this term,CNN,cnn.com,cnn.com,2026-08-20,https://www.cnn.com/2026/08/20/politics/melania-trump-foster-youth-indycar,en,2026-08-20,
"Zelensky ‘is losing his credibility in Ukraine,’ says activist",CNN,cnn.com,cnn.com,2026-08-20,https://www.cnn.com/2026/08/20/tv/video/amanpour-kaleniuk,en,2026-08-20,
Trump is squeezing Iran’s economy and oil sales. It may still have the upper hand in Hormuz,CNN,cnn.com,cnn.com,2026-08-20,https://www.cnn.com/2026/08/20/business/iran-economy-war-leverage-intl,en,2026-08-20,
"The traditional respiratory virus season hasn’t started, but Covid is already climbing",CNN,cnn.com,cnn.com,2026-08-20,https://www.cnn.com/2026/08/20/health/covid-summer-wave,en,2026-08-20,
Experts slam ‘flawed’ Trump administration Census report on alleged noncitizen voting,CNN,cnn.com,cnn.com,2026-08-20,https://www.cnn.com/2026/08/20/politics/flawed-census-report-alleged-noncitizen-voting,en,2026-08-20,
Trump has a new plan to crush Iran’s economy. But will he stay the course?,CNN,cnn.com,cnn.com,2026-08-20,https://www.cnn.com/2026/08/20/politics/trump-iran-war-strait-of-hormuz,en,2026-08-20,
GOP candidate’s company paid $3M to settle claims it exploited immigrant nurses,CNN,cnn.com,cnn.com,2026-08-20,https://www.cnn.com/2026/08/20/politics/rick-jackson-immigration-georgia-governor,en,2026-08-20,
Trump’s tariff strategy has changed. But his goal hasn’t,CNN,cnn.com,cnn.com,2026-08-20,https://www.cnn.com/2026/08/20/business/trumps-tariff-strategy,en,2026-08-20,
Florida socialist Angie Nixon says she doesn’t ‘really know’ Hasan Piker,Fox News,foxnews.com,foxnews.com,2026-08-20,https://www.foxnews.com/media/florida-socialist-angie-nixon-says-she-doesnt-really-know-hasan-piker,en,2026-08-20,
Alina Habba shuts down speculation she could replace Karoline Leavitt as White House press secretary,Fox News,foxnews.com,foxnews.com,2026-08-20,https://www.foxnews.com/politics/alina-habba-shuts-down-speculation-replace-karoline-leavitt-white-house-press-secretary,en,2026-08-20,
"Judge allows controversial oil company to continue pumping, strips California of oversight",Los Angeles Times,latimes.com,latimes.com,2026-08-20,https://www.latimes.com/environment/story/2026-08-20/judge-allows-controversial-oil-company-continue-pumping,en,2026-08-20,
"Democrats narrow their list of 2028 presidential convention sites to Boston, Denver and Philadelphia",Los Angeles Times,latimes.com,latimes.com,2026-08-20,https://www.latimes.com/world-nation/story/2026-08-20/democrats-narrow-their-list-of-2028-presidential-convention-sites-to-boston-denver-philadelphia,en,2026-08-20,
"A quiet channel between ICE and Iran shaped deportation flights, newly released emails show",Los Angeles Times,latimes.com,latimes.com,2026-08-20,https://www.latimes.com/world-nation/story/2026-08-20/quiet-channel-between-ice-iran-shaped-deportation-flights-newly-released-emails-show,en,2026-08-20,
Letters to the Editor: Populist approaches to affordability aren’t unrealistic. They’re needed.,Los Angeles Times,latimes.com,latimes.com,2026-08-20,https://www.latimes.com/opinion/letters-to-the-editor/story/2026-08-20/affordability-populism-democratic-socialists,en,2026-08-20,
How Jackie the bald eagle found more loyal fans than some of L.A.s biggest human celebrities,Los Angeles Times,latimes.com,latimes.com,2026-08-20,https://www.latimes.com/california/newsletter/2026-08-20/how-jackie-bald-eagle-found-more-loyal-fans-than-some-of-l-a-s-biggest-human-celebrities,en,2026-08-20,
Missouri court allows new Trump-backed U.S. House districts to be used in November election,Los Angeles Times,latimes.com,latimes.com,2026-08-20,https://www.latimes.com/world-nation/story/2026-08-20/missouri-court-allows-new-trump-backed-u-s-house-districts-to-be-used-in-november-election,en,2026-08-20,
Letters to the Editor: Young lifeguard’s courage stands in stark contrast to Trump’s behavior,Los Angeles Times,latimes.com,latimes.com,2026-08-20,https://www.latimes.com/opinion/letters-to-the-editor/story/2026-08-20/lifeguard-ryder-williams-trump,en,2026-08-20,
Remains of famed eagle Jackie will go to tribes. Some fans are fighting it,Los Angeles Times,latimes.com,latimes.com,2026-08-20,https://www.latimes.com/environment/newsletter/2026-08-20/bald-eagle-jackie-remains-native-americans-controversy,en,2026-08-20,
Column: Trump's reputation for corruption is doing Democrats' work for them,Los Angeles Times,latimes.com,latimes.com,2026-08-20,https://www.latimes.com/opinion/story/2026-08-20/trump-affordability-corruption,en,2026-08-20,
"At airports, ICE snatches people who are following the rules",Los Angeles Times,latimes.com,latimes.com,2026-08-20,https://www.latimes.com/opinion/story/2026-08-20/ice-immigration-agents-airport-enforcement-visas,en,2026-08-20,
Commentary: It's beyond debate. California voters deserve a Becerra-Hilton face-off,Los Angeles Times,latimes.com,latimes.com,2026-08-20,https://www.latimes.com/politics/newsletter/2026-08-20/california-governor-race-becerra-hilton-debate,en,2026-08-20,
"Californians are more concerned about Trump interference in midterm than fraud, poll finds",Los Angeles Times,latimes.com,latimes.com,2026-08-20,https://www.latimes.com/california/story/2026-08-20/poll-californians-trump-midterms-interference-election-fraud,en,2026-08-20,
Gulf allies brace for a future with an emboldened Iran,NPR,npr.org,npr.org,2026-08-20,https://www.npr.org/2026/08/20/nx-s1-5938777/gulf-allies-brace-for-a-future-with-an-emboldened-iran,en,2026-08-20,
"U.S. debt tops $40 trillion. And, new census report Trump is touting raises concerns",NPR,npr.org,npr.org,2026-08-20,https://www.npr.org/2026/08/20/g-s1-139388/up-first-newsletter-us-debt-venezuela-oil-deals-census-bureau-trump-voting-claims,en,2026-08-20,
Trump to nominate Dr. Heidi Overton to lead FDA,NPR,npr.org,npr.org,2026-08-20,https://www.npr.org/2026/08/20/nx-s1-5938124/trump-to-nominate-dr-heidi-overton-to-lead-fda,en,2026-08-20,
The bond market is signaling trouble ahead. This is why you should pay attention,NPR,npr.org,npr.org,2026-08-20,https://www.npr.org/2026/08/20/nx-s1-5937600/economy-bonds-inflation-debt-consumers,en,2026-08-20,
Here's how the system to report problems in ICE detention has failed immigrants,NPR,npr.org,npr.org,2026-08-20,https://www.npr.org/2026/08/20/nx-s1-5850361/grievance-ice-detention-immigrants,en,2026-08-20,
"North Korea fires a suspected missile toward the sea, Japan says",NPR,npr.org,npr.org,2026-08-20,https://www.npr.org/2026/08/20/g-s1-139381/north-korea-suspected-missile,en,2026-08-20,
Disabled adults learn and work in their communities. That right is under threat,NPR,npr.org,npr.org,2026-08-20,https://www.npr.org/2026/08/20/nx-s1-5891791/disability-rights-community-living-integration-trump,en,2026-08-20,
Trump Officials Scrap Effort to Recruit Pentagon Lawyers to Represent Migrant Children,New York Times,nytimes.com,nytimes.com,2026-08-20,https://www.nytimes.com/2026/08/19/us/politics/migrant-children-pentagon-lawyers.html,en,2026-08-20,
Trump Threatens Economic Pain for Countries That Help Iran,New York Times,nytimes.com,nytimes.com,2026-08-20,https://www.nytimes.com/2026/08/19/us/politics/trump-sanctions-iran.html,en,2026-08-20,
Trump Can’t Speak Brazil’s Master Language,New York Times,nytimes.com,nytimes.com,2026-08-20,https://www.nytimes.com/2026/08/20/opinion/trump-brazil-election-bolsonaro.html,en,2026-08-20,
Jimmy Fallon Teases Trump’s Efforts to Rekindle North Korea Bromance,New York Times,nytimes.com,nytimes.com,2026-08-20,https://www.nytimes.com/2026/08/20/arts/television/jimmy-fallon-trump-kim-jong-un.html,en,2026-08-20,
Capitol agenda: Trump 1.0 enemies face brutal primaries,Politico,politico.com,politico.com,2026-08-20,https://www.politico.com/live-updates/2026/08/20/congress/what-were-watching-01043199,en,2026-08-20,
Trump’s FAA picked an unlikely contractor to lead its air traffic overhaul. The agency is having second thoughts.,Politico,politico.com,politico.com,2026-08-20,https://news.google.com/rss/articles/CBMifEFVX3lxTE1GSm5VcHQ2NVZybmE4N05Ka3M4ZEVuYzhwd003LUlLRFBkbHdRWk1ISW11U0IwU0RVMTZqdkd6bTNqVE5KY0I3N2lMdnladWpiR3pONmRpdXFuc2NOWUhxNTRaRk5zbnpOVE1tWGotXzAwNmx4N3IyVm5sTXE?oc=5,en,2026-08-20,
Michael Cohen won’t say if he’ll use his Trump interview to seek a pardon,Politico,politico.com,politico.com,2026-08-20,https://news.google.com/rss/articles/CBMilwFBVV95cUxONE93ZlBDdkYzUGR6eVhIWmdLbU1IMW5wRmFaczI3X0Vub1Q5ZUphUGNCZldLeUZBT2VyLU9XTThuYkFqekxPTW1PYjZzUEtsSlp4QzFvcDRsdmlHR051TlRqenY4dWtYR0pTVEtkQU1mcXZpV3QzUjh1ZWVDYllDdFc1ekdUS2ZuTkZMQWViZ2E2aFVQNV93?oc=5,en,2026-08-20,
Trump 1.0 enemies face brutal primaries,Politico,politico.com,politico.com,2026-08-20,https://news.google.com/rss/articles/CBMisgFBVV95cUxPWEtoWVFBN3lydnplOHJVS3FnNWozSDJwOWN5T1VNTExCV0xaTzNBOWdWMUZZbUUwOEZlSXFfbzg0ZUtwRDJhVlVITjFJSU5YTjAzSW9DbzJaVnB5d0NKUVFEaFIzN1NIcDljYmdEa3RUemNVR3BVQUVrYjV0U0VTeUZvbjdSR2tVSEMzS0wwMlNzckZnRkRvaGl0dkQ1aUxCeDVfRVNVX1RjX3VkOEdaaUVn?oc=5,en,2026-08-20,
EXCLUSIVE: Trump administration to back US minerals projects with $500 million in grants,Reuters,reuters.com,reuters.com,2026-08-20,https://news.google.com/rss/articles/CBMivwFBVV95cUxQdThFUDZLSTMyUHJsWGcwcS16TExSR3JHMnp1R25OQWltNmp4TGZ2R3dlbDJRQ2taWnVBODlVNXVOMUFRYmI5U3pEbHktb2xRYk5lZE00TzBqdmZqdXBzY3ZZaFVqRTdGQnhlSDdGMmpRbWpwblRkandfRmFnWUhwbUpDRmF4dk1UUVVGdmdlZGpoYWNiM1d4QUowU2x5aFhqMnM4d1E4ZEN2VVZ3LVdxYUpUQWM2bEF5dkgzSkstOA?oc=5,en,2026-08-20,
Crypto shares climb after Trump advocates for Clarity Act,Reuters,reuters.com,reuters.com,2026-08-20,https://news.google.com/rss/articles/CBMisAFBVV95cUxPVmM3elp4cktvVklVUlVBN3BvWkliX2FDX2RjbkdWQkhfcVdzVmFweEoxNkZzS3ZuMDhyRGZWOXRiQ2laWFlpUHhzcENKVklXMzduOGNzZFQydl9qMTJpRFczOU5paEU3VmpEYlRFMVlwU01OY21JTWRrbXItQXd4R1lZMUhaQXN5V1RtOVAzeXUwdUdLNDZ0T3ZNVENOVE5hUkYyV2t1d0xPRmEtTmRuQQ?oc=5,en,2026-08-20,
"Venezuelans and Cubans among deportees to Liberia under Trump deal, official says",Reuters,reuters.com,reuters.com,2026-08-20,https://news.google.com/rss/articles/CBMivwFBVV95cUxQcXdrbkRyd3FOTF8wdXNGSkRHMWJmaEJBQUtmMDhBcnhiTHJ6bmpWRWV3LVREeGlkeC1BUFEzU2xGUmdIYVF4dXNLRmctcmtyZkMyVVJINm1GUE1yaXc4V1FzQmlNbktwVklkckZPQVV5S1kwejhDTzRLRjVQczFtRVVfSERnamVlaVFBSC13SDNfYkgwTFhtaUJ6dEdxOGlFaWJhOERncnVkWkttUV80SV80N2xOQW14WE1BRmNzaw?oc=5,en,2026-08-20,
Trump warns of economic consequences for any country that supports Iran,Reuters,reuters.com,reuters.com,2026-08-20,https://news.google.com/rss/articles/CBMiugFBVV95cUxQc0t6ejR6ZDNSMllnR0lXWC1vV3ZyTXoxUDEyeHRXczFpRWtRbzEyWmdkRVRqWi1oZzJEaEF6UnAxcHItbXZ6Z1hKTzBQV2hPOUVFQml3Wk80T1F2UmFRSzIwakhFR2hKbmp3MFJ6LUFDX1BHV3BKeDZxYXdaT2wwWi1kaU5LbkFaX19IekRKSGNUT0VBc1FQeWVRdUxLd0U3V1I5WjZoMmtIcXZUQnRBczZKcTFZa19zUVE?oc=5,en,2026-08-20,
"South Korea estimates North Korea has up to 120 nuclear warheads, far above Trump's figure",Reuters,reuters.com,reuters.com,2026-08-20,https://news.google.com/rss/articles/CBMi2AFBVV95cUxPai1rZ0dWNGExT2VoOUNnVEs4X01iZlpPVkU0aUlQTE9aNVJXNThnV0k3aEtZMm9yNmxBWWgwTVJzdFMzN2s0ZUR5amstVHNtQnNESkdRQklHV2Jtbm4wRm84OEN0WlVZU0ZuV3lNX3ZkVnlzbG1mYkU2dnRHS0xnQzY0U1Z1amx4d0hRMnkyNmxsejlnN1ZCTFVKenRyUXdXaDdibUVBaktqT3l3N3dJTldHaFR0N19WQUtTNklFV09NLVNzWFo0ZEhhZ1gxYjhqNmhIS2hRN3U?oc=5,en,2026-08-20,
"Democrats’ view of Trump’s first term improves in retrospect, poll finds",Washington Post,washingtonpost.com,washingtonpost.com,2026-08-20,https://www.washingtonpost.com/politics/2026/08/20/democrats-view-trumps-first-term-improves-retrospect-poll-finds/,en,2026-08-20,
Trump wants a ballroom in Ireland. One man is having a ball fighting it.,Washington Post,washingtonpost.com,washingtonpost.com,2026-08-20,https://news.google.com/rss/articles/CBMisgFBVV95cUxPbjZJeWplZXVuSkhBeFJvOUZldFhDUm94ZFFtRXJ3SWdJX3Y4TEpoWVFQckJUUmhVaEtlOWFXN2VfbWJ4RjJZNUtxc3M4Z3hFWE43bmJJVEVDOGZkNUlTcmNNZVhFa2VCMVI0dkJLU3duaFBXMGtESUlucXU5M1JTUGQyN2FtRWZ4N2lNRXd0WmhXS2N6MnB4ZkxHR2ViSXNPek9DcXVUdTE4RGY4UjQydFFB?oc=5,en,2026-08-20,
Thursday briefing: Harry and Meghan; tea benefits; Trump’s Irish ballroom plan; and more,Washington Post,washingtonpost.com,washingtonpost.com,2026-08-20,https://news.google.com/rss/articles/CBMijgFBVV95cUxQdHJ0SnVhcWMwZXNfdXdWQkRMclRmMTZEUGJOeVN6MGdBWTgtLXFINnk2eHlIWnVuVHFjSmpVYnBXbEJCRk84aVQtMVVHZ1Q1dWxmdkZaa25zQUNHZTN3MUNUY19YYXB0NW96a1JnelJROVMzTTk5VkpYMk00LXdQS1ptTTliamVXNE1nX0l3?oc=5,en,2026-08-20,
Analysis | What it means that Democrats are winning special elections in Trump country,Washington Post,washingtonpost.com,washingtonpost.com,2026-08-20,https://news.google.com/rss/articles/CBMiwgFBVV95cUxOZkRuQmV1NVotZVlXb2Z5bEU1dzBRLWZJcXkxTzZCWGE4RDVHQU1xbXlKRENVelNkUWw4TEV0MzZFSmZCS0pReklOa3FfcFptODVMLWw5RjBCMjlYT2kwMmZXc05Gc2VxUkE1My1WV3JaVF8zYlowS1lOckQzdTBxMUJRSzZhTHJvNmszS3FJcUhqbHVuMUVXM3VrSmx1ZVVzOGdmcm9IdHFlemthdXU3R1pfc0QwYTJ6QzFtOHM2VU1yUQ?oc=5,en,2026-08-20,
Trump joins leaders of crypto companies in push for industry-backed bill,Washington Post,washingtonpost.com,washingtonpost.com,2026-08-20,https://news.google.com/rss/articles/CBMitAFBVV95cUxQWXl3dXVnUkt6Q0lTVHNkUVZwbVVDRlVuT29SbWU4VDVJcG9LUEtMcHdnVEYxRTN1c2xnR193UGpvX1FsNkllQ3ZzRGlvcWJyOHY3X18teTV4SndqVGpHWnZubWFLN3hEWE82aG0yQ1UzUXRJNWR5TmNlVEhkeE8wWXotc3lSTU1vekpLNV9wR0J1RU1aT3c5N2puV0lRSUtZTURuZFppMEhKcUFtaWd3NU9BdE4?oc=5,en,2026-08-20,
"Trump shows off his new helipad, brags about construction projects",Washington Post,washingtonpost.com,washingtonpost.com,2026-08-20,https://news.google.com/rss/articles/CBMiuAFBVV95cUxOYUJGZDNJdUhiYmxVY01IMklwcXZlS1lNbHF1U3BkQVdSTUt0dV85WFR6R2dXZ3g3dTZpRXhMV0I1WXlsUjcxUU9YeXRLdDhnbGR0b2J2clIxV256SERFTmRjdVM3aUl1WXJ2YWdVVjFLR1hzT1psbnZRaUlObUw4R3hvTDBtUkd2WE1ncTZaaEpvY0xGcUs2SVZ5RkdaOEQxV3UtZDNZeXp2SHFaLXItdmZPblp6b3NQ?oc=5,en,2026-08-20,
Three more Trump-endorsed candidates lose their primaries,Washington Post,washingtonpost.com,washingtonpost.com,2026-08-20,https://news.google.com/rss/articles/CBMirgFBVV95cUxQYzdNSTgyTGNlTFN1eml1cF9lTklWcEZHbDQ5aE1jc0pEbjlBTFI2RDZMTVJpa2pmeWkwUi1yTDBPMEpHeE9BWV9tTWZyX1pmeU96eEtSbk5BR1FXOWFxQWFLWW5UdHN5MnpMTVlzZXZqeHF5NHZNNEtKVTFQVmRucDNQY2lhLU82QlNwN3o1RFFUeE9LWUdsaTlJQ3kyUFk5OTF4Mk40M0NtZFFMbUE?oc=5,en,2026-08-20,
Trump says he expects to meet with North Korea’s Kim Jong Un later this year,Washington Post,washingtonpost.com,washingtonpost.com,2026-08-20,https://news.google.com/rss/articles/CBMiwgFBVV95cUxPNGVRVjFLQnpoX3huNTE3WTBZYTZnLTZUY3NmcmZ6V2hSUlYtNEcyXzFxNG9UQlJHTVdaNmVpUlh0bFcyWUJ1S1Q4TzR2WHBKdGxwMElISXZVNVNSLXd0SzdNc3NsdVROV3VzTF9JQ1dVOE5rX29nanRyS0tPZUdkLUtnR0tvaERWcmJJQkxIRzM3elBVOVN2Rm82UFBERHhwMlNrUWtUM2RrU2xndFcwbjRlOERkNXdzMUg5YUxqeTREUQ?oc=5,en,2026-08-20,
Board overseeing Dulles Airport approves $15.5 billion to fund Trump renovation,Washington Post,washingtonpost.com,washingtonpost.com,2026-08-20,https://news.google.com/rss/articles/CBMivgFBVV95cUxQOWF4WXE1c3VIN0UyaHFTTWVVYTJpTF9kLU1xZUFDdkF4RGQ0b29jYk5kUUFHa3BqanVsNi1Cdmdwbm9CMmZfeklkX2VTZU1LWFRrLUpiallvem40RHpHU3RqZ2VKUEpXTk80eEtfamRwM1gxVWJQVmJjZEE2Q3JJNnIzTFVJN1hiMDVVaGRuekFtYi11cThQQkgtcXdjdng2OG5jbU5iemlPSDhnSjVxYUdoZkpWdUI5dE9ERVR3?oc=5,en,2026-08-20,
Opinion | I know what U.S. Navy sailors sacrifice. Trump’s indifference stings.,Washington Post,washingtonpost.com,washingtonpost.com,2026-08-20,https://news.google.com/rss/articles/CBMixwFBVV95cUxQV0w2aDIwbE5JWUhBeWVXY1NxUGR1OFhXUld4bHNGZ3B0TDFibE9teHhzMlhjamF1eHA3WmtleUtjeDFQQmR0bFJ1WE41eHFyRmdJcWVzNUZqVVlKc09CWjh0S2tqeTE3elZ4R3M2dlJxOXNaQ0JxVVBsbDRLSWJ4Y0JrV1o4anRiSEcxR1Y2WnlFRTlva25zYm1GRk8tMU92dkJXVUxObzUzNlZUSDBfaWFPcmpHMU5TVE91Zi1MZTJRdGQ3d1Jv?oc=5,en,2026-08-20,
"Trump selects Heidi Overton, White House aide, to lead FDA",Washington Post,washingtonpost.com,washingtonpost.com,2026-08-20,https://news.google.com/rss/articles/CBMimwFBVV95cUxPUENNM3AyYlplTTdvWnZLQ3pjbHQ0VTVuQ1RqNGR5QVZfNVNtMnRGdmtUaU9LUnhEanpWNXpLcktIWk8yWndVeGJ1TV9XaWwzLTRVdnNRbUwwMmlya2pyZHZoRWdxVV9saENlR0N6S0ZqNFR2UGIwRlF1aXFLNldMUEJCbUJHRVduWUtrR0VqTTg0TkVIXzZPbHBNNA?oc=5,en,2026-08-20,
Missouri court allows new Trump-backed US House districts to be used in November election,Washington Post,washingtonpost.com,washingtonpost.com,2026-08-20,https://news.google.com/rss/articles/CBMi5gFBVV95cUxNS1BVR0poTV9UdHY5bzZaZndORGQ1dFJjRExsVHhUNHVwamZGc09yT3BfOWlDRlFNVnNWT2hPWkJpTEF4UTNUalhJb1lUckljeGdTb01wQ21sd04yeW9PZi1VVFdlMjBGWFE5LVNzaHVvcmRBTW5IMnU1LWVFUjh5dGNZZDZ4eUkzdjZBeGI3bm02VVdhU19jNHkyejhPS2N6aFRkclhwTjNQbDk2Z3cxRUtUZVlGTHNpR05jYkxnQ3g1OExzWkRqQnhuSGFreDBBcjRhZTRaeVhZUEw2UjhYSXVoWWluUQ?oc=5,en,2026-08-20,
