title,outlet,media_url,media_name,publish_date,url,language,date,debate_performance
The GOP senators Trump disrespected are now interrogating his nominees,Politico,politico.com,politico.com,2026-07-15,https://www.politico.com/news/2026/07/15/trump-attorney-general-cdc-cornyn-tillis-cassidy-blanche-schwartz-00999854,en,2026-07-15,
Ukraine and its allies hope Graham isn’t their last friend with Trump’s ear,Politico,politico.com,politico.com,2026-07-15,https://www.politico.com/news/2026/07/15/ukraine-allies-graham-trump-00998902,en,2026-07-15,
Trump’s $1.5T defense budget is in trouble,Politico,politico.com,politico.com,2026-07-16,https://www.politico.com/news/2026/07/16/trump-1-5t-defense-budget-in-trouble-01001342,en,2026-07-16,
Red states reject Trump’s shift on overdose prevention,Politico,politico.com,politico.com,2026-07-18,https://www.politico.com/news/2026/07/18/overdose-drugs-kennedy-trumps-harm-reduction-overdose-01004038,en,2026-07-18,
Democrats search for options to halt Trump’s renewed attacks on Iran,Politico,politico.com,politico.com,2026-07-20,https://www.politico.com/news/2026/07/20/democrats-search-for-options-to-halt-trumps-renewed-attacks-on-iran-01005619,en,2026-07-20,
Trump’s Iran trap,Politico,politico.com,politico.com,2026-07-22,https://www.politico.com/newsletters/playbook/2026/07/22/trumps-iran-trap-01007529,en,2026-07-22,
Trump’s air war in Iran may be reaching its limits,Politico,politico.com,politico.com,2026-07-22,https://www.politico.com/news/2026/07/22/trumps-air-war-iran-limit-01008948,en,2026-07-22,
"House Republicans pass hard-right defense bill, handing wins to Trump",Politico,politico.com,politico.com,2026-07-22,https://www.politico.com/news/2026/07/22/house-republicans-pass-defense-bill-01008493,en,2026-07-22,
House and Senate split on votes to rebuke Trump on Iran war,Politico,politico.com,politico.com,2026-07-23,https://www.politico.com/news/2026/07/23/house-iran-war-vote-trump-01009492,en,2026-07-23,
Trump says Iran will be held responsible for future Houthi attacks,Politico,politico.com,politico.com,2026-07-23,https://www.politico.com/news/2026/07/23/donald-trump-iran-war-houthis-attacks-01009389,en,2026-07-23,
A cancer diagnosis may not be enough: Trump and Democratic states clash in court over who’s too sick to work,Politico,politico.com,politico.com,2026-07-28,https://www.politico.com/news/2026/07/28/trump-dems-court-battle-over-medicaid-work-requirements-01013114,en,2026-07-28,
Trump administration to dispense $600M for vaccines RFK Jr. held up,Politico,politico.com,politico.com,2026-07-29,https://www.politico.com/news/2026/07/29/gavi-vaccines-rfk-rubio-thimerosal-autism-01016663,en,2026-07-29,
Trump admin defunds abstinence-only programs in chaotic budget cuts,Politico,politico.com,politico.com,2026-08-06,https://www.politico.com/news/2026/08/06/trump-admin-cuts-teen-pregnancy-prevention-funds-01027294,en,2026-08-06,
The Trump admin offered sick Medicaid patients a 1-year lifeline. These red states are rejecting it.,Politico,politico.com,politico.com,2026-08-09,https://www.politico.com/news/2026/08/09/medicaid-work-requirements-exemptions-medical-frailty-01029777,en,2026-08-09,
Cory Mills hopes Trump boost will overcome Ethics headlines in Florida primary,Politico,politico.com,politico.com,2026-08-13,https://www.politico.com/news/2026/08/12/florida-mills-republican-primary-trump-01035412,en,2026-08-13,
Trump has a plan to break China’s mineral grip. It needs workers first.,Politico,politico.com,politico.com,2026-08-14,https://www.politico.com/news/2026/08/14/trump-wants-to-break-chinas-mineral-grip-it-needs-workers-first-01038385,en,2026-08-14,
Trump demands threaten Navy's progress,Politico,politico.com,politico.com,2026-08-14,https://www.politico.com/news/2026/08/14/trump-navy-lincoln-concerns-01038360,en,2026-08-14,
Judge blocks Trump administration from moving FBI headquarters to DC office building,ABC News,abcnews.go.com,abcnews.go.com,2026-08-17,https://abcnews.com/Politics/wireStory/judge-blocks-trump-administration-moving-fbi-headquarters-dc-135723932,en,2026-08-17,
Xi Jinping will skip UN ahead of Trump summit,Politico,politico.com,politico.com,2026-08-17,https://www.politico.com/news/2026/08/17/xi-jinping-skip-unga-trump-summit-01039237,en,2026-08-17,
Trump administration moves ahead to end roadless rule on national forests,ABC News,abcnews.go.com,abcnews.go.com,2026-08-18,https://abcnews.com/Politics/wireStory/trump-administration-moves-ahead-end-roadless-rule-national-135748769,en,2026-08-18,
Appeals court says Trump-appointed US attorney in Nevada can’t legally serve in the role,ABC News,abcnews.go.com,abcnews.go.com,2026-08-18,https://abcnews.com/Politics/wireStory/appeals-court-trump-appointed-us-attorney-nevada-legally-135744203,en,2026-08-18,
Trump picks Jay Clayton for director of national intelligence after uproar over Pulte,ABC News,abcnews.go.com,abcnews.go.com,2026-08-18,https://news.google.com/rss/articles/CBMipAFBVV95cUxQanBpazRmTDd1NWdIcEhrMUlheVBGMUVyUXRlX0ZyQ3dELUxkSm1yeHpkano4a1RybEdqZE8zUVNOaklrNG82cWMtRDAtS3o4d1BkbzZyYzlPZUVaTjFrYmhzRW8wUE5HcGw2bndYQ0pXcUdsbW5UdGhKR2l6Ymx1WVRXeUx1c09fdkloaGlkWGI5ZTNnZzZNOXlFZm1qQ1FaVWtlcdIBqgFBVV95cUxQLUF2d3d5eHZhalFXS20zUWE0NUVqR2ZUSjhXRU9kcGVFN0lVbE9Lc21GM3BRdnZiRlVrRl8zVnp5UU5zdERLNG1FekFVZGo3VmxWZEN3SEliSFk4aUY0UzRCSHN6ZDlTbkxDWUFSX0pVQXc0RzRZMXNIZFVoZm16RlRXUTU1NUlMRTFsaEFqbHVPR1VyQ3FBSzRfM3NkUUJPeHVYbHlDS0tNdw?oc=5,en,2026-08-18,
"Trump blames Minnesota governor, not Iran, for cyberattacks on the state's water systems",ABC News,abcnews.go.com,abcnews.go.com,2026-08-18,https://news.google.com/rss/articles/CBMirwFBVV95cUxQZEdMZldscXowbHVadzFLRS0xajFnSHZ4M0hjVXNiMVRLVTlXZElQWDEyMm5zcV80ZkFuTm54Y2JySUJ0bV9rNDVWSXhHTlgtcFlvWm9JNDZnMnNoZTUyMV9xTGM5TXg3Q1Jwc1hCclhjSTRCNDJaSXVtRzVwTnRKc1hPMHpDMi1jcjNSR1dzOUpHMDh6UEpxR19ZbHY0X3ktbGFQcUs3U09YVGlrWjFJ0gG0AUFVX3lxTE9nN2pBOWdLMkJwMVdqZVlBM29rTUR5YkFlSFRVRm5vd0piMHp5dXRyTWRacDRiU1JyS2pGWnktdmpYdWhuZXoxSGVPa003eDNscVoxSTZGbWNGaHVOWXR4WGdNQVBtN2UxTmNCMUlwSlNLVHlublFaWHdZRndkZDI4RElmMGdtSy1VMlJVemNfVUNiX1BFbXdYQUs0QXZLYUpENnNuY3ZMNGNPLVNTVFFvX2J3ZA?oc=5,en,2026-08-18,
Trump casts mail ballot again in Florida despite efforts to restrict mail voting,ABC News,abcnews.go.com,abcnews.go.com,2026-08-18,https://news.google.com/rss/articles/CBMipwFBVV95cUxQVFpFSzUwRkxWSnlzQjJfMlA5ck44cmdTcUlJTmZ2WV9tRlIzOWd5WDYxcFZSbWM1V3UxZVhLeUhZR2drMDZOejJFcEhKV0hPb0dWbElQaDNHanY5ZENnczJ2ZHJKMWJEcVBoQm1aN2dTMlBjUThxeFBpTHZvb3d2TDNWSFlGY3EyanllYmszQ3pkOWJoaGVjSEstN0ozTEdzUGRyM1Uwc9IBrAFBVV95cUxPYUJOOFhTbHNGSk8tUkk4TVdKZ3poUzk3OGtsa0hyVWloZGtoSnJFTk1MaXh3X1c2cElqQ2VQMVhtempPTUl3SkJJVDhqSzRLS01QOV8xeWNKQ0l2QzNiM25aWTFMTEdTbUw5amJQdzk5NlU4eFdwWlVPOGEzaDFYcFhNYVdHRy1ZSG9Fd21CR2VvTXFXendWS0xVZmFSc0l2eW1iTHVmalZiYTgy?oc=5,en,2026-08-18,
"Trump is threatening to bomb Oman, but why?",ABC News,abcnews.go.com,abcnews.go.com,2026-08-18,https://news.google.com/rss/articles/CBMiggFBVV95cUxOM2FFejNHOHRiRHBTQ2JSNmVlUTE4dzl1VHY0ZGV6RVFRaWkwbmpCX0U2U1g5ZFUtTUY5V3VuZXlqTlByaUZyR04yZHVfeHkySXVuMmxzU3BxM3lfVmNGN1U4YjZiWmdpbFpsRGRyQ3kweW56dEdoeVhiZXlhSEMxWTJR0gGHAUFVX3lxTE5yeXdUZE45ZFZRYURmcG5EZzVmUzJiamgwLTlaOVNTQjNJVVNSdFRnZEF6NWQyMnJMN1I5WmF4ckZOaDdrRFNLcm9BNmxNcFRUVm5JWkZNVVhxLUlSbzF0XzAzRDNKeDkxNXNBQV9HRGNUUXBub2RIWTFuenY4bHVrZGNoUkpRNA?oc=5,en,2026-08-18,
South Korea president stresses US alliance as many baffled by Trump order to cut exercises,ABC News,abcnews.go.com,abcnews.go.com,2026-08-18,https://news.google.com/rss/articles/CBMirwFBVV95cUxNQkJDVkRuZktSdkZFY0c2ZWhiVi12alZLaWVZdUNxaW84aldkRGVTb1Zxb0Q5ZU00X1A2bHEwRWxicUVkSG14Qnc4dEY2cG91Tm1zbUU1OVJrUXFCXzE3NW4yWC03bHhkakZ1TkJicFBLdmlfUXJPcmJ6UUJveFRMVkRjdFg4U1ZmTkFXS3dlSzc1aWdUbl91UzctbnF6OHhMM0xPcDRKUlBZX3FHOXBN0gG0AUFVX3lxTE9ndEtwNDh4dUFIVW80Y29HRnNpT2ZEc0NQQV82aEFfdWhfM09IdC1PWjhaM2xpbThpdVFELUt0b0tQc2lFQ0FsSzhPejF4eEVOSkszQUZSdGE0d25sS1AxLWdnQkVnUUdmOGxleFBkZEhBb2FIUHVxSEQzcnBMdFRsdEV3S1kxMklfYS1DNkI3X2lZcVBLSGFOZGVQb3JpZlNCN0QyY21JYXoxeHZfN2M3X2lnag?oc=5,en,2026-08-18,
"Trump Making Ballroom ‘Fait Accompli,’ Foes Tell Supreme Court",Bloomberg,bloomberg.com,bloomberg.com,2026-08-18,https://www.bloomberg.com/news/articles/2026-08-18/trump-making-ballroom-fait-accompli-foes-tell-supreme-court,en,2026-08-18,
US Sanctions Top ICC Officials and Vows to ‘Dismantle’ Court,Bloomberg,bloomberg.com,bloomberg.com,2026-08-18,https://www.bloomberg.com/news/articles/2026-08-18/us-sanctions-top-icc-officials-and-vows-to-dismantle-court,en,2026-08-18,
Oil Advances for Fourth Day With US and Iran Locked in Stalemate,Bloomberg,bloomberg.com,bloomberg.com,2026-08-18,https://www.bloomberg.com/news/articles/2026-08-18/latest-oil-market-news-and-analysis-for-aug-19,en,2026-08-18,
China’s Top Envoy to Visit Seoul as Trump Shakes US-Korea Ties,Bloomberg,bloomberg.com,bloomberg.com,2026-08-18,https://www.bloomberg.com/news/articles/2026-08-18/china-s-top-envoy-to-visit-seoul-as-trump-shakes-us-korea-ties,en,2026-08-18,
"Natalie Harp, Trump’s Gatekeeper, Is at Center of Senator Jon Ossoff Clash",Bloomberg,bloomberg.com,bloomberg.com,2026-08-18,https://www.bloomberg.com/news/articles/2026-08-18/little-known-trump-aide-is-at-center-of-clash-with-dem-senator,en,2026-08-18,
"In Florida’s MAGA Stronghold, ‘Trump’s Guy’ Faces Insurgent GOP Rival",Bloomberg,bloomberg.com,bloomberg.com,2026-08-18,https://www.bloomberg.com/news/articles/2026-08-18/trump-pick-in-gop-florida-governor-race-byron-donalds-must-win-crowded-primary,en,2026-08-18,
Trump Is Interviewing Potential Nominees for FDA Commissioner,Bloomberg,bloomberg.com,bloomberg.com,2026-08-18,https://www.bloomberg.com/news/articles/2026-08-18/trump-is-interviewing-potential-nominees-for-fda-commissioner,en,2026-08-18,
"Trump Says No Talks With Iran, Claims Hormuz `Open and Operating’",Bloomberg,bloomberg.com,bloomberg.com,2026-08-18,https://www.bloomberg.com/news/newsletters/2026-08-18/trump-says-no-talks-with-iran-claims-hormuz-open-and-operating,en,2026-08-18,
Trump Overhaul Prompts Dulles Board to Seek $14 Billion in Bonds,Bloomberg,bloomberg.com,bloomberg.com,2026-08-18,https://www.bloomberg.com/news/articles/2026-08-18/trump-overhaul-prompts-dulles-board-to-seek-14-billion-in-bonds,en,2026-08-18,
Trump Plays Kim Jong Un Card to Pressure South Korea Over Trade,Bloomberg,bloomberg.com,bloomberg.com,2026-08-18,https://www.bloomberg.com/news/articles/2026-08-18/trump-plays-kim-jong-un-card-to-pressure-south-korea-over-trade,en,2026-08-18,
America’s Pivot to Asia Takes a U-Turn,Bloomberg,bloomberg.com,bloomberg.com,2026-08-18,https://www.bloomberg.com/opinion/articles/2026-08-18/under-trump-america-s-pivot-to-asia-takes-a-u-turn,en,2026-08-18,
"US, Canada Barrel Toward 50% Tariff as Trump Deadline Approaches",Bloomberg,bloomberg.com,bloomberg.com,2026-08-18,https://www.bloomberg.com/news/articles/2026-08-18/us-canada-barrel-toward-50-tariff-as-trump-deadline-approaches,en,2026-08-18,
Quebec Separatists Won’t Hold Independence Vote Until Trump Is Gone,Bloomberg,bloomberg.com,bloomberg.com,2026-08-18,https://www.bloomberg.com/news/articles/2026-08-18/quebec-separatists-won-t-hold-independence-vote-until-trump-is-gone,en,2026-08-18,
Disney Sues FCC Over ‘Retaliatory Campaign’ Tied to Licenses,Bloomberg,bloomberg.com,bloomberg.com,2026-08-18,https://www.bloomberg.com/news/articles/2026-08-18/disney-sues-fcc-over-retaliatory-campaign-tied-to-licenses,en,2026-08-18,
Trump Takes Hard Line on Iran as Hormuz Standoff Drags On,Bloomberg,bloomberg.com,bloomberg.com,2026-08-18,https://www.bloomberg.com/news/articles/2026-08-18/trump-takes-hard-line-on-iran-as-hormuz-standoff-drags-on,en,2026-08-18,
Trump Shuts the 60-Day Window for Iran Peace Deal,Bloomberg,bloomberg.com,bloomberg.com,2026-08-18,https://www.bloomberg.com/news/newsletters/2026-08-18/trump-shuts-the-60-day-window-for-iran-peace-deal,en,2026-08-18,
Peace Is More Dangerous Than War for Iran’s New Leaders,Bloomberg,bloomberg.com,bloomberg.com,2026-08-18,https://www.bloomberg.com/opinion/articles/2026-08-18/why-iran-s-new-leaders-need-to-continue-the-war,en,2026-08-18,
"China’s Xi to Skip UN Meeting During Trip to US, Report Says",Bloomberg,bloomberg.com,bloomberg.com,2026-08-18,https://www.bloomberg.com/news/articles/2026-08-18/china-s-xi-to-skip-un-meeting-during-trip-to-us-politico-says,en,2026-08-18,
Trump Cites India’s Elections to Push for US Voting Overhaul,Bloomberg,bloomberg.com,bloomberg.com,2026-08-18,https://www.bloomberg.com/news/articles/2026-08-18/trump-cites-india-s-elections-to-push-for-us-voting-overhaul,en,2026-08-18,
"Under Trump, America's Pivot to Asia Takes a U-Turn",Bloomberg,bloomberg.com,bloomberg.com,2026-08-18,https://news.google.com/rss/articles/CBMipwFBVV95cUxPbjV3WHdQcGtvTGE1SXhsVW9KandiVTJxMG9RZzcyZDFVaWRfenkwZzBTQjEwdEtDbHhxbkF1cFZpb0piVHFLbGVoVTdsSk4xS254d3BPQlF5bXZCWHJXOG9zMWdVSVBqQnZQR3NzOXNhQ0dQcGtTYklEZEo2TVhpUVJ2ekt6anE1eXlERFVuRWlTOFlpelNDdm9FWi1EWU43NzJTTHdTWQ?oc=5,en,2026-08-18,
Trump Is Interviewing Possible Nominees for FDA Commissioner,Bloomberg,bloomberg.com,bloomberg.com,2026-08-18,https://news.google.com/rss/articles/CBMisgFBVV95cUxPV0otaDRHSzZFNkJTR0lmMTgzU2txZkNXU04tTkhfMU5mbFl1eTg4cXdwZU1WcF90aXBMMTlid25Ha29pNjJfc0Nma21XTFB3b243WHJxam9VSVcwQjVkcXNLUnY2TjNJQjZ1Nm44TFBTNHcydWNLeGp5ajJoekpkZG80UVNXSjRnS3VybHZaVmtRb3JuMFR5TS1YM01zcHlHMnc0NzZTdlRaNnI5LW5QTGdB?oc=5,en,2026-08-18,
Burnham Says He’s Not Embarrassed After Messaging Top Trump Aide Impersonator,Bloomberg,bloomberg.com,bloomberg.com,2026-08-18,https://news.google.com/rss/articles/CBMixwFBVV95cUxNZTlmOWhOaExiYUlqM01SZ3k0ZlhoOGVFdzlFRzEyY1lLUXI1U0k1aFZiY21TNUctVWdyb2VMUkFuUUdndExFV2gtRFNzbFNOMFlUWmV5Q2lyQjN4UEFVc3hnV1pyY1Y5X20wUFJadEpWN3BLdVgzd3I2MTktNTBRZ1pQd2s1dWx5NTBHRXdVa0hNOUJMc2dseHRNTXV2eUlFWHhLa3hFdFB0VDFrUG1pNk1kUC1adlBtZWFRRHVwTS1wOFVYY0VZ?oc=5,en,2026-08-18,
Energy Stocks Soar to Record as Oil Rises on Trump’s Hard Line,Bloomberg,bloomberg.com,bloomberg.com,2026-08-18,https://news.google.com/rss/articles/CBMiswFBVV95cUxOYzJRNkZ4ZXFOTUNyRXdMT1htRFdyb0c4QmRuTW1PLS1ZMS0zdHBPelpXMnRDclBlTHdaOXV4U2tNeVZyYkdXTHFZaHRlRlozejJXajdlUVp2QkJ4d0JiVjhqSGJ2dFUyNjJPTXFfLU90RHJKTG8wOUJqSklvVF9RVlBPeVk2bUNYUDJhbHpLNTBaanRZQ0ZpZ2V5Q3hOZkJKNmVjZjl1aGRZRTZIWW9mSkJWRQ?oc=5,en,2026-08-18,
"U.S.-Iran Live Updates: Trump announces ""crushing economic operation"" on Iran as talks in limbo",CBS News,cbsnews.com,cbsnews.com,2026-08-18,https://www.cbsnews.com/sanfrancisco/live-updates/us-iran-war-deal-strait-of-hormuz/,en,2026-08-18,
Trump says he paused 50% tariffs on some Canadian goods as deal being finalized,CBS News,cbsnews.com,cbsnews.com,2026-08-18,https://www.cbsnews.com/miami/news/trump-pauses-tariffs-canada/,en,2026-08-18,
"Slotkin presses Hegseth, Caine to keep U.S. military out of the midterm elections",CBS News,cbsnews.com,cbsnews.com,2026-08-18,https://www.cbsnews.com/detroit/news/senator-presses-hegseth-caine-military-midterm-elections/,en,2026-08-18,
"Norcross Army wife avoids possible detainment after ICE check-in, attorney says",CBS News,cbsnews.com,cbsnews.com,2026-08-18,https://www.cbsnews.com/atlanta/news/army-wife-faces-possible-detention-at-norcross-ice-check-in-while-husband-trains-attorney-says/,en,2026-08-18,
"Anti-Islam protest roils Dearborn, Michigan city council meeting as crowds try to rush through doors",CBS News,cbsnews.com,cbsnews.com,2026-08-18,https://www.cbsnews.com/detroit/news/anti-islam-protesters-community-members-dearborn-city-council-meeting/,en,2026-08-18,
"Iran Live Updates: U.S. might return to negotiations ""at some point,"" Trump says",CBS News,cbsnews.com,cbsnews.com,2026-08-18,https://www.cbsnews.com/texas/live-updates/us-iran-war-deal-strait-of-hormuz/,en,2026-08-18,
Trump says no talks with Iran taking place as standoff over Strait of Hormuz continues,CBS News,cbsnews.com,cbsnews.com,2026-08-18,https://www.cbsnews.com/chicago/video/trump-says-no-talks-with-iran-taking-place-as-standoff-over-strait-of-hormuz-continues/,en,2026-08-18,
Where things stand in Iran as White House sends mixed messages on U.S.-Iran communications,CBS News,cbsnews.com,cbsnews.com,2026-08-18,https://www.cbsnews.com/video/where-things-stand-in-iran-as-white-house-sends-mixed-messages-on-us-iran-communications/,en,2026-08-18,
Judge blocks plan to move FBI headquarters,CBS News,cbsnews.com,cbsnews.com,2026-08-18,https://www.cbsnews.com/video/judge-blocks-plan-to-move-fbi-headquarters/,en,2026-08-18,
"Supply chain issues contributing to poor conditions aboard the USS Lincoln, reporter claims",CBS News,cbsnews.com,cbsnews.com,2026-08-18,https://www.cbsnews.com/video/behind-the-supply-chain-issues-that-contributed-to-poor-conditions-aboard-the-uss-abraham-lincoln/,en,2026-08-18,
Eliott Rodriguez wins Democratic primary for Florida's 27th Congressional District,CBS News,cbsnews.com,cbsnews.com,2026-08-18,https://www.cbsnews.com/miami/news/2026-florida-primary-district-27-eliott-rodriguez/,en,2026-08-18,
Scott Singer wins Republican primary for Florida's Congressional District 25,CBS News,cbsnews.com,cbsnews.com,2026-08-18,https://www.cbsnews.com/miami/news/2026-florida-primary-district-25-republican-scott-singer/,en,2026-08-18,
Florida Senate race set between Ashley Moody and Angie Nixon after projected primary wins,CBS News,cbsnews.com,cbsnews.com,2026-08-18,https://www.cbsnews.com/miami/news/florida-senate-primary-results-ashley-moody-angie-nixon/,en,2026-08-18,
"Byron Donalds, David Jolly to face off in Florida governor's race after primary wins",CBS News,cbsnews.com,cbsnews.com,2026-08-18,https://www.cbsnews.com/miami/news/florida-governors-race-primary-results-byron-donalds-david-jolly/,en,2026-08-18,
Scandal-ridden Cory Mills ousted in GOP primary in Florida's 7th District,CBS News,cbsnews.com,cbsnews.com,2026-08-18,https://www.cbsnews.com/miami/news/florida-7th-district-gop-primary-results-cory-mills-ryan-elijah/,en,2026-08-18,
"U.S., South Korea cut short their joint military drills at Trump's direction",CBS News,cbsnews.com,cbsnews.com,2026-08-18,https://www.cbsnews.com/news/u-s-south-korea-cut-short-joint-military-drills-trump/,en,2026-08-18,
"Crime in Washington, D.C., down to lowest level since 2010 since Trump's crackdown",CBS News,cbsnews.com,cbsnews.com,2026-08-18,https://www.cbsnews.com/video/crime-in-washington-dc-down-to-lowest-level-since-2010-since-trumps-crackdown/,en,2026-08-18,
"Pentagon orders ""research security audit"" at University of Illinois, 29 other schools",CBS News,cbsnews.com,cbsnews.com,2026-08-18,https://www.cbsnews.com/chicago/news/department-of-defense-research-security-audit-university-of-illinois-urbana-champaign/,en,2026-08-18,
Where dreams 'feel protected': 97 new citizens take Oath of Allegiance in Chicago,CBS News,cbsnews.com,cbsnews.com,2026-08-18,https://www.cbsnews.com/chicago/news/chicago-citizen-naturalization-ceremony-dirksen-courthouse/,en,2026-08-18,
Trump says no talks with Iran planned as he posts map labeling Strait of Hormuz as U.S. territory,CBS News,cbsnews.com,cbsnews.com,2026-08-18,https://www.cbsnews.com/video/trump-says-no-talks-with-iran-planned-as-he-posts-map-labeling-strait-of-hormuz-as-us-territory/,en,2026-08-18,
Live Updates: 2026 Florida primary election live results on key local races,CBS News,cbsnews.com,cbsnews.com,2026-08-18,https://www.cbsnews.com/miami/live-updates/2026-florida-primary-live-updates-results/,en,2026-08-18,
Florida Division of Emergency Management Director Kevin Guthrie resigns to jump onto Collins ticket,CBS News,cbsnews.com,cbsnews.com,2026-08-18,https://www.cbsnews.com/miami/news/kevin-guthrie-resigns-jay-collins-governor-race/,en,2026-08-18,
Trump says there are no talks happening with Iran,CBS News,cbsnews.com,cbsnews.com,2026-08-18,https://www.cbsnews.com/texas/video/trump-says-there-are-no-talks-happening-with-iran/,en,2026-08-18,
U.S. quietly deporting Mexican migrants to Guatemala and Honduras,CBS News,cbsnews.com,cbsnews.com,2026-08-18,https://www.cbsnews.com/video/us-quietly-deporting-mexican-migrants-to-guatemala-and-honduras-angering-mexico/,en,2026-08-18,
"Former DOJ lawyer alleges Trump administration abused investigative process to target Harvard, Brown and Columbia",CBS News,cbsnews.com,cbsnews.com,2026-08-18,https://www.cbsnews.com/news/justice-department-harvard-brown-columbia-haley-van-erem-whistleblower/,en,2026-08-18,
Who is Trump aide Natalie Harp? Loyal assistant suddenly in the spotlight,CBS News,cbsnews.com,cbsnews.com,2026-08-18,https://www.cbsnews.com/news/natalie-harp-trump-white-house-aide/,en,2026-08-18,
"DEI policies brought no financial penalty for companies that kept them, study finds",CBS News,cbsnews.com,cbsnews.com,2026-08-18,https://www.cbsnews.com/news/dei-policies-company-stock-performance-study/,en,2026-08-18,
U.S.-Iran Updates: Trump says no talks with Iran taking place as standoff over Strait of Hormuz continues,CBS News,cbsnews.com,cbsnews.com,2026-08-18,https://www.cbsnews.com/chicago/live-updates/us-iran-war-deal-strait-of-hormuz/,en,2026-08-18,
"Trump says Strait of Hormuz is ""open and operating."" Shipping data appears to contradict his claim.",CBS News,cbsnews.com,cbsnews.com,2026-08-18,https://www.cbsnews.com/video/trump-says-strait-of-hormuz-open-operatin-shipping-data-appears-to-contradict-his-claim/,en,2026-08-18,
Trump says no talks are underway with Iran,CBS News,cbsnews.com,cbsnews.com,2026-08-18,https://www.cbsnews.com/video/trump-says-no-talks-are-underway-with-iran/,en,2026-08-18,
"Justice Department to send a record 1,000 monitors to polling places in midterm elections",CBS News,cbsnews.com,cbsnews.com,2026-08-18,https://www.cbsnews.com/news/justice-department-election-monitors-midterms/,en,2026-08-18,
"Dearborn prepares for anti-Islam protest spurred by Jake Lang, Lorenzo Sewell",CBS News,cbsnews.com,cbsnews.com,2026-08-18,https://www.cbsnews.com/detroit/news/dearborn-prepares-for-anti-islam-protest-spurred-by-jake-lang-lorenzo-sewell/,en,2026-08-18,
"U.S. quietly deporting Mexican migrants to Guatemala and Honduras, angering Mexico",CBS News,cbsnews.com,cbsnews.com,2026-08-18,https://www.cbsnews.com/news/us-deportations-mexican-migrants-guatemala-honduras/,en,2026-08-18,
Appeals court upholds block on immigration arrests at certain houses of worship,CBS News,cbsnews.com,cbsnews.com,2026-08-18,https://www.cbsnews.com/miami/news/appeals-court-blocks-immigration-arrests-houses-worship/,en,2026-08-18,
"Disney and ABC sue FCC over early license renewals, alleging ""a retaliatory campaign""",CBS News,cbsnews.com,cbsnews.com,2026-08-18,https://www.cbsnews.com/chicago/news/disney-abc-sue-fcc-early-license-renewal/,en,2026-08-18,
Discord suspends livestreams in Brazil amid backlash over girl's suicide,CBS News,cbsnews.com,cbsnews.com,2026-08-18,https://www.cbsnews.com/news/discord-brazil-livestreams-backlash-teen-girl-suicide/,en,2026-08-18,
IRS proposal would force nonprofits to disclose fraud or terrorism convictions of leaders,CBS News,cbsnews.com,cbsnews.com,2026-08-18,https://www.cbsnews.com/news/irs-proposal-nonprofits-fraud-terrorism/,en,2026-08-18,
"U.S. envoy in Turkey chastises Israel for ""unnecessary escalation"" with strikes on Syrian air base",CBS News,cbsnews.com,cbsnews.com,2026-08-18,https://www.cbsnews.com/news/syria-israel-airstrikes-us-tom-barrack-unnecessary-escalation-middle-east/,en,2026-08-18,
"Florida voters choose in governor, Senate primaries and more races to watch today",CBS News,cbsnews.com,cbsnews.com,2026-08-18,https://www.cbsnews.com/news/florida-governor-primary-byron-donalds-james-fishback-senate-alaska-wyoming/,en,2026-08-18,
Trump says no Iran talks are planned or ongoing and claims the Strait of Hormuz is open,CBS News,cbsnews.com,cbsnews.com,2026-08-18,https://www.cbsnews.com/video/trump-says-no-talks-scheduled-with-iran/,en,2026-08-18,
DOJ to stop using outside experts to help vet competitive grant applicants,CBS News,cbsnews.com,cbsnews.com,2026-08-18,https://www.cbsnews.com/news/justice-department-peer-review-grant-applications/,en,2026-08-18,
"U.S., Canada in last-minute talks to head off steep new U.S. tariffs",CBS News,cbsnews.com,cbsnews.com,2026-08-18,https://www.cbsnews.com/news/us-canada-last-minute-talks-steep-new-us-tariffs/,en,2026-08-18,
Trump orders military to reduce exercises with South Korea over refusal to help denuclearize Iran,CBS News,cbsnews.com,cbsnews.com,2026-08-18,https://www.cbsnews.com/video/trump-orders-military-to-reduce-exercises-with-south-korea-over-refusal-to-help-denuclearize-iran/,en,2026-08-18,
"With Iran talks stalled, Trump turns to threatening Oman",CBS News,cbsnews.com,cbsnews.com,2026-08-18,https://www.cbsnews.com/minnesota/video/with-iran-talks-stalled-trump-turns-to-threatening-oman/,en,2026-08-18,
Ossoff taunts Trump about White House aide Natalie Harp,CBS News,cbsnews.com,cbsnews.com,2026-08-18,https://www.cbsnews.com/video/ossoff-taunts-trump-about-white-house-aide-natalie-harp/,en,2026-08-18,
Trump's ire at Oman rises as Kushner meets with Netanyahu in Israel,CBS News,cbsnews.com,cbsnews.com,2026-08-18,https://www.cbsnews.com/video/trumps-ire-at-oman-rises-as-kushner-meets-with-netanyahu-in-israel/,en,2026-08-18,
Trump pushes against U.S. allies,CBS News,cbsnews.com,cbsnews.com,2026-08-18,https://www.cbsnews.com/detroit/video/trump-pushes-against-u-s-allies/,en,2026-08-18,
Trump threatens longtime U.S. ally Oman amid Strait of Hormuz stalemate,CBS News,cbsnews.com,cbsnews.com,2026-08-18,https://www.cbsnews.com/video/trump-threatens-longtime-us-ally-oman-amid-strait-of-hormuz-stalemate/,en,2026-08-18,
Eye Opener: Trump threatens to bomb U.S. ally,CBS News,cbsnews.com,cbsnews.com,2026-08-18,https://www.cbsnews.com/video/eye-opener-trump-threatens-to-bomb-us-ally/,en,2026-08-18,
"U.S., Iran passes 60 days of talks with no deal in place",CBS News,cbsnews.com,cbsnews.com,2026-08-18,https://www.cbsnews.com/newyork/video/u-s-iran-passes-60-days-of-talks-with-no-deal-in-place/,en,2026-08-18,
"U.S.-Iran Updates: Kushner says Iran not interested in deal that ""makes sense"" for U.S. as stalemate continues",CBS News,cbsnews.com,cbsnews.com,2026-08-18,https://www.cbsnews.com/live-updates/us-iran-war-deal-strait-of-hormuz/,en,2026-08-18,
Trump postpones 50% tariff he threatened for some Canadian goods,CNN,cnn.com,cnn.com,2026-08-18,https://www.cnn.com/2026/08/18/economy/canada-tariffs-trump,en,2026-08-18,
Watch: Key results from Florida primaries,CNN,cnn.com,cnn.com,2026-08-18,https://www.cnn.com/2026/08/18/politics/video/results-florida-primaries-dana-bash,en,2026-08-18,
Dem socialist Angie Nixon scores upset in Florida Dem Senate primary,CNN,cnn.com,cnn.com,2026-08-18,https://www.cnn.com/2026/08/18/politics/video/dem-socialist-angie-nixon-scores-upset-in-florida-dem-senate-primary-lcl,en,2026-08-18,
Palestinian-American man returns to West Bank home besieged by Jewish settlers,CNN,cnn.com,cnn.com,2026-08-18,https://www.cnn.com/2026/08/18/world/video/west-bank-american-home-diamond-pkg-081803pseg2-cnni-world-fast,en,2026-08-18,
Natalie Harp’s brother speaks out about her loyalty to Trump,CNN,cnn.com,cnn.com,2026-08-18,https://www.cnn.com/2026/08/18/politics/video/ebof-natalie-harp-brother-speaks-ossoff-trump,en,2026-08-18,
Military drills between US and South Korea cut short at Washington’s request,CNN,cnn.com,cnn.com,2026-08-18,https://www.cnn.com/2026/08/18/asia/trump-us-south-korea-military-exercises-intl-hnk,en,2026-08-18,
Ex-CIA officer on briefing Vice President Mike Pence as a Transgender woman,CNN,cnn.com,cnn.com,2026-08-18,https://www.cnn.com/2026/08/18/politics/video/src-julia-curlee-on-briefing-mike-pence,en,2026-08-18,
Trump tries a new approach in Iran war: Disengage,CNN,cnn.com,cnn.com,2026-08-18,https://www.cnn.com/2026/08/18/politics/iran-war-trump-halt-talks,en,2026-08-18,
"Key takeaways from Tuesday’s primaries in Florida, Alaska and Wyoming",CNN,cnn.com,cnn.com,2026-08-18,https://www.cnn.com/2026/08/18/politics/takeaways-florida-alaska-primaries,en,2026-08-18,
Fmr. GOP Strategist: ‘Hegseth should be focused on war’,CNN,cnn.com,cnn.com,2026-08-18,https://www.cnn.com/2026/08/18/politics/video/fmr-gop-strategist-hegseth-should-be-focused-on-war,en,2026-08-18,
Trump expected to pick Dr. Heidi Overton to lead FDA,CNN,cnn.com,cnn.com,2026-08-18,https://www.cnn.com/2026/08/18/health/fda-commissioner-heidi-overton,en,2026-08-18,
Sen. Darline Graham admits in debate: ‘National security is not my thing’,CNN,cnn.com,cnn.com,2026-08-18,https://www.cnn.com/2026/08/18/politics/darline-graham-debate-national-security-not-my-thing,en,2026-08-18,
Transgender CIA official breaks silence on chaos inside Trump White House before being fired,CNN,cnn.com,cnn.com,2026-08-18,https://www.cnn.com/2026/08/18/politics/video/src-julia-curlee-breaks-silence-on-chaos-insidetrump-white-house,en,2026-08-18,
"All eyes on Florida, keeping moms healthy, cosmic breadcrumb: Catch up on the day’s stories",CNN,cnn.com,cnn.com,2026-08-18,https://www.cnn.com/2026/08/18/us/5-things-pm-august-18-trnd,en,2026-08-18,
CNN projects Rep. Debbie Wasserman Schultz will win Florida primary,CNN,cnn.com,cnn.com,2026-08-18,https://www.cnn.com/2026/08/18/politics/video/ebof-florida-primary-projection-debbie-wasserman-schultz,en,2026-08-18,
Meta faces potential $1.4 trillion liability in social media addiction trial,CNN,cnn.com,cnn.com,2026-08-18,https://www.cnn.com/2026/08/18/us/video/ac360-meta-liability-trial,en,2026-08-18,
"Democratic socialist Angie Nixon will defeat Alex Vindman in Florida’s Democratic Senate primary, CNN projects",CNN,cnn.com,cnn.com,2026-08-18,https://www.cnn.com/2026/08/18/politics/live-news/florida-primary-election-results,en,2026-08-18,
What to know about the Disney FCC lawsuit,CNN,cnn.com,cnn.com,2026-08-18,https://www.cnn.com/2026/08/18/business/video/disney-first-amendment-lawsuit-fcc-trending-cli-hrzn,en,2026-08-18,
Day 2 in the murder trial of rapper Tupac Shakur,CNN,cnn.com,cnn.com,2026-08-18,https://www.cnn.com/2026/08/18/us/video/ac360-tupac-trial-day-2,en,2026-08-18,
"Meet Natalie Harp, the aide so close to Trump she once rode in an SUV trunk to accompany him",CNN,cnn.com,cnn.com,2026-08-18,https://www.cnn.com/2026/08/18/politics/natalie-harp-trump-aide,en,2026-08-18,
Meta faces critical lawsuit over child safety,CNN,cnn.com,cnn.com,2026-08-18,https://www.cnn.com/2026/08/18/us/video/meta-trial-sarah-kreps-intv-081811aseg2-cnni-us-fast,en,2026-08-18,
Kentucky Gov. Andy Beshear quips that he’d name a term limit bill after GOP Sen. Mitch McConnell,CNN,cnn.com,cnn.com,2026-08-18,https://www.cnn.com/2026/08/18/politics/video/cnn-sitroom-pamela-brown-andy-beshear-governor-kentucky-mitch-mcconnell-absence-senate,en,2026-08-18,
Disney sues Trump’s FCC over ‘retaliatory campaign’ against ABC,CNN,cnn.com,cnn.com,2026-08-18,https://lite.cnn.com/2026/08/18/media/disney-abc-fcc-trump-lawsuit-the-view-retaliatory,en,2026-08-18,
"Ex-lawmakers, pardoned felons and carpetbaggers seek political redemption in chaotic Florida GOP House primary",CNN,cnn.com,cnn.com,2026-08-18,https://www.cnn.com/2026/08/18/politics/video/florida-19th-district-gop-primary-ip,en,2026-08-18,
Rubio announces sanctions on ICC officials amid campaign to dismantle the court,CNN,cnn.com,cnn.com,2026-08-18,https://www.cnn.com/2026/08/18/politics/us-announces-sanctions-on-icc-officials,en,2026-08-18,
San Diego Padres staffer in ICE custody after arrest at Texas airport,CNN,cnn.com,cnn.com,2026-08-18,https://www.cnn.com/2026/08/18/sport/san-diego-padres-oswaldo-pirela,en,2026-08-18,
"Europe needs ‘a more scientific approach’ to migration, says former Spanish diplomat",CNN,cnn.com,cnn.com,2026-08-18,https://www.cnn.com/2026/08/18/tv/video/amanpour-berdoy,en,2026-08-18,
Can an ‘independent-minded Democrat’ do what no one has done since 1932: win in ruby-red Kansas?,CNN,cnn.com,cnn.com,2026-08-18,https://www.cnn.com/2026/08/18/politics/video/inside-politics-kansas-senate-democratic-candidate-pastor-adam-hamilton,en,2026-08-18,
President denies reports of troubles on board the USS Lincoln,CNN,cnn.com,cnn.com,2026-08-18,https://www.cnn.com/2026/08/18/us/video/bolduan-oliverio-hegseth-uss-lincoln-cnc,en,2026-08-18,
12 of Trump’s most bizarre moments on the Iran war,CNN,cnn.com,cnn.com,2026-08-18,https://www.cnn.com/2026/08/18/politics/trump-iran-war-comments,en,2026-08-18,
The Odds: Washington’s Magic Ball?,CNN,cnn.com,cnn.com,2026-08-18,https://www.cnn.com/2026/08/18/politics/video/the-odds-washingtons-magic-ball-cnc-kalpar,en,2026-08-18,
Trump posts image depicting Strait of Hormuz as new ‘U.S. Territory’,CNN,cnn.com,cnn.com,2026-08-18,https://www.cnn.com/2026/08/18/world/video/trump-iran-hormuz-collinson-live-ctw-fst-081809aseg1-cnni-world-fast,en,2026-08-18,
"Ceuta crisis ‘was a failure’ of EU’s new Pact on Migration and Asylum, says former EU diplomat",CNN,cnn.com,cnn.com,2026-08-18,https://www.cnn.com/2026/08/18/tv/video/amanpour-malstrom,en,2026-08-18,
"Ossoff calls Trump a ‘draft-dodging, crook president,’ intensifying his feud with White House",CNN,cnn.com,cnn.com,2026-08-18,https://www.cnn.com/2026/08/18/politics/jon-ossoff-trump-kelly,en,2026-08-18,
"Trump’s threats anger Omanis, leave observers puzzled",CNN,cnn.com,cnn.com,2026-08-18,https://www.cnn.com/2026/08/18/middleeast/trumps-threats-anger-omanis-intl,en,2026-08-18,
Iran is losing control of the Strait of Hormuz,CNN,cnn.com,cnn.com,2026-08-18,https://www.cnn.com/2026/08/18/business/iran-strait-of-hormuz-oil,en,2026-08-18,
Judge allows Trump administration to end deportation protections for thousands of Ethiopians,CNN,cnn.com,cnn.com,2026-08-18,https://www.cnn.com/2026/08/18/politics/judge-allows-trump-administration-to-end-tps-ethiopians,en,2026-08-18,
Judge rules FBI can’t abandon Biden-era plans to relocate headquarters to Maryland,CNN,cnn.com,cnn.com,2026-08-18,https://www.cnn.com/2026/08/18/politics/fbi-headquarters-maryland-ronald-reagan-building,en,2026-08-18,
"Who is Trump’s close aide, Natalie Harp?",CNN,cnn.com,cnn.com,2026-08-18,https://www.cnn.com/2026/08/18/politics/video/who-is-trumps-close-aide-natalie-harp-digvid,en,2026-08-18,
Africa CDC chief blames late detection and insecurity for fast-spreading Ebola outbreak,CNN,cnn.com,cnn.com,2026-08-18,https://www.cnn.com/2026/08/18/world/video/africa-cdc-ebola-outbreak-interview-intl-dsk,en,2026-08-18,
CDC’s new director is pressed to do something about its zombie programs,CNN,cnn.com,cnn.com,2026-08-18,https://www.cnn.com/2026/08/18/health/cdc-zombie-programs,en,2026-08-18,
‘Tremendous unease in South Korea’: Veteran U.S. diplomat on Trump military pull-back,CNN,cnn.com,cnn.com,2026-08-18,https://www.cnn.com/2026/08/18/tv/video/amanpour-golodryga-yun-south-korea-trump,en,2026-08-18,
Hawaii Gov.: ‘We’ll be here if you help us heal’,CNN,cnn.com,cnn.com,2026-08-18,https://www.cnn.com/2026/08/18/us/video/cnn-sitroom-blitzer-hawaii-governor-josh-green-hurricane-lala,en,2026-08-18,
Palestinian-American returns to home under settler siege,CNN,cnn.com,cnn.com,2026-08-18,https://www.cnn.com/2026/08/18/world/video/palestinian-american-returns-home-west-bank-intldsk-digivid,en,2026-08-18,
"Trump swings hard at Oman and South Korea, but his foreign policy misses are piling up",CNN,cnn.com,cnn.com,2026-08-18,https://www.cnn.com/2026/08/18/politics/trump-iran-war-south-korea-oman-strait-of-hormuz,en,2026-08-18,
Abdul El-Sayed is a problem for Democrats. Republicans appear to have more problems,CNN,cnn.com,cnn.com,2026-08-18,https://www.cnn.com/2026/08/18/politics/republican-senate-candidates-unpopularity,en,2026-08-18,
Maternal health in the spotlight amid the trial of Lindsay Clancy and the sudden death of Hayden Panettiere,CNN,cnn.com,cnn.com,2026-08-18,https://www.cnn.com/2026/08/18/us/video/maternal-health-lindsay-clancy-hayden-panettiere,en,2026-08-18,
Oil prices at highest level since July as fresh strike reported on vessel in Strait of Hormuz,CNN,cnn.com,cnn.com,2026-08-18,https://www.cnn.com/2026/08/18/world/live-news/iran-war-trump,en,2026-08-18,
Remains found near Guthrie’s home with no connection to case ‘at this time’,CNN,cnn.com,cnn.com,2026-08-18,https://www.cnn.com/2026/08/18/us/video/remains-found-near-guthries-home-with-no-connection-to-case-at-this-time-nancy-us-crime-hnk-digvid-hori-dirty,en,2026-08-18,
Student killed in Philippines school shooting,CNN,cnn.com,cnn.com,2026-08-18,https://www.cnn.com/2026/08/18/world/video/student-killed-in-philippines-school-shooting-kid-children-gun-fire-crime-hnk-digvid-hori-dirty,en,2026-08-18,
"What to watch in Tuesday’s primaries in Florida, Alaska, and Wyoming",CNN,cnn.com,cnn.com,2026-08-18,https://www.cnn.com/2026/08/18/politics/florida-alaska-wyoming-primaries-what-to-watch,en,2026-08-18,
Progressive Florida Dem Senate candidate wants to ‘assess’ congressional leadership,CNN,cnn.com,cnn.com,2026-08-18,https://www.cnn.com/2026/08/18/politics/video/progressive-florida-dem-senate-candidate-wants-to-assess-congressional-leadership,en,2026-08-18,
Republicans worry Trump’s warn in Iran could cost them in midterms,CNN,cnn.com,cnn.com,2026-08-18,https://www.cnn.com/2026/08/18/politics/republicans-iran-war-donald-trump,en,2026-08-18,
Why Trump is again threatening to bomb US ally Oman,CNN,cnn.com,cnn.com,2026-08-18,https://www.cnn.com/2026/08/18/world/video/why-trump-is-again-threatening-to-bomb-us-ally-oman-ldn-digvid,en,2026-08-18,
Fact check : Every single part of this Trump story about South Korea is wrong,CNN,cnn.com,cnn.com,2026-08-18,https://www.cnn.com/2026/08/17/politics/fact-check-trump-south-korea-cost-sharing-biden,en,2026-08-18,
"Live updates : Trump threatens to bomb Oman , fresh strike reported on vessel",CNN,cnn.com,cnn.com,2026-08-18,https://edition.cnn.com/2026/08/18/world/live-news/iran-war-trump,en,2026-08-18,
Republicans worry Trump warn in Iran could cost them in midterms,CNN,cnn.com,cnn.com,2026-08-18,https://edition.cnn.com/2026/08/18/politics/republicans-iran-war-donald-trump,en,2026-08-18,
Jon Ossoff goes after Trump again as 2028 speculation heats up,CNN,cnn.com,cnn.com,2026-08-18,https://edition.cnn.com/2026/08/18/politics/jon-ossoff-trump-kelly,en,2026-08-18,
Trump most bizarre comments about the Iran war,CNN,cnn.com,cnn.com,2026-08-18,https://edition.cnn.com/2026/08/18/politics/trump-iran-war-comments,en,2026-08-18,
How one NYC suburb could decide which party controls the House,Fox News,foxnews.com,foxnews.com,2026-08-18,https://www.foxnews.com/politics/how-one-nyc-suburb-could-decide-which-party-controls-house,en,2026-08-18,
Want to strengthen America's economy? The key investment is hiding in plain sight,Fox News,foxnews.com,foxnews.com,2026-08-18,https://www.foxnews.com/opinion/strengthen-americas-economy-key-investment-hiding-plain-sight,en,2026-08-18,
Kai Trump reveals how family rallied around mom Vanessa amid breast cancer battle: ‘It’s a long journey’,Fox News,foxnews.com,foxnews.com,2026-08-18,https://www.foxnews.com/lifestyle/kai-trump-reveals-how-family-rallied-around-mom-vanessa-amid-breast-cancer-battle-its-long-journey,en,2026-08-18,
Kevin Sorbo blasts Hollywood 'blacklisting' of conservatives as 'seventh grade mean girls' culture,Fox News,foxnews.com,foxnews.com,2026-08-18,https://www.foxnews.com/entertainment/kevin-sorbo-blasts-hollywood-blacklisting-conservatives-seventh-grade-mean-girls-culture,en,2026-08-18,
"Louisiana football phenom Peyton Houston credits faith, family for his remarkable success",Fox News,foxnews.com,foxnews.com,2026-08-18,https://www.foxnews.com/media/louisiana-football-phenom-peyton-houston-credits-faith-family-remarkable-success,en,2026-08-18,
"Does pot make you a better parent? This 'garden mom' says yes, but the reality is hazy",Fox News,foxnews.com,foxnews.com,2026-08-18,https://www.foxnews.com/media/pot-make-better-parent-garden-mom-says-yes-reality-hazy,en,2026-08-18,
"Redistricting gives Republicans an edge, but affordability will decide the midterms",Fox News,foxnews.com,foxnews.com,2026-08-18,https://www.foxnews.com/opinion/redistricting-gives-republicans-edge-affordability-decide-midterms,en,2026-08-18,
"Trump wants to help 146,000 mentally ill who are homeless. Democrats want to stop him",Fox News,foxnews.com,foxnews.com,2026-08-18,https://www.foxnews.com/opinion/trump-wants-help-146000-mentally-ill-homeless-democrats-want-stop-him,en,2026-08-18,
Inside the tension that drove Trump’s South Korea alliance from ‘historic new era’ to military pullback,Fox News,foxnews.com,foxnews.com,2026-08-18,https://www.foxnews.com/politics/tension-drove-trumps-south-korea-alliance-historic-new-era-military-pullback,en,2026-08-18,
Trump-aligned conservative emerges from crowded primary to decide who fills Wyoming’s lone House seat,Fox News,foxnews.com,foxnews.com,2026-08-18,https://www.foxnews.com/politics/trump-aligned-conservative-emerges-from-crowded-primary-decide-wyoming-house-seat,en,2026-08-18,
Republican who kicked Liz Cheney out of Congress seeks higher office in reddest state,Fox News,foxnews.com,foxnews.com,2026-08-18,https://www.foxnews.com/politics/republican-kicked-liz-cheney-congress-seeks-higher-office-reddest-state,en,2026-08-18,
Your favorite cocktail could be an unexpected casualty of Trump's looming trade fight,Fox News,foxnews.com,foxnews.com,2026-08-18,https://www.foxnews.com/politics/your-favorite-cocktail-could-unexpected-casualty-trumps-looming-trade-fight,en,2026-08-18,
America’s reddest state crowns GOP governor nominee,Fox News,foxnews.com,foxnews.com,2026-08-18,https://www.foxnews.com/politics/americas-reddest-state-crowns-gop-governor-nominee,en,2026-08-18,
"Liberia agrees to accept 1,200 third-country deportees from US within a year",Fox News,foxnews.com,foxnews.com,2026-08-18,https://www.foxnews.com/world/liberia-agrees-accept-1200-third-country-deportees-us-within-year,en,2026-08-18,
Democrats pick their fighter for uphill bid to flip deep-red Senate seat,Fox News,foxnews.com,foxnews.com,2026-08-18,https://www.foxnews.com/politics/democrats-pick-fighter-uphill-bid-flip-deep-red-senate-seat,en,2026-08-18,
"Jonathan Fahey Warns Abolishing ICE Would Mean ""Total Chaos"" at the Border",Fox News,foxnews.com,foxnews.com,2026-08-18,https://radio.foxnews.com/2026/08/18/jonathan-fahey-warns-abolishing-ice-would-mean-total-chaos-at-the-border/,en,2026-08-18,
Midterm Risks & President Trump's Shift On Iran,Fox News,foxnews.com,foxnews.com,2026-08-18,https://radio.foxnews.com/2026/08/18/midterm-risks-president-trumps-shift-on-iran-2/,en,2026-08-18,
Hayden Panettiere Death: New Details,Fox News,foxnews.com,foxnews.com,2026-08-18,https://radio.foxnews.com/2026/08/18/hayden-panettiere-death-new-details/,en,2026-08-18,
Cammack: The Complete Lack Of Self-Awareness With These DSA Candidates Is Comedy Gold,Fox News,foxnews.com,foxnews.com,2026-08-18,https://radio.foxnews.com/2026/08/18/cammack-the-complete-lack-of-self-awareness-with-these-dsa-candidates-is-comedy-gold/,en,2026-08-18,
‘Hebrew Hammer’ defeats social media influencer after bitter campaign marred by antisemitic posts,Fox News,foxnews.com,foxnews.com,2026-08-18,https://www.foxnews.com/politics/hebrew-hammer-defeats-social-media-influencer-after-bitter-campaign-marred-antisemitic-posts,en,2026-08-18,
Media executive overcomes Trump endorsement in race to succeed Byron Donalds in ‘circus-like primary’,Fox News,foxnews.com,foxnews.com,2026-08-18,https://www.foxnews.com/politics/trump-endorsed-33-year-old-wins-gop-nod-succeed-byron-donalds-circus-like-primary,en,2026-08-18,
Federal judge blocks Trump admin plan to move FBI headquarters to Reagan Building,Fox News,foxnews.com,foxnews.com,2026-08-18,https://www.foxnews.com/politics/federal-judge-blocks-trump-administration-plan-move-fbi-headquarters-reagan-building,en,2026-08-18,
"ABC more cautious of booking candidates on 'The View' amid FCC pressure, Disney's First Amendment lawsuit says",Fox News,foxnews.com,foxnews.com,2026-08-18,https://www.foxnews.com/media/abc-cautious-booking-candidates-view-amid-fcc-pressure-disney-first-amendment-lawsuit,en,2026-08-18,
Never-Trump Republican is top Dem choice in crucial Florida primary,Fox News,foxnews.com,foxnews.com,2026-08-18,https://www.foxnews.com/politics/never-trump-republican-top-dem-choice-crucial-florida-primary,en,2026-08-18,
Rep Ralph Norman calls Senate hiatus 'a slap in the face' while SAVE Act remains stalled,Fox News,foxnews.com,foxnews.com,2026-08-18,https://www.foxnews.com/media/rep-ralph-norman-calls-senate-hiatus-slap-face-asks-round-clock-save-act-votes,en,2026-08-18,
Trump's handpicked DeSantis successor wins crowded GOP primary for Florida governor,Fox News,foxnews.com,foxnews.com,2026-08-18,https://www.foxnews.com/politics/trumps-handpicked-desantis-successor-wins-crowded-gop-primary-florida-governor,en,2026-08-18,
President Trump reportedly will go on a lap of honor around the Freedom 250 Grand Prix street circuit,Fox News,foxnews.com,foxnews.com,2026-08-18,https://www.foxnews.com/outkick-sports/president-trump-lap-honor-freedom-250-grand-prix-street-circuit-report,en,2026-08-18,
Kai Trump recalls ‘a lot of crying’ with mom Vanessa before college amid breast cancer battle,Fox News,foxnews.com,foxnews.com,2026-08-18,https://www.foxnews.com/lifestyle/kai-trump-recalls-lot-crying-mom-vanessa-college-breast-cancer-battle,en,2026-08-18,
Trump admin scores court win to end deportation protections for Ethiopian migrants,Fox News,foxnews.com,foxnews.com,2026-08-18,https://www.foxnews.com/politics/trump-admin-scores-court-win-end-deportation-protections-ethiopian-migrants,en,2026-08-18,
"Rosie O'Donnell 'surprised' by being tapped to guest host for Kimmel, but eager for anti-Trump platform",Fox News,foxnews.com,foxnews.com,2026-08-18,https://www.foxnews.com/media/rosie-odonnell-surprised-being-tapped-guest-host-kimmel-eager-anti-trump-platform,en,2026-08-18,
"Anti-socialism push can flip battlegrounds, Republican leader bets as party fights to hold House",Fox News,foxnews.com,foxnews.com,2026-08-18,https://www.foxnews.com/politics/anti-socialism-push-flip-battlegrounds-republican-leader-bets-party-fights-hold-house,en,2026-08-18,
Drivers Josef Newgarden and Kyle Kirkwood talk IndyCar's 'once-in-a-lifetime' Freedom 250 Grand Prix,Fox News,foxnews.com,foxnews.com,2026-08-18,https://www.foxnews.com/outkick-sports/drivers-josef-newgarden-kyle-kirkwood-talk-indycars-once-in-a-lifetime-freedom-250-grand-prix,en,2026-08-18,
Ralph Norman suggests special GOP primary runoff rival Darline Graham is the establishment's chosen candidate,Fox News,foxnews.com,foxnews.com,2026-08-18,https://www.foxnews.com/politics/ralph-norman-suggests-special-gop-primary-runoff-rival-darline-graham-establishment-chosen-candidate,en,2026-08-18,
Transgender defendant who sought to 'kill Scott Bessent' sentenced to more than 6 years in prison,Fox News,foxnews.com,foxnews.com,2026-08-18,https://www.foxnews.com/politics/transgender-defendant-sought-kill-scott-bessent-sentenced-more-6-years-prison,en,2026-08-18,
Boy who passed out in deadly ocean waves celebrates miracle birthday inside Trump Oval Office,Fox News,foxnews.com,foxnews.com,2026-08-18,https://www.foxnews.com/media/boy-passed-out-deadly-ocean-waves-celebrates-miracle-birthday-trump-oval-office,en,2026-08-18,
Rosie O'Donnell’s return to late night reignites decades-old feud with Donald Trump,Fox News,foxnews.com,foxnews.com,2026-08-18,https://www.foxnews.com/media/rosie-odonnells-return-late-night-reignites-decades-old-feud-donald-trump,en,2026-08-18,
Longtime GOP aide defects to Dem rising star as Texas Senate battle for Cornyn's seat heats up,Fox News,foxnews.com,foxnews.com,2026-08-18,https://www.foxnews.com/politics/longtime-gop-aide-defects-dem-rising-star-texas-senate-battle-heats,en,2026-08-18,
WATCH: Letitia James told ‘do her f---ing job’ by Republican enraged by inaction on antisemitic crimes,Fox News,foxnews.com,foxnews.com,2026-08-18,https://www.foxnews.com/politics/letitia-james-told-do-her-f-ing-job-republican-enraged-inaction-antisemitic-crimes,en,2026-08-18,
Iran’s gutted ranks leave loyalists filling critical posts — with one glaring problem,Fox News,foxnews.com,foxnews.com,2026-08-18,https://www.foxnews.com/world/irans-gutted-ranks-leave-loyalists-filling-critical-posts-one-glaring-problem,en,2026-08-18,
Antisemitism fight explodes in Florida as voters head to the polls: 'Political pogrom',Fox News,foxnews.com,foxnews.com,2026-08-18,https://www.foxnews.com/politics/antisemitism-fight-explodes-florida-voters-head-polls-political-pogrom,en,2026-08-18,
Jon Ossoff dodges on why he invoked Trump aide's name during Georgia campaign rally,Fox News,foxnews.com,foxnews.com,2026-08-18,https://www.foxnews.com/media/jon-ossoff-dodges-why-invoked-trump-aides-name-georgia-campaign-rally,en,2026-08-18,
South Korean president jumps to invest in military after Trump cuts joint exercises,Fox News,foxnews.com,foxnews.com,2026-08-18,https://www.foxnews.com/world/south-korean-president-jumps-invest-military-trump-cuts-joint-exercises,en,2026-08-18,
White House tears into Ossoff with brutal takedown after jab at key Trump aide: ‘Lightweight loser’,Fox News,foxnews.com,foxnews.com,2026-08-18,https://www.foxnews.com/politics/white-house-tears-ossoff-brutal-takedown-after-jab-key-trump-aide-lightweight-loser,en,2026-08-18,
Kushner touts unprecedented Iran contacts as Tehran denies Trump backchannel,Fox News,foxnews.com,foxnews.com,2026-08-18,https://www.foxnews.com/politics/kushner-touts-unprecedented-iran-contacts-tehran-denies-trump-backchannel,en,2026-08-18,
"Disney sues FCC over ‘retaliatory campaign against ABC,’ seeks to block early renewal proceedings",Fox News,foxnews.com,foxnews.com,2026-08-18,https://www.foxnews.com/media/disney-sues-fcc-over-retaliatory-campaign-against-abc-seeks-block-early-renewal-proceedings,en,2026-08-18,
Trump’s affordability plan faces conservative pushback as pocketbook issues loom over midterms,Fox News,foxnews.com,foxnews.com,2026-08-18,https://www.foxnews.com/politics/trumps-affordability-plan-faces-conservative-pushback-pocketbook-issues-loom-midterms,en,2026-08-18,
Spanish journalist says Ceuta residents believe government isn't doing enough to prevent another migrant rush,Fox News,foxnews.com,foxnews.com,2026-08-18,https://www.foxnews.com/world/spanish-journalist-ceuta-residents-believe-government-isnt-doing-enough-prevent-another-migrant-rush,en,2026-08-18,
"Democrat Party's civil war heads to Florida, Alaska and Wyoming and more top headlines",Fox News,foxnews.com,foxnews.com,2026-08-18,https://www.foxnews.com/us/democrat-partys-civil-war-heads-florida-alaska-wyoming-more-top-headlines,en,2026-08-18,
Iran fails to strike deal with US as deadline passes and Trump calls for ‘white flag of surrender',Fox News,foxnews.com,foxnews.com,2026-08-18,https://www.foxnews.com/politics/iran-fails-strike-deal-us-deadline-passes-trump-calls-white-flag-surrender,en,2026-08-18,
Trump endorses replacement GOP nominee Jennifer Balkcom after Chuck Edwards ends re-election bid,Fox News,foxnews.com,foxnews.com,2026-08-18,https://www.foxnews.com/politics/trump-endorses-replacement-gop-nominee-jennifer-balkcom-chuck-edwards-ends-reelection-bid,en,2026-08-18,
Appeals court rules Trump admin unlawfully appointed Nevada's top federal prosecutor,Fox News,foxnews.com,foxnews.com,2026-08-18,https://www.foxnews.com/politics/appeals-court-rules-trump-admin-unlawfully-appointed-nevadas-top-federal-prosecutor,en,2026-08-18,
DOJ opens probe into prestigious college over alleged discrimination favoring minority students,Fox News,foxnews.com,foxnews.com,2026-08-18,https://www.foxnews.com/us/doj-opens-probe-prestigious-college-alleged-discrimination-favoring-minority-students,en,2026-08-18,
Tasas de vacunación escolar en EEUU bajan ligeramente y las exenciones alcanzan máximo histórico,Los Angeles Times,latimes.com,latimes.com,2026-08-18,https://www.latimes.com/espanol/eeuu/articulo/2026-08-18/tasas-de-vacunacion-escolar-en-eeuu-bajan-ligeramente-y-las-exenciones-alcanzan-maximo-historico,es,2026-08-18,
Primarias en EEUU podrían influir en batalla por el control del Congreso,Los Angeles Times,latimes.com,latimes.com,2026-08-18,https://www.latimes.com/espanol/eeuu/articulo/2026-08-18/primarias-en-eeuu-podrian-influir-en-batalla-por-el-control-del-congreso,es,2026-08-18,
Fiscal general de Minnesota demanda al gobernador de Texas para que extradite a un agente del ICE,Los Angeles Times,latimes.com,latimes.com,2026-08-18,https://www.latimes.com/espanol/eeuu/articulo/2026-08-18/fiscal-general-de-minnesota-demanda-al-gobernador-de-texas-para-que-extradite-un-agente-del-ice,es,2026-08-18,
ICE pitches legal insurance to help shield local officers who make immigration arrests,Los Angeles Times,latimes.com,latimes.com,2026-08-18,https://www.latimes.com/world-nation/story/2026-08-18/ice-pitches-legal-insurance-to-help-shield-local-officers-who-make-immigration-arrests,en,2026-08-18,
San Diego County kicks immigration agents out of shooting range. Sheriff says not so fast,Los Angeles Times,latimes.com,latimes.com,2026-08-18,https://www.latimes.com/california/story/2026-08-18/san-diego-supervisors-kick-ice-out-of-county-owned-shooting-range,en,2026-08-18,
"A culture war over trans athletes invades the WNBA, and ratings soar",Los Angeles Times,latimes.com,latimes.com,2026-08-18,https://www.latimes.com/world-nation/story/2026-08-18/former-nba-players-troll-wnba-by-demanding-draft-eligibility,en,2026-08-18,
Congresswoman says target of ICE operation in fatal Maine shooting wasn't up for removal,Los Angeles Times,latimes.com,latimes.com,2026-08-18,https://www.latimes.com/world-nation/story/2026-08-18/lawmaker-says-man-in-fatal-ice-shooting-in-maine-wasnt-up-for-removal,en,2026-08-18,
"Liberia agrees to take 1,200 deportees from the U.S.",Los Angeles Times,latimes.com,latimes.com,2026-08-18,https://www.latimes.com/world-nation/story/2026-08-18/liberia-agrees-to-take-1-200-deportees-from-u-s,en,2026-08-18,
Orquesta Sinfónica Nacional estará en 6 sedes del área de Washington por cierre del Centro Kennedy,Los Angeles Times,latimes.com,latimes.com,2026-08-18,https://www.latimes.com/espanol/entretenimiento/articulo/2026-08-18/orquesta-sinfonica-nacional-estara-en-6-sedes-del-area-de-washington-por-cierre-del-centro-kennedy,es,2026-08-18,
"Klaveness critica la ""gestión basada en el miedo"" en la FIFA de Infantino tras despido de Lamour",Los Angeles Times,latimes.com,latimes.com,2026-08-18,https://www.latimes.com/espanol/deportes/articulo/2026-08-18/klaveness-critica-la-gestion-basada-en-el-miedo-en-la-fifa-de-infantino-tras-despido-de-lamour,es,2026-08-18,
Corte Suprema vuelve a rechazar pedido de Trump de anular compensación a escritora que lo acusó,Los Angeles Times,latimes.com,latimes.com,2026-08-18,https://www.latimes.com/espanol/eeuu/articulo/2026-08-18/corte-suprema-vuelve-rechazar-pedido-de-trump-de-anular-compensacion-escritora-que-lo-acuso,es,2026-08-18,
"Recortes de Trump dejan programas médicos en EEUU como ""zombies"", financiados pero sin personal",Los Angeles Times,latimes.com,latimes.com,2026-08-18,https://www.latimes.com/espanol/eeuu/articulo/2026-08-18/recortes-de-trump-dejan-programas-medicos-en-eeuu-como-zombies-financiados-pero-sin-personal,es,2026-08-18,
Beverly Hills substitute teacher said she was fired over anti-Trump posts. Now she's suing the district,Los Angeles Times,latimes.com,latimes.com,2026-08-18,https://www.latimes.com/california/story/2026-08-18/beverly-hills-substitute-teacher-said-she-was-fired-over-anti-trump-posts-now-shes-suing-district,en,2026-08-18,
Supreme Court is urged to block Trump's huge new ballroom so Congress can decide,Los Angeles Times,latimes.com,latimes.com,2026-08-18,https://www.latimes.com/politics/story/2026-08-18/justices-urged-to-block-trumps-new-ballroom-so-congress-can-decide,en,2026-08-18,
Trump administration advances plan to rescind 'Roadless Rule' protecting national forests,Los Angeles Times,latimes.com,latimes.com,2026-08-18,https://www.latimes.com/environment/story/2026-08-18/trump-administration-advances-plan-to-rescind-roadless-rule-protecting-national-forests,en,2026-08-18,
Justice Department pushes to revive criminal case against Kilmar Abrego Garcia,Los Angeles Times,latimes.com,latimes.com,2026-08-18,https://www.latimes.com/world-nation/story/2026-08-18/justice-department-pushes-to-revive-criminal-case-against-kilmar-abrego-garcia,en,2026-08-18,
'Brazen act of self-dealing': Democrats seek to block a Trump-linked crypto bank,Los Angeles Times,latimes.com,latimes.com,2026-08-18,https://www.latimes.com/politics/story/2026-08-18/democrats-seek-to-block-trump-linked-crypto-bank,en,2026-08-18,
Column: Everyone is campaigning on 'affordability' that no one can deliver,Los Angeles Times,latimes.com,latimes.com,2026-08-18,https://www.latimes.com/opinion/story/2026-08-18/everyone-is-campaigning-on-affordability-that-no-one-can-deliver,en,2026-08-18,
Pentagon orders audit of 30 universities' partnerships with foreign institutions,Los Angeles Times,latimes.com,latimes.com,2026-08-18,https://www.latimes.com/world-nation/story/2026-08-18/pentagon-orders-audit-of-30-universities-foreign-partnerships,en,2026-08-18,
'The young ones are the best ones': Meta on trial for alleged effort to hook kids,Los Angeles Times,latimes.com,latimes.com,2026-08-18,https://www.latimes.com/california/story/2026-08-18/california-social-media-addiction-lawsuit-meta,en,2026-08-18,
Trump says U.S. has no talks planned with Iran as ships in the Strait of Hormuz still face attacks,Los Angeles Times,latimes.com,latimes.com,2026-08-18,https://www.latimes.com/world-nation/story/2026-08-18/trump-says-u-s-has-no-talks-planned-with-iran-as-ships-in-strait-of-hormuz-still-face-attacks,en,2026-08-18,
Trump claims credit as prescription drug prices see steepest drop since 1963,Los Angeles Times,latimes.com,latimes.com,2026-08-18,https://www.latimes.com/business/story/2026-08-18/trump-claims-credit-as-prescription-drug-prices-see-steepest-drop-since-1963,en,2026-08-18,
"Judge rules paint tests on Eisenhower Building can proceed, advancing Trump's makeover plans for now",Los Angeles Times,latimes.com,latimes.com,2026-08-18,https://www.latimes.com/world-nation/story/2026-08-18/judge-rules-paint-tests-on-eisenhower-building-can-proceed-advancing-trumps-makeover-plans-for-now,en,2026-08-18,
CDC's new director is pressed to do something about its zombie programs,Los Angeles Times,latimes.com,latimes.com,2026-08-18,https://www.latimes.com/world-nation/story/2026-08-18/cdcs-new-director-is-pressed-to-do-something-about-its-zombie-programs,en,2026-08-18,
Zambia President Hakainde Hichilema is declared the winner of a troubled election,Los Angeles Times,latimes.com,latimes.com,2026-08-18,https://www.latimes.com/world-nation/story/2026-08-18/zambia-president-hakainde-hichilema-is-declared-winner-of-troubled-election,en,2026-08-18,
Palestinian American returns to besieged West Bank home but Israeli settlers remain,Los Angeles Times,latimes.com,latimes.com,2026-08-18,https://www.latimes.com/world-nation/story/2026-08-18/palestinian-american-returns-to-besieged-west-bank-home-but-israeli-settlers-remain,en,2026-08-18,
"ABC sues FCC, alleging Trump-fueled retaliation in TV license fight",Los Angeles Times,latimes.com,latimes.com,2026-08-18,https://www.latimes.com/entertainment-arts/business/story/2026-08-18/abc-files-suit-to-stop-fccs-early-tv-license-reviews,en,2026-08-18,
Mysterious poisoning of Tahoe trees may improve somebody's view,Los Angeles Times,latimes.com,latimes.com,2026-08-18,https://www.latimes.com/california/newsletter/2026-08-18/mysterious-poisoning-of-tahoe-trees-may-improve-somebodys-view,en,2026-08-18,
Letters to the Editor: The top-two primary hasn’t solved the many problems with California elections,Los Angeles Times,latimes.com,latimes.com,2026-08-18,https://www.latimes.com/opinion/letters-to-the-editor/story/2026-08-18/top-two-election-reform,en,2026-08-18,
"Contributor: This year, the keyword for Democrats is 'competence'",Los Angeles Times,latimes.com,latimes.com,2026-08-18,https://www.latimes.com/opinion/story/2026-08-18/democratic-candidates-science-competence,en,2026-08-18,
"As Colorado River reservoirs shrink, Arizona warns of a legal fight",Los Angeles Times,latimes.com,latimes.com,2026-08-18,https://www.latimes.com/environment/story/2026-08-18/colorado-river-legal-fight,en,2026-08-18,
A political farewell to one of the best friends Social Security ever had in Congress,Los Angeles Times,latimes.com,latimes.com,2026-08-18,https://www.latimes.com/business/story/2026-08-18/farewell-rep-larson-hero-of-the-social-security-wars,en,2026-08-18,
How to prevent future U.S. attorneys general from being subservient attack dogs,Los Angeles Times,latimes.com,latimes.com,2026-08-18,https://www.latimes.com/opinion/story/2026-08-18/constitutional-amendment-attorney-general-political-influence,en,2026-08-18,
"War was supposed to crush Iran's 'Axis of Resistance.' Instead, it's bloodied but unbroken",Los Angeles Times,latimes.com,latimes.com,2026-08-18,https://www.latimes.com/world-nation/story/2026-08-18/war-has-left-irans-axis-of-resistance-bloodied-but-unbroken,en,2026-08-18,
"As L.A. burned, online gamblers bet on how much the fires would destroy. 'That was fun'",Los Angeles Times,latimes.com,latimes.com,2026-08-18,https://www.latimes.com/california/story/2026-08-18/polymarket-kalshi-wildfire-markets,en,2026-08-18,
‘Resign. You’re destroying the country’: Republican voter in key Ohio district slams Trump,NBC News,nbcnews.com,nbcnews.com,2026-08-18,https://www.nbcnews.com/meet-the-press/video/-resign-you-re-destroying-the-country-republican-voter-in-key-ohio-district-slams-trump-268491333778,en,2026-08-18,
Trump appears to repeatedly contradict his own top advisers on the Iran war,NBC News,nbcnews.com,nbcnews.com,2026-08-18,https://www.nbcnews.com/politics/trump-administration/trump-appears-repeatedly-contradict-top-advisers-iran-war-rcna593118,en,2026-08-18,
"Whistleblower alleges political pressure, lack of evidence in antisemitism probes targeting schools",NBC News,nbcnews.com,nbcnews.com,2026-08-18,https://www.nbcnews.com/politics/trump-administration/whistleblower-lack-evidence-antisemitism-probes-schools-rcna593248,en,2026-08-18,
Judge orders release of woman accused of vandalism at World War II Memorial,NBC News,nbcnews.com,nbcnews.com,2026-08-18,https://www.nbcnews.com/news/us-news/judge-orders-release-melissa-farris-vandalism-world-war-ii-memorial-rcna593075,en,2026-08-18,
ICE pitches legal insurance to help shield local officers who make immigration arrests,NBC News,nbcnews.com,nbcnews.com,2026-08-18,https://www.nbcnews.com/news/us-news/ice-pitches-legal-insurance-help-shield-local-officers-make-immigratio-rcna593091,en,2026-08-18,
South Korean president urges stronger independent defense after Trump orders joint military drills scaled back,NBC News,nbcnews.com,nbcnews.com,2026-08-18,https://www.nbcnews.com/world/asia/south-korean-president-urges-stronger-independent-defense-trump-orders-rcna593073,en,2026-08-18,
What to watch in Tuesday’s primaries and Buss family drama over Lakers share: Morning Rundown,NBC News,nbcnews.com,nbcnews.com,2026-08-18,https://www.nbcnews.com/news/us-news/tuesday-primaries-buss-family-lakers-morning-rundown-rcna593059,en,2026-08-18,
Gov. Josh Shapiro takes a hard line against ‘predatory’ data center developers in Pennsylvania,NBC News,nbcnews.com,nbcnews.com,2026-08-18,https://www.nbcnews.com/politics/2028-election/gov-josh-shapiro-executive-order-data-centers-pennsylvania-rcna593177,en,2026-08-18,
San Diego County will stop letting federal immigration agents train at local firing ranges,NBC News,nbcnews.com,nbcnews.com,2026-08-18,https://www.nbcnews.com/politics/immigration/san-diego-county-stop-letting-immigration-agents-train-firing-ranges-rcna593247,en,2026-08-18,
Election highlights: Byron Donalds and David Jolly to face off in Florida governorâs race; Democratic socialist scores upset in Senate primary,NBC News,nbcnews.com,nbcnews.com,2026-08-18,https://www.nbcnews.com/politics/2026-election/live-blog/elections-florida-governor-house-senate-alaska-primaries-live-updates-rcna593016,en,2026-08-18,
Trump administration moves to rescind rule that protects millions of acres of national forest,NBC News,nbcnews.com,nbcnews.com,2026-08-18,https://www.nbcnews.com/science/environment/trump-administration-rescind-rule-protecting-national-forests-rcna593201,en,2026-08-18,
What two under-the-radar DNC moves say about the party’s direction: From the Politics Desk,NBC News,nbcnews.com,nbcnews.com,2026-08-18,https://www.nbcnews.com/politics/politics-news/two-radar-dnc-moves-say-partys-direction-politics-desk-rcna593231,en,2026-08-18,
States take on Meta in court over child addiction claims,NBC News,nbcnews.com,nbcnews.com,2026-08-18,https://www.nbcnews.com/now/video/states-take-on-meta-in-court-over-child-addiction-claims-268478021786,en,2026-08-18,
Trump posts that 'no talks or conversations' are scheduled with Iran,NBC News,nbcnews.com,nbcnews.com,2026-08-18,https://www.nbcnews.com/video/trump-posts-that-no-talks-or-conversations-are-scheduled-with-iran-268470341527,en,2026-08-18,
U.K. Prime Minister Andy Burnham says he’s not embarrassed about messaging someone impersonating a top Trump aide,NBC News,nbcnews.com,nbcnews.com,2026-08-18,https://www.nbcnews.com/politics/white-house/uk-prime-minister-burnham-trump-aide-susie-wiles-impersonator-rcna593095,en,2026-08-18,
Palestinian-American travels to his West Bank home amid Israeli settler siege,NBC News,nbcnews.com,nbcnews.com,2026-08-18,https://www.nbcnews.com/video/palestinian-american-travels-to-his-west-bank-home-amid-israeli-settler-siege-268455493859,en,2026-08-18,
"Disney and ABC sue FCC, seeking to stop early license renewal process",NBC News,nbcnews.com,nbcnews.com,2026-08-18,https://www.nbcnews.com/business/business-news/abc-disney-sues-fcc-trump-administration-first-amendment-rcna593088,en,2026-08-18,
Who is Natalie Harp? Sen. Jon Ossoff puts Trump aide in spotlight,NBC News,nbcnews.com,nbcnews.com,2026-08-18,https://www.nbcnews.com/politics/white-house/natalie-harp-trump-aide-jon-ossoff-questions-rcna593003,en,2026-08-18,
Trump administration moves to open untouched national forests to logging,NPR,npr.org,npr.org,2026-08-18,https://www.npr.org/2026/08/18/nx-s1-5936495/trump-administration-moves-to-open-untouched-national-forests-to-logging,en,2026-08-18,
Vaccination rates fall as more parents opt out,NPR,npr.org,npr.org,2026-08-18,https://www.npr.org/2026/08/18/nx-s1-5936234/vaccination-rates-fall-as-more-parents-opt-out,en,2026-08-18,
Iraq's PM faces tough challenges after promising to disarm Iran-backed militias,NPR,npr.org,npr.org,2026-08-18,https://www.npr.org/2026/08/18/nx-s1-5936225/iraqs-pm-faces-tough-challenges-after-promising-to-disarm-iran-backed-militias,en,2026-08-18,
A look at the Trump administration's evolving relationship with Asia,NPR,npr.org,npr.org,2026-08-18,https://www.npr.org/2026/08/18/nx-s1-5935428/a-look-at-the-trump-administrations-evolving-relationship-with-asia,en,2026-08-18,
Embattled Florida Republican Rep. Cory Mills fights to keep his House seat,NPR,npr.org,npr.org,2026-08-18,https://www.npr.org/2026/08/18/nx-s1-5936435/mills-elijah-florida-republican-primary,en,2026-08-18,
Trump versus Capital One,NPR,npr.org,npr.org,2026-08-18,https://www.npr.org/2026/08/18/nx-s1-5935601/trump-versus-capital-one,en,2026-08-18,
Trump threatens Oman amid talks over control of the Strait of Hormuz,NPR,npr.org,npr.org,2026-08-18,https://www.npr.org/2026/08/18/nx-s1-5935590/trump-threatens-oman-amid-talks-over-control-of-the-strait-of-hormuz,en,2026-08-18,
Longtime Trump critic Rosie O'Donnell is stepping in for Jimmy Kimmel this week,NPR,npr.org,npr.org,2026-08-18,https://www.npr.org/2026/08/18/nx-s1-5936389/longtime-trump-critic-rosie-odonnell-is-stepping-in-for-jimmy-kimmel-this-week,en,2026-08-18,
Voters head to the polls in embattled Florida Congressman Cory Mills' district,NPR,npr.org,npr.org,2026-08-18,https://www.npr.org/2026/08/18/nx-s1-5933038/voters-head-to-the-polls-in-embattled-florida-congressman-cory-mills-district,en,2026-08-18,
"ABC and Disney sue FCC, alleging First Amendment violations",NPR,npr.org,npr.org,2026-08-18,https://www.npr.org/2026/08/18/nx-s1-5936406/abc-and-disney-sue-fcc-alleging-first-amendment-violations,en,2026-08-18,
Trump is demanding English — while defunding ESL,NPR,npr.org,npr.org,2026-08-18,https://www.npr.org/2026/08/18/nx-s1-5925111/trump-is-demanding-english-while-defunding-esl,en,2026-08-18,
S. Korea stresses US alliance amid confusion over Trump drill cut,NPR,npr.org,npr.org,2026-08-18,https://www.npr.org/2026/08/18/g-s1-139096/s-korea-stresses-us-alliance-amid-confusion-over-trump-drill-cut,en,2026-08-18,
"U.S. and Iran miss peace talks deadline. And, Alaska, Florida and Wyoming primaries",NPR,npr.org,npr.org,2026-08-18,https://www.npr.org/2026/08/18/g-s1-139072/up-first-newsletter-iran-south-korea-jared-kushner-florida-wyoming-alaska-primaries-luigi-mangione,en,2026-08-18,
This crowded Republican primary in Florida has drawn a unique cast of candidates,NPR,npr.org,npr.org,2026-08-18,https://www.npr.org/2026/08/18/nx-s1-5930699/florida-republican-19th-district-carpetbaggers,en,2026-08-18,
Carney and Trump Talk Again as Deadline Nears on New U.S. Tariffs,New York Times,nytimes.com,nytimes.com,2026-08-18,https://www.nytimes.com/2026/08/18/world/canada/trade-tariffs-trump-carney.html,en,2026-08-18,
Rosie O’Donnell Just Knows Trump Is Watching Her Host ‘Jimmy Kimmel Live’,New York Times,nytimes.com,nytimes.com,2026-08-18,https://www.nytimes.com/2026/08/18/arts/television/rosie-odonnell-jimmy-kimmel-trump.html,en,2026-08-18,
"Trump’s Broken Promises, in 11 Charts",New York Times,nytimes.com,nytimes.com,2026-08-18,https://www.nytimes.com/interactive/2026/08/18/opinion/trump-economy-campaign-promises.html,en,2026-08-18,
"Trump’s $47 Billion-Dollar Border Wall Plan, and Why a Tupac Murder Trial Is Starting After 30 Years",New York Times,nytimes.com,nytimes.com,2026-08-18,https://www.nytimes.com/2026/08/18/podcasts/the-headlines/trump-border-wall-tupac-murder-trial.html,en,2026-08-18,
Trump Honors a Teenage Lifeguard and Takes Aim at a CNN Reporter,New York Times,nytimes.com,nytimes.com,2026-08-18,https://www.nytimes.com/2026/08/18/us/politics/trump-lifeguard-cnn-reporter.html,en,2026-08-18,
Sugar Importer With Trump Ties Said to Maintain Abusive Labor Practices,New York Times,nytimes.com,nytimes.com,2026-08-18,https://www.nytimes.com/2026/08/18/business/economy/trump-central-romana-sugar-forced-labor.html,en,2026-08-18,
Trump Administration Moves to Allow Logging in Pristine National Forests,New York Times,nytimes.com,nytimes.com,2026-08-18,https://www.nytimes.com/2026/08/18/climate/trump-ends-roadless-rule-forests.html,en,2026-08-18,
Judge Allows Limited Testing in Trump Plan to Paint Eisenhower Building White,New York Times,nytimes.com,nytimes.com,2026-08-18,https://www.nytimes.com/2026/08/18/us/politics/judge-paint-eisenhower-building-trump.html,en,2026-08-18,
Trump Fired the Watchdogs. Their Replacements Have a Different Mission.,New York Times,nytimes.com,nytimes.com,2026-08-18,https://www.nytimes.com/2026/08/18/us/politics/trump-inspector-general.html,en,2026-08-18,
"Trump’s Ballroom Is Rising at Breakneck Speed: 20 Hours a Day, 7 Days a Week",New York Times,nytimes.com,nytimes.com,2026-08-18,https://www.nytimes.com/2026/08/18/us/politics/trump-ballroom-construction.html,en,2026-08-18,
"Trump Officials Ignored Their Own University Investigators, Lawyer Says",New York Times,nytimes.com,nytimes.com,2026-08-18,https://www.nytimes.com/2026/08/18/us/trump-administration-university-investigations-whistleblower.html,en,2026-08-18,
Threatening Friends and Courting Enemies in Trump’s ‘Upside-Down World’,New York Times,nytimes.com,nytimes.com,2026-08-18,https://www.nytimes.com/2026/08/18/us/politics/trumps-upside-down-world.html,en,2026-08-18,
"Sydney Gruters, Wife of R.N.C. Chair, Wins House Primary in Florida With Trump’s Backing",New York Times,nytimes.com,nytimes.com,2026-08-18,https://www.nytimes.com/2026/08/18/us/politics/trump-gruters-florida-republican-primary.html,en,2026-08-18,
Florida rejects Democratic establishment — and even snubs Trump,Politico,politico.com,politico.com,2026-08-18,https://www.politico.com/news/2026/08/18/florida-angie-nixon-trump-democratic-republican-primary-2026-01041405,en,2026-08-18,
Trump’s pick for Wyoming governor is the latest endorsee to lose primary,Politico,politico.com,politico.com,2026-08-18,https://www.politico.com/news/2026/08/18/trumps-pick-for-wyoming-governor-is-the-latest-endorsee-to-lose-primary-01041404,en,2026-08-18,
Trump to select Heidi Overton for FDA commissioner,Politico,politico.com,politico.com,2026-08-18,https://www.politico.com/news/2026/08/18/heidi-overton-fda-food-and-drug-commissioner-01041348,en,2026-08-18,
Trump’s threats to Seoul may be worse than their bite,Politico,politico.com,politico.com,2026-08-18,https://www.politico.com/news/2026/08/18/trump-south-korea-military-security-01040890,en,2026-08-18,
‘There is no breaking point’: The problem with Trump’s plan to economically strangle Iran,Politico,politico.com,politico.com,2026-08-18,https://news.google.com/rss/articles/CBMixAFBVV95cUxPaE1lQ0VsRVJncmxLd18zQnlhQ0xXWlJlQUdES1J1RlB1WEhKdjlqRTNYMkw3UmxjQzRLUXFyQzhBT0xULURMcmQ2RVRUQUg2UDQ1VEVPemhRQW8wUDJvWHpTdnRyQ2ZGUEVOUkZjVXNSSzFBTDdqU1pLOTBxODNldUxtTWhqcmpwWllwdXhZUkg2SlY3Y2pMVnNnRS14VXc4ZS1NMjJmSEpKYkFFVUtfVUNzWkVhbTJUc0l0OHZ3Z2VhSk9D?oc=5,en,2026-08-18,
Trump’s Syria envoy calls Israeli air strikes on base ‘unnecessary escalation’,Politico,politico.com,politico.com,2026-08-18,https://news.google.com/rss/articles/CBMiiAFBVV95cUxOWXRJcUJXbWRra2tBczRRaUtpaFd0MWg2M0ZkOWRBNHluSzg5VC1OTjg2c05Vdk9xaWRHVnZGcm4yTnJNTjV6NFE2TDAxSVpLWXExNUpJdTZWZUhOcjRmYnlobVBWbmVGSWRnWEpiZjY0Yl8yOHNLcVM3QmdPbWVpaDNCQktUTkJq?oc=5,en,2026-08-18,
Trump’s new world disorder,Politico,politico.com,politico.com,2026-08-18,https://news.google.com/rss/articles/CBMimgFBVV95cUxPMzhKNG5KdTJ6NmpscFlldGc2Z0tQSmp4UThoS3V0N1NnWGxjVVYyNWl4VVRaaUtlQUlpaWRBS1Rka3V3UGZkMlRoeGU2ZXRud29FcnVsNVBPdzZEaFpBU3NHVVQwMEdZSWNlYm9NbmZFZmR3aEg5Wk00d0dka3lWQ080cmowY1FXS0xGckk0cEdZWlZoTFdJV2ZB?oc=5,en,2026-08-18,
Trump is weighing whether to grant Canada a tariff reprieve,Politico,politico.com,politico.com,2026-08-18,https://news.google.com/rss/articles/CBMijgFBVV95cUxPWnlfNlhXN0hPbENYcWlMcDh2aFlkLWQ1WGJWQVlIRTFEUEo1WC02enIydUE0VnFsSENWam5VY1EtMXAyVno3RHpCZlQ1RFR5R0FpTmFxYzdxWjBEUk1feFJRMEl0QVFPUTF4UXQ1bjNseWxvemdpZmJDMXJrczIxTG0wVVltVjVDaFF4QWl3?oc=5,en,2026-08-18,
"Trump says no talks planned with Iran, Tehran says Strait of Hormuz still shut",Reuters,reuters.com,reuters.com,2026-08-18,https://news.google.com/rss/articles/CBMixwFBVV95cUxOUFBFaGFVcWFQMUh6YjRZVVpwX2piQ093ZzVJVjJtRmgtaE9RVFhJNG40STQxbDlhSG00cHBNVWNlRnZ5TE9MSmVVQTdJRk5hTDhIVEVCeXRtbmsyQkNCR1FSQm5GVGRNYmcybHN6RFNzbGJGN3hsdUUzWFh1c0NEdXd0X0h4SHdRXzlsRjd4NDZvR1VBc0M3ZDJxdG1TcTBISHBWSHRjcHBRSG90SU44cE5WM011U2g0V1dObWZXaEJSX2tONDQ0?oc=5,en,2026-08-18,
"EXCLUSIVE: Trump approval falls to 33%, lowest of his presidency, Reuters/Ipsos poll finds",Reuters,reuters.com,reuters.com,2026-08-18,https://news.google.com/rss/articles/CBMitAFBVV95cUxQQi1faldMbmRDZnpQWWdTWWtyQmZZOVRnU01BVEt5aVdEQ0xxeGlWdmlNR1k4c2lWODJmcjNHUkFFc3BwLTgzVjQyd0dkTXJnUGdvN1hJeHZ0SC1aYzlVZC1DQW1ZM0NjdWhUby1JRzBjQmg1cDdjMEEydjRlVTlkT2Q4ODJad2s3eXhEaVlEY1JnVm01Y0FQb2lhLS10dGpPSlQ2aFBjQy1kTkdyOFhWWGtkMWM?oc=5,en,2026-08-18,
White House defends Trump's ability to vote by mail,Reuters,reuters.com,reuters.com,2026-08-18,https://news.google.com/rss/articles/CBMiogFBVV95cUxQcVhsN21VZ2ZlUnVlZXdMZnl6aGFaS2FiLVJSekRhU1JiRXdtenFzNE5NYi1zcnpqQ2xDdU9tNkpmVkVNZHY4RHVQdjhtUXBPSGVZTGF3aE5LNjUwajAyaldtTlpCM09SelF6NDg3Rm8zR3lwbWJtRV9fWG85R2Ztd3VuLUpoVE5YaGxDam11bWpaZDZncGk2VzBtR2k5cnR2T0E?oc=5,en,2026-08-18,
US judge allows Trump to end thousands of Ethiopians' deportation protections,Reuters,reuters.com,reuters.com,2026-08-18,https://news.google.com/rss/articles/CBMisgFBVV95cUxQakNGSm9UQUNhdE1tVzBFdUw0WmxyTXRValpDZ2NTQnl3QzFKQ3N0R0owcU04M3lBZHEya3gxUGdUMDBhRnF1bmRnd1hVckZVMGNFME9DR1dvUkZvNjMyTEh0Vm9WVlRtTnIyMDBQR1J2OUhfc1RGeUdpb2taWHdCd0NUNktGWVlwcldyMUZXMUMtbjNyeEdZbEVmQ2pyVFFNbXBaSFI2dVEzQUdjX0h6QXlB?oc=5,en,2026-08-18,
Trump administration moves to rescind rule that protects millions of forest acres,Reuters,reuters.com,reuters.com,2026-08-18,https://news.google.com/rss/articles/CBMixwFBVV95cUxQOTVaQzJXRGt5bG5SR3c4UElzeEFnRWV6UkRSdENUb3FZd1NOdVpMYW0xUHlTbXJIemdOaFJLMWUwckpSZWY3OGI0YldRd0RhYklKcnhxZGo4VTAyS1hhNC1VTHBvRlpzZTh4WmJKOHQ0ekRjazQ5Q2lKNU81TzVOSkVVVjVVWkJKMEZ4d0FfYlA2WXpZQmRuV2Exd1U2TGtsNVBna3dwZ1JtYWpOY3FxTHQzZ3REeGRSZklsbFRRT2RIY1JldjUw?oc=5,en,2026-08-18,
"Trump pushes for Kim Jong Un meeting this year, WSJ reports",Reuters,reuters.com,reuters.com,2026-08-18,https://news.google.com/rss/articles/CBMirgFBVV95cUxPbGZRWHN4MkNwcm5iZklzZTNKSTJ1YzVTM0FaNDVjaWw2TFlTUmlJdjIxV21yZXk2Q0Nqb1FDZTBIWFJXUUtqZ2pIVWdpSDJqb0pHX01fUjdVVHdMcGtwcHFzcGVTM09fT2NSZ1huekRwc05VRC15Vzg1TUxDeVhsMExXMUcxMWRIUWNGaUdDWVRmaFoyMVhMZ1o3LXUtUGRYbUpFaTcwYXlRdy1XYlE?oc=5,en,2026-08-18,
Trump says no talks are taking place with Iran and none are scheduled,Reuters,reuters.com,reuters.com,2026-08-18,https://news.google.com/rss/articles/CBMiuwFBVV95cUxQSHhKekZqU0IxWEQwY2JOckhOeTBJd0FraHloM25INUJuQXNnRk5BM1JzU05UTl9RbDVSUnVkbWVzYlpaaV9lRG16bloxZGxRRXQ5dlV2a1plTkpHXzQ5Smg0Nlk0c3VjdFZLSjdkRHIxLVl6Sm5yamhoVWF3SlowaDVYV01QdGE0emdOd3N6cnFOeW5FbDRsdEExSTNNMFFMOUtYQjFDakRUbWdVbVNoWkNCcm02RkhYcjUw?oc=5,en,2026-08-18,
Trump invokes presidential privilege in lawsuit over law firm orders,Reuters,reuters.com,reuters.com,2026-08-18,https://news.google.com/rss/articles/CBMiugFBVV95cUxQU1oxT1FKaFVnMkpUVGFpZF9yVjJzV1QwMjRqb0tYZUtXeHV4WFhxQlFlR2tYOUIycWJYS2Vkd1pFTElQdEdkMFpab01XNmRKQkdVSFVZT2t6V2ZidVQ5VGpabnV0S1lnNm9Pdm9DYXRpOXRGcFp5UGNVVVFTcGxqMTkySmYwSmdZaDhRUlZyNUl6cXcwc2lYc2tfeDZTM1JwVWxKSG8ta0R4SEZhMk90S0pYSktHVDF5Rnc?oc=5,en,2026-08-18,
US appeals court blocks Trump immigration enforcement near some houses of worship,Reuters,reuters.com,reuters.com,2026-08-18,https://news.google.com/rss/articles/CBMiygFBVV95cUxNc3REYk5McXJYV3BXcGZ3VkU0dHE2cS1TbWQ5Qy1FM0FQRTV5eDIzRElCVHcwQlk0R2U2dVZzYjBZbnhPVUMxUGNHZVI4bzhvd0lBV1M2SXgwMXg5R093SGRwdEktU0kzMWxIQ2ZLeVZZYnJjOHVCdzE5ajgwWXIyS3pHSEFTOEdTSkxQUkh0bDR1VURLekFOUWp2RW9qVmxnQnM1WS04X050WGsxQzRaUGZIbG04ZlBRa0RaeHF2dEJ6dTBDeTMycm5R?oc=5,en,2026-08-18,
Carney spoke with Trump on Tuesday afternoon as tariff deadline looms,Reuters,reuters.com,reuters.com,2026-08-18,https://news.google.com/rss/articles/CBMiqAFBVV95cUxObkRiajNCdU9tVURCam9vRkJCc0ROTndxOTdTQ1hWTllUa3FFVEl3M3hIUk91b3FWbmpWTEhvc3laejUwZGc3Zm5Qc1NVZUowZjF2dE41bGl2Qkp0d3FKa0JaSTd0OUl0MlN5VkU5UWhEQXR4bVg3SmNXbEFCNWl4U2dYOEs5d0dMNFdIOVJ0eVdhb3FOQjJKNjZWWG1WRlBXeHM1dGRQOTM?oc=5,en,2026-08-18,
"Trump agencies to set crypto policy as bill stalls, limiting industry's gains",Reuters,reuters.com,reuters.com,2026-08-18,https://news.google.com/rss/articles/CBMivwFBVV95cUxPQW5FN1FiTHlqcnktM0xnazRRWHFpaHM3bDdLWlNIckszLTJId3QyN1NZc0VTdlk3VFFlZG1qWVlQQUo3SUN4R083SlZaNmpKTkdMb1NKTnNZM2VpcERyUm5TZGhzT1N0UGhhNExIWGY3NXBxWUczMm4xWFctRkNVR0ZwbTJib0szTUhpUkZOWk9sVDFmbmp2Q0pFOERwbEhVYVd3RHNXSHdzR3FGdlFBQmk2Xy1JV3d1TnRkdk5SUQ?oc=5,en,2026-08-18,
Who's leading the 2028 presidential race?,USA Today,usatoday.com,usatoday.com,2026-08-18,https://www.usatoday.com/story/news/politics/2026/08/18/who-is-leading-2028-presidential-race/91360340007/,en,2026-08-18,
Angie Nixon pulls off DSA Senate primary win in Florida: takeaways,USA Today,usatoday.com,usatoday.com,2026-08-18,https://www.usatoday.com/story/news/politics/elections/2026/08/18/angie-nixon-florida-senate-dsa-moskowitz-wasserman-schultz/91361300007/,en,2026-08-18,
"Map of the Freedom 250 Grand Prix route in Washington, DC",USA Today,usatoday.com,usatoday.com,2026-08-18,https://www.usatoday.com/story/graphics/2026/08/18/washington-dc-grand-prix-map-route-freedom-250/91342742007/,en,2026-08-18,
Trump says he will have an 'answer' on Flock cameras soon,USA Today,usatoday.com,usatoday.com,2026-08-18,https://www.usatoday.com/story/news/politics/2026/08/18/trump-flock-camera-comments/91357057007/,en,2026-08-18,
"Live results: Follow key primary elections in Florida, Alaska, Wyoming",USA Today,usatoday.com,usatoday.com,2026-08-18,https://www.usatoday.com/story/news/politics/elections/2026/08/18/primary-election-results-updates-florida-alaska-wyoming--live/91339298007/,en,2026-08-18,
Gas prices are rising. What it means for your budget,USA Today,usatoday.com,usatoday.com,2026-08-18,https://www.usatoday.com/story/money/2026/08/18/gas-prices-rising-iran-war-ceasefire-expire/91354212007/,en,2026-08-18,
"Trump, Joe Rogan praise ibogaine. What is it?",USA Today,usatoday.com,usatoday.com,2026-08-18,https://www.usatoday.com/story/life/health-wellness/2026/08/18/trump-joe-rogan-praise-ibogaine-what-is-it/91355544007/,en,2026-08-18,
"Judge blocks relocation of FBI headquarters, a setback for Trump",USA Today,usatoday.com,usatoday.com,2026-08-18,https://www.usatoday.com/story/news/politics/2026/08/18/fbi-headquarters-relocation-blocked-trump/91355209007/,en,2026-08-18,
Supreme Court told Trump trying to make ballroom impossible to stop,USA Today,usatoday.com,usatoday.com,2026-08-18,https://www.usatoday.com/story/news/politics/2026/08/18/supreme-court-trump-white-house-ballroom-construction/91355331007/,en,2026-08-18,
Who is Natalie Harp? Trump's aide explained,USA Today,usatoday.com,usatoday.com,2026-08-18,https://www.usatoday.com/story/news/politics/2026/08/18/who-is-natalie-harp-trump-aide-explained/91351064007/,en,2026-08-18,
Trump votes by mail again in home state of Florida,USA Today,usatoday.com,usatoday.com,2026-08-18,https://www.usatoday.com/story/news/politics/2026/08/18/trump-votes-mail-florida-primary-election/91349596007/,en,2026-08-18,
"US news today: Midterms, USS Lincoln, Hayden Panettiere in Daily Briefing",USA Today,usatoday.com,usatoday.com,2026-08-18,https://www.usatoday.com/story/news/2026/08/18/uss-lincoln-midterms-hayden-panettiere-lindsay-clancy-aoc-egg-freezing/91348886007/,en,2026-08-18,
Woke 1 wasn't perfect. Democrats shouldn't throw it all away,USA Today,usatoday.com,usatoday.com,2026-08-18,https://www.usatoday.com/story/opinion/columnist/2026/08/18/woke-culture-meaning-overton-window-politics/91310998007/,en,2026-08-18,
Disney says FCC's actions against ABC are unconstitutional in lawsuit,USA Today,usatoday.com,usatoday.com,2026-08-18,https://www.usatoday.com/story/news/nation/2026/08/18/disney-says-fccs-actions-against-abc-are-unconstitutional-in-lawsuit/91351756007/,en,2026-08-18,
Trump’s chaotic trade policy continues to face legal challenges,USA Today,usatoday.com,usatoday.com,2026-08-18,https://www.usatoday.com/story/news/nation/2026/08/18/trumps-chaotic-trade-policy-continues-to-face-legal-challenges-the-excerpt/91343450007/,en,2026-08-18,
US judge blocks Trump admin's plan to relocate FBI to Washington,USA Today,usatoday.com,usatoday.com,2026-08-18,https://www.usatoday.com/story/news/nation/2026/08/18/us-judge-blocks-trump-fbi-washington/91349023007/,en,2026-08-18,
Trump and CNN reporter clash in oval office exchange. Watch,USA Today,usatoday.com,usatoday.com,2026-08-18,https://www.usatoday.com/story/news/politics/2026/08/18/donald-trump-cnn-reporter-video/91349875007/,en,2026-08-18,
Who is 'Natalie' and why did Ossoff include her in Atlanta speech?,USA Today,usatoday.com,usatoday.com,2026-08-18,https://www.usatoday.com/story/news/state/georgia/atlanta/2026/08/18/who-is-natalie-and-why-did-ossoff-include-her-in-atlanta-speech/91349553007/,en,2026-08-18,
Measles outbreak is no time to test RFK Jr.'s vaccine policy,USA Today,usatoday.com,usatoday.com,2026-08-18,https://www.usatoday.com/story/opinion/2026/08/18/kennedy-mmr-vaccine-schedule-children/91306408007/,en,2026-08-18,
"Rosie O'Donnell takes over 'Kimmel' as host, roasts Donald Trump",USA Today,usatoday.com,usatoday.com,2026-08-18,https://www.usatoday.com/story/entertainment/tv/2026/08/18/rosie-o-donnell-trump-jimmy-kimmel/91349328007/,en,2026-08-18,
DSA platform is a gift to MAGA for the midterms,USA Today,usatoday.com,usatoday.com,2026-08-18,https://www.usatoday.com/story/opinion/2026/08/18/democratic-socialist-wins-primary-republicans-midterms/91277274007/,en,2026-08-18,
Kindergarten vaccine coverage falls; exemptions on the rise,USA Today,usatoday.com,usatoday.com,2026-08-18,https://www.usatoday.com/story/news/health/2026/08/18/kindergarten-vaccine-coverage-exemptions-cdc-data/91349672007/,en,2026-08-18,
I voted for Trump to cut spending. He's outspending Biden,USA Today,usatoday.com,usatoday.com,2026-08-18,https://www.usatoday.com/story/opinion/columnist/2026/08/18/trump-white-house-ballroom-national-debt/91304814007/,en,2026-08-18,
"Trump says no talks taking place with Iran, blockade will continue",USA Today,usatoday.com,usatoday.com,2026-08-18,https://www.usatoday.com/story/news/world/2026/08/18/trump-talks-iran-blockade/91351043007/,en,2026-08-18,
"Duffy slashes fuel efficiency, and gets to vacation for free",USA Today,usatoday.com,usatoday.com,2026-08-18,https://www.usatoday.com/story/opinion/columnist/2026/08/18/vacation-sean-duffy-secretary-transportation-gas-prices/91336275007/,en,2026-08-18,
Trump election demands spark suit over DHS anti-terrorism funding,USA Today,usatoday.com,usatoday.com,2026-08-18,https://www.usatoday.com/story/news/politics/2026/08/18/trump-anti-terrorism-funding-elections-lawsuit/91351379007/,en,2026-08-18,
Socialist challengers come to Florida Democratic primaries Aug. 18,USA Today,usatoday.com,usatoday.com,2026-08-18,https://www.usatoday.com/story/news/politics/elections/2026/08/18/florida-primary-democratic-socialist-byron-donalds-governor/91343768007/,en,2026-08-18,
Analysis | The divide between Trump and Vance on Iran,Washington Post,washingtonpost.com,washingtonpost.com,2026-08-18,https://news.google.com/rss/articles/CBMiiwFBVV95cUxNdElPTjJkOFNKemN2QVVuS1B1SzlIRlFWWm9mVDJtNzZsTDhQSnRMQkhuQWVFcHJJX0VqRllTcTFtOGl5eWdmY3dqZXgya0FCOERsYkdIdURVN2gtMmtFcTU3NlBadXBmSlJKS21aUVhkSlg0NUNkZUVRTTFmRWdnQVFNcGFYUjZlNEI0?oc=5,en,2026-08-18,
Rosie O’Donnell mocks but barely mentions Trump in talk show return,Washington Post,washingtonpost.com,washingtonpost.com,2026-08-18,https://news.google.com/rss/articles/CBMirAFBVV95cUxPbnRxLXNGTEw1MDF2OXkyZ0VlUWppTkI5R3YzWU84bnI3cWVjWmpUYlhxanZIU0xIcWVXTXAwRWswT3FCSWNRYUw5N0JYOEQxZ2JmZlFHOVBQQ3A0VXNsSEtMbEhETS1pNHNfYkpQYlNfZ0MzVC1PRFJhLTVFQm5KcHhkUFhIV1ZQaVJhbzVQVXRTbXdPNE12LXo5R0VIQk4zRURDRlh4eTY2QkZL?oc=5,en,2026-08-18,
Tuesday briefing: Trump’s Oman threat; Musk fans; what to plant in your garden; and more,Washington Post,washingtonpost.com,washingtonpost.com,2026-08-18,https://news.google.com/rss/articles/CBMijAFBVV95cUxOU0NFblFLdFF1WTZtV1V5NGVpZVdITm9nQVYyVU9EdjAwNzVOSGJCbkRaUl9uOVIwTjJZbzNBSVdwWHVreG1jQXBwOWJER3A3cm1TZ1ZDYXUwWGVUbllSakZPMXRNYWNRN2pvOGtteHNWRUQtRmZmMi1rdDN1WmVMRE5nbmpwUGNpbmQyaA?oc=5,en,2026-08-18,
Trump shows off multimillion-dollar White House helipad and adds his signature,ABC News,abcnews.go.com,abcnews.go.com,2026-08-19,https://abcnews.com/Politics/trump-shows-off-multimillion-dollar-white-house-helipad/story?id=135782264,en,2026-08-19,
Trump appears to have dropped tit-for-tat strategy for Iran attacks on shipping,ABC News,abcnews.go.com,abcnews.go.com,2026-08-19,https://abcnews.com/Politics/trump-appears-dropped-tit-tat-approach-iran-attacks/story?id=135783275,en,2026-08-19,
"Trump says US and Canada have a trade deal, but key terms remain unclear",ABC News,abcnews.go.com,abcnews.go.com,2026-08-19,https://abcnews.com/Politics/wireStory/trump-us-canada-trade-deal-key-terms-remain-135785816,en,2026-08-19,
Missouri court allows new Trump-backed US House districts be used in November election,ABC News,abcnews.go.com,abcnews.go.com,2026-08-19,https://abcnews.com/US/wireStory/missouri-court-allows-new-trump-backed-us-house-135789330,en,2026-08-19,
"Trump announces temporary pause on Canada tariffs, citing new deal",ABC News,abcnews.go.com,abcnews.go.com,2026-08-19,https://news.google.com/rss/articles/CBMipgFBVV95cUxNQVRUMUxmUW4waEtGT1JPazVZMTJxNkdfX0VJR2o5T2RKQThpWk5La0cwQl9nc09BTzdMUk90ZnprTjBCOGkzNTdZaEVFWHA4ODBFM0xQLUlLbnpfTU1JNnBMU2pzc1duUWhiRTg1R09lWFNMQkJsQnl2N3FDVUdHelo1cDd0Zkt1dWREeE05aVJnR3hqXzRHYjVWbGxXRWNxUy0yUkdn0gGrAUFVX3lxTE5NUEZCeVBha25lOVlRZWppZWNnN0V1UTd5SWpSTFVMM2FFNXBPMTJZMGUzRk9Fd3pmWERkYWZtZHJSa1RDeWh2VlRNdEtsbm9jMEF0OE10NjVFMkNvLXcxb3k1SVgwQUZOQXpFdzcycmdqZ29YV1NyeEF6OW1RSDlZQl9rNzNHbTNMblRNQkhwV3VFVnJvb05VQUtXZENQRjNtT3JMU09zeW12NA?oc=5,en,2026-08-19,
"Here's a list of the individuals, including James Comey, targeted by the Trump administration",ABC News,abcnews.go.com,abcnews.go.com,2026-08-19,https://news.google.com/rss/articles/CBMirAFBVV95cUxQeDV4U3lXWlRPTHY5M1ljNzBTUEdlZEx2R2c5N1VSQ0NSLXAxbUp5bW1PREhFV2YtX3VaX0JnTWQteGJHazFYWE9vdXp2ZDVrTkdmREhLVWpkVXUtN0tQQUZfdVNFYUFKWmxWdEZ4a3NfelpMS2lNWjc2V3hpcWdoeldIOHFTRkNRU2hmdV9yNmFVd0NBNmt6U0JiZVU0NUJEeHpkLXo4QThUaWlk0gGyAUFVX3lxTE9nUFNSZ0VyeGtKYkluY181dEdkR3lvdlZNck83dWlhbXAyMzA4aTI3Um8tY01RdkVGWkVDLVhuTUg2b2dDXy1jbFpHMjBnLWZBYm0yV3lLeG9ZSWRUOG56U24xd05NTlBEM2JhMktaaFR4a0VacURFckVIOTFqT2dlNGdKa2Z5ZC1MN2FNUFdIdWNvTWxabG9lMVlmY1owNjF6NlM5VGU3NDRMT29zdUJCcXc?oc=5,en,2026-08-19,
Doctors push back on Trump executive order to change childhood vaccine schedule,ABC News,abcnews.go.com,abcnews.go.com,2026-08-19,https://news.google.com/rss/articles/CBMinAFBVV95cUxQYm1DZTR5RmduTVZick5kRGdTT1poQVNydmZFU2VMVDNaNnZ5U3RsWGhWYWxTbUN5SUtaWWNVZDF6bHBlZDFvMU1YZGRIVkpUNVQ4NFlmaldNMjluUW53WmQ5YVdQaXJ5a0xNNDdkTkRwUGJiQmxYYU94Z2xfT1hqaV9BUUhqYUdCLXk0TTBVZGsySXl6akgzSmFJTHjSAaIBQVVfeXFMTVFaUFN4aVZkQ3JuYVpTSkFFNUZSa3JPMG5Jdk4xU0haYU5Ta1oxc3RLcDB0OTAyOGFOa1RZNHB2Yng5ZXdxYVJXcE1sQ28tbDF2OUgtWUNmbmZVbC05STJJZFQ5YmxDakM1ZlN3ODZ2WHo2TVlnOXhURHlXY1VHTVdGcU1kMWM1eWQwWWRDdURLVWxxZmRlT054eW4zVHJmR2pB?oc=5,en,2026-08-19,
Trump slaps additional 50% tariff on certain Canadian goods,ABC News,abcnews.go.com,abcnews.go.com,2026-08-19,https://news.google.com/rss/articles/CBMimwFBVV95cUxPdDZTVjFHZXBWcUoteUpOakQ0T016RDVlQWxGR19KYnhEeEdfQzV3UmVLNkdEbWVCckxFbHZsNjhpcW9HQktmWGd5RmtobE1fWTJ4TnpqQlRZZDJRTUs2QzU4eW9zNl9ZeEpfRFk0OVRRTzRBVUJYS1F0dTFWRlNqNUFNV0taQU81MnBWbHd1MG5rendjb1g1X290RdIBoAFBVV95cUxPX09ka2RKeVgzdHdOWERZWHFGNWhmeWk0bHE5b0V3T3B0X19JQzZfcVQ0SHFkNXRBLWp3Sk1QMWduVU5sdy1DektIa19VeWtwTGNuNy1lbnU0OW0wazRjN1ZQdWJZdlp1N2kwSjc3RVhBaG40eFZTN0xTbE5xTHMyenZZazdlOXdqSHhrbkZrcTlzOGZiX3BnTy1tSThqTm1G?oc=5,en,2026-08-19,
"After Supreme Court rejects Trump's appeal, attorneys for E. Jean Carroll say 'time for him to pay' $5M",ABC News,abcnews.go.com,abcnews.go.com,2026-08-19,https://news.google.com/rss/articles/CBMipwFBVV95cUxQdGFtVHRFOUpYYm10SUFvNS1uVjRjcFpMZF9lN0FjVG5xZmN0bTE3RXRxTUJpUDFhQ0pmd24wQVZ3R09Cbm5KM3ZYUzBnR2tJNkhtM3hRUFJoZnBBQWthWWM1R3UxN3N6b1E0QkNsdXMtdW9EQ3JZa0pzcFZUcS16UTUzWmxMYUd6WUNZU01ieVMwd2UxbVJGZU54NkRoenQ3SmpjMlFmZ9IBrAFBVV95cUxNUUtpQVZmT1FYVjZDOHYxYXpuX2JLdWgzSjVWRndLTGE4MGxXZ3NEenZVWHZNYm1pZXgwNXdKRlVMNkY4aHo3VUZJN080cy1USnMzS3VyNlBMcXZiSzJSV0ZZV2dyelhDOEZQbzJ4UUdSOFBhNUk2eHkxOGFlcGtIeWRmRDJickV2WlJiRGVJdm5NLUdyTHF2NHhpallmdU5RNlRGM0VHOTNfNjB5?oc=5,en,2026-08-19,
"Trump says he'll consider giving Turkey F-35 jets, adds that US will lift sanctions",ABC News,abcnews.go.com,abcnews.go.com,2026-08-19,https://news.google.com/rss/articles/CBMikgFBVV95cUxOZkVXSVdMWjlXRUlidzI2bVhDaE5JUHcxcHZWV3NPWkRLZkozSGl1c083OUw4eGNya2IzOWJ0SkQxQmpJSm9UdUdhdS1qNG5OTlRtUjJKc1M2U183TlRULTRVT2dXS2JRXzE2SktaRk4xcUlObkFFR2taeVhmQm9zak40OTN4eEF6MUZJeVB3elc5QdIBlwFBVV95cUxOaGI1aXdhOTBKeXBMbUVkR015RDVITy1vcXgwZkpkMmdRS3lpWUxYUU1XZWk0dGYxZGtyRlVhTUkzVVp1d2dhU09hOWlhdHEzc1ZoNm1nVWRpMmJEemNONWwwbXhUZnUzNmRpd0kwS0k4aFBCZHNvOFhzanpnMFJOXy0yX1NiWGFTUFJaUlhCSi14dzRycnNV?oc=5,en,2026-08-19,
Thune says no to filibuster changes even after Trump's threats about SAVE America Act,ABC News,abcnews.go.com,abcnews.go.com,2026-08-19,https://news.google.com/rss/articles/CBMipAFBVV95cUxObUtQbXJmZ0VYdWpkNmt0elRjRmRLbVY0VVRwTFJweFVYNVA4ZXJiVjZSUk9CUVFwbUxLVVhmd0lHUHM1R2FEaDhicW5ISW8wWU5nQ09ELThQb3h5MjQ5NWFodWtEN1BwNGEybFJ1ekthcFoxbXh5VHJYSmw5NndmOHZILTdLRHpFbnNkOV9RM19hNXVrVkVUZG5NdVI5QnRiOVB0LdIBqgFBVV95cUxQTHRLUVFqY0sxS3pUUHNLeGYzTHcwMU9YaE5vVWlSNk9Kc1BHLXM3QWVSdUhjMW5kUC1SQjRQQ24wOHdSdkZBZ05pV0I2bVprckJ4NEZGcEZvX2tsZ1RyOFd6dlBQRnhVdGJ0MkxIQm9ScUt0YnQwMW1RUWgzcmpVX3lZU0o2U21RUVBLRmV1bzd5UjJHdnhRWlhpRS1jYmgtS19NYXBCNGJKZw?oc=5,en,2026-08-19,
Trump picks White House aide Dr. Heidi Overton for top FDA job,ABC News,abcnews.go.com,abcnews.go.com,2026-08-19,https://news.google.com/rss/articles/CBMikgFBVV95cUxPWW1sYVpDSEl2Mlo2N3B3VklJOWptN2NiTW1oWHZQYnpiMTlNb0VhS3dtT2FqRVpQMUN4a0gyUGJZMXoxSjAxWi1tOXhpOTBxMXRvTzNhczc2V2RrU2hVMkVuLWozQWhFTEpSV2ZIQUdaeVJmb1VJWkNZZUY4VTdRLWVad3BNRlZBYjdpVTZ6WkhVQdIBlwFBVV95cUxOaU9wRG5heU54SXBaZk1DNGxYSl9obkEzUGtnM2QzSUxFV3FfNG5Eb21KZjdwVnVEdEpJUGZFWjc2QnZzbXV4SnBITm04UjlwTnV0bDJKZ0Z1WW0xb1JpblJFWlRqRnFLc21nQktFd1ZwYjA5dkdqNW56OTlHdUl1Sl9NWlZKWDdMMGJjVkd5Y1hlSXNOcGFZ?oc=5,en,2026-08-19,
Trump signs executive order accelerating research into psychedelic drug therapies,ABC News,abcnews.go.com,abcnews.go.com,2026-08-19,https://news.google.com/rss/articles/CBMisgFBVV95cUxQR1BvY29qdzU3bm1lUEVOWUJHenU5OEpCdkxUajRMdmoxSlpORE9PRTBudnVUd0lkNF9wVzRkUldfbGFDUkNzWXJnb3VpRGp3N0hpaUotTUhBRjFoVnRtWlMtdnNwUjIzSUJnRjNQLXU1YXMyMWxucHNUVWJuWnJvNXVqZmFobEh0aWxmSGFSLXpVel9Wb0ZUVmlrX1FXaXNyRU90ZEw5RUNyV1JOU1JxWE5B?oc=5,en,2026-08-19,
Trump plays White House tour guide to show off work on his helipad and ballroom,ABC News,abcnews.go.com,abcnews.go.com,2026-08-19,https://news.google.com/rss/articles/CBMijwFBVV95cUxNeWhpZ2hsMVNjQWtUSEwyeTgxWW9CZHVPZ1NTNmlOSjk2TkJEdGhQUnJYYlpQbUQ3YzdSdTJfZTZIX1RkMTkxaFNPaWMtUmdpc2Y4bUtWN1p0bmloX01TcjRuNmJ5NHFEZEo5SEpla3pZMDk2WFhyckRnVW1nTko3T0JBeHMyN1c3aEU5MTJab9IBlAFBVV95cUxQdV9YRDZwZFRZWEJaR2lBMjg5MTJIV296ZkRnME01elhPZ2dtZjNQcUN0NlltcmtyTWdnRkxvY01BY2NERW1OdE1FTWFfQ1ZLQTRyajJVeVdjQmtyRWl2WEtUaUR6RHo5aDZEME5UVzRjYUt1ejgxNUgtMHgyQzlTZmRTRFJvLVptZkZTb1RQQWc5eDk5?oc=5,en,2026-08-19,
"In apparent reversal, Trump says he's sending 5,000 troops to Poland",ABC News,abcnews.go.com,abcnews.go.com,2026-08-19,https://news.google.com/rss/articles/CBMinwFBVV95cUxPdl9naFI3WUpJRHgtZ2VINy13NXpTLUcwSF94cVdSM3pia0w5RTVMUWxaYkZaalRnb2h3Z3lwUV9hVkhwcDVIb0lKdzFtT0pyMHBHVEdERDNaZkQxQ2tHWGY0aXoyTnBOU3dWb3ZYRXROY0hhVzBPdVRCdW5hN0ZEQTQzYXQzVFJRNkZKNlZpdFR5MHN5NlRjcEs2UUM3enfSAaQBQVVfeXFMTUV1TFF3QWVNcmJOdjNYT1ZVTzBlRlVmcmNzNmFhR3hOM3FNUUVzdFQxQzNDZVVPZ2I1cWZpY1hfcm9IN0ZlNGlab2V5c2xUVXN4dFZTcXRRRkFzd3QwUlc5ckZKeldpUm9lV3VpdTZtdHozMW4xRTNtX3lZTUNwS09FSDNubFdENTNDWmpOSzFLb0k1N0pla1dhSkk4WUtlR2s4clU?oc=5,en,2026-08-19,
Trump calls White House ballroom a 'military complex' in Supreme Court bid to finish construction,ABC News,abcnews.go.com,abcnews.go.com,2026-08-19,https://news.google.com/rss/articles/CBMiqAFBVV95cUxNZXpZSTJ0OW9hMmVZWXJ4YmRmdk9CNndXYk54ZHY3Y3JaYm1nUHFXMEUwdUEtQkQwWF9zc0RGclNCMm52XzFGTHo2YVA1U2tvU2Y4OV9BM3M1ZF80S1Bzc29LXzFyQmNSN0gxeGdBeUJjRXlWcktMZVVCb05KTHpRbERYV3VackJKQnp0NG4wRXBBZURGU3RCck44azFDOWZsdHE1RTFNRmrSAa4BQVVfeXFMUGJNTmE0QWZUc3lraW1TOUhpX2R5UVpsQ0JrN3lYaVdKdDB2cWxoblZnRG5SaGJEcDJVM2M2d1M5V3lENlZYb2RXWk5USTFxNmd2YXlsaVRzS1VUS25vTTB4a3l4S0JZb2pOZXZ1MUdFbzBlcGhVSFUzbG83ZXdMZEpVNGlIcnY4VU5pZXdKWFhjWjhmYmk1QjFSWHRVTklrcGEyNW1ZZXBJY253N2pR?oc=5,en,2026-08-19,
Trump says US-South Korea exercises are 'insulting' to North Korea's Kim,ABC News,abcnews.go.com,abcnews.go.com,2026-08-19,https://news.google.com/rss/articles/CBMiowFBVV95cUxONkJKLUtiWnI1T1I0ZE9mTERveEpnSURHV1I2czZRazlTZEZSUjlYSmx4U0hLWEJVT2VPWk5yYmJIUWU3TWxhRVM2UFNCMVdEWXFlN0pqS3B2TzJybzFOc0dYYmNXZGdUUXFhbk1hQWNJbXJsSUJENnhoeDllMF80SFA1ZUxkbmxGVGxKeTZNdmo0TTlPMm1ZVFFLUGMzODYtZ0hv0gGoAUFVX3lxTE9BUGZFTnQycDFGWUg0QU41emFYald1ajVJUy01c3RZemRFR3czVUdwaHdIb2NLdXN0bDNWT1lUZkNzVWR5SXBuUnowVmRLd0sxRXplMldoMElRLXlSZTc4UWtSaW5YSEZqRGtOeThMaUs3cEkxYi0zMDVHeWlkdTNyLS1QT1VBOHZVc1RPT0VHTExSTmtQeEhZTldZWlpCNzFITy1fUWk0Yw?oc=5,en,2026-08-19,
Trump signals economic pressure in Iran conflict as talks stall: ANALYSIS,ABC News,abcnews.go.com,abcnews.go.com,2026-08-19,https://news.google.com/rss/articles/CBMiqAFBVV95cUxNX25SUkxvajNLRFphdC00a0dic3JkUi1ZZzhCdGRYMkRaWGZEVndvR2xVUFVCUGduOWdael9MTFRsR2xFNVY2WVNxM3hiZHRVdWlqckFENm10VnJleHZ2MV9USlpGcS1iVjFoOWJPLXFaQS1fZklBaVBuR1UzaHd1MDBORmtuUVFqTjQ3ME1aUnhNd3ZGUFRwSGw3MFd4dlMyTzJ1WkYxTDLSAa4BQVVfeXFMUHFFck0xU2tvTUNXamx2NThhVDNBRS16d2hNTEJtcG9fT1RXTHpLSkExOFZnZ3o3VGoySGNNSEl3dnZWNVJuQ2tycmxEU24yWHEtdHZRX3YyalNEOTBMQ0NaZXhoOUlBNGc0RWRHQjdFUmx4Y2lkVUNXR0RIWG41VnFtX3dZZFlpOGVCYUlVQ0w4VGNqMjJUeFNEMVR4cmlMMmZWc184bXQwZHNyUHd3?oc=5,en,2026-08-19,
"US-South Korea military drills to end early after Trump order, Seoul says",ABC News,abcnews.go.com,abcnews.go.com,2026-08-19,https://news.google.com/rss/articles/CBMioAFBVV95cUxPZEx6S0RLakV1ODJqOWNNT3VpOEVOajZHa1VmRkZhTnpvZjJ0UDVyX2RlYTdCN1NWZ0VEamwyTUIwVmRxVkhHOTVTSE5KLU9GTHNVVkdKTFh6ZDJEVWVTNEU4VnVIdTBIaUlZNl9PaGd1M1pxcVNXQ2Z6OVA1cUR1NUVCbTBjYjhRQTlYcEJ3RFFWX3F3bGQyWS1hbFYzdnFH0gGmAUFVX3lxTE9IcUgxdmlaampOUVQyMnQ5TVlfVFRvdF92V0NiODBCM3dscmxyQjFNYUJyNkdka2tuTmg5UEhZUEVZR2U5bGJyVzhjaVZqdmNMdXZ3MzZkTGw5N3JwdDVBUXdNWWlpVWNaNDVVWW41RlJPOUszdGpYaEVLdTlBc05icnJpTE1hMzRxNXJ1N1dyTjJXMVFyTUdscGU5dnBZUUhFc1J6Qnc?oc=5,en,2026-08-19,
An alarmed bond market gets the Trump administration to act again,ABC News,abcnews.go.com,abcnews.go.com,2026-08-19,https://news.google.com/rss/articles/CBMilwFBVV95cUxOYTE5UHFUdm9CVlE3NklzMGM5QjkxRDZnMGtvMG9XVWlWUXR4cEZPVUUtMV90Q2lrUGFHME51d0ZkWV9DUVRBSDc0Z1ZzcTZ5WEtQU1JpeWo1Mk5DY1ozS2YwbkJQQXJHVmN4TDQwTDk3eUtuRXZwQXAxYTF2Mkg1bHEycXN5SUFtUWpURmc0cFlNaTY5UVVj0gGcAUFVX3lxTFAyTVpfMGRGNlBXckFrQUF3TzVvbXVwTFU4NVpLUFFfSkFjMWxXT2lndHFVX1dJWUxSVmwwS3FWWm04cE5aSGtaRlFkTTFFRFM5a0tjVS1HeWNabEthV2ctd29CTmRwdUN2RG1wWktjMU11emZyUUpYanpQSHZaaWg4QTBzU21ORVZYNGUyM0E2aVp6ZEU4bDF0NmVtRQ?oc=5,en,2026-08-19,
"Trump allies, Jan. 6 defendants lining up to apply for $1.7 billion 'Anti-Weaponization Fund'",ABC News,abcnews.go.com,abcnews.go.com,2026-08-19,https://news.google.com/rss/articles/CBMikAFBVV95cUxQOHppeGhCbVgwQXdvMHhwWkowdldEYm5jR2lyTHZZSzNUaDJaaGFUNHZuNTJ6RlVyZlZXS1FQQ1hJMkx3R3VQVjhnekZnbnVncF83TXNXMmptTW9FM2Rpb2N5bXdSazZQUFhEU0V6NlNtdHQwZlhJSzVxRWJhOXA5MWo0Y3RJTWRJNWRGbjRTZHrSAZYBQVVfeXFMTWtjdlBWRTdJTVRfd2x2aUtRMFRPdUt5RzNyVVIyNFdDRk0zdjduRXVhalJ3UFlzR3BrMk5WZU1jSjduanNuNlp3NTFiRHhheF9VZjJnWDJFdXFCTGxOM2xLMDA1cFhNdTJKdEk5eDFmaDFDU1pSRHJ4WllZZVBlOHZlWS10ajF3RnpvUy11NXdHNjZuRTRn?oc=5,en,2026-08-19,
Trump picks Dr. Heidi Overton for top FDA job,ABC News,abcnews.go.com,abcnews.go.com,2026-08-19,https://news.google.com/rss/articles/CBMilwFBVV95cUxOaU9wRG5heU54SXBaZk1DNGxYSl9obkEzUGtnM2QzSUxFV3FfNG5Eb21KZjdwVnVEdEpJUGZFWjc2QnZzbXV4SnBITm04UjlwTnV0bDJKZ0Z1WW0xb1JpblJFWlRqRnFLc21nQktFd1ZwYjA5dkdqNW56OTlHdUl1Sl9NWlZKWDdMMGJjVkd5Y1hlSXNOcGFZ0gGXAUFVX3lxTE5pT3BEbmF5TnhJcFpmTUM0bFhKX2huQTNQa2czZDNJTEVXcV80bkRvbUpmN3BWdUR0SklQZkVaNzZCdnNtdXhKcEhObThSOXBOdXRsMkpnRnVZbTFvUmluUkVaVGpGcUtzbWdCS0V3VnBiMDl2R2o1bno5OUd1SXVKX01aVkpYN0wwYmNWR3ljWGVJc05wYVk?oc=5,en,2026-08-19,
Kennedy Center tells court it won't try to restore Trump's name to the building before Sept. 8,ABC News,abcnews.go.com,abcnews.go.com,2026-08-19,https://news.google.com/rss/articles/CBMirgFBVV95cUxOM1hSMFlZUktlcnAyQ3REenhENDNsaERLczRJVEF2ZG5HQ0psbUVsdVg5TjZyWF9HVTk4c0UtN2U0V2RZeWJ0eWdKZ3hhUDlERUFnMXlpM2VvYTk4eU1kYWtvY1Y4VUNhbUFPdmZSbk5fMVU5bDhCUzZCYjFQZ3I0QUF3ckJ3blhBdUtpTjZmMmpQdlRzWDUyb3cyUTRqQnFlWW1Pd2kzREkzMXBjY1HSAbMBQVVfeXFMTS1DQ1hkWUR1LVVOOWE1dGRxd1BWRmpBdU1zemQ1MVR4MGZNbVJKYlU5R2ozN1JCRGxuNnA1cUZyaGRBZ3BNZlNlU3dSTU83c0FkamtMZTJJVjhxOHdmQ0E1MzIxdm4zM296U21QMFFVdXJCSXB2VG9NYlVLbXdkdkRTM205dy02cUNvLXJHMDRsRWpzczN6YVcwU0hzSV85bUp5YzFCOE9zcTA5bDYzb2xVcXc?oc=5,en,2026-08-19,
Kennedy Center filing reveals Trump's name could be on the building twice,ABC News,abcnews.go.com,abcnews.go.com,2026-08-19,https://news.google.com/rss/articles/CBMikAFBVV95cUxNYWJWLTVvc3UzdFlZc1liU3pjaWxORHlhZjNacmxudTBuQ3FxbXZ4S3k5b1c0QWNqNTloQ1k1c1c5QUl0WDdLMnJiaFJXdXQyTXZtakxwdUVEdmc2aUxXN21vSHM2aDB5dmFFM3V1Y29UcE9JdFNJbW5QdmFLaHNhMEZvajY3anUwOURxY2pIVEfSAZYBQVVfeXFMT19CZWdBTkVJQlNWUXN2M2FWQ0lhRjJQVEp3bFNHd3dvMV90TTFtTDNLZkdPakFFLXk5N1R1alFMbmRYYkRmN2RIZWs4M1pvVDQxcGxrUmc2NkZIN1FIaGYzLUJtbk84WTJMbm1fVE9MdXJFdGZaMmJMXzVLN0hqeTdKTzByZVlwUkFaaHZuZTZNMHhua3pB?oc=5,en,2026-08-19,
Trump says Walter Reed medical exam went ‘perfectly’,ABC News,abcnews.go.com,abcnews.go.com,2026-08-19,https://news.google.com/rss/articles/CBMilwFBVV95cUxNSllqS09DblktdXZyMG5yLXZYTnYxTWxBZXl4VzUwcWFHMHNwaGlpbEY3OXR0TGF1OVZEcVJJLWFOUUFULTRWb2s5S2VUdmxveXpGbERzemFtZm00cWhLUGVRdWdpSUVQNnc4eVdJQVNGWWNTeTEwcHR1WmtFVkswMVh6MHNGVWRLc3Z0VFgtNFg0bUJZd1J30gGcAUFVX3lxTE5wYVgxdFBWeXQxeEhXa2ZJbHZHNmhEUTFBa3ZQY0tueTJSUmNoam10NGlfWnJLelFwcVJHZnI3cktqaTZxRGcxSzVfR2N4dGMySXlEUlptelNLR3ZQZjVLMG5YeVNpay1ZVnNCQ2JFbVhwbXlMbFoyTWd1eVVWNmtDRVRobElPRzJPbUFuU0J5UFNqUTRKVTZKeTNhNA?oc=5,en,2026-08-19,
South Korean and US militaries shorten drills by about half after Trump ordered a reduction,ABC News,abcnews.go.com,abcnews.go.com,2026-08-19,https://news.google.com/rss/articles/CBMimwFBVV95cUxQcVFxZy1CVmRSaURDX1NYVU9QeDg0R2kxenEyUlEyRmRRbDFaYTdUNVZwbW5UaXRjUFJWRDFvTkFDVlVFeWttcWhKb3l6eGJDMUNsNVl2SmdpMzRuWmJIelRVSkxGbjl3UWVpU0VkN2RaQnd3LU9wV0U3UFJuWUFUZDlUQUVZZmVsZG9lejh3ZldFVktBc3VRNjJYb9IBoAFBVV95cUxPOG1WVmYwNGhlekNaaWdwZWc5ZGdhUmVmYWhjSWEwOGJzVW9yVWRaeFBIUWRaOFlFam1Od0FKSzk4VFNGVlU0eXVwN1R4V1QxR2d5T0VrazAtaXQ5alJ4bWhFdXllNTVEOGNRa0l6THNwQ2pZYzBLTGZVMnRDLXloLXBBWTNVQ0t5SmRoT1hHcmIySWRnLWw0QkJXM3VvazY2?oc=5,en,2026-08-19,
Trump says US has no talks planned with Iran and other news from the Middle East,ABC News,abcnews.go.com,abcnews.go.com,2026-08-19,https://news.google.com/rss/articles/CBMinwFBVV95cUxOeHQ3NnV1aVBTOFdJWEwyTUZDZTItOG9abElVbm5GRG81T1RUWTVBOG1qUll5cXJpUXFURmFOdEd1ck9SVnlnOE41MS1Ec1g2XzJGcDR6M19wdHh3b0Fxa2J0RWZRSU56YWY4WjNxUHlKQ3RNdXh1a0ctbHQtaVYwTTV6Tk43MWNhMUUwajlVbEljalBhM0JJLUZpM3hXUUHSAaQBQVVfeXFMUC0teE9aUF95TmZRWWtmTmwxTkU4YzRiWVRVQmtaNDZPcV9pQjNwRHRiTTBHT214LVNQRDFRWUQ2M0M1bEU1LXFpREhjSVBVT3FibGZmU1RmWHc4RFExd2g2Y091WTZwcy1ObDJCRFJnYzN4TjZzZWNvTERld3ZITWdSSDFBRUpla055SlV5bnVTVWt5YVJmLXlRTmkwMWZXaVFzSlQ?oc=5,en,2026-08-19,
Takeaways from Tuesday primaries: Trump endorsement only goes so far,ABC News,abcnews.go.com,abcnews.go.com,2026-08-19,https://news.google.com/rss/articles/CBMimAFBVV95cUxNbVhlUzluYkw5clpBR3NpelZwaFdMSXZZeW0zbG9fdV9ORTViaE5EalUzcC1NbGFaLUVqS0s4Ym4tX2w3S1lKUmpRQ0dPcWxLNnE3S0dkdWp6S1dMVjBlcHNhU1JycERKbVFPbS1GMGlDN012eDFNZDR3a3ZBYnB4bHlUSm1vZC01NUQzZ1pFeFA5cjR5VXdXNdIBngFBVV95cUxQQjBCcjFjN09NN2JyaWx6dEw1ajU0ZU02a2NTS05qWmtONWJJSXY2QmVaWU9LZTRLazA1MkhJT09LVEpDejNaV1BvZHNRdDVNRnQxc3RhazlXV05PeWx4NS0tWEp6Tng3UE9GNTNQNjNxOVh3elI5Z3JoZ2U3Tmp1TTVmbUYxOE9jdlFVeWJrSXpwWUY2NFp0WTh1Z2g0UQ?oc=5,en,2026-08-19,
Trump says US and Canada have reached last-minute deal to delay 50% US tariffs on $20 billion worth of Canadian imports,ABC News,abcnews.go.com,abcnews.go.com,2026-08-19,https://news.google.com/rss/articles/CBMikAFBVV95cUxQYmtFQ1cteV90MG5mU3REamR6Rm9QbklGOXdrdlZNZ0FCSE43SkFqcURfaUxLcWpzWEl5Smp0eHpjMS0yak5EZVNubjZ3eUs1d0RXbk5IV0lDdTFpTldUTlJXWVoyb3hITXFNTGRieFhMOVdSRlpVZlRIbVg3VVVOWmVLYThlZVoyQXNnNWV4ekfSAZYBQVVfeXFMTlRlTklLWGdpc2E0NkkyUGhkRDBvSElaM1g3TkEzTTJQWHQ2Y3MzU0kyQTZ4YTlwcFNhbkZGQkF2eVFzRkVBcUVPRGFpSW9jOXV2c2Q4clNHZmZMblJFdGdXa1g2QTM2WmdYa19rX0pCT3ZJOVBfTUszTVdmamNiLWJ6U1V0QjBDUjFUalZZenprSGFPblJR?oc=5,en,2026-08-19,
Judge rules alleged Jan. 6 pipe bomber not covered by Trump's blanket pardons,ABC News,abcnews.go.com,abcnews.go.com,2026-08-19,https://news.google.com/rss/articles/CBMikAFBVV95cUxOTmV5QzRyeVFlRXQ3Q2lYNUY3QUJnX1Z1Y3dVS1NBQ2dNRnVzRDJfV0ZjR0pCRm5xVld3V25weGFrZkFUN3c3emY2U2d5SktZTWh4aHhPaTU1cE9IRllvTnB0aFI5UF9ELUFpd3p4UGU1ajF3QUdtNklRQXBTcG16bl9LWGpiWlZDdFJJdUlWTjPSAZYBQVVfeXFMUC1NWEhzQXMzaS1TTi1tMFJPUEVXOHZ6QmZaSWNkZjZva2lobGtmeUpDYlNtUWdUQkNTNWJhRHJ4M1BMZllWWC1qTDNCSXZpYVJwejA3QlBPYWNtTXI5U05WbUFXWmJEa3FwN2hrSDdBQ1g1VmI4UURoQ2FxcmU4MTEwb3dsUnRXaHdzRW5xWloyNUFGdGZn?oc=5,en,2026-08-19,
'World's most luxurious plane': Trump unveils Qatari-donated 747 Air Force One,ABC News,abcnews.go.com,abcnews.go.com,2026-08-19,https://news.google.com/rss/articles/CBMimwFBVV95cUxNU3E2dEh1TWxoTDlOR1d5NnEyaHJXblpOZFhfRDdncFBBVGEtbTAtbXZld0VLdDJSYmZ3bnRPZVZtV215MEQ2dDhfZXBZV1lRSGRmcGZ0dHlPZnFWYnkwYVBWMmpFeklvZ2hmX1RjQnRHMDhSNjlqTy1PX0haTDEyMDZzRXZFeEpVY21FOGh5cXVmSmFkTkVvZjRSa9IBoAFBVV95cUxNckZKRUFXbE5EWktFV21FQ1VuWmJ0OFRUWmFHSDRaQnMxUl9uNDV1bkw5Ni1RajJ0RFdKWUdQTzhtWWhqSG10MEF1YTZ2UDZlWU1OZXNXV01IWW1Ea3YxeGNHdWlYZVpNUVFoVUh1ZS0yZV90WVF6T0tXbHZWcTFkMllxZERCQVgxN19tNGJQeWhRb09ld3U1X19tS2RKOGdK?oc=5,en,2026-08-19,
Trump's image to appear on limited-edition passports for America's 250th,ABC News,abcnews.go.com,abcnews.go.com,2026-08-19,https://news.google.com/rss/articles/CBMiowFBVV95cUxNNWg3c1pNR0p3XzBqUUVvRmxER1d5b1dIV0QxTHVtRVJPTndfX2ZVXzdDeThDU3lBOVUzWFBwaDI4TUFJeDFPbVlwMFdpUS14OEttRkVOTGxRNHFKdE9qaktpN3h5S0QyYmNIZC03bDdYdnU1YXNFNUJDY01aYjM1UmYyODBBMFdwZVIxWXVvNWtoU3hjc3BHMzNnZWd3VzE5bndF0gGoAUFVX3lxTE5OZm40dDdtMDFUOFJtcm1qcXEyVVF6ZWhUTDl1R1lEWXh5cU51UndZVVJTUDJJX3h4U2FFN3BxbzlyVnotdFMxaUNQUG5TSkdLR0FxWkZWeC1fNjB6RktQNHR6dUJxOHNFeGduS245MVdnLWJaNVN1b1dPcnRqRkd5RmtQT1lMNk9FYTdnZUpmWG5UUHkxejlMX1FSeEo4OGtDUHM4dFZoVA?oc=5,en,2026-08-19,
Trump announces temporary pause on new Canada tariffs,ABC News,abcnews.go.com,abcnews.go.com,2026-08-19,https://news.google.com/rss/articles/CBMiqwFBVV95cUxOTVBGQnlQYWtuZTlZUWVqaWVjZzdFdVE3eUlqUkxVTDNhRTVwTzEyWTBlM0ZPRXd6ZlhEZGFmbWRyUmtUQ3lodlZUTXRLbG5vYzBBdDhNdDY1RTJDby13MW95NUlYMEFGTkF6RXc3MnJnamdvWFdTcnhBejltUUg5WUJfazczR20zTG5UTUJIcFd1RVZyb29OVUFLV2RDUEYzbU9yTFNPc3ltdjTSAasBQVVfeXFMTk1QRkJ5UGFrbmU5WVFlamllY2c3RXVRN3lJalJMVUwzYUU1cE8xMlkwZTNGT0V3emZYRGRhZm1kclJrVEN5aHZWVE10S2xub2MwQXQ4TXQ2NUUyQ28tdzFveTVJWDBBRk5BekV3NzJyZ2pnb1hXU3J4QXo5bVFIOVlCX2s3M0dtM0xuVE1CSHBXdUVWcm9vTlVBS1dkQ1BGM21PckxTT3N5bXY0?oc=5,en,2026-08-19,
Swalwell’s exit and Trump’s endorsement opens path for Democrats in California governor race,ABC News,abcnews.go.com,abcnews.go.com,2026-08-19,https://news.google.com/rss/articles/CBMiswFBVV95cUxNWUxNMUxmU1drOXJZazNfZTVFYVNzbGpzMnN4bWNuZzI1NHFJVVZ2NzRRTmpkQTIxUEpOTW94b0lZNjdiNlRWQVZFTGx2M0picWt4dDBhOS14ZDFreTFMS0luMG5zcGN5enhVWkZMMkNJNkI5ZVFXM0JDVmhaOG01eGRJazdLN0t5MjN6ZTlrNnRzY1NaVnVUUlhqaTRDbHljWVVtYlBjZGYtclhUY2dWM29Lb9IBuAFBVV95cUxPb3V2NXEtc0pDanBqN3pTMnp2TDhTZ05JZlduTi1FZkl5LXJLam80NkY0ak5fc1U5MHg1MWUydmpfQkxyRkJoc21hdmZxa1B0LWxnUmJrZFpHYnlENTctRzZBQlZreF9JSTV2aHZzdVF2eWFZZDdad0dWV200ZnVZV0ZfVzNLbWVMelp6MGNHcDhqZmYwWk9nZFFDYkI4X3ZDZmpYalF2MnRfZktmWnhlbjZsZ3NxOUpB?oc=5,en,2026-08-19,
Video Trump pauses 50% tariffs on Canadian goods,ABC News,abcnews.go.com,abcnews.go.com,2026-08-19,https://news.google.com/rss/articles/CBMiTEFVX3lxTE5jLXNaX0ZkX0cwSzJ1b25Fa01EazdzczFfX1lsSW5PN1A2RW9hQXlNUUs5SDNrc1pOVjQyb2VjQUVCLVlxUmQwRHdXdWY?oc=5,en,2026-08-19,
"Texas GOP Senate candidate Ken Paxton works to overcome fundraising woes, with President Trump's help",ABC News,abcnews.go.com,abcnews.go.com,2026-08-19,https://news.google.com/rss/articles/CBMiogFBVV95cUxOMmdWTmVmZlJmQk12aXJZSlNaa2c0MHJic2F2ZHZxODdtN0tNOUdVcGYtVnZBX3J6Z3RMWGZKQmZSNjVpbkZ0TXR0aTJQM05Ia1dEQlRaY2NZTTVXS3g4ckJvdnMyWXIyRzRleUJkdGVzRjZodnRVWG5tX0Jvbk5zUmQ1bFBfWmhSZmRRd3M1R1N3LXo0U1pOSHJieEFGVVpVdlHSAacBQVVfeXFMUFVCVjdaWlpjQlktRzNLZGhCV2wtZlZmRldlZVhlT2NOc3A2RXk4OHNkN3kwdl85ZnBfaTcxMHNYZ0dvUnNZMUdIbHpXcnpQZXN4bmltUndYQWF1clBBTE42WHZFXzdpRHdBcUtxSHVielFaWFNQUVIycHpLRGxFUU1LbHBVUURVaEdza1FicXN6dVpwMDh2NHd3TTFwUGhLVjVxSmh4cjA?oc=5,en,2026-08-19,
"Sen. Schiff leads probe into Freedom250, the America birthday group offering access to Trump for donations",ABC News,abcnews.go.com,abcnews.go.com,2026-08-19,https://news.google.com/rss/articles/CBMipwFBVV95cUxPd2lSai1Kb3pfZnhhUmxEM3h6aUs5VThIRW5NMmpfTGdTQy1OampyX21SX1RyMjhEN2tacHJXQ0lkMlREbXdjVG8yTVI4cVF3dkZDOG9MUW0wcnRTcmR2WW9mOVlUTzhWMWl3eXdhRHVWWmE2S1JMZng1OGpPQ3VOQXctc3dXSmpONHQ2TUF5cXd2Qm9vMkgtYVE1QW9hdWVmUDFIMVZHMNIBrAFBVV95cUxQM0VlblN2Y2docWQwWE14ODFaaFlyaWU4TEZDaUU5Q2hXTkxuSVREdGVjb3RDOHJiYmlrY29yRzJYbVBTUUdfSFZkbl9zNVg0TjJlWTBHVUtMNnR3M09Ya3VYTFhtcGRHVDQ4cjRFd0cxaFg4Sy1FOF84MFdCS0d4bGtndjhzZTFDQlp1dng2YldtMzY2OE03UllRN2ppNWZpVEwzN1E2b2xsdW5Z?oc=5,en,2026-08-19,
Video President Trump-endorsed Florida candidate loses during primary elections,ABC News,abcnews.go.com,abcnews.go.com,2026-08-19,https://news.google.com/rss/articles/CBMiTEFVX3lxTE1jdjNadnRQT3A0dnVDMW02aVZCMV9EbTZkSGp1TUpncVJnVFFUZS1rb0w1ZjZ5SXR2V1Zoc2QyQy1lMGRrN2s1MUphaWE?oc=5,en,2026-08-19,
US Debt Tops Historic $40 Trillion Mark,Bloomberg,bloomberg.com,bloomberg.com,2026-08-19,https://www.bloomberg.com/news/newsletters/2026-08-19/us-debt-exceeds-historic-40-trillion-mark-evening-briefing-americas,en,2026-08-19,
Carney Asks Canada Premiers to End US Booze Ban as Part of Deal,Bloomberg,bloomberg.com,bloomberg.com,2026-08-19,https://www.bloomberg.com/news/articles/2026-08-19/carney-asks-canada-premiers-to-end-us-booze-ban-as-part-of-deal,en,2026-08-19,
"Trump’s Fast-Track Presidency Hits Pause on Tariffs, Iran and DC Makeover",Bloomberg,bloomberg.com,bloomberg.com,2026-08-19,https://www.bloomberg.com/news/newsletters/2026-08-19/trump-s-fast-track-presidency-hits-pause-on-tariffs-iran-and-dc-makeover,en,2026-08-19,
Trump Offers to Cut Canada Auto Tariffs to 15% in Trade Deal,Bloomberg,bloomberg.com,bloomberg.com,2026-08-19,https://www.bloomberg.com/news/articles/2026-08-19/trump-offers-to-cut-canada-auto-tariffs-to-15-in-trade-deal,en,2026-08-19,
Anxious Manufacturers Await Canada-US Deal to Avoid 50% Tariffs,Bloomberg,bloomberg.com,bloomberg.com,2026-08-19,https://www.bloomberg.com/news/articles/2026-08-19/anxious-manufacturers-await-canada-us-deal-to-avoid-50-tariffs,en,2026-08-19,
Trump Opens Door to Hyperliquid as US Pulls Crypto Trade Onshore,Bloomberg,bloomberg.com,bloomberg.com,2026-08-19,https://www.bloomberg.com/news/articles/2026-08-19/trump-opens-door-to-hyperliquid-as-us-pulls-crypto-trade-onshore,en,2026-08-19,
US Lead in the AI Race With China Is Rapidly Narrowing,Bloomberg,bloomberg.com,bloomberg.com,2026-08-19,https://www.bloomberg.com/graphics/2026-us-china-ai-race/,en,2026-08-19,
‘The Treasury Is Watching’: Bessent’s Buybacks Jolt Bond Market,Bloomberg,bloomberg.com,bloomberg.com,2026-08-19,https://www.bloomberg.com/news/articles/2026-08-19/-the-treasury-is-watching-bessent-s-buybacks-jolt-bond-market,en,2026-08-19,
"Trump, Carney Optimistic on Trade Deal as Negotiators Meet in Washington",Bloomberg,bloomberg.com,bloomberg.com,2026-08-19,https://www.bloomberg.com/news/articles/2026-08-19/trump-carney-optimistic-on-trade-deal-as-negotiators-meet-in-washington,en,2026-08-19,
The Decline in Murder Is Clear. The Reason Is Not,Bloomberg,bloomberg.com,bloomberg.com,2026-08-19,https://www.bloomberg.com/opinion/articles/2026-08-19/the-decline-in-murder-is-clear-the-reason-is-not,en,2026-08-19,
Dollar Tumbles as Treasury Buyback Unleashes Bond-Market Rally,Bloomberg,bloomberg.com,bloomberg.com,2026-08-19,https://www.bloomberg.com/news/articles/2026-08-19/dollar-tumbles-as-treasury-buyback-unleashes-bond-market-rally,en,2026-08-19,
Takaichi Confronts Her Mentor’s Mixed Foreign Policy Legacy,Bloomberg,bloomberg.com,bloomberg.com,2026-08-19,https://www.bloomberg.com/opinion/articles/2026-08-19/takaichi-confronts-her-mentor-s-mixed-foreign-policy-legacy,en,2026-08-19,
Treasury Seeks to Limit Immigrants’ Use of Some Tax Breaks,Bloomberg,bloomberg.com,bloomberg.com,2026-08-19,https://www.bloomberg.com/news/articles/2026-08-19/treasury-seeks-to-limit-immigrants-use-of-some-tax-breaks,en,2026-08-19,
Canadian Stocks Climb as Trump Pauses Tariffs on Trade Talks,Bloomberg,bloomberg.com,bloomberg.com,2026-08-19,https://www.bloomberg.com/news/articles/2026-08-19/canadian-stocks-climb-as-trump-pauses-tariffs-signals-deal-near,en,2026-08-19,
"North Korea Says No Trump-Kim Talks, Still Sees US as ‘Hostile’",Bloomberg,bloomberg.com,bloomberg.com,2026-08-19,https://www.bloomberg.com/news/articles/2026-08-19/north-korea-says-no-trump-kim-talks-still-sees-us-as-hostile,en,2026-08-19,
US-Canada Tariff Delay Sets New Clock Ticking on Friday Deadline,Bloomberg,bloomberg.com,bloomberg.com,2026-08-19,https://www.bloomberg.com/news/newsletters/2026-08-19/us-canada-trade-talks,en,2026-08-19,
Treasury Bond Buybacks Evoke Memory of Fed’s ‘Operation Twist’,Bloomberg,bloomberg.com,bloomberg.com,2026-08-19,https://www.bloomberg.com/news/articles/2026-08-19/treasury-bond-buybacks-evoke-memory-of-fed-s-operation-twist,en,2026-08-19,
Trump Asks Congress to Pass Crypto Bill Alongside Executives,Bloomberg,bloomberg.com,bloomberg.com,2026-08-19,https://www.bloomberg.com/news/articles/2026-08-19/trump-asks-congress-to-pass-crypto-bill-alongside-executives,en,2026-08-19,
Trump Taps White House Advisor to Run FDA After Turmoil,Bloomberg,bloomberg.com,bloomberg.com,2026-08-19,https://www.bloomberg.com/news/articles/2026-08-19/trump-taps-white-house-adviser-to-run-fda-after-months-of-tumult,en,2026-08-19,
Two Chinese Supertankers U-Turn in Hormuz as Risks Remain High,Bloomberg,bloomberg.com,bloomberg.com,2026-08-19,https://www.bloomberg.com/news/articles/2026-08-19/two-chinese-supertankers-u-turn-in-hormuz-as-risks-remain-high,en,2026-08-19,
Trump Delays Canada Tariffs at Last Minute After Tentative Deal,Bloomberg,bloomberg.com,bloomberg.com,2026-08-19,https://www.bloomberg.com/news/articles/2026-08-19/trump-pauses-50-canada-tariffs-for-three-days-subject-to-a-deal-mszgvwa3,en,2026-08-19,
India’s Exports to US Hold Firm After a Year of Trump’s Tariffs,Bloomberg,bloomberg.com,bloomberg.com,2026-08-19,https://www.bloomberg.com/news/articles/2026-08-19/india-s-exports-to-us-hold-firm-after-a-year-of-trump-s-tariffs,en,2026-08-19,
Trump-Endorsed Donalds Handily Wins Florida Governor Primary,Bloomberg,bloomberg.com,bloomberg.com,2026-08-19,https://www.bloomberg.com/news/articles/2026-08-19/donalds-wins-florida-gop-governor-primary-ap-projects,en,2026-08-19,
South Korea Says Joint Military Drills With US to Be Curtailed,Bloomberg,bloomberg.com,bloomberg.com,2026-08-19,https://www.bloomberg.com/news/articles/2026-08-19/south-korea-says-joint-military-drills-with-us-to-be-curtailed,en,2026-08-19,
Trump Says US Starting ‘Economic Warfare’ Operation Against Iran,Bloomberg,bloomberg.com,bloomberg.com,2026-08-19,https://news.google.com/rss/articles/CBMiswFBVV95cUxQMVF2ODdxMWJ4SXVOQzFyTUZIRFcyYVB6cmJxOHpfTHpmREk1amI2dFFVV0tXb2c3YUxWTkRJSjdsVS15SkVFSTNpemlaZHBsZmdrdTdZVzFiZTZlZzJCdFRQSXNJY1NKZnJhWGxiLVNWcmtJS0hMR2NaUWxsOGpndkVrQ1FYd1FRSjZTX01RRjZzaERiWG1hcE1MZVhtMHY5Y2txOFlhT3I0ODNRaVlZbXIwRQ?oc=5,en,2026-08-19,
"Trump Delays Canada Tariffs at 11th Hour, Saying Deal Close",Bloomberg,bloomberg.com,bloomberg.com,2026-08-19,https://news.google.com/rss/articles/CBMiwAFBVV95cUxQSlRnTXRZS3BtTDltbTVnaFgzMVpQSDI1NEhLTWU5bkp1OFNtc0t4MEF6eTF3cXlwaHpzX1p4OEsxZXE3MHlDYjNEUUo3RUQ2MkFkUlF4bGV0T1NRRmowbmFIMDlCS3AwRWNOSFh4cjVxRmRvY3cwSzY1RXktZ1dUOXVTTTRfT2loTUxwaG5JTFdENHY4amlqSnVpam1scUprUjlBRjU5cjhVS2EzN0VtYkJSeUJHNnpJeV91SF9YMko?oc=5,en,2026-08-19,
China’s Top Envoy to Visit Seoul as Trump Shakes US-Korea Ties,Bloomberg,bloomberg.com,bloomberg.com,2026-08-19,https://news.google.com/rss/articles/CBMiswFBVV95cUxNNDJFTHVwY1lSTlhqT0w1YWtmN0o1LV9hVF9wSHFIUmxHcElXdHZ0emlKT0xCNUJ1QmNVeUxyTXVwZUtwTWE2VVZBVUhFSVFVNnJSYVFEbGYwOXpSaWFrWWdlR0RBREYtOTZGRmxId0szSGY3S3hsVllDTlNfNVNTOUF5aUM4T01VMVY4UENIZTJjMWlSSjlhNVNIakJhQkhoV29HM0VBNm9SSElSU0ZOaXpLRQ?oc=5,en,2026-08-19,
Trump Set to Cut Canada Auto Tariffs to 15% in Trade Deal,Bloomberg,bloomberg.com,bloomberg.com,2026-08-19,https://news.google.com/rss/articles/CBMirwFBVV95cUxNMGZxcHNVYUdvWk9oNnYzNk8yZzlFY3lyNXFGVHpILXBZd3BvUzVudkQ5NDlmSWdzYUgycjdITHVZZGc2cW1zajBjWmxmVEhHM2hKV2lTZ2xHczg5SWJ4TWNCLV92SzJzalZlTzZrVmlVUVhNRXFSNVNOMDlhLVdfdGxINGJEV01hNlJnY1lmUktFV3hZV1VZZXpyMkRXRS1aaHhlWVp3ZDZ6SEJPUVJZ?oc=5,en,2026-08-19,
Trump Takes Hard Line on Iran as Hormuz Standoff Drags On,Bloomberg,bloomberg.com,bloomberg.com,2026-08-19,https://news.google.com/rss/articles/CBMirAFBVV95cUxNd1ViR1JaSUlfNEQtajk2RkpTcVI3QW1GZTBkR2RkZ0tVVWNDbHMyQnhmc2x0cTM0NWo2eFIwX3ljOTdudnRxb2RYa2puUDJseXVBVm5zLWV1cEFsMEpvcDRhRlZ4cllmMTZBaUJaLWhuc0xGNXh4N1pQYktDZkRrcU9IX2NWcUNqY1dVSVVRdjNjTDZLd3lOVDZiVmx6VmhKdzRQVV9lZTVkV2RK?oc=5,en,2026-08-19,
Watch Trump Takes Hard Line as Hormuz Tensions Mark New Normal,Bloomberg,bloomberg.com,bloomberg.com,2026-08-19,https://news.google.com/rss/articles/CBMisAFBVV95cUxONllES0Q1a0N2bGxqNWFSR054dWhZZlpOM3BibXBiMUVhTDd6bEFZYW5lR2ZqamVLWU9ESHBaQTBPdXBub19FRDJ0UXJ5UFZSV3dGNWpSUERlVFFOOThZNWE2a0tvLXp3SEFRSFJ6OHV0czU4VmZXSUdTWGVkMVJ2U2dGZEFFNmw1cmxYSnVsYVhSazNvdnRhcHNsRHJkVVRxcm82VmJ6ZnNta1RGeFB0bQ?oc=5,en,2026-08-19,
Gordie Howe International Bridge celebrates opening with commemorative patch,CBS News,cbsnews.com,cbsnews.com,2026-08-19,https://www.cbsnews.com/detroit/news/gordie-howe-international-commemorative-patch/,en,2026-08-19,
Minnesota school facing $7K price spike for mascot costume over proposed tariffs on Canadian imports,CBS News,cbsnews.com,cbsnews.com,2026-08-19,https://www.cbsnews.com/minnesota/news/proposed-canadian-tariffs-new-prague-mascot/,en,2026-08-19,
"Georgia sheriff offers $1,000 reward after Flock Safety camera vandalized amid growing surveillance debate",CBS News,cbsnews.com,cbsnews.com,2026-08-19,https://www.cbsnews.com/atlanta/news/georgia-sheriff-offers-1000-reward-after-flock-safety-camera-vandalized-amid-growing-surveillance-debate/,en,2026-08-19,
H.R. McMaster reacts to Trump apparently pushing for meeting with North Korea's Kim Jong Un,CBS News,cbsnews.com,cbsnews.com,2026-08-19,https://www.cbsnews.com/video/hr-mcmaster-reacts-trump-north-korea-kim-jong-un/,en,2026-08-19,
"Trump pauses Canada tariffs for 3 days, says deal has been reached",CBS News,cbsnews.com,cbsnews.com,2026-08-19,https://www.cbsnews.com/minnesota/video/trump-pauses-canada-tariffs-for-3-days-says-deal-has-been-reached/,en,2026-08-19,
"President Trump working to ease tariff tensions with Canada, meets with North Korea leader",CBS News,cbsnews.com,cbsnews.com,2026-08-19,https://www.cbsnews.com/atlanta/video/president-trump-working-to-ease-tariff-tensions-with-canada-meets-with-north-korea-leader/,en,2026-08-19,
"Trump delays 50% tariffs on Canada, hints at plan to revive controversial oil pipeline",CBS News,cbsnews.com,cbsnews.com,2026-08-19,https://www.cbsnews.com/video/trump-hints-at-plan-to-revive-controversial-oil-pipeline-50-tariffs-on-canada/,en,2026-08-19,
"Dr. Oz on Trump and prescription drug prices, skin cancer vaccine trial",CBS News,cbsnews.com,cbsnews.com,2026-08-19,https://www.cbsnews.com/video/dr-oz-on-trump-claims-about-lower-prescription-drug-prices/,en,2026-08-19,
Tariffs on Canada lead to shocking price tag for Minnesota high school mascot costume,CBS News,cbsnews.com,cbsnews.com,2026-08-19,https://www.cbsnews.com/minnesota/video/tariffs-on-canada-lead-to-shocking-price-tag-for-minnesota-high-school-mascot-costume/,en,2026-08-19,
Anne Arundel schools amend gender identity policy after Trump administration threat,CBS News,cbsnews.com,cbsnews.com,2026-08-19,https://www.cbsnews.com/baltimore/video/anne-arundel-schools-amend-gender-identity-policy-after-trump-administration-threat/,en,2026-08-19,
"Trump pauses tariffs on Canada for 3 days amid ""very good deal""",CBS News,cbsnews.com,cbsnews.com,2026-08-19,https://www.cbsnews.com/video/trump-pauses-tariffs-on-canada-for-3-days-amid-very-good-deal/,en,2026-08-19,
"What to make of Trump's latest comments on Iran as he says talks could continue ""at some point""",CBS News,cbsnews.com,cbsnews.com,2026-08-19,https://www.cbsnews.com/video/what-to-make-of-trumps-latest-comments-on-iran-as-he-says-talks-could-continue-at-some-point/,en,2026-08-19,
Trump administration halts project at Big Bend National Park after backlash,CBS News,cbsnews.com,cbsnews.com,2026-08-19,https://www.cbsnews.com/video/trump-administration-big-bend-backlash/,en,2026-08-19,
Trump administration say it's making progress on trade deal with Canada,CBS News,cbsnews.com,cbsnews.com,2026-08-19,https://www.cbsnews.com/boston/video/trump-administration-say-its-making-progress-on-trade-deal-with-canada/,en,2026-08-19,
"Pentagon officials considering firing longtime Stars and Stripes publisher, sources say",CBS News,cbsnews.com,cbsnews.com,2026-08-19,https://www.cbsnews.com/miami/news/pentagon-considers-firing-stars-stripes-publisher/,en,2026-08-19,
He spied for the U.S. in the war on terror. Now ICE wants to deport him.,CBS News,cbsnews.com,cbsnews.com,2026-08-19,https://www.cbsnews.com/texas/news/ice-detainee-spy-terrorism-blerim-skoro/,en,2026-08-19,
Trump administration says it's making progress toward trade deal with Canada,CBS News,cbsnews.com,cbsnews.com,2026-08-19,https://www.cbsnews.com/newyork/video/trump-administration-says-its-making-progress-toward-trade-deal-with-canada/,en,2026-08-19,
"National debt tops $40 trillion after doubling in less than a decade, Treasury data shows",CBS News,cbsnews.com,cbsnews.com,2026-08-19,https://www.cbsnews.com/texas/news/national-debt-tops-40-trillion-doubles/,en,2026-08-19,
"Pennsylvania gubernatorial candidate Stacy Garrity on data centers, calls for construction pause",CBS News,cbsnews.com,cbsnews.com,2026-08-19,https://www.cbsnews.com/video/pennsylvania-gubernatorial-candidate-stacy-garrity-on-data-centers/,en,2026-08-19,
Trump pauses border wall construction in Texas' Big Bend National Park amid Abbott pushback,CBS News,cbsnews.com,cbsnews.com,2026-08-19,https://www.cbsnews.com/video/trump-pauses-major-border-wall-construction-after-bipartisan-concerns/,en,2026-08-19,
8/19: The Takeout with Major Garrett,CBS News,cbsnews.com,cbsnews.com,2026-08-19,https://www.cbsnews.com/video/081926-the-takeout-with-major-garrett/,en,2026-08-19,
Trump flaunts White House improvement projects,CBS News,cbsnews.com,cbsnews.com,2026-08-19,https://www.cbsnews.com/video/trump-flaunts-white-house-improvement-projects/,en,2026-08-19,
President Trump says he's struck a trade deal with Canada,CBS News,cbsnews.com,cbsnews.com,2026-08-19,https://www.cbsnews.com/texas/video/president-trump-says-hes-struck-a-trade-deal-with-canada/,en,2026-08-19,
Trump administration reaches last-minute deal to delay 50% tariffs on Canadian imports,CBS News,cbsnews.com,cbsnews.com,2026-08-19,https://www.cbsnews.com/chicago/video/trump-administration-reaches-last-minute-deal-to-delay-50-tariffs-on-canadian-imports/,en,2026-08-19,
"Trump says peace talks with Iran will resume ""maybe at some point""",CBS News,cbsnews.com,cbsnews.com,2026-08-19,https://www.cbsnews.com/video/trump-says-peace-talks-iran-resume-maybe-some-point/,en,2026-08-19,
Trump nominates policy aide Dr. Heidi Overton as next FDA commissioner,CBS News,cbsnews.com,cbsnews.com,2026-08-19,https://www.cbsnews.com/news/trump-heidi-overton-fda-commissioner-nomination/,en,2026-08-19,
"Darline Graham says she's ""not that informed on national security"" at debate",CBS News,cbsnews.com,cbsnews.com,2026-08-19,https://www.cbsnews.com/news/darline-graham-debate-south-carolina-runoff-ralph-norman/,en,2026-08-19,
Mike Lindell says he will fund statewide hand recount after losing Minnesota GOP primary by double digits,CBS News,cbsnews.com,cbsnews.com,2026-08-19,https://www.cbsnews.com/minnesota/news/mike-lindell-minnesota-governor-primary-recount/,en,2026-08-19,
Mexico rejects latest Trump administration crackdown that is leaving migrants in other countries,CBS News,cbsnews.com,cbsnews.com,2026-08-19,https://www.cbsnews.com/video/trump-administration-mexico-deportations-migrants/,en,2026-08-19,
Early details on potential Trump-Kim Jong Un meeting,CBS News,cbsnews.com,cbsnews.com,2026-08-19,https://www.cbsnews.com/video/early-details-on-potential-trump-kim-jong-un-meeting/,en,2026-08-19,
Trump boasts about Kim Jong Un friendship after slamming South Korea,CBS News,cbsnews.com,cbsnews.com,2026-08-19,https://www.cbsnews.com/video/trump-north-korea-kim-jong-un-south-korea/,en,2026-08-19,
"Michael Cohen, Trump's fixer-turned-nemesis, says he'll interview former boss",CBS News,cbsnews.com,cbsnews.com,2026-08-19,https://www.cbsnews.com/news/michael-cohen-trump-interview/,en,2026-08-19,
Trump says he expects to meet again with North Korea's Kim Jong Un​ this year,CBS News,cbsnews.com,cbsnews.com,2026-08-19,https://www.cbsnews.com/news/trump-kim-jong-un-north-korea-meeting-nuclear-weapons/,en,2026-08-19,
"Democratic socialist candidate Angie Nixon says ""it's not about labels"" after Florida Senate primary victory",CBS News,cbsnews.com,cbsnews.com,2026-08-19,https://www.cbsnews.com/miami/news/angie-nixon-interview-democratic-socialist-victory-florida/,en,2026-08-19,
"Shapiro on placing guardrails on AI data centers in Pennsylvania: ""I don't want developers running roughshod""",CBS News,cbsnews.com,cbsnews.com,2026-08-19,https://www.cbsnews.com/pittsburgh/news/shapiro-ai-data-centers-pennsylvania/,en,2026-08-19,
Why Trump says he's pausing 50% tariffs on some Canadian goods for 3 days,CBS News,cbsnews.com,cbsnews.com,2026-08-19,https://www.cbsnews.com/video/why-trump-says-hes-pausing-50-tariffs-on-some-canadian-goods-for-3-days/,en,2026-08-19,
Mexico outraged as Trump administration deports Mexican migrants to other countries,CBS News,cbsnews.com,cbsnews.com,2026-08-19,https://www.cbsnews.com/video/mexico-angered-as-trump-administration-deports-mexican-migrants-to-other-countries/,en,2026-08-19,
"4 things to know from Aug. 19, 2026",CBS News,cbsnews.com,cbsnews.com,2026-08-19,https://www.cbsnews.com/minnesota/video/4-things-to-know-from-aug-19-2026/,en,2026-08-19,
Trump pauses 50% tariffs on Canada for three days amid last-minute talks,CBS News,cbsnews.com,cbsnews.com,2026-08-19,https://www.cbsnews.com/video/trump-tariffs-canada-last-minute-talks/,en,2026-08-19,
President Trump delays Canadian import tariffs,CBS News,cbsnews.com,cbsnews.com,2026-08-19,https://www.cbsnews.com/detroit/video/president-trump-delays-canadian-import-tariffs/,en,2026-08-19,
"Charlie Kirk was targeted for his politics, prosecutors say bullet engraving shows",CBS News,cbsnews.com,cbsnews.com,2026-08-19,https://www.cbsnews.com/miami/news/charlie-kirk-was-targeted-for-his-politics-prosecutors-say-bullet-engraving-shows/,en,2026-08-19,
"Sen. Dan Sullivan, Mary Peltola advance in Alaska Senate primary",CBS News,cbsnews.com,cbsnews.com,2026-08-19,https://www.cbsnews.com/news/mary-peltola-dan-sullivan-alaska-senate-primary-results/,en,2026-08-19,
Trump says he paused 50 % tariffs on some Canadian goods as deal being finalized,CBS News,cbsnews.com,cbsnews.com,2026-08-19,https://www.cbsnews.com/news/trump-pauses-tariffs-canada/,en,2026-08-19,
The Real Cost of RFK Jr’s ‘Real Food’,CNN,cnn.com,cnn.com,2026-08-19,https://www.cnn.com/2026/08/19/us/video/the-real-cost-of-rfk-jrs-real-food-horizontal,en,2026-08-19,
"Disney’s nod to nostalgia, controversial project, follow the corgis: Catch up on the day’s stories",CNN,cnn.com,cnn.com,2026-08-19,https://www.cnn.com/2026/08/19/us/5-things-pm-august-19-trnd,en,2026-08-19,
‘We are united’ DNC Chair on Democrats’ civil war amid Socialist Surge,CNN,cnn.com,cnn.com,2026-08-19,https://www.cnn.com/2026/08/19/politics/video/we-are-united-dnc-chair-on-democrats-civil-war-amid-socialist-surge-lcl,en,2026-08-19,
"Trump pauses 50% Canada tariffs, says the two sides have a ‘deal’",CNN,cnn.com,cnn.com,2026-08-19,https://www.cnn.com/2026/08/19/politics/video/cncpm-trump-canada-trade-deal-tariffs,en,2026-08-19,
National debt reaches grim $40 trillion milestone. Here’s why that matters,CNN,cnn.com,cnn.com,2026-08-19,https://www.cnn.com/2026/08/19/economy/national-debt-hits-40-trillion-dollars-vis,en,2026-08-19,
Duke and Duchess of Sussex planning to move back to UK,CNN,cnn.com,cnn.com,2026-08-19,https://www.cnn.com/2026/08/19/world/video/duke-duchess-sussex-harry-meghan-move-britain-uk-royals-max-foster-latam-intl,en,2026-08-19,
"Trump’s record disapproval, bipartisan bitterness more",CNN,cnn.com,cnn.com,2026-08-19,https://www.cnn.com/politics/video/enten-roundup-81926-ytc,en,2026-08-19,
Trump pauses 50% tariffs on Canada for three days,CNN,cnn.com,cnn.com,2026-08-19,https://www.cnn.com/2026/08/19/us/video/trump-canada-tariffs-stewart-live-091803pseg1-cnni-us-fast,en,2026-08-19,
"US airman detained again after calling for Trump’s impeachment, his attorney speaks out",CNN,cnn.com,cnn.com,2026-08-19,https://www.cnn.com/2026/08/19/politics/video/ebof-major-jason-watson-arrested,en,2026-08-19,
President Trump promised ‘tremendous economic consequences’ for any country aiding Iran,CNN,cnn.com,cnn.com,2026-08-19,https://www.cnn.com/2026/08/19/world/video/ac360-trump-iran-consequences-latest,en,2026-08-19,
Democratic Rep. Jared Moskowitz: ‘You can’t tell people how to feel. They know better’,CNN,cnn.com,cnn.com,2026-08-19,https://www.cnn.com/2026/08/19/politics/video/democratic-rep-jared-moskowitz-you-cant-tell-people-how-to-feel-they-know-better,en,2026-08-19,
Key Trump legislative advisor to depart with potentially bruising midterm looming,CNN,cnn.com,cnn.com,2026-08-19,https://www.cnn.com/2026/08/19/politics/trump-legislative-advisor-james-braid-departing,en,2026-08-19,
More than 750 US service members wounded since start of Iran War,CNN,cnn.com,cnn.com,2026-08-19,https://www.cnn.com/2026/08/19/politics/us-casualties-iran-war-more-than-750,en,2026-08-19,
‘Shocked’: PA Democrat speaks to CNN after pulling off election upset in Trump country,CNN,cnn.com,cnn.com,2026-08-19,https://www.cnn.com/2026/08/19/politics/video/ebof-democrat-brandon-dukes-pennsylvania-state-house-victory-in-trump-district,en,2026-08-19,
"Amid war record debt, Trump unveils new White House construction",CNN,cnn.com,cnn.com,2026-08-19,https://www.cnn.com/2026/08/19/politics/video/ebof-kristen-holmes-trump-renovations-us-debt-iran-war,en,2026-08-19,
Democratic socialists are having a moment. They’re not all in agreement on what it means to be one,CNN,cnn.com,cnn.com,2026-08-19,https://www.cnn.com/2026/08/19/politics/democratic-socialists-platform-disagreement,en,2026-08-19,
New CDC director acknowledges agency problems in first large staff meeting,CNN,cnn.com,cnn.com,2026-08-19,https://www.cnn.com/2026/08/19/health/cdc-schwartz-staff-meeting,en,2026-08-19,
Boris Sanchez challenges DSA Co-Chair on statement commemorating 100 years of Fidel Castro,CNN,cnn.com,cnn.com,2026-08-19,https://www.cnn.com/2026/08/19/politics/video/cncpm-democratic-socialists-of-america-fidel-castro,en,2026-08-19,
U.S. bond yields fall after Treasury boosts buybacks,CNN,cnn.com,cnn.com,2026-08-19,https://www.cnn.com/2026/08/19/us/video/bond-yields-markets-national-debt-el-erian-live-081904pseg1-cnni-us-fast,en,2026-08-19,
KY farm owner wants governments to ‘throw on the brakes’ after turning down $26M offer from AI data center,CNN,cnn.com,cnn.com,2026-08-19,https://www.cnn.com/2026/08/19/us/video/cnn-sitroom-brown-kentucky-farm-data-center-offer-refusal,en,2026-08-19,
The battle to contain DRC’s deadliest Ebola outbreak,CNN,cnn.com,cnn.com,2026-08-19,https://www.cnn.com/2026/08/19/tv/video/jean-kaseya-amanpour,en,2026-08-19,
"Just 2 years after Trump won this Pennsylvania state house district by 18, Democrats could flip the seat",CNN,cnn.com,cnn.com,2026-08-19,https://www.cnn.com/2026/08/19/politics/video/inside-politics-pennsylvania-special-election,en,2026-08-19,
Call for wartime elections in Ukraine piles pressure on Zelensky when he least needs it,CNN,cnn.com,cnn.com,2026-08-19,https://www.cnn.com/2026/08/19/europe/ukraine-wartime-presidential-election-zelensky-intl,en,2026-08-19,
World Humanitarian Day: 2025 among deadliest years for aid workers,CNN,cnn.com,cnn.com,2026-08-19,https://www.cnn.com/2026/08/19/world/video/aid-workers-humanitarian-deaths-miliband-intv-ctw-fst-081909aseg2-cnni-world-fast,en,2026-08-19,
US airman arrested at Capitol after calling for Trump’s impeachment is detained again,CNN,cnn.com,cnn.com,2026-08-19,https://www.cnn.com/2026/08/19/politics/us-airman-arrested-at-capitol-trump-impeachment-detained,en,2026-08-19,
Former Quebec Premier: ‘Let’s get beyond this trade conflict’,CNN,cnn.com,cnn.com,2026-08-19,https://www.cnn.com/2026/08/19/world/video/cnn-sitroom-blitzer-jean-charest-canada-trump-tariffs,en,2026-08-19,
"DOJ says approx. 1,000 election monitors will observe polling sites in November. Here’s what that means for the midterms",CNN,cnn.com,cnn.com,2026-08-19,https://www.cnn.com/2026/08/19/politics/video/doj-election-monitors-midterms-ip,en,2026-08-19,
Ossoff’s feud withTrump is drawing the attention of Gen Z voters,CNN,cnn.com,cnn.com,2026-08-19,https://www.cnn.com/2026/08/19/politics/video/trump-ossoff-social-media-parnas-intv-ctw-fst-081909aseg2-ctw-cnni-politics-fast,en,2026-08-19,
Tankers shift toward Oman route through Strait of Hormuz,CNN,cnn.com,cnn.com,2026-08-19,https://www.cnn.com/2026/08/19/world/video/oil-prices-tankers-gulf-oman-hormuz-digvid,en,2026-08-19,
Kennedy Center board tells judge it won’t remove tarp showing Trump’s name removed,CNN,cnn.com,cnn.com,2026-08-19,https://www.cnn.com/2026/08/19/politics/kennedy-center-trump-name-september,en,2026-08-19,
What we know about Trump’s expected pick to lead FDA,CNN,cnn.com,cnn.com,2026-08-19,https://www.cnn.com/2026/08/19/us/video/what-we-know-about-trumps-expected-pick-to-lead-fda-cnc,en,2026-08-19,
Judge seeks Grand Jury materials in Don Lemon case,CNN,cnn.com,cnn.com,2026-08-19,https://www.cnn.com/2026/08/19/us/video/bolduan-don-lemon-cnc,en,2026-08-19,
Kim Jong Un’s powerful sister says she is ‘completely unaware’ if he contacted Trump,CNN,cnn.com,cnn.com,2026-08-19,https://www.cnn.com/2026/08/19/asia/kim-jong-un-sister-unaware-trump-talks-intl,en,2026-08-19,
‘Very special stone’: Trump unveils another White House construction project,CNN,cnn.com,cnn.com,2026-08-19,https://www.cnn.com/2026/08/19/politics/trump-construction-white-house-helipad,en,2026-08-19,
‘I reject the DSA’: Florida democrat says she has ‘pretty significant disagreements’ with party’s senate nominee Angie Nixon,CNN,cnn.com,cnn.com,2026-08-19,https://www.cnn.com/2026/08/19/politics/video/cncpm-debbie-wasserman-schultz-angie-nixon-florida-senate,en,2026-08-19,
The Odds: The Unpopular Vote,CNN,cnn.com,cnn.com,2026-08-19,https://www.cnn.com/2026/08/19/politics/video/the-odds-the-unpopular-vote-cnc-kalpar,en,2026-08-19,
Iranian Parliament Speaker’s visit to Iraq puts Iran’s influence in focus,CNN,cnn.com,cnn.com,2026-08-19,https://www.cnn.com/2026/08/19/world/video/iraq-iran-relations-rizk-intv-ctw-fst-081909aseg1-ctw-cnni-world-fast,en,2026-08-19,
"After Trump-endorsed Cory Mills loses primary, Trump says he told him to drop out",CNN,cnn.com,cnn.com,2026-08-19,https://www.cnn.com/2026/08/19/politics/trump-cory-mills-election,en,2026-08-19,
Richard Gadd on exploring the ‘darker edges of life’,CNN,cnn.com,cnn.com,2026-08-19,https://www.cnn.com/2026/08/19/tv/video/amanpour-gadd-half-man-baby-reindeer,en,2026-08-19,
Transportation Secretary Sean Duffy’s ‘Great American Road Trip’ reality show is finally out after months-long delay,CNN,cnn.com,cnn.com,2026-08-19,https://www.cnn.com/2026/08/19/us/duffy-reality-show-premiers,en,2026-08-19,
Losses are piling up for Trump-backed candidates,CNN,cnn.com,cnn.com,2026-08-19,https://www.cnn.com/2026/08/19/politics/trump-candidates-primary-losses,en,2026-08-19,
IDF admits firing on car carrying 5-year-old Hind Rajab,CNN,cnn.com,cnn.com,2026-08-19,https://www.cnn.com/2026/08/19/world/video/gaza-idf-killing-rajab-diamond-live-ctw-fst-081909aseg1-cnni-world-fast,en,2026-08-19,
Justice Department attempts to distance Attorney General Todd Blanche from Comey’s ‘8647’ seashell threat indictment,CNN,cnn.com,cnn.com,2026-08-19,https://www.cnn.com/2026/08/19/politics/comey-seashell-indictment-prosecutor-justice-department,en,2026-08-19,
Bond market takes a breather after surprise move by Treasury Department,CNN,cnn.com,cnn.com,2026-08-19,https://www.cnn.com/2026/08/19/investing/bond-market-treasury-bessent,en,2026-08-19,
Trump says he intends to meet Kim Jong Un this year,CNN,cnn.com,cnn.com,2026-08-19,https://www.cnn.com/2026/08/19/politics/trump-kim-jong-un-meeting,en,2026-08-19,
UAE halts trade with Iran after accusing Tehran of firing ballistic missiles,CNN,cnn.com,cnn.com,2026-08-19,https://www.cnn.com/2026/08/19/world/live-news/iran-war-trump,en,2026-08-19,
Jon Ossoff’s ‘travel with Natalie’ shows how candidates win attention in a culture of clips,CNN,cnn.com,cnn.com,2026-08-19,https://www.cnn.com/2026/08/19/media/jon-ossoff-natalie-harp-viral-clips,en,2026-08-19,
Ukraine’s ousted defense minister calls for elections,CNN,cnn.com,cnn.com,2026-08-19,https://www.cnn.com/2026/08/19/world/video/ukraines-ousted-defense-minister-calls-for-elections-digvid-hnk,en,2026-08-19,
Iran’s latest warning to the US signals the hardliners are just getting started,CNN,cnn.com,cnn.com,2026-08-19,https://www.cnn.com/2026/08/19/middleeast/iran-hardliners-just-getting-started-intl,en,2026-08-19,
Prosecutors say bullet engraving shows Charlie Kirk was targeted for his politics,CNN,cnn.com,cnn.com,2026-08-19,https://www.cnn.com/2026/08/19/us/charlie-kirk-tyler-robinson-trial-hnk,en,2026-08-19,
Democrats nominate a democratic socialist to run for U.S. Senate in Florida,CNN,cnn.com,cnn.com,2026-08-19,https://www.cnn.com/2026/08/19/politics/video/angie-nixon-florida-democrats-senate-primary-race,en,2026-08-19,
Why Ossoff’s savage lampooning of Trump is taking off,CNN,cnn.com,cnn.com,2026-08-19,https://www.cnn.com/2026/08/19/politics/jon-ossoff-trump-feud,en,2026-08-19,
Trump-backed Byron Donalds attacks Dem David Jolly after projected win in FL governor’s race,CNN,cnn.com,cnn.com,2026-08-19,https://www.cnn.com/2026/08/19/politics/video/trump-backed-byron-donalds-attacks-dem-david-jolly-after-projected-win-in-fl-governors-race-lcl,en,2026-08-19,
Trump wants South Korea to defend itself. His overtures to Kim Jong Un could delay that,CNN,cnn.com,cnn.com,2026-08-19,https://www.cnn.com/2026/08/19/asia/trump-south-korea-alliance-intl-hnk-ml,en,2026-08-19,
Judge allows Trump administration to end deportation protections for thousands of Ethiopians,CNN,cnn.com,cnn.com,2026-08-19,https://edition.cnn.com/2026/08/18/politics/judge-allows-trump-administration-to-end-tps-ethiopians,en,2026-08-19,
"Trump threats anger Omanis , leave observers puzzled",CNN,cnn.com,cnn.com,2026-08-19,https://edition.cnn.com/2026/08/18/middleeast/trumps-threats-anger-omanis-intl,en,2026-08-19,
"Meet Natalie Harp , the aide so close to Trump she once rode in an SUV trunk to accompany him",CNN,cnn.com,cnn.com,2026-08-19,https://edition.cnn.com/2026/08/18/politics/natalie-harp-trump-aide,en,2026-08-19,
Trump expected to pick Dr . Heidi Overton to lead FDA,CNN,cnn.com,cnn.com,2026-08-19,https://us.cnn.com/2026/08/18/health/fda-commissioner-heidi-overton,en,2026-08-19,
Trump postpones 50 % tariff he threatened for some Canadian goods,CNN,cnn.com,cnn.com,2026-08-19,https://edition.cnn.com/2026/08/18/economy/canada-tariffs-trump,en,2026-08-19,
Jon Ossoff is assailing Trump . Will the attacks gain traction ?,CNN,cnn.com,cnn.com,2026-08-19,https://edition.cnn.com/2026/08/19/politics/jon-ossoff-trump-feud,en,2026-08-19,
"After primary loss , Trump claims he told Cory Mills to drop out",CNN,cnn.com,cnn.com,2026-08-19,https://us.cnn.com/2026/08/19/politics/trump-cory-mills-election,en,2026-08-19,
Kennedy Center says it will add Trump name back to building in early September,CNN,cnn.com,cnn.com,2026-08-19,https://us.cnn.com/2026/08/19/politics/kennedy-center-trump-name-september,en,2026-08-19,
"Fox News ‘Antisemitism Exposed’ Newsletter: Hometown Judge backs Harvard, tosses antisemitism suit",Fox News,foxnews.com,foxnews.com,2026-08-19,https://www.foxnews.com/us/fox-news-antisemitism-exposed-newsletter-hometown-judge-backs-harvard-tosses-antisemitism-suit,en,2026-08-19,
Battle over federal courthouses erupts as GSA warns against giving judiciary more control,Fox News,foxnews.com,foxnews.com,2026-08-19,https://www.foxnews.com/politics/battle-federal-courthouses-erupts-gsa-warns-against-giving-judiciary-more-control,en,2026-08-19,
Texas mom backs Ten Commandments in classrooms as legal battle reaches Supreme Court,Fox News,foxnews.com,foxnews.com,2026-08-19,https://www.foxnews.com/politics/texas-mom-backs-ten-commandments-classrooms-legal-battle-reaches-supreme-court,en,2026-08-19,
California lawmakers want corporations to disclose ties to slavery despite uncertain future for reparations,Fox News,foxnews.com,foxnews.com,2026-08-19,https://www.foxnews.com/media/california-lawmakers-push-corporate-slavery-disclosure-bill-despite-uncertain-future-reparations,en,2026-08-19,
Biden admin released illegal immigrant accused of fatally stabbing Fairfax County mother,Fox News,foxnews.com,foxnews.com,2026-08-19,https://www.foxnews.com/politics/biden-admin-released-illegal-immigrant-accused-fatally-stabbing-fairfax-county-mother,en,2026-08-19,
"Judge hands Trump, GOP major redistricting win ahead of midterm elections and more top headlines",Fox News,foxnews.com,foxnews.com,2026-08-19,https://www.foxnews.com/us/judge-hands-trump-gop-major-redistricting-win-ahead-midterm-elections-more-top-headlines,en,2026-08-19,
Trump reveals exact number of North Korea's nuclear weapons,Fox News,foxnews.com,foxnews.com,2026-08-19,https://www.foxnews.com/politics/trump-reveals-exact-number-north-koreas-nuclear-weapons,en,2026-08-19,
"Iran proves that it might change its military leaders, but it’s not changing strategy",Fox News,foxnews.com,foxnews.com,2026-08-19,https://www.foxnews.com/opinion/iran-proves-might-change-military-leaders-not-changing-strategy,en,2026-08-19,
One monthly bill Americans can’t avoid is quietly surging thanks to emerging industry: data,Fox News,foxnews.com,foxnews.com,2026-08-19,https://www.foxnews.com/politics/monthly-bill-americans-cant-avoid-quietly-surging-emerging-industry-data,en,2026-08-19,
MORNING GLORY: Alaska’s 'real' Senator Dan Sullivan stood up over challenger,Fox News,foxnews.com,foxnews.com,2026-08-19,https://www.foxnews.com/opinion/morning-glory-alaskas-real-senator-dan-sullivan-stood-challenger,en,2026-08-19,
"Missouri judge hands Trump, GOP major redistricting win ahead of midterm elections",Fox News,foxnews.com,foxnews.com,2026-08-19,https://www.foxnews.com/politics/missouri-judge-hands-trump-gop-major-redistricting-win-ahead-midterm-elections,en,2026-08-19,
Idaho county probation officers compile ‘foreign-born list’ to hand over to ICE as critics raise alarms,Fox News,foxnews.com,foxnews.com,2026-08-19,https://www.foxnews.com/us/idaho-county-probation-officers-compile-foreign-born-list-hand-ice-critics-raise-alarms,en,2026-08-19,
"Iran taps financial lifeline, Russian arms as Trump escalates 'crushing' economic warfare",Fox News,foxnews.com,foxnews.com,2026-08-19,https://www.foxnews.com/world/iran-taps-financial-lifeline-russian-arms-trump-escalates-crushing-economic-warfare,en,2026-08-19,
"RNC warns Democrats face 'political suicide' after DSA praises Fidel Castro, demands Rubio's prosecution",Fox News,foxnews.com,foxnews.com,2026-08-19,https://www.foxnews.com/media/rnc-warns-democrats-face-political-suicide-after-dsa-praises-fidel-castro-demands-rubios-prosecution,en,2026-08-19,
Ex-New York Magazine writer announces he will 'take some time away' after plagiarism scandal,Fox News,foxnews.com,foxnews.com,2026-08-19,https://www.foxnews.com/media/ex-new-york-magazine-writer-announces-take-time-away-plagiarism-scandal,en,2026-08-19,
Trump threatens 'unprecedented' economic consequences for any nation aiding Iran,Fox News,foxnews.com,foxnews.com,2026-08-19,https://www.foxnews.com/politics/trump-threatens-unprecedented-economic-consequences-any-nation-aiding-iran,en,2026-08-19,
Former congressman Matt Gaetz speaks out on helping Royce White in WNBA Draft pursuit,Fox News,foxnews.com,foxnews.com,2026-08-19,https://www.foxnews.com/outkick-sports/former-congressman-matt-gaetz-speaks-royce-white-wnba-draft-pursuit,en,2026-08-19,
Pat McAfee has officially surpassed Stephen A Smith as the Face of ESPN,Fox News,foxnews.com,foxnews.com,2026-08-19,https://www.foxnews.com/outkick-sports/pat-mcafee-officially-surpassed-stephen-smith-face-espn,en,2026-08-19,
Jon Ossoff's controversial Trump jab sparks media feeding frenzy over White House aide Natalie Harp,Fox News,foxnews.com,foxnews.com,2026-08-19,https://www.foxnews.com/media/jon-ossoffs-controversial-trump-jab-sparks-media-feeding-frenzy-over-white-house-aide-natalie-harp,en,2026-08-19,
El-Sayed reveals he would go ‘step further’ than Sanders on socialist plan for major US industry,Fox News,foxnews.com,foxnews.com,2026-08-19,https://www.foxnews.com/politics/el-sayed-reveals-would-go-step-further-sanders-socialist-plan-major-us-industry,en,2026-08-19,
Thousands of North Korean IT workers are infiltrating corporate America,Fox News,foxnews.com,foxnews.com,2026-08-19,https://www.foxnews.com/tech/thousands-north-korean-it-workers-infiltrating-corporate-america,en,2026-08-19,
Trump administration sanctions sitting president of the International Criminal Court for 'abuses of power',Fox News,foxnews.com,foxnews.com,2026-08-19,https://www.foxnews.com/world/trump-administration-sanctions-sitting-president-international-criminal-court-abuses-power,en,2026-08-19,
Trump's approval rating plummets to new low ahead of critical midterms: 'More work to do',Fox News,foxnews.com,foxnews.com,2026-08-19,https://www.foxnews.com/politics/trump-approval-rating-plummets-new-low-ahead-critical-midterms,en,2026-08-19,
Kathy Griffin 'really hurt' she's not a guest on Kimmel's show during Rosie O'Donnell's week to host,Fox News,foxnews.com,foxnews.com,2026-08-19,https://www.foxnews.com/media/kathy-griffin-really-hurt-not-guest-kimmel-show-rosie-odonnell-week-host,en,2026-08-19,
"Soros-linked prosecutor blasted after accused killer got passport, fled US",Fox News,foxnews.com,foxnews.com,2026-08-19,https://www.foxnews.com/politics/soros-linked-prosecutor-blasted-accused-killer-got-passport-fled-us,en,2026-08-19,
Walz defies Trump on key minerals as GOP warns China stands to benefit,Fox News,foxnews.com,foxnews.com,2026-08-19,https://www.foxnews.com/politics/walz-defies-trump-key-minerals-gop-warns-china-stands-benefit,en,2026-08-19,
Karen Bass ripped after viral video lays out taxpayer-funded match of campaign donations,Fox News,foxnews.com,foxnews.com,2026-08-19,https://www.foxnews.com/politics/karen-bass-ripped-viral-video-taxpayer-funded-match-campaign-donations,en,2026-08-19,
"5 Americans killed in helicopter crash in Kenya, including Telemundo executive",Fox News,foxnews.com,foxnews.com,2026-08-19,https://www.foxnews.com/world/5-americans-killed-helicopter-crash-kenya-including-telemundo-executive,en,2026-08-19,
Trump White House envoy visits Pro Football Hall of Fame to amplify museum as global tourist destination,Fox News,foxnews.com,foxnews.com,2026-08-19,https://www.foxnews.com/outkick-sports/trump-white-house-envoy-visits-pro-football-hall-fame-amplify-museum-global-tourist-destination,en,2026-08-19,
"Ex-counterterrorism chief advocates for Trump to 'walk away from' Iran war, yank troops out of Middle East",Fox News,foxnews.com,foxnews.com,2026-08-19,https://www.foxnews.com/politics/ex-counterterrorism-chief-advocates-trump-walk-away-iran-war-yank-troops-middle-east,en,2026-08-19,
"Scandals, socialists and Trump roil primaries, send incumbents packing at near-record pace",Fox News,foxnews.com,foxnews.com,2026-08-19,https://www.foxnews.com/politics/incumbents-ousted-primary-bloodbath-hits-congress-biggest-non-redistricting-wipeout-decades,en,2026-08-19,
‘Stripper’ Venmo ‘scandal’ makes Dems the punchline as Trump candidate flips script on viral DNC post,Fox News,foxnews.com,foxnews.com,2026-08-19,https://www.foxnews.com/politics/stripper-venmo-scandal-makes-dems-punchline-trump-candidate-flips-script-viral-dnc-post,en,2026-08-19,
Who is Angie Nixon? Bullhorn-wielding socialist upsets establishment favorite in Sunshine State stunner,Fox News,foxnews.com,foxnews.com,2026-08-19,https://www.foxnews.com/politics/who-angie-nixon-bullhorn-wielding-socialist-upsets-establishment-favorite-sunshine-state-stunner,en,2026-08-19,
"Rosie O’Donnell ‘thanks’ Trump for making her famous again, says he revived ‘fascism and the measles’",Fox News,foxnews.com,foxnews.com,2026-08-19,https://www.foxnews.com/media/rosie-odonnell-thanks-trump-making-her-famous-again-says-he-revived-fascism-measles,en,2026-08-19,
Trump to nominate Dr Heidi Overton as next FDA commissioner,Fox News,foxnews.com,foxnews.com,2026-08-19,https://www.foxnews.com/politics/trump-nominate-dr-heidi-overton-next-fda-commissioner,en,2026-08-19,
Trump teases potential Kim Jong Un meeting later this year,Fox News,foxnews.com,foxnews.com,2026-08-19,https://www.foxnews.com/politics/trump-teases-potential-kim-jong-un-meeting-later-year,en,2026-08-19,
Iran loses key economic lifeline in Middle East that Trump's sanctions couldn't reach as deadlock persists,Fox News,foxnews.com,foxnews.com,2026-08-19,https://www.foxnews.com/politics/iran-loses-key-economic-lifeline-in-middle-east-that-trumps-sanctions-couldnt-reach-as-deadlock-persists,en,2026-08-19,
Cuba’s economic freefall is hiding a national security threat just miles from Florida: report,Fox News,foxnews.com,foxnews.com,2026-08-19,https://www.foxnews.com/world/cubas-economic-freefall-hiding-national-security-threat-just-miles-from-florida-report,en,2026-08-19,
Jill Biden hails Hunter having his 'time to shine' as media tour raises questions about political ambitions,Fox News,foxnews.com,foxnews.com,2026-08-19,https://www.foxnews.com/media/jill-biden-hails-hunter-having-his-time-shine-media-tour-raises-questions-about-political-ambitions,en,2026-08-19,
Lindsey Graham’s sister admits she’s ‘not that informed on national security’ while seeking full Senate term,Fox News,foxnews.com,foxnews.com,2026-08-19,https://www.foxnews.com/politics/lindsey-grahams-sister-admits-shes-not-informed-national-security-while-seeking-full-senate-term,en,2026-08-19,
5 takeaways from Florida Senate primary: GOP Sen Ashley Moody will face DSA's Nixon,Fox News,foxnews.com,foxnews.com,2026-08-19,https://www.foxnews.com/politics/5-takeaways-florida-senate-primary-gop-sen-ashley-moody-face-dsa-nixon,en,2026-08-19,
"Bill de Blasio backs Democrats' socialist wing, says Americans are 'hungry' for far-left vision",Fox News,foxnews.com,foxnews.com,2026-08-19,https://www.foxnews.com/media/bill-de-blasio-backs-democrats-socialist-wing-says-americans-hungry-far-left-vision,en,2026-08-19,
Turkey accuses Netanyahu of pursuing ‘expansionist’ policies after Israeli strike on Syrian airbase,Fox News,foxnews.com,foxnews.com,2026-08-19,https://www.foxnews.com/politics/turkey-accuses-netanyahu-pursuing-expansionist-policies-israeli-strike-syrian-airbase,en,2026-08-19,
Far-left socialist wins massive Florida upset: Key takeaways from Tuesday's primaries and more top headlines,Fox News,foxnews.com,foxnews.com,2026-08-19,https://www.foxnews.com/us/far-left-socialist-wins-massive-florida-upset-key-takeaways-tuesday-primaries-more-top-headlines,en,2026-08-19,
Socialists capture major Florida victory on hit-or-miss night for Trump-endorsed primary candidates,Fox News,foxnews.com,foxnews.com,2026-08-19,https://www.foxnews.com/politics/socialists-capture-major-florida-victory-hit-miss-night-trump-endorsed-primary-candidates,en,2026-08-19,
"Trump admin sued over visa time restrictions for foreign students, journalists",Fox News,foxnews.com,foxnews.com,2026-08-19,https://www.foxnews.com/politics/trump-admin-sued-visa-time-restrictions-foreign-students-journalists,en,2026-08-19,
"México detiene a implicado en el secuestro de ""El Mayo"" Zambada que llevó a su arresto en EEUU",Los Angeles Times,latimes.com,latimes.com,2026-08-19,https://www.latimes.com/espanol/mexico/articulo/2026-08-19/mexico-detiene-implicado-en-el-secuestro-de-el-mayo-zambada-que-llevo-su-arresto-en-eeuu,es,2026-08-19,
Migrantes exigen a canciller hondureña que busque alternativas para las personas que perdieron el TPS,Los Angeles Times,latimes.com,latimes.com,2026-08-19,https://www.latimes.com/espanol/california/articulo/2026-08-19/migrantes-exigen-canciller-hondurena-que-busque-alternativas-para-las-personas-que-perdieron-el-tps,es,2026-08-19,
"Report warns Paramount-Warner merger could erase 4,500 jobs in L.A.",Los Angeles Times,latimes.com,latimes.com,2026-08-19,https://www.latimes.com/entertainment-arts/business/story/2026-08-19/paramount-warner-merger-4500-lost-la-jobs,en,2026-08-19,
¿Por qué está Trump amenazando a Omán?,Los Angeles Times,latimes.com,latimes.com,2026-08-19,https://www.latimes.com/espanol/eeuu/articulo/2026-08-19/por-que-esta-trump-amenazando-oman,es,2026-08-19,
Pesquisa: Sistema penitenciario de California no protege a reclusas de abusos sexuales de custodios,Los Angeles Times,latimes.com,latimes.com,2026-08-19,https://www.latimes.com/espanol/california/articulo/2026-08-19/pesquisa-sistema-penitenciario-de-california-no-protege-reclusas-de-abusos-sexuales-de-custodios,es,2026-08-19,
Condado de San Diego ya no permitirá que agentes de inmigración entrenen en campos de tiro locales,Los Angeles Times,latimes.com,latimes.com,2026-08-19,https://www.latimes.com/espanol/california/articulo/2026-08-19/condado-de-san-diego-ya-no-permitira-que-agentes-de-inmigracion-entrenen-en-campos-de-tiro-locales,es,2026-08-19,
New CDC director acknowledges agency problems in first large staff meeting,Los Angeles Times,latimes.com,latimes.com,2026-08-19,https://www.latimes.com/world-nation/story/2026-08-19/new-cdc-director-acknowledges-agency-problems-in-first-large-staff-meeting,en,2026-08-19,
"Trump-backed candidates struggle, and other takeaways from Florida, Wyoming, Alaska primaries",Los Angeles Times,latimes.com,latimes.com,2026-08-19,https://www.latimes.com/politics/story/2026-08-19/trump-backed-candidates-struggle-other-takeaways-from-florida-wyoming-alaska-primaries,en,2026-08-19,
Woman accused of plotting to kill Treasury Secretary Scott Bessent is sentenced to 6 years in prison,Los Angeles Times,latimes.com,latimes.com,2026-08-19,https://www.latimes.com/world-nation/story/2026-08-19/woman-accused-of-plotting-to-kill-treasury-secretary-scott-bessent-is-sentenced-to-6-years-in-prison,en,2026-08-19,
Stocks halt their slide after the Treasury Department moves to ease pressure from the bond market,Los Angeles Times,latimes.com,latimes.com,2026-08-19,https://www.latimes.com/business/story/2026-08-19/stocks-halt-their-slide-after-treasury-department-moves-to-ease-pressure-from-bond-market,en,2026-08-19,
Trump plays White House tour guide to show off work on his helipad and ballroom,Los Angeles Times,latimes.com,latimes.com,2026-08-19,https://www.latimes.com/world-nation/story/2026-08-19/trump-plays-white-house-tour-guide-to-show-off-work-on-his-helipad-ballroom,en,2026-08-19,
Trump's treatment of migrant kids prompts judge to appoint watchdogs to enforce rules,Los Angeles Times,latimes.com,latimes.com,2026-08-19,https://www.latimes.com/california/story/2026-08-19/trump-migrant-kids-flores-settlement-watchdogs,en,2026-08-19,
MS NOW will launch direct-to-consumer streaming service on Sept. 9,Los Angeles Times,latimes.com,latimes.com,2026-08-19,https://www.latimes.com/entertainment-arts/business/story/2026-08-19/ms-now-will-launch-direct-to-consumer-streaming-service-on-sept-9,en,2026-08-19,
Insured with State Farm? They may owe you $100 or more,Los Angeles Times,latimes.com,latimes.com,2026-08-19,https://www.latimes.com/business/story/2026-08-19/insured-with-state-farm-they-may-owe-you-100-or-more,en,2026-08-19,
U.S. Navy destroyer with 300 sailors aboard broke down for four days in the Pacific,Los Angeles Times,latimes.com,latimes.com,2026-08-19,https://www.latimes.com/world-nation/story/2026-08-19/u-s-navy-destroyer-with-300-sailors-aboard-broke-down-for-four-days-in-pacific,en,2026-08-19,
"Trump picks Dr. Heidi Overton, a top White House aide, to lead the Food and Drug Administration",Los Angeles Times,latimes.com,latimes.com,2026-08-19,https://www.latimes.com/world-nation/story/2026-08-19/trump-picks-dr-heidi-overton-top-white-house-aide-to-lead-fda,en,2026-08-19,
"North Korea shrugs off Trump's scaled-back drills with South Korea, saying it changes nothing",Los Angeles Times,latimes.com,latimes.com,2026-08-19,https://www.latimes.com/world-nation/story/2026-08-19/north-korea-shrugs-off-trumps-scaled-back-drills-with-south-korea-saying-it-changes-nothing,en,2026-08-19,
"'No serious dispute' that Comey's seashell post could be read as a Trump threat, prosecutors say",Los Angeles Times,latimes.com,latimes.com,2026-08-19,https://www.latimes.com/world-nation/story/2026-08-19/no-serious-dispute-that-comeys-seashell-post-could-be-read-as-trump-threat-prosecutors-say,en,2026-08-19,
Israel's deadly Gaza strikes cast more doubt on ceasefire progress days after Kushner visit,Los Angeles Times,latimes.com,latimes.com,2026-08-19,https://www.latimes.com/world-nation/story/2026-08-19/israels-deadly-gaza-strikes-cast-more-doubt-on-ceasefire-progress-days-after-kushner-visit,en,2026-08-19,
Polymarket bets on 2025 L.A. wildfires show just how ugly the online gambling market can be,Los Angeles Times,latimes.com,latimes.com,2026-08-19,https://www.latimes.com/california/newsletter/2026-08-19/polymarket-bets-on-2025-la-wildfires-show-just-how-ugly-online-gambling-market-can-be,en,2026-08-19,
Letters to the Editor: ‘Communist name-calling’ has been used against competent administrations before,Los Angeles Times,latimes.com,latimes.com,2026-08-19,https://www.latimes.com/opinion/letters-to-the-editor/story/2026-08-19/democratic-candidates-competence-communism,en,2026-08-19,
Becerra pledges to debate Hilton — more than once — between now and Nov. 3,Los Angeles Times,latimes.com,latimes.com,2026-08-19,https://www.latimes.com/california/story/2026-08-19/becerra-debate-hilton-governors-race,en,2026-08-19,
Alabama Shakes are rock's generational bridge that won't break,Los Angeles Times,latimes.com,latimes.com,2026-08-19,https://www.latimes.com/entertainment-arts/music/story/2026-08-19/alabama-shakes-i-must-be-dreaming-brittany-howard,en,2026-08-19,
Politicians defy the people when they take away protections from public lands,Los Angeles Times,latimes.com,latimes.com,2026-08-19,https://www.latimes.com/opinion/story/2026-08-19/utah-bears-ears-grand-staircase-escalante-public-lands-protected-monuments,en,2026-08-19,
Why Catholics must take the lead to rebuke MAGA in the midterms,Los Angeles Times,latimes.com,latimes.com,2026-08-19,https://www.latimes.com/california/story/2026-08-19/catholic-voters-2026-midterms,en,2026-08-19,
Anxiety grips Pacific allies as Trump pulls back,Los Angeles Times,latimes.com,latimes.com,2026-08-19,https://www.latimes.com/politics/story/2026-08-19/anxiety-grips-pacific-allies-as-trump-pulls-back,en,2026-08-19,
Rory Kennedy's 'Freefall' reexamines Boeing after whistleblower's death,Los Angeles Times,latimes.com,latimes.com,2026-08-19,https://www.latimes.com/entertainment-arts/tv/story/2026-08-19/rory-kennedy-freefall-a-reckoning-for-boeing,en,2026-08-19,
"California voters favor progressive candidates, split over democratic socialism, poll finds",Los Angeles Times,latimes.com,latimes.com,2026-08-19,https://www.latimes.com/california/story/2026-08-19/california-voters-are-split-on-democratic-socialism-poll-finds,en,2026-08-19,
Trump's top federal prosecutor in L.A. could face new challenge after appellate ruling,Los Angeles Times,latimes.com,latimes.com,2026-08-19,https://www.latimes.com/california/story/2026-08-19/9th-circuit-ruling-bill-essayli-first-assistant-us-attorney,en,2026-08-19,
"A convicted election denier went to prison. Now, she might help run elections in a California county",Los Angeles Times,latimes.com,latimes.com,2026-08-19,https://www.latimes.com/california/story/2026-08-19/tina-peters-pro-trump-election-denier-went-to-prison-now-california-county-might-hire-her,en,2026-08-19,
Trump says he will meet with Kim Jong Un this year,NBC News,nbcnews.com,nbcnews.com,2026-08-19,https://www.nbcnews.com/now/video/trump-says-he-will-meet-with-kim-jong-un-this-year-268540485817,en,2026-08-19,
‘Fed up with a war they didn't want’: Midwestern voters air frustrations impacting the midterms,NBC News,nbcnews.com,nbcnews.com,2026-08-19,https://www.nbcnews.com/meet-the-press/video/-fed-up-with-a-war-they-didn-t-want-midwestern-voters-air-frustrations-impacting-the-midterms-268551237711,en,2026-08-19,
How Sen. Darline Graham’s debate blunder could give undecided voters ‘some pause’,NBC News,nbcnews.com,nbcnews.com,2026-08-19,https://www.nbcnews.com/meet-the-press/video/how-sen-darline-graham-s-debate-blunder-could-give-undecided-voters-some-pause-268552261732,en,2026-08-19,
Democratic socialist wins in Florida and Hayden Panettiere’s mother speaks out: Morning Rundown,NBC News,nbcnews.com,nbcnews.com,2026-08-19,https://www.nbcnews.com/news/us-news/angie-nixon-florida-result-hayden-panettiere-mom-morning-rundown-rcna593286,en,2026-08-19,
"Liberia agrees to take 1,200 third-country deportees from the U.S.",NBC News,nbcnews.com,nbcnews.com,2026-08-19,https://www.nbcnews.com/world/africa/liberia-agrees-take-1200-third-country-deportees-us-rcna593282,en,2026-08-19,
Trump’s endorsement record takes a hit at the end of primary season,NBC News,nbcnews.com,nbcnews.com,2026-08-19,https://www.nbcnews.com/politics/2026-election/trumps-endorsement-record-takes-hit-end-primary-season-rcna593351,en,2026-08-19,
Trump says he plans to meet with North Koreaâs Kim Jong Un,NBC News,nbcnews.com,nbcnews.com,2026-08-19,https://www.nbcnews.com/politics/trump-administration/live-blog/trump-alaska-primary-florida-election-2026-congress-iran-live-updates-rcna593214,en,2026-08-19,
America’s borrowing costs are surging. Washington is shrugging.,NBC News,nbcnews.com,nbcnews.com,2026-08-19,https://www.nbcnews.com/politics/trump-administration/national-debt-deficit-washington-shrugging-bonds-interest-rates-rcna592935,en,2026-08-19,
Mike Lindell says he’ll pay for recount after double-digit loss in Minnesota governor primary,NBC News,nbcnews.com,nbcnews.com,2026-08-19,https://www.nbcnews.com/politics/elections/mike-lindell-plans-pay-recount-losing-minnesota-gop-primary-governor-rcna593447,en,2026-08-19,
ICC slams U.S. decision to sanction the court’s president and senior prosecution lawyer,NBC News,nbcnews.com,nbcnews.com,2026-08-19,https://www.nbcnews.com/politics/trump-administration/us-sanctions-icc-president-senior-trial-lawyer-attack-court-rubio-rcna593295,en,2026-08-19,
U.S. Navy destroyer with 300 sailors aboard broke down for four days in the Pacific,NBC News,nbcnews.com,nbcnews.com,2026-08-19,https://www.nbcnews.com/world/asia/us-navy-destroyer-300-sailors-broke-four-days-pacific-rcna593279,en,2026-08-19,
"Behind Trump’s surprise order to cut U.S.-South Korea drills short, irritation over trade",NBC News,nbcnews.com,nbcnews.com,2026-08-19,https://www.nbcnews.com/world/asia/south-korea-military-drills-trump-trade-kim-jong-un-investment-us-rcna593070,en,2026-08-19,
Democrat leads in Pennsylvania legislative district Trump won by more than 18 points in 2024,NBC News,nbcnews.com,nbcnews.com,2026-08-19,https://www.nbcnews.com/politics/2026-election/democrat-brandon-dukes-leads-pennsylvania-district-trump-won-18-points-rcna593356,en,2026-08-19,
U.S. debt crosses $40 trillion threshold after doubling under Trump and Biden,NBC News,nbcnews.com,nbcnews.com,2026-08-19,https://www.nbcnews.com/business/business-news/us-debt-crosses-40-trillion-threshold-doubling-trump-biden-rcna593441,en,2026-08-19,
Book him: Prosecutors using James Comey’s novel against him in seashells case,NBC News,nbcnews.com,nbcnews.com,2026-08-19,https://www.nbcnews.com/politics/justice-department/book-prosecutors-using-james-comeys-novel-seashells-case-rcna593378,en,2026-08-19,
United Arab Emirates suspends trade with Iran after coming under renewed missile fire,NBC News,nbcnews.com,nbcnews.com,2026-08-19,https://www.nbcnews.com/world/iran/united-arab-emirates-suspends-trade-iran-coming-renewed-missile-fire-rcna593433,en,2026-08-19,
Democrats are in their post-resistance era: From the Politics Desk,NBC News,nbcnews.com,nbcnews.com,2026-08-19,https://www.nbcnews.com/politics/politics-news/democrats-are-post-resistance-era-politics-desk-rcna593414,en,2026-08-19,
Nonprofit sues over U.S. push to auction areas of water around American Samoa for potential mining,NBC News,nbcnews.com,nbcnews.com,2026-08-19,https://www.nbcnews.com/science/environment/non-profit-sues-us-auction-areas-water-american-samoa-mining-rcna593292,en,2026-08-19,
Sen. Darline Graham faces more questions about her qualifications after debate blunder,NBC News,nbcnews.com,nbcnews.com,2026-08-19,https://www.nbcnews.com/politics/2026-election/darline-graham-questions-experience-shaky-debate-answer-china-rcna593354,en,2026-08-19,
Trump administration was warned about peeling Reflecting Pool nearly a month before it brought vandalism case,NBC News,nbcnews.com,nbcnews.com,2026-08-19,https://www.nbcnews.com/politics/justice-department/trump-administration-was-warned-peeling-reflecting-pool-nearly-month-b-rcna593390,en,2026-08-19,
Trump to nominate Heidi Overton to lead the FDA,NBC News,nbcnews.com,nbcnews.com,2026-08-19,https://www.nbcnews.com/politics/trump-administration/trump-heidi-overton-fda-commissioner-rcna593309,en,2026-08-19,
Unitree unveils ‘Superman’ humanoid robot,NBC News,nbcnews.com,nbcnews.com,2026-08-19,https://www.nbcnews.com/video/unitree-unveils-superman-humanoid-robot-268519493780,en,2026-08-19,
GOP Sen. Dan Sullivan and Democrat Mary Peltola advance to battleground Senate election in Alaska,NBC News,nbcnews.com,nbcnews.com,2026-08-19,https://www.nbcnews.com/politics/2026-election/gop-sen-dan-sullivan-democrat-mary-peltola-advance-battleground-senate-rcna592389,en,2026-08-19,
Republican Byron Donalds and Democrat David Jolly set to square off for Florida’s governorship,NBC News,nbcnews.com,nbcnews.com,2026-08-19,https://www.nbcnews.com/politics/2026-election/republican-byron-donalds-democrat-david-jolly-set-square-floridas-gove-rcna592352,en,2026-08-19,
Democratic socialist Angie Nixon scores upset in Florida’s Democratic Senate primary,NBC News,nbcnews.com,nbcnews.com,2026-08-19,https://www.nbcnews.com/politics/2026-election/angie-nixon-winner-florida-senate-primary-democrat-alex-vindman-moody-rcna593255,en,2026-08-19,
Trump pauses 50% tariffs on Canada for 3 days,NBC News,nbcnews.com,nbcnews.com,2026-08-19,https://www.nbcnews.com/business/economy/trump-pauses-canada-tariffs-rcna593176,en,2026-08-19,
GOP Rep. Cory Mills loses his Florida primary amid investigations,NBC News,nbcnews.com,nbcnews.com,2026-08-19,https://www.nbcnews.com/politics/2026-election/gop-rep-cory-mills-loses-florida-primary-investigations-rcna593238,en,2026-08-19,
Angie Nixon projected winner in Florida Democratic Senate primary,NBC News,nbcnews.com,nbcnews.com,2026-08-19,https://www.nbcnews.com/video/angie-nixon-projected-winner-in-florida-democratic-senate-primary-268502085911,en,2026-08-19,
U.S.-South Korea joint military drills are cut short after surprise Trump order,NBC News,nbcnews.com,nbcnews.com,2026-08-19,https://www.nbcnews.com/world/asia/us-south-korea-joint-military-drills-scaled-back-trump-order-rcna593264,en,2026-08-19,
Trump-backed Rep. Harriet Hageman wins Republican Senate primary in Wyoming,NBC News,nbcnews.com,nbcnews.com,2026-08-19,https://www.nbcnews.com/politics/2026-election/trump-backed-pharriet-hageman-wins-republican-senate-primary-wyoming-rcna592388,en,2026-08-19,
Darline Graham defends her résumé in South Carolina debate after saying ‘national security is not my thing’,NBC News,nbcnews.com,nbcnews.com,2026-08-19,https://www.nbcnews.com/politics/2026-election/darline-graham-defends-resume-south-carolina-debate-saying-national-se-rcna593244,en,2026-08-19,
"Two Trump-backed candidates lose, Debbie Wasserman Schultz wins in Tuesday’s House primaries in Florida",NBC News,nbcnews.com,nbcnews.com,2026-08-19,https://www.nbcnews.com/politics/2026-election/two-trump-backed-candidates-lose-debbie-wasserman-schultz-wins-tuesday-rcna592392,en,2026-08-19,
Takeaways from Tuesday's primaries,NPR,npr.org,npr.org,2026-08-19,https://www.npr.org/2026/08/19/nx-s1-5937522/takeaways-from-tuesdays-primaries,en,2026-08-19,
"Florida Primary Results, US-Canada Tariffs, Meta Trial Begins",NPR,npr.org,npr.org,2026-08-19,https://www.npr.org/2026/08/19/nx-s1-5937387/florida-primary-results-us-canada-tariffs-meta-trial-begins,en,2026-08-19,
Experts raise alarms over Census Bureau report Trump is touting on noncitizen voting,NPR,npr.org,npr.org,2026-08-19,https://www.npr.org/2026/08/19/nx-s1-5938799/trump-census-bureau-noncitizen-voting,en,2026-08-19,
Morning news brief,NPR,npr.org,npr.org,2026-08-19,https://www.npr.org/2026/08/19/nx-s1-5931256/morning-news-brief,en,2026-08-19,
Former Fauci adviser Dr. David Morens pleads guilty to concealing COVID-related records,NPR,npr.org,npr.org,2026-08-19,https://www.npr.org/2026/08/19/nx-s1-5936636/covid-research-fauci-morens-foia-guilty,en,2026-08-19,
Iraq is caught between Washington and Tehran,NPR,npr.org,npr.org,2026-08-19,https://www.npr.org/2026/08/19/nx-s1-5938514/iraq-is-caught-between-washington-and-tehran,en,2026-08-19,
"The U.S. debt tops a record-shattering $40 trillion. Yes, with a T.",NPR,npr.org,npr.org,2026-08-19,https://www.npr.org/2026/08/19/nx-s1-5937552/the-u-s-debt-tops-a-record-shattering-40-trillion-yes-with-a-t,en,2026-08-19,
"In new filings, Kennedy Center says it won't try to put Trump's name on facade until Sept. 8",NPR,npr.org,npr.org,2026-08-19,https://www.npr.org/2026/08/19/nx-s1-5937912/kennedy-center-president-trump-name,en,2026-08-19,
"Why more than 400,000 kids are on waitlists for federal childcare assistance",NPR,npr.org,npr.org,2026-08-19,https://www.npr.org/2026/08/19/nx-s1-5920326/childcare-assistance-waitlists,en,2026-08-19,
"U.S. delays 50% tariff on Canadian imports. And, takeaways from Florida's primaries",NPR,npr.org,npr.org,2026-08-19,https://www.npr.org/2026/08/19/g-s1-139173/up-first-newsletter-florida-primary-canada-tariffs-trump-meta-trial,en,2026-08-19,
Trump administration launches $5B AI initiative aimed at advancing science,NPR,npr.org,npr.org,2026-08-19,https://www.npr.org/2026/08/19/nx-s1-5935542/trump-administration-launches-5b-ai-initiative-aimed-at-advancing-science,en,2026-08-19,
Groups sue Trump administration over new foreign student visa rule,NPR,npr.org,npr.org,2026-08-19,https://www.npr.org/2026/08/19/nx-s1-5936490/groups-sue-trump-administration-over-new-foreign-student-visa-rule,en,2026-08-19,
U.S. delays 50% tariff on Canadian imports after reaching deal,NPR,npr.org,npr.org,2026-08-19,https://www.npr.org/2026/08/19/nx-s1-5936217/u-s-delays-50-tariff-on-canadian-imports-after-reaching-deal,en,2026-08-19,
"Liberia agrees to take 1,200 third-country deportees from the U.S.",NPR,npr.org,npr.org,2026-08-19,https://www.npr.org/2026/08/19/nx-s1-5937389/liberia-to-take-deportees-from-us,en,2026-08-19,
Trump says U.S. and Canada reached deal to delay 50% U.S. tariffs on Canadian imports,NPR,npr.org,npr.org,2026-08-19,https://www.npr.org/2026/08/19/g-s1-139156/trump-canada-tariffs,en,2026-08-19,
Referee chief Howard Webb ‘really troubled’ by FIFA’s Folarin Balogun red-card decision,New York Times,nytimes.com,nytimes.com,2026-08-19,https://www.nytimes.com/athletic/7524201/2026/08/19/folarin-balogun-red-card-howard-webb/,en,2026-08-19,
"‘With All My Heart, Natalie.’ Trump’s Most Devoted Aide Emerges.",New York Times,nytimes.com,nytimes.com,2026-08-19,https://www.nytimes.com/2026/08/18/us/politics/natalie-harp-trump-devotion-white-house.html,en,2026-08-19,
Tariffs on Hold as Trump Claims Deal With Canada Is Near,New York Times,nytimes.com,nytimes.com,2026-08-19,https://www.nytimes.com/2026/08/18/world/canada/tariffs-trade-trump-carney.html,en,2026-08-19,
"Harriet Hageman, Backed by Trump, Wins G.O.P. Senate Primary in Wyoming",New York Times,nytimes.com,nytimes.com,2026-08-19,https://www.nytimes.com/2026/08/18/us/politics/wyoming-senate-trump-republican-hageman.html,en,2026-08-19,
Rancher Beats Trump-Backed Candidate in Primary for Governor of Wyoming,New York Times,nytimes.com,nytimes.com,2026-08-19,https://www.nytimes.com/2026/08/18/us/politics/wyoming-governor-republican-primary.html,en,2026-08-19,
"Trump Nominates Heidi Overton, a Top Domestic Policy Aide, for F.D.A. Commissioner",New York Times,nytimes.com,nytimes.com,2026-08-19,https://www.nytimes.com/2026/08/18/health/heidi-overton-fda.html,en,2026-08-19,
"U.S. Cuts Back Military Drills With South Korea, as Trump Woos Kim Jong-un",New York Times,nytimes.com,nytimes.com,2026-08-19,https://www.nytimes.com/2026/08/18/us/politics/pentagon-south-korea-training-exercises.html,en,2026-08-19,
Rosie O’Donnell Rags on Trump’s Strait of Hormuz Claims,New York Times,nytimes.com,nytimes.com,2026-08-19,https://www.nytimes.com/2026/08/19/arts/television/rosie-odonnell-late-night-trump-strait-of-hormuz.html,en,2026-08-19,
"With Limited Options, Trump Tries Economic Pressure on Iran — Again",New York Times,nytimes.com,nytimes.com,2026-08-19,https://www.nytimes.com/2026/08/19/world/europe/iran-trump-economic-sanctions-leverage.html,en,2026-08-19,
He Bet Big on Trump. The Prize Could Be the Florida Governor’s Mansion.,New York Times,nytimes.com,nytimes.com,2026-08-19,https://www.nytimes.com/2026/08/19/us/elections/byron-donalds-profile-florida-governors-race.html,en,2026-08-19,
Trump’s Lust for Vengeance Is Turning Into a Farce,New York Times,nytimes.com,nytimes.com,2026-08-19,https://www.nytimes.com/2026/08/19/opinion/trumps-revenge.html,en,2026-08-19,
"How Tech Executives Limit Their Kids’ Screen Time, and Trump’s Race to Finish His Ballroom",New York Times,nytimes.com,nytimes.com,2026-08-19,https://www.nytimes.com/2026/08/19/podcasts/the-headlines/screen-time-kids-trump-ballroom.html,en,2026-08-19,
U.A.E. Announces Halt to Trade With Iran Amid Trump’s Push To Isolate Tehran,New York Times,nytimes.com,nytimes.com,2026-08-19,https://www.nytimes.com/2026/08/19/world/middleeast/uae-cuts-trade-ties-iran-missiles.html,en,2026-08-19,
What Does the Trump Administration Have Against the 26th Amendment?,New York Times,nytimes.com,nytimes.com,2026-08-19,https://www.nytimes.com/2026/08/19/opinion/college-students-voting-civic.html,en,2026-08-19,
Judge Is Asked to Block Inscription of Trump’s Name on Kennedy Center,New York Times,nytimes.com,nytimes.com,2026-08-19,https://www.nytimes.com/2026/08/19/arts/music/judge-trump-name-kennedy-center.html,en,2026-08-19,
The Topsy-Turvy World of Trump’s Canada Tariffs,New York Times,nytimes.com,nytimes.com,2026-08-19,https://www.nytimes.com/2026/08/19/world/canada/trump-canada-tariffs-carney-deal-trade.html,en,2026-08-19,
More of Trump’s Chosen Candidates Fall in G.O.P. Primaries,New York Times,nytimes.com,nytimes.com,2026-08-19,https://www.nytimes.com/2026/08/19/us/politics/trump-primary-election-republican-endorsements.html,en,2026-08-19,
Trump vs. the International Criminal Court,New York Times,nytimes.com,nytimes.com,2026-08-19,https://www.nytimes.com/2026/08/19/world/trump-icc-israel-investigation.html,en,2026-08-19,
"Trump to Appear on Radio With Michael Cohen, His Onetime Nemesis",New York Times,nytimes.com,nytimes.com,2026-08-19,https://www.nytimes.com/2026/08/19/us/politics/trump-podcast-michael-cohen.html,en,2026-08-19,
"Trump, Who Has Amassed Enormous Wealth in Crypto, Hosts Industry Leaders",New York Times,nytimes.com,nytimes.com,2026-08-19,https://www.nytimes.com/2026/08/19/us/politics/trump-crypto-executives.html,en,2026-08-19,
Michael Cohen won’t say if he’ll use his Trump interview to seek a pardon,Politico,politico.com,politico.com,2026-08-19,https://www.politico.com/news/2026/08/19/michael-cohen-trump-interview-radio-pardon-01043191,en,2026-08-19,
Trump tries to quiet his mass deportation campaign. Voters aren’t moving.,Politico,politico.com,politico.com,2026-08-19,https://www.politico.com/news/2026/08/19/poll-trump-deportations-voters-midterms-01041099,en,2026-08-19,
Trump says he told Cory Mills to ‘get out of the race’,Politico,politico.com,politico.com,2026-08-19,https://www.politico.com/live-updates/2026/08/19/congress/trump-on-mills-01041568,en,2026-08-19,
Trump's pick to lead the FDA faces uphill Senate battle,Politico,politico.com,politico.com,2026-08-19,https://www.politico.com/news/2026/08/19/trump-heidi-overton-fda-maha-makary-01042797,en,2026-08-19,
Judge halts Trump’s abstinence-only overhaul of teen sex ed program,Politico,politico.com,politico.com,2026-08-19,https://www.politico.com/news/2026/08/19/judge-halts-trumps-abstinence-only-overhaul-of-teen-sex-ed-program-01041688,en,2026-08-19,
Trump’s snub of South Korea sends region scrambling,Politico,politico.com,politico.com,2026-08-19,https://news.google.com/rss/articles/CBMilAFBVV95cUxOSHJqVWxjam9RLTRjaWt4cFRjZ283cXdISmUtRVg5TGtzcndUcXZnZDlPV2p0ZGhDZHRyQTRGZUp0VzVEd1RfanlPeWpGNVF6YmFKazk1LVM0WmJWY0s2ZVlzVnlMZmNvZ0J6dnZ2UG1DUnJiUWpqblZMODlfalh5QjhTM21mNVZDZDB0YUQ1cmswMXBE?oc=5,en,2026-08-19,
Trump backed down from 50 percent tariffs on Canada. It’s not a TACO.,Politico,politico.com,politico.com,2026-08-19,https://news.google.com/rss/articles/CBMitwFBVV95cUxNc1k3ZHRKeDJ6NlNpR1l3SzhsRzhDYjZoZ2dobU1icHNkWVRicEZSdnktMjI5V09tcnpEc0c1eG45ak1rTkF1bHd6UjZvUFZ4UF8tRUEtMFZ1bVhzYjVuTDgyUUhHZHVvZkpiNVRFXzBmbG5vYUpiVG5YbmNib25sNVNhRkxUU0hRUkJEbFFoVjl2akZscUg3U1NFM3B6SzBjd0hYS3lRZE9lMUw0WHZkRkExSno3YlU?oc=5,en,2026-08-19,
Trump is trying to wage an ambitious trade war with a shrinking army,Politico,politico.com,politico.com,2026-08-19,https://news.google.com/rss/articles/CBMiugFBVV95cUxOUXgzUEpkYTdWRGpaeUpZYUs3UnRTVjZ3THJQUEl4SnZIQVZxdm5iOGVMSkhQWVVROThOeGltb0poS0FDams0STFNV0JwNmxOakpncW1MWjJwdzFXcXpJUzVTdTFfcW9tZUhjby1RQl9SU3JXNkRWalFPR20wcGdTLVc3N3BUYUtYSkI3TkRFVDRfNW4xdklBSk9Fc3ZjYXQ1NnFqYnNSTWJhaGZjMG85RjN0dS1kSmI5a1E?oc=5,en,2026-08-19,
Trump says he will meet with North Korea's Kim Jong Un,Politico,politico.com,politico.com,2026-08-19,https://news.google.com/rss/articles/CBMipgFBVV95cUxQblljQTRSXzFobmRPbG5odlU2UERSalhBc19yaTItNkVmTEllLTFISGZNRlQwVVpaLW5Odmkzc1lEdm9OeUJKdUVQQ3I5aUoteHZ0VEhJQm9JaERqNmk5MEFXVG10UjlxNzY1NExwNnNITG5UZ0hraFVUb0VFWGhHNWFjNURyM0N3SFRRTzgwN0JrOEl2MGV3eFAyN3Fvcnl3U3pFSUt3?oc=5,en,2026-08-19,
Florida rejects Democratic establishment — and even snubs Trump,Politico,politico.com,politico.com,2026-08-19,https://news.google.com/rss/articles/CBMirwFBVV95cUxONlpVWUhOSE84bVp6bmk0djFLU1p6U2s2VDA2SzBDcHZHT1lFOXVvSUFVM01JTXBBRjhIZTdKT3Fidk5GQ2MyN2RfbmJ3eWV0Y2RnaE9mZU4za3g1UFkxUUhiOTJVZDdmUGZEVm14SWVydTdwaUVraDlVVEhZQ0RCY3JJQWFZSDJ1SlFPSUFOUm5vWUpPUU5HT2FWWDRfVE9IVnh3Y2VkYjgyYzZDNVdN?oc=5,en,2026-08-19,
Trump hits pause on new Canada tariffs,Politico,politico.com,politico.com,2026-08-19,https://news.google.com/rss/articles/CBMikgFBVV95cUxQc3dHTkdRdzdweUxQM3R0ZVBwZ0pWNEZ4SnRlY0NVOUJZY01XcUs1MnljeTlUQi04c216akg1R3BJV2RVVW51TDBMaWJObi1nZElzTkFOLVRuZ3drbGU0cTY3Tk5PTG9pOHZtR1Y2Ymh3YnBsUHBRMG9aLU1xTzZvWUhCTnNPdThta29IS0I1Z0pzQQ?oc=5,en,2026-08-19,
Trump’s pick for Wyoming governor is the latest endorsee to lose primary,Politico,politico.com,politico.com,2026-08-19,https://news.google.com/rss/articles/CBMivgFBVV95cUxPQWlhNTJZTVBsODB1STFac2MxaUhQMXN0cmtiQ1VRR3ZyX0l1blU4MUp4UlotUHRETDdTZmU4ZFNvU2hIQ3VyTEg4QVVXaURaU3NSMUtsc0doYVdwRGtfWm13ZEJfUDUxamMzcmYxNUZDWjVUdnRDaTFzd0NzRmU5TERYTG5UNmZtY2VZZVQ4Y0xuNDdhNEM1QUNPTVBzemxNMm9BblRVVUQ3cWxtcVluSWtNcnh4TDFGMG44ZjRn?oc=5,en,2026-08-19,
Trump to select Heidi Overton for FDA commissioner,Politico,politico.com,politico.com,2026-08-19,https://news.google.com/rss/articles/CBMimgFBVV95cUxPUFZqcDVCb3pNUFdXZzZxZ3hLTGhFTmZWbnhuOHhTYXg2UWhESFhlRzVfbWQ5cTVBVUc1eDhZWlVsWWQwbHR2S1RBQlFpQzhvYUEwcWhlQ214XzF6dlRNaWswbGUwclVmR2VVbDU0LWFKU29pR083N2ZfckI4T3lmaWR4Y0g2Uy10RmRVbU9PQXExalhNNVQ2TWJR?oc=5,en,2026-08-19,
US debt crosses $40 trillion threshold after doubling under Trump and Biden,Reuters,reuters.com,reuters.com,2026-08-19,https://news.google.com/rss/articles/CBMisgFBVV95cUxPY3NKYnBaTEJPd09VZndtN19jYWFXX3FIZE1KZV9VSlp0NWxMNmZNbFZYemVWR0RWYnpUOWpQM2w4eWQ1aVQ3UEtCTVc5Y2Ric2lteHdZSmZSdkRKVXRDaTdoVDZNd3I4YUsxMnZLN0tuSkpSd1VmbnNEUEhSOEJKdi1Hd05iMU9MQmQzSVl3YmFCYklzRVFrbVlpcDZEbk54VS1GT3NJZllDeWRSZTl3dEp3?oc=5,en,2026-08-19,
Trump says he plans to meet with North Korea's Kim this year,Reuters,reuters.com,reuters.com,2026-08-19,https://news.google.com/rss/articles/CBMipAFBVV95cUxQZjlyRG93Zk1yZ01NcGdqcVlhN2JDWDFfRndXM1VvSEF4UmExQ3NMVkJFcTRIYkdSSGNYR1UwRnU5cUUxa3QwMHl2MWFVQmswdVlqbUxvNU9GOXpiU3VJTktyLXktMk9BMVQwNGVTYW5VZUlQVEJYNlFtdHlUSE80aEtvRldkM2FHYVBaSXEyVHZVbzdNc1pWOHIyMDU5Z0tBMW90QQ?oc=5,en,2026-08-19,
Trump calls for Congress to pass crypto bill at White House event,Reuters,reuters.com,reuters.com,2026-08-19,https://news.google.com/rss/articles/CBMipwFBVV95cUxNeXlaZ0VhOGd4LUliRjFMSVhSaWxjVE5rTGp5ZjFxaHJKLVFGRGhPYjV2VXJiaXVnQXJCRi1GMmJ3bUlFM0FETnlmaC1hM2s3UzhvNk5HRUVGREV4UjdrejZPaFBxUTFyT0JXY2lMdEM3bkZnaVo1UWtzbkc1VFpuT2tteEFPVmJ0YXRuN295RXpENE9zVWp5UXhBY1VzUGZmXzh0N3p5VQ?oc=5,en,2026-08-19,
Trump put thousands of soldiers on Washington’s streets. They seldom stop crime,Reuters,reuters.com,reuters.com,2026-08-19,https://news.google.com/rss/articles/CBMitwFBVV95cUxNSkpHV0wwZHN4MV84emhmbV95VHJ0UHZtd2dPN1owdVJORzA5VG5uY2kzczR6VF9GOVBsOThTRmxrWFA1ZU9TMV9WX3hnMkctdG5WYkgyZkh5SGVUZEdscE1ENjJMUjZOdTZYYXBxa0E4eE9CTnhIRW9VRExKV1NFd3FoT2Y3Q1lGaDlYRjFuSWd6UHdrWkFUczhZZ3h3SWJwb2hjMERsYXQtelA1ZlBSTW5LdXdid1U?oc=5,en,2026-08-19,
"Most Americans believe Trump has inappropriately profited since returning to power, Reuters/Ipsos poll finds",Reuters,reuters.com,reuters.com,2026-08-19,https://news.google.com/rss/articles/CBMivgFBVV95cUxOU1h6LUQwS0tnLUt3MTFHQjVaSHRvTExtWkRCZ3VTSzBEZnJId0lGeGlOUHJicklYQVk1N2k0V2dkZWppV3A3bC15RlpZZmRNUWJtQzBmT2V3U01rU2pGRlZPQl9STkZBZFlmN3otOWJWWV9NaW1PYURRWWh4ZjZISExOaVhudHlCOG95Y2NhMmtHT1VVYUlhclpCcmpKUklXY2FMWUdDYVBid1lVcUJnVXdRWXdLb3dTdGhESktR?oc=5,en,2026-08-19,
China's Wang Yi in South Korea for talks amid Trump push to revive North Korea diplomacy,Reuters,reuters.com,reuters.com,2026-08-19,https://news.google.com/rss/articles/CBMiwwFBVV95cUxNV2Y5a01ZMXZHOVkzbjMteDRKZVhLb2ZGQlhkYkFnLXZ3VThOMUNLQ1o5RHp5WXpISW1WbG00TndoNk40Nmo4Sy0ycDcxNDkxWjdTX0h4MWRNUjhMNk9tV0FPTWFrQ3gwcnN4UTVvVVdWUjN6eHZSSkZMUW9BblBzblc2UVJKbUdFMW5LSkV3WEd3cmM5c0dBYnpEbEJERG9QSzJXQ1FHZGJkVWtfYktTd0hkU3M3ODRtbVowM0duX2RyaW8?oc=5,en,2026-08-19,
"US families, healthcare providers under strain after Trump crackdown on Haitian immigrants",Reuters,reuters.com,reuters.com,2026-08-19,https://news.google.com/rss/articles/CBMixwFBVV95cUxPY1hxU1pUQUZZUFBGRUVHU0oyd3pNUUVjZ1ZwTG1RekRDV1pVVnJReFJMMFFaWVdSYWdORDBsRlhCUzBUMFNNajl5eHJwcVhnVFlNOVNrSzZBcTJhdnEzRFd2bWRSWFBUV2w2a0ppM2pUOHNwTmlfdk1nS3RCQUhQZF9ZLVE5czNYVUxoLUZnaVVMQUpUcGIzeXBrakdacDQ4Nm9QVzYtVTRieVFWYkFZZ3k2NDRNczJIT2ljSmR6V1U1RVduNmpZ?oc=5,en,2026-08-19,
"Trump pauses tariffs on Canadian imports, Carney says key work remains",Reuters,reuters.com,reuters.com,2026-08-19,https://news.google.com/rss/articles/CBMingFBVV95cUxQa1BlNEtwMVJSSkVvQjRBMWRlanN4VUs0aEFKUjIyWU93N090cHl5MjN6Q0VCMWdvUVhseXI4N3Y2aUdXTy1oeHpQVE5TYjdiLVlOcFdaMWswRGVsZzZ0dG5HamdSeFdMSFc5bTZZVHNwaWp3SXRWT3IydFZnR3NSVm13bnEzbTdxajVkbFpzUUhwc01zQzFwWG8yT3RHZw?oc=5,en,2026-08-19,
"Trump pauses 50% tariffs on goods from Canada, says two sides have a deal",Reuters,reuters.com,reuters.com,2026-08-19,https://news.google.com/rss/articles/CBMiqgFBVV95cUxQT190OW5VSmgxa3lud1N6Zm9zbUxGUXpMMEEyRXc4R0M5S3RNMld4YXh4ZjRxc2lNcm9TQ0JOcXVjY0tVYnBveHN6RWcwcXZ3dkxoajNzV3VXNFl1TGFvV1dIaTJUT05vQ1pnRmpkRlFRWmxvUzF2X2d0RUg3STRBQmZWaGVWenhtdzVsS1NtdTJ6b0NyUVk2UUwwNFRfam5DWUp4dEcydUtRQQ?oc=5,en,2026-08-19,
"South Korea minister says Trump appears to be pressuring Seoul over Iran, investment",Reuters,reuters.com,reuters.com,2026-08-19,https://news.google.com/rss/articles/CBMi0AFBVV95cUxQTVZrYXM5NGpibkZyR1hqU0JpVWV4S084VkR4UGhsUDItUlpodjhuSl90NkJXdXBSc3NEcFZ2QzVIZFpoLXpDNWliT014aW9IbnNOd2o4eWUyZ2gyOFU4bHhSam1uczNnMVRrdlhHcVBKZDNqdWk2eTBJUkdWcjdSZEJfZ0pwQ0YzVk9vbmU2RFdOOTdQVE53WDNyOFUzend2Z01CaHBGaVFWc2hrSWxPdXMzV3Zfa083S2poUTI4b3hhM3FtVURfWXRsTmp5cFNY?oc=5,en,2026-08-19,
Trump the builder carves his legacy in stone as pressures mount,Reuters,reuters.com,reuters.com,2026-08-19,https://news.google.com/rss/articles/CBMinwFBVV95cUxQdXpsWnAwT1J2UjI3TFBJdHp6YW5lMW5yQ0dDNzNleFhraTQ0MTFiQkxhQVAxNEtZLWF5T3pEOUt6cGVqemdTMlRBNU9OYkRfV0VlbXFONGVWTXBIZW1JaDFxTktGVDh3SHJXQ1U0Z1liTGhnUjBSTEoyRjJzQnVPX2VFUk82dHc2X2YxTHM4SEVKRUZMdkJOMjNwWE1WSGc?oc=5,en,2026-08-19,
ABC says intimidation by Trump's FCC forced programming changes,Reuters,reuters.com,reuters.com,2026-08-19,https://news.google.com/rss/articles/CBMitgFBVV95cUxPX3ZYbU5MNnNYbTFkLVlneThkUmNXNDk2TWJyc3VjVjZEdmRQSGpMWEpUVUpFSmdKdzRNVmFkdGo1YWw3RE90YWdsMXkwLTFUZFF0RHRTZXZJSDVWU1ZYbHJHNnBIVFFqLXhKT1ZYcFlnek1EZkM5bUdKTHlGTUZacU1oLTBxSS14eVp0bVdQOWVXMHczLUI1OC1vbUV6NGdUOUxLb2E4SjE0UTBCeWwxanZIMktRZw?oc=5,en,2026-08-19,
Trump picks White House ally Overton to lead embattled FDA,Reuters,reuters.com,reuters.com,2026-08-19,https://news.google.com/rss/articles/CBMikwFBVV95cUxOanVmYlVxbkJTQzEzaWkzczNmNHVEeVJGbzkyMnVBQk80UVF1M2JueFoyMUxiNzVub3dvVWdPZm02ekNOQmZVN1ZaMmxMZmk1WnRENlNmMXA4a2F5VHpCODVvZjIxOWp0ZHpVNUlpTFZ1VmxCU0dBc21ReUUwb0FmRG1rWS1ORjZsbEVxQVRoSGZDNUE?oc=5,en,2026-08-19,
Trump's bid to inscribe name on Kennedy Center faces renewed court test,Reuters,reuters.com,reuters.com,2026-08-19,https://news.google.com/rss/articles/CBMiuAFBVV95cUxNakxlTWZTdnhuWE01cmNFX2JLdjdMM3JqaVRfaE0tejJCY3FRVkdZamNCdTFfVUJRR0d3QXBzRGVZVHF5RTdlTlZCRFJyeHkxb0FkR0ZhM1FPNkR4bTdDcXBIN2pvZFYtUmkwUzlyQnFEa1I3RzNJajNraDhjcm5oaDRfSUFpVHBqWS16eVY1bnJIRVZQUE8xamc2SXhwSExpWDdKN1U3S2psTHZsTVhFOXQ4TXd6dVRs?oc=5,en,2026-08-19,
DOJ argues Comey novel shows he knew ‘86 47’ post was a threat against Trump,Reuters,reuters.com,reuters.com,2026-08-19,https://news.google.com/rss/articles/CBMiwwFBVV95cUxOaWZTeUdMZERSdUtKTEFkZWhxMktJYUpqU19Td2hMRnczNkxBNG1YUmNSd1ZIR2NiT1F0cHpxeThQNHk0WkdPdDRYY0F5ejZCczZQRWU2cEJ2alM3U21KcEJlYlVaX0ZsOGlaaHMxTjZvbk1PUVV4aDlTM2VRMUVTQTB3SmlfNTNKc0xBVWtaY2M4bHRtVmJ5ZDBlTFE5UjdPR3U5ZWNoNTdreDVFcWlqUEpfLTBLbnV1emhKbXNpTU9OQ0E?oc=5,en,2026-08-19,
Trump names nine new judicial nominees as November midterms loom,Reuters,reuters.com,reuters.com,2026-08-19,https://news.google.com/rss/articles/CBMitAFBVV95cUxOZWdUQUdRNHYzaFJ4V00wTUhoZVZNUVdGWE94eWxjeTl0eGE0WmZNVm0tSVNtMkFYUXMyLWQ2N3lGRTZyODdnYnhNVDhlQk5Uby03enZtLVpUa293SUFVZm14cG5zMERqT0RGOHQ4ZW1PVkNVM2M4SW5kTWMyZVM1b2hGalI3d1o2eHN5RGlDMXAweE9MRElzZ1V0YmQ2M0w2VFIzUVZMS0xkVy1RaHFDNWN3M1c?oc=5,en,2026-08-19,
"Trump picks White House adviser Heidi Overton to run FDA, source says",Reuters,reuters.com,reuters.com,2026-08-19,https://news.google.com/rss/articles/CBMirgFBVV95cUxOMHRrSk9aZ0VFa2VURVpJUk1ZQnlnU0dWYjNXaGFZTkcxRXozYnZaTFpoUkhJVEZsWGFTanNpMFY2dTdTM3MzWnpoYjNta2xrUUg3T1pVU3pqb2h5cHhmSnJ4RnBJUFZaUmdWd200RnV1RXUwUk50bU91NWlvd2lBeGR6NllRZ29Cdm1nWXZVN0U4eElfRGREdDRsbnhFcEUyV19zdVBDeFdPd09MLVE?oc=5,en,2026-08-19,
"IndyCar race comes to Washington, tracing a city reshaped by Trump",Reuters,reuters.com,reuters.com,2026-08-19,https://news.google.com/rss/articles/CBMiqAFBVV95cUxNRVVQVnNaMFhibWRLWVBCQWVOUVl4b295NjJDeFQ1M3dsSDBDUWRnOGRwcjhBa0hDVTlHNC12WUk1NjFhd0tYR192MUhFdmVLVFM1NEYtdUFsRVdrWGpjWUtaYlVqellNdWowcmctT0ZfTWljRkh1SmZreE5QMlhaYXRiQmxCMFo0QXNaZ2U0QnhEeThnaVVQM0N6cW1TeXBDSTZZRXRPSTg?oc=5,en,2026-08-19,
"Trump administration antisemitism probes into universities lacked evidence, ex-DOJ attorney says",Reuters,reuters.com,reuters.com,2026-08-19,https://news.google.com/rss/articles/CBMiygFBVV95cUxOeFh1aERJODJvRjlLSmpFWGZSMGxLV2Vnc2VLeXhYMmRxaDdQZVFMVjRKcW1LTlJPZDU4SWJCM2ZZTzNzb3dPWWRGd0lBbi1XVGt4dUdraENvNGllb241X3FlZG1NUjBRZ1lzU1JTeUEzTHlKN0NILUtGd3QwbVJZZlpYS0V6T2Z5Z0dvYXdNbjlJTFppbGJDQ0cwZlhpMTJuMnVFeTVQdU52X1FJU0JhbVRPS09zU2NvVXB5VjljeE5ITUMzbUNEYnd3?oc=5,en,2026-08-19,
South Korea says caught off guard by Trump's order to cut military drills,Reuters,reuters.com,reuters.com,2026-08-19,https://news.google.com/rss/articles/CBMiwgFBVV95cUxPbWYxYTBmc3JJV05xd3dJdm53eGVOalN5VldSVUQ3TzlXQl9IU1ZrX0xETkNQS1ZzX3R6aG9nM29oeHZyVFI4bDI4Ni01cThHcE16NWJiNWs1b014WGpyTVlvbGRrNE1MOG8zREM3S3g0eVNaekVnSjBXYmUySDUwTU1iLUI1TXRQLWZHcExUbFIyajBtZDl2cjIxVjZxYUI1ZzQxUTBHMDJGUERwQnltQUVlOVJyZDJsWjJfcVI4TXF2QQ?oc=5,en,2026-08-19,
Bill Clinton turns 80: Which presidents are still alive?,USA Today,usatoday.com,usatoday.com,2026-08-19,https://www.usatoday.com/story/news/politics/2026/08/19/bill-clinton-turns-80-living-presidents-ages/91379078007/,en,2026-08-19,
"Prince Harry, Meghan Markle's UK move shocks social media",USA Today,usatoday.com,usatoday.com,2026-08-19,https://www.usatoday.com/story/entertainment/celebrities/2026/08/19/prince-harry-duchess-meghan-uk-move-reactions/91380487007/,en,2026-08-19,
Kai Trump shares college apartment haul from this popular store,USA Today,usatoday.com,usatoday.com,2026-08-19,https://www.usatoday.com/story/entertainment/celebrities/2026/08/19/kai-trump-target-college-apartment-shopping-haul/91375274007/,en,2026-08-19,
JD Vance endures Marine Corps obstacle course in new video,USA Today,usatoday.com,usatoday.com,2026-08-19,https://www.usatoday.com/story/news/politics/2026/08/19/jd-vance-marine-corps-obstacle-course-video/91374893007/,en,2026-08-19,
"Will LIV Golf survive? Scottie Scheffler, Rory McIlroy, CEO sound off",USA Today,usatoday.com,usatoday.com,2026-08-19,https://www.usatoday.com/story/sports/golf/2026/08/19/liv-golf-future-scottie-scheffler-rory-mcilroy-pga/91369978007/,en,2026-08-19,
Do democratic socialists have a chance in midterms? Tell us,USA Today,usatoday.com,usatoday.com,2026-08-19,https://www.usatoday.com/story/opinion/columnist/2026/08/19/dsa-candidates-2026-midterms-democratic-socialism/91368818007/,en,2026-08-19,
SEC proposes crypto exemptions that could ease token fundraising,USA Today,usatoday.com,usatoday.com,2026-08-19,https://www.usatoday.com/story/money/2026/08/19/sec-crypto-rule-changes/91375573007/,en,2026-08-19,
Natalie Harp's brother speaks with on sister's 'obsession' with Trump,USA Today,usatoday.com,usatoday.com,2026-08-19,https://www.usatoday.com/story/news/politics/2026/08/19/natalie-harp-brother-interview-trump/91373522007/,en,2026-08-19,
US national debt surpasses $40T after doubling under Trump and Biden,USA Today,usatoday.com,usatoday.com,2026-08-19,https://www.usatoday.com/story/news/politics/2026/08/19/us-national-debt-surpasses-40-trillion/91377595007/,en,2026-08-19,
"Most Americans say Trump profits inappropriately from WH, poll finds",USA Today,usatoday.com,usatoday.com,2026-08-19,https://www.usatoday.com/story/news/politics/2026/08/19/trump-crypto-profits-inappropriate-reuters-ipsos-poll/91378000007/,en,2026-08-19,
Trump taps White House adviser Heidi Overton as FDA commissioner,USA Today,usatoday.com,usatoday.com,2026-08-19,https://www.usatoday.com/story/news/politics/2026/08/19/trump-adviser-heidi-overton-fda-commissioner/91371821007/,en,2026-08-19,
Woke 1 and Woke 2 are new political buzzwords. Here's what they mean.,USA Today,usatoday.com,usatoday.com,2026-08-19,https://www.usatoday.com/story/news/politics/2026/08/19/woke-1-woke-2-meme-origin-aoc/91351078007/,en,2026-08-19,
"Rory Kennedy on 'Freefall' Boeing doc, CEOS to face 'criminal charges'",USA Today,usatoday.com,usatoday.com,2026-08-19,https://www.usatoday.com/story/entertainment/tv/2026/08/19/rory-kennedy-interview-boeing-documentary-freefall-netflix/91149194007/,en,2026-08-19,
Why Trump aides keep getting oxford shoes gifted to them,USA Today,usatoday.com,usatoday.com,2026-08-19,https://www.usatoday.com/story/shopping/trending/2026/08/19/shop-president-donald-trump-aide-gift-oxford-shoes/91370123007/,en,2026-08-19,
Trump unveils granite helipad also suitable for White House cocktails,USA Today,usatoday.com,usatoday.com,2026-08-19,https://www.usatoday.com/story/news/politics/2026/08/19/trump-helipad-white-house-granite/91371500007/,en,2026-08-19,
Jimmy Kimmel uses Donald Trump attacks to campaign for Emmy,USA Today,usatoday.com,usatoday.com,2026-08-19,https://www.usatoday.com/story/entertainment/tv/2026/08/19/jimmy-kimmel-donald-trump-emmy-campaign/91370411007/,en,2026-08-19,
Trump tells Supreme Court delaying ballroom would present security risks,USA Today,usatoday.com,usatoday.com,2026-08-19,https://www.usatoday.com/story/news/politics/2026/08/19/trump-supreme-court-ballroom-white-house-construction-risks/91371810007/,en,2026-08-19,
Rosie O'Donnell feud with Trump part of 'Jimmy Kimmel Live' monologues,USA Today,usatoday.com,usatoday.com,2026-08-19,https://www.usatoday.com/story/news/politics/2026/08/19/rosie-o-donnell-donald-trump-dispute/91366879007/,en,2026-08-19,
Trump says he will meet this year with North Korea's Kim Jong Un,USA Today,usatoday.com,usatoday.com,2026-08-19,https://www.usatoday.com/story/news/politics/2026/08/19/trump-north-korea-kim-jong-un-meeting/91370177007/,en,2026-08-19,
"National Guard in Washington, DC, have minimal impact on crime",USA Today,usatoday.com,usatoday.com,2026-08-19,https://www.usatoday.com/story/news/politics/2026/08/19/national-guard-washington-dc-crime/91367497007/,en,2026-08-19,
"FL, MI may elect Black governors. The media sure is quiet",USA Today,usatoday.com,usatoday.com,2026-08-19,https://www.usatoday.com/story/opinion/columnist/2026/08/19/florida-primary-byron-donalds-republican-governor/91337680007/,en,2026-08-19,
"See Wyoming primary election results for House, Senate, governor races",USA Today,usatoday.com,usatoday.com,2026-08-19,https://www.usatoday.com/story/news/politics/elections/2026/08/19/wyoming-primary-election-results/91284950007/,en,2026-08-19,
"Angie Nixon, the Democratic Socialist who made Florida primary history",USA Today,usatoday.com,usatoday.com,2026-08-19,https://www.usatoday.com/story/news/politics/2026/08/19/angie-nixon-dsa-democratic-socialist-florida-election/91364091007/,en,2026-08-19,
Melania makes few public appearances. What has she done as first lady?,USA Today,usatoday.com,usatoday.com,2026-08-19,https://www.usatoday.com/story/news/politics/2026/08/19/first-lady-melania-trump-public-appearances-summer-break/91334558007/,en,2026-08-19,
Trump’s Iran war becomes a growing liability for Republicans,USA Today,usatoday.com,usatoday.com,2026-08-19,https://www.usatoday.com/story/news/nation/2026/08/19/trumps-iran-war-becomes-a-growing-liability-for-republicans-the-excerpt/91357467007/,en,2026-08-19,
"Darline Graham 'not informed on national security,' she says at debate",USA Today,usatoday.com,usatoday.com,2026-08-19,https://www.usatoday.com/story/news/politics/2026/08/19/darline-graham-debate-national-security/91367277007/,en,2026-08-19,
Former Trump official seeks to channel MAGA's backlash to Iran war,USA Today,usatoday.com,usatoday.com,2026-08-19,https://www.usatoday.com/story/news/politics/2026/08/19/trump-iran-war-maga-dissident-joe-kent/91344989007/,en,2026-08-19,
"See Florida primary election results for House, Senate, governor races",USA Today,usatoday.com,usatoday.com,2026-08-19,https://www.usatoday.com/story/news/politics/elections/2026/08/19/florida-primary-election-results/91272188007/,en,2026-08-19,
Wall Street is losing faith in the Magnificent Seven,USA Today,usatoday.com,usatoday.com,2026-08-19,https://www.usatoday.com/story/money/personal-finance/2026/08/19/magnificent-seven-stocks-401k-wall-street/91354381007/,en,2026-08-19,
"US news today: Natalie Harp, Iran, Meta in Daily Briefing",USA Today,usatoday.com,usatoday.com,2026-08-19,https://www.usatoday.com/story/news/2026/08/19/natalie-harp-iran-ice-hayden-panettiere-mlb-tupac-trial/91366354007/,en,2026-08-19,
Trump joins leaders of crypto companies in push for industry-backed bill,Washington Post,washingtonpost.com,washingtonpost.com,2026-08-19,https://www.washingtonpost.com/politics/2026/08/19/trump-joins-leaders-crypto-companies-push-industry-backed-bill/,en,2026-08-19,
Trump says he expects to meet with North Korea’s Kim Jong Un later this year,Washington Post,washingtonpost.com,washingtonpost.com,2026-08-19,https://www.washingtonpost.com/politics/2026/08/19/trump-says-he-expects-meet-with-north-koreas-kim-jong-un-later-this-year/,en,2026-08-19,
"Trump shows off his new helipad, brags about construction projects",Washington Post,washingtonpost.com,washingtonpost.com,2026-08-19,https://www.washingtonpost.com/politics/2026/08/19/trump-shows-off-his-new-helipad-brags-about-construction-projects/,en,2026-08-19,
Three more Trump-endorsed candidates lose their primaries,Washington Post,washingtonpost.com,washingtonpost.com,2026-08-19,https://www.washingtonpost.com/politics/2026/08/19/three-more-trump-endorsed-candidates-lose-their-primaries/,en,2026-08-19,
How Trump’s dismissive comment could damage GOP chances in a key House race,Washington Post,washingtonpost.com,washingtonpost.com,2026-08-19,https://www.washingtonpost.com/politics/2026/08/19/how-trumps-dismissiveness-iran-could-impact-key-house-race/,en,2026-08-19,
I know what U.S. Navy sailors sacrifice. Trump’s indifference stings.,Washington Post,washingtonpost.com,washingtonpost.com,2026-08-19,https://www.washingtonpost.com/opinions/2026/08/19/i-know-what-uss-abraham-lincoln-sailors-sacrifice-trumps-indifference-stings/,en,2026-08-19,
Trump’s steam obsession risks crippling the U.S. carrier fleet,Washington Post,washingtonpost.com,washingtonpost.com,2026-08-19,https://www.washingtonpost.com/opinions/2026/08/19/us-navy-readiness-could-be-crippled-by-trump-steam-obsession/,en,2026-08-19,
Opinion | Trump’s steam obsession risks crippling the U.S. carrier fleet,Washington Post,washingtonpost.com,washingtonpost.com,2026-08-19,https://news.google.com/rss/articles/CBMisgFBVV95cUxQT0c0Z3M2S1NCY2RLU3VUck5kWUtjNHJidHh0alRXYTlIWmNrdlEwaDU1bmtvSFBXVHFTWW1WSmRNOFFCVUhuYnM3Uk9zREE0QlJsY3FXNTRmSE9WT3lodmdDSHZOU09XMlBJUVN4N2ZUTHFBU1hFSm0zUG5LbVljcGZpME5vcnpSMm1ZcnREbV9ORmhqclVhODhVT3JYTVNpZFcwa21TNkdISUxTMzVmcW1B?oc=5,en,2026-08-19,
Trump’s ICE nominee helped lead one of the harshest immigration crackdowns in U.S.,Washington Post,washingtonpost.com,washingtonpost.com,2026-08-19,https://news.google.com/rss/articles/CBMivwFBVV95cUxQVFp1YzNULWs1aXE1c2tfNFctQVZQd2RGM3lYNVlpTHJPUndWS3AwRlczQ1NTTExoQ01rbWNIam0wU05tVTQ0TEd3VmpwS0pnRGFRbWtmSW12eDFIb3p6QVA5d1MzSWY0Q3dWQTRBR2pjUEtEa0tMclR5X2FiUHF5c1hlQkhTR2V5LUxuM2o3MHQ2SGhSS2YyTHh1UnViM2c0Tm5jMmRaUHc3S0tfOVNpaE1kaWpGdlVVdFBQMWpWaw?oc=5,en,2026-08-19,
"What to know about Natalie Harp, the Trump aide whom Ossoff put in the spotlight",Washington Post,washingtonpost.com,washingtonpost.com,2026-08-19,https://news.google.com/rss/articles/CBMiuAFBVV95cUxQSXkweFY3OUtSMjhtQWg4VHhBU29SbHFmeUE5QW5FU2lkMHJHd3djczFvVkNPVXRuaU9WcnFuajVRZ1dkOVFJUmRkVV91bnQ5RU9FTVZlM3JNZE9hTVlVODV0RVFvRUl2b2I5SjVZQzB6bHVmSWJmLTMtbHNEU1R1V29ta3hHUDM1Q19wUndZTDVQajgwb0VhVERCeVVXU0gxVU1rek9GOF9Dc0NnTmYtcEVmYVozeWt4?oc=5,en,2026-08-19,
Analysis | How Trump’s dismissive comment could damage GOP chances in a key House race,Washington Post,washingtonpost.com,washingtonpost.com,2026-08-19,https://news.google.com/rss/articles/CBMirwFBVV95cUxPT1pLLXh0bW1fWnVld3FaZGRLT29kTjZDeFdsbHltTF9TT2dySU1mLXNPcUhfcUdNdGh3MjEwUnVvNjlTSUdpWHREcjN4V3dtSGhtU05YM21jU3R6TW41bVlqcThYWDdWRDZ1bmwwRXdXbXNYZW1uNkNqRHJMdl9HYVFBcXo1TlJVVXBHMHYzeUlydlZaUktVa0NFWWo3TU44ZmVSd3pBMlQ3djBKdkhF?oc=5,en,2026-08-19,
Wednesday briefing: Florida primaries; Trump aide; Tom Holland workout; and more,Washington Post,washingtonpost.com,washingtonpost.com,2026-08-19,https://news.google.com/rss/articles/CBMijwFBVV95cUxNUGEwVUdUYnBkSmpLM2dJd2hvRmxZSVZMajFQc1dZaFgxcnVQUnpiWGZRa0UwNFBQQURZUTFPaThlLWNER1JYQUxTY3RPdXY4MmEyNk44V0hqWkxZdGk1Uk1xeTNaSnl4SGJXTkNsTXNXN1FHeEFXWHFuUnplMFowWlhYWndhU1FHVzB6NWNESQ?oc=5,en,2026-08-19,
"Trump says he has paused 50% Canadian tariffs, touting last-minute deal",Washington Post,washingtonpost.com,washingtonpost.com,2026-08-19,https://news.google.com/rss/articles/CBMivgFBVV95cUxPczBlQ0I3TGgzYjFzWnVjelNKZ043cmdMTUNNX1hKWXc5STBoclhLQUEyeWJHaDBub1pJRDEtQnBLNUhEUEZobmhkdmxVcE9CTmFnUUgyemhHeHJQTW5CQkI1SWM2bkc4bmEtdnVBSno4TVFQcHhkTzRocWFTcnp0VTJUaDc0Q3B5VEM3SkRnQjVJeHh4WVkzTmdPX3RpblYzZEgtdmY3cVg2c0l0a2RHSUpYXzlBSTUwa2lFMnpn?oc=5,en,2026-08-19,
Trump seeks to open millions of acres of national forests to roads,Washington Post,washingtonpost.com,washingtonpost.com,2026-08-19,https://news.google.com/rss/articles/CBMiuAFBVV95cUxPZHZfRTMtMzlKTFNUYlFwMjB6WWxZRW8wR21PMHR3RTNRYzAzNTRfa0xLYy1KWmJrZFJqRHE0MWRmVFM1ZE9Mc19PMjVfM2RJZWZGYW9YNU5fM1p0OFFvSmpyb0tjbnV0Vllsd2JHT0gwT1Y4ejlfTVVfUEp0bFZtZENvdW5xNmlacWlYcjZmYlJhbWJ6cHF6SmdYMDd2b0xRZ3VnTUVtR3FId0MwbXg4c2ZZelM5VzZY?oc=5,en,2026-08-19,
Trump revives unverified claims of noncitizen voting in 2020,Washington Post,washingtonpost.com,washingtonpost.com,2026-08-19,https://news.google.com/rss/articles/CBMiqgFBVV95cUxQQ3hZRk5BdjlGXzd6Qy13M29iWkVkSWQwd0RpRGFyQWl3ci1Oc1hNWkcxNFl6bjV0MV9ZWVpmazY5M3g3OXB0U1VIWDZabzlZT0YzYTQ5Z0dpLXhINzQzcXdpNFBRdWlYOUxGS1VGRzgtWWJvalFzeDhiRTdhY2RMajhfaXp5M1RfbDE5NmtJZUxjekszdjZwOU9XYWljYVJFWFVLQmM3c2hQQQ?oc=5,en,2026-08-19,
Opinion | Trump inverts his own foreign policy mantra,Washington Post,washingtonpost.com,washingtonpost.com,2026-08-19,https://news.google.com/rss/articles/CBMiqgFBVV95cUxNYV9rbEsyeWsyZlV5blBaeUtoaWtQOVVtcElxbWtrUTk3YWFuT012Zy1XeUJpMFZXWWlvMVNNbnVWdm9aYlpDLW5rYW50SjNJT1h4S2tvY01xd2hfaXdZNmZTVkpTaXY0Z2lHcWtsNmI0ZGxxdWN0SUlCZGhwaGhXLVlYd2o4X1EtSnYtSWxTRzRyMnJqdGpkRFhqT2xldFFULU9vNXc2U0RYZw?oc=5,en,2026-08-19,
Key witness in Trump impeachment trial loses to democratic socialist in Florida Senate primary. See live results.,Washington Post,washingtonpost.com,washingtonpost.com,2026-08-19,https://news.google.com/rss/articles/CBMiyAFBVV95cUxNQjVzMkRmZkcyNDBXUzlPRm03Y3hmMmtLVGpnX3dndnpxNjB6UmJKLWI3dlVrVk8xU2NtT050U0dLb3gxME8zMzl2Si1YQ3dvaXFael9RRFhtUnkyeEZ6SXU4OTZaRndCNm10cy04V2lDdy1kREN0M05ubVRvWEFRZFdQTUs0bzNEaHI2YzljSnd4TXlzNVU3ZG1ZZ2VwcVc1Q2Z4ODhXS0NUQW5nRTJib1d6WXMzQnFEN200YVBNYTZVS1k3Y0dRMA?oc=5,en,2026-08-19,
Ballroom opponents ask Supreme Court to keep Trump project on hold,Washington Post,washingtonpost.com,washingtonpost.com,2026-08-19,https://news.google.com/rss/articles/CBMisgFBVV95cUxOdEVHTnY1UHpadmZLTUNtTDRGUFhxbmZxWGN2NWNLUEhZNFBMOVo1eGNPY2NPckVpUlJDUGNTNVd0ZHlyVXdyT0xQZy1Kdk9POGhvSlVYTHM5cTdHbzlQTXhUZm1UNTl0QWtSVGtqSHAyRlBEYndYQkdoZVZ0Q1lyX09yV2E4Nk5vS3BsSlR4RU82dFJTYmN0WjFiX2xObUEzY18tZHUtb3R3cXZMcVByOHVn?oc=5,en,2026-08-19,
"Trump pick for Wyoming governor loses primary, adding to string of defeats. See live results.",Washington Post,washingtonpost.com,washingtonpost.com,2026-08-19,https://news.google.com/rss/articles/CBMivAFBVV95cUxPVjl2Q0RCU1dPRmJERDdDY3hWczBEM0lKSmlaNnU2VDhOOTZXamo4ZWNwY2poTkR2WHlncWFHZjFlOVQ0QVNZWnY1eXozTzBkTkd3LXBQVXFNdDZtOTBEdmdHdDF1c2hxaDcxei1FRDZrM09zeDFXYlVPeHdWaFkwSnQxOXBaYmo2YkpwRzFldW9SczRCLTBQUnEzTVgweFJvU1dlMnFhX1BfejJWOGNoaTkzcjhna3U0RUJ6cg?oc=5,en,2026-08-19,
Trump admin sends 1st deportation flight to Haiti since ending TPS,ABC News,abcnews.go.com,abcnews.go.com,2026-08-20,https://abcnews.com/Politics/trump-admin-sends-1st-deportation-flight-haiti-ending/story?id=135820753,en,2026-08-20,
Trump admin moves to allow logging and construction in national forests,ABC News,abcnews.go.com,abcnews.go.com,2026-08-20,https://abcnews.com/US/trump-admin-moves-logging-construction-national-forests/story?id=135811046,en,2026-08-20,
WATCH:  Trump threatens 'Economic D-Day' against Iran,ABC News,abcnews.go.com,abcnews.go.com,2026-08-20,https://abcnews.com/video/135800532/,en,2026-08-20,
WATCH:  Trump hosts cryptocurrency executives at White House,ABC News,abcnews.go.com,abcnews.go.com,2026-08-20,https://abcnews.com/video/135800626/,en,2026-08-20,
Federal court is asked to block Kennedy Center from returning Trump's name to building,ABC News,abcnews.go.com,abcnews.go.com,2026-08-20,https://abcnews.com/US/wireStory/federal-court-asked-block-kennedy-center-returning-trumps-135826908,en,2026-08-20,
Michael Cohen is hosting President Trump on his radio show,ABC News,abcnews.go.com,abcnews.go.com,2026-08-20,https://abcnews.com/US/wireStory/michael-cohen-trumps-former-fixer-turned-enemy-hosting-135815594,en,2026-08-20,
"Iran's next supreme leader won't 'last long' without my approval, Trump says",ABC News,abcnews.go.com,abcnews.go.com,2026-08-20,https://news.google.com/rss/articles/CBMikgFBVV95cUxQX3RvSkROQ1dUcVdOb0hGTHNHM092RlZncjZweFNZTFZ2Wm5vM0xSUE1CQVYwZl95ZnZrTUVWbHFaR2Utc1hTMW5WMFNNUlRYOTJQTzR2OUNGMjhjdzRZZ0FZekRDWGlyQkhuNXYxVGtmVzRSaUV2NHU2YllOMUNFQmgwakd2dUJxSGxVbVMwOWZNUdIBlwFBVV95cUxPbGdERVM5X3ktZTVvSDNXNmxvb2FEQllES1NLRVFfOWFvNllwNUdWbi1pZE96Tml2a2U0TEFuREJ4bnAwOVktS1o0TXNuZTRlTlZVV3pnSExrenpianBHZDFqSXo0YTZ3aHVYT0VjVFJpWlAta1BEbHhSZW1UeHhYUU1DQ29aS0Y0aWFiUm9lMGtRbENwbDRz?oc=5,en,2026-08-20,
Trump says he was at 'greater risk' on secret flight than decoy Air Force One,ABC News,abcnews.go.com,abcnews.go.com,2026-08-20,https://news.google.com/rss/articles/CBMinAFBVV95cUxNTGhYdjAyM0Q0ZjBZbGFYcEhnWmJ5RkVwSXJZYmk4LUlKNFhhX05yM0lES3ZBMkh2ckdGQ0R4QXN0OHFubm9xTnQtYVRqeHk0dXV2MUxtalV4ekIzaUdnbVBMWU00bVJUUThvRVZWaFhDWjdSSWJ2UVhYd1c1R1VXak1UVS05UmlWbGNrY1E3cVVXRDdKWmRYQXE4aFTSAaIBQVVfeXFMT0Fnc3lMdHc3MEhuOHBvc1RSSEd2OVFtdzRjX3l6NThpZGhoTzg0bHd5TU5OcmxjcjVzbnlqRjVaZnlDZmpmNkI1Qk5WaWRjT0JEdFZyWmh6aWc1NWp0cmdfUGtVY3IwN0VYS0VFdWtUUko0c09FT3FMYUEzZXNjdF8yZTJMM0JzbWtBMEQyVjJOSUtLNkRyZkpnYUw5Vy1MaDVR?oc=5,en,2026-08-20,
Key takeaways from Trump's State of the Union address,ABC News,abcnews.go.com,abcnews.go.com,2026-08-20,https://news.google.com/rss/articles/CBMikgFBVV95cUxOMXNlWVRkY3F1R2h2cHp5NXlUNVpVZVhvVVMxWUdoc3oyVGxUbkVJS3JHREhpdm1QOTZ0MnhmdjVSNG95SWJDbTVsMmRfUXQtUGpRZWhFRENXMTJySzU0Sks3eU1MYTl5SGtTb3d3Qk0yRHdmZm1FRjdfendjald2Y2s2ZXVnZW1kSk9aenpRaEdUZ9IBlwFBVV95cUxNMlVFREF4dTVhVjAwNEFoa0dlTnNoS0dQMEQzY1ZPLUFCZWR3WVNJZjl2MzJ2WXVSYkdNbDRtclQ0MndUQzhVaW5QZTVWd3M0TVlWekFON1VfOXhuVXRfOFZfdWN2VVZVU3M1Q1VZY2VmWDYyMlRIbTJIaVNPYzl5VGpwQnBZcGFNZlJ5eUxORGJQUE9ZTWZV?oc=5,en,2026-08-20,
"Trump poised to drop IRS suit, launch $1.7B 'weaponization' fund for allies: Sources",ABC News,abcnews.go.com,abcnews.go.com,2026-08-20,https://news.google.com/rss/articles/CBMimAFBVV95cUxPRUhwZmE4TUNkTTQ5SnlpZTJ1LW1zTE5XVTBSenlyM1oyQTRnUm9WRWpUU2tJUG9hUW1LbE44bVB5a095ejE0cWppcXJuV3dUaTRVYm9WUFdVMVl6YkpfcEdJYXBBOXhxN29jaFpGUlBJMk1YNmRYLUhKNjZNWnc0bC0xUFV2WHBiWmZKbmtvOEgtRXd0S1JSSNIBngFBVV95cUxOV29tam9yNkpwNlhjU2pGLVZrU29YQ25fZEpJdWg3V2RrS2xyNm4zdHUwYmhvRlpfVlJRdG9LNmVseXFYOHZXNnNFUTYzN3d1MkEwaHlMWE41d01wRHpHRUxscG5sMGpqUGdjbFA2d2RSYVg4bGtUVGs1SDBCRVVhN1U3ZEhLczg0cG1jd3A4LTRaYjlKcUNNczdFMWhCdw?oc=5,en,2026-08-20,
Acting AG Blanche says Trump administration is nixing $1.8 billion 'Anti-Weaponization Fund',ABC News,abcnews.go.com,abcnews.go.com,2026-08-20,https://news.google.com/rss/articles/CBMisgFBVV95cUxPRjdaN2xTbi1hVmxsSzdvOGlVX1V0bTM4M0NrRVFZVmVyb3dUZ1RDMGszNlFqbzZvX2dBLWpBVVVrUGo5aVNoTUlaWlFQdmlSSzcyRllVa2VMemlkT05FZFZuYUIzSUlpRmtYZFRpVHJWUXRHVTVqWWxrUGRTLWx4TG1lU0xaenRNVXZKUTVFMWc2VTZtSnJvSzd3WWdpTUdscnNYRk5aSDczYTMybUx6dmpB0gG3AUFVX3lxTE5Ea2hzYThEZ3FEWUw1M0dhbi1QenZENmlRSHBuZXh5QmdRdVAtLWY3ZUFWSzFZQzJKeVNMRjdEcmw0R0tCNjhvRTFidl9DY1J5Vmc2OHhRNkppM2lSRmsxcm92eC1lempTbE80UEtBLWxBbkVRSmp0NkpHRVhxajdaNFlsS2MzSi00ODBRa2tZMU1lOG56QkxQVFdvNjlUZ29sQkxpVUNqNFpTTy1LeHBfV0xfUGkxQQ?oc=5,en,2026-08-20,
Melania Trump declares 'I am not Epstein's victim',ABC News,abcnews.go.com,abcnews.go.com,2026-08-20,https://news.google.com/rss/articles/CBMijwFBVV95cUxNenh0c29uVWNROEZ6cTZIeVEwZHJ6RDZCTmoxWlpZbDFrT09LWUwyQVg3Vm9yN2ZKSXNSV3Y3WnB2RTBldDRKUlpRS3ZfRUdLdXJhS0paTlcxeFRlN3d5YkRaQXRSZE14YS10Rl9UQ01wYXROTlhGbmRlSTI0VWUzdGU0LTV5STZVNmlMUldvb9IBlAFBVV95cUxNVllhNnRVNEJfVllKbjlhek5HYlk1ckt6dDRyQlhjYlFIdjE2dV9pWWY2NWdEdmc0dUx4b1oyY3BIalZUd2JUaHpaaVRrbzVNY0ZaNGdkX1pzbDN5MXR4bU5WTkJTNUgtVmk4U042NHdwT1VTSDZYNnFEa3pFdk9iWDkzR1Z1WVlyWWhhRWs0Vnp1aVky?oc=5,en,2026-08-20,
Americans oppose Trump ballroom 2-to-1; even more oppose his signature on money: ABC News/Washington Post/Ipsos poll,ABC News,abcnews.go.com,abcnews.go.com,2026-08-20,https://news.google.com/rss/articles/CBMiogFBVV95cUxOSlphYjJTMnFTRHVlV0JNaDBEQlhlUUZuT09jYmhfN3k2WnM3T2JpVHExUDI5RW5OOXNJbXVXUGhKNm42MG5vUElZWnVQdzM5dmZqQktGZWdCMHlHVnZXMlJFRGpEdmZHODJXQXRZVVNDZnpYQUxOZ2hkamFpUFNWZDNHYVdlMl90R2MyRXU1enNhNWkwVllRQV9WYzBiMzVTM1E?oc=5,en,2026-08-20,
Trump says 'I don't think about Americans' financial situation' in Iran negotiations,ABC News,abcnews.go.com,abcnews.go.com,2026-08-20,https://news.google.com/rss/articles/CBMiowFBVV95cUxOekNlMWY5WUN0NWxrcW9iRXM1Yk5VWGxCeGh3MGRaeTFCR2VkM0djcVl0bFZGZFNLd0l3dTVTSjJ0UGM5WS1mRzN1bXZtQWJybDdzelF3ODlzQzVmOWxyWHl0RndpM2x1ZXoyeFZWbnlqR1B0dVFJOFphNGJLMVZyN0RUYUJIMnZaeWdzTXVuamJfblptU3VSdGV4NWhfOFVBQ0xN0gGoAUFVX3lxTE9zbFlKVVB3bjJLd09qVzdyMVZyMVpXZk1ROFk1Mkg3bElhTkpFQWMzQmh0Znp2eng4b3VWb2NoUC1Vc1FYLUlfUldaUTVuMExBN0Jrck02TmE3T0c5ZW5TaFZ3QVNtNHJtSjNpNXhlb1ppNC1GS2pWR29SNWNaVlFUUHdGWU1NWjdfTEdhQ3JBdjlFNnp6VTVBb09mOEtlRGlKbjAtLWQ4SQ?oc=5,en,2026-08-20,
"Trump fires DHS secretary Kristi Noem, replaces her with Sen. Markwayne Mullin",ABC News,abcnews.go.com,abcnews.go.com,2026-08-20,https://news.google.com/rss/articles/CBMisAFBVV95cUxQejRNeDdaRXJuRV80M0kzSVR3b1hmcG1JZE9fTG1takY0dklqMC12MzlDT2x5S0lhQndBUTB6X0xzSDlDc0M4dWhSSzRaTGMyZkpmMUpJWVlqblNlRm9fT2RlVHlYcExrR2pqblg5YUlIb1pMcVhMbGtCVzJ0MlhPbW1xdmozNjVTRDBySmxCcm5MSFZxdHc4QklmcTFERVEwZ0NKWUxjUE5wWGEtWWxMbdIBtgFBVV95cUxQQ0pmMk1YV3NMSG5IOEg1VVV5TDdrYWdvN0pBaExDMW5HYXhoanJQNVBEcmt0NlMyaHZndUo3N2dFWDB1RnQ0VkhtQnp5Vk1DWl9ybXBTUnJzdkFPWFpYdWtzUmhaTV82Z1U4bkV1d1RYaGg2N0UyMGFMeUdJM21JVWpMb3lMbUc4bXRzT3ZBU0hWQkNHdnI0dHhMM2FfMHQxREJYRUdGN1o3S284WUZXRDBXUjh0Zw?oc=5,en,2026-08-20,
"Lindsey Graham, longtime senator from South Carolina and Trump ally, dies at 71",ABC News,abcnews.go.com,abcnews.go.com,2026-08-20,https://news.google.com/rss/articles/CBMikwFBVV95cUxPclI2ZHpXSWVTME5oVlRzUnR2Q3VMSV84QjZsenRpdlJFRlJwc3ljOWJwZzloN2dVYzkxQTV2cGFRTTVCdHNGbmdUdmtPX2FuNjJmbUhsbHByN2lQdkRTSFg5NkxENXRDdDRjeFVhWDFzVEJOMXJtMVBvNEQ4OFphcFFRVkw3S2ZMckQwem1WdHZJd0HSAZgBQVVfeXFMTURkU1FpZjN0cVgxeGxOLVdHTjh0bnhkXzVYaGZ6anpvckxUZFlJdHQ2Tmo5M1Nja2IzTXRfYmFMaGlwY2ctWGZ5Q1RpY21INW1lbGp6T0FQV0h2ZGk1V3pPLTJ4S01WSGM5Q0pnTDRCc3lkUi01aUpfYllza0VfQkI5S1cyZG1SNEREUzlQbTJNd2ZnanJCS1Y?oc=5,en,2026-08-20,
"Michael Cohen, Trump's former fixer-turned-enemy, is hosting the president on his radio show",ABC News,abcnews.go.com,abcnews.go.com,2026-08-20,https://news.google.com/rss/articles/CBMingFBVV95cUxOZDZ6UVJhWFQzTnVVUWdkQ1FNMEpwTEItMHY5TXJJcFBielhKSDJOMUFqQ0hUOEszSFhmQkhfc05wVjJIYWFoN1BYUGpCcWxwczBvN1hGcURBTThubU9XdXVmUFJrSWc4OElvUlRpSTNfV1I0aXFOaFZxMG1JOVVvNHNQWTNwNlVYMFhNVWxCREVwa1JrRTNiZFBESk0wd9IBowFBVV95cUxNYkJzWjFvMS1kc1YtZUVNTGNYU05xWUQ4alYwSjVVZFdHSXc1cDB3VWYydUVLdjc1TFRqaTAzN0tJSTNMSVBTbnNGM3NFZmZrYWpnT3ZkbU9abFBsUTJUYXA2VFZ2aGNEQUFWeU1Dci1GNFVVZkJIRko0R2sxVFBZMUJwSm1RU3U2Z0FWVmUtYzg3RXJRZmlGNTlyUVNPXzBBU0gw?oc=5,en,2026-08-20,
Trump appears to downplay Iran war deaths in social posts comparing them to previous conflicts,ABC News,abcnews.go.com,abcnews.go.com,2026-08-20,https://news.google.com/rss/articles/CBMioAFBVV95cUxQLTF4ZlFPdTA0ZzRpWmEwVmVhZHpIbUZFRlpqQWpyTkY1WlNmNUxNcFhTV2wxYVA5TnpKVWtFQmU5aVZ2emtKWmFiMlNIN0JXMl9nZ1NaaGc1dFZvNzE3ajJ2MGFVRDkxaEgyS082LVJIdFZwU1VWajJ4bW85cmN0RmhEQmpmQ1U2TTRnWUtJcUZUYnhMWl9VVGp1RjFMUHl40gGmAUFVX3lxTE01RXRQcXhxZ1JwM0poeUlueG1STkNBT1FFSDFlRXN1enM3TE1oWUoxdTNSZHpxdE5YVm9SUkl0T2JzcEtlNWZ3bW5NZ2ZFbjFhSGdBZEc2ODNCS25BeTNKY3dLTHRZV1lubDFZN1gwWElSMzd6N0hnbjdpbmM5TTBBaU14QzNzWFE3R2YyV0d3RGFZZ1dpT253Ry1UMDhhallXQVJQdkE?oc=5,en,2026-08-20,
Trump claims military victory in Iran. But is the mission accomplished? ANALYSIS,ABC News,abcnews.go.com,abcnews.go.com,2026-08-20,https://news.google.com/rss/articles/CBMisgFBVV95cUxQWnZ4cllvVUNVMWJidExDVmVfQjI5V3k1WF9xakpiNlBDWnIwbThWREVBRTd5R2RRaS1QRXMwYnJWSGI4OURfX2N1MDlUOVJ2VDlCSnJvaDBmVkNobDZvb2FvdXZ5cDNXb3ZYOGpMdTVBa3luSGx5WmJVa3RYaGl3cVlYS2VIempuOXBLbll1anB3UlZtd1pqbWVVSHo2ejVVVG4weGZlcWtCUGlmR05YN0xB0gG3AUFVX3lxTFB5WDBGakw1MEdlVzRUN3pTMWIyLXBCek1RbTNRLWRidUt3aXFtbTA0TXJyTTJrOVJTQ2t5X3hMaFVESVh6NTlZYk1XNWJQVFRnV3NlM0tlRHhzRVotRTc1NFRrY2hGX3RrOEdQZVVIYzZ4aXNTaWViWFV1UFFSRzN0R19PWXdwZjVndEEzdXJrbHZiNS1mbXRiWkdYRmpYVDJfeGdqQXhzdTZ6SEw5ZWhxOVd6YzhiRQ?oc=5,en,2026-08-20,
Trump says 'no interest' in Kennedy Center overhaul after judge orders his name removed,ABC News,abcnews.go.com,abcnews.go.com,2026-08-20,https://news.google.com/rss/articles/CBMinwFBVV95cUxNVmdiUzJlMThpWlYwMUl2WkpaaFVSR0w2RVREX2RvX1Y2QTBoTmNLSTdVNElFaGNkbzBsa1RaRjZKRWxta1Q3TGtvSjhsaFU4amxfeWFrMVd5TEg5S3dFVGdJdUpnUElDaER3Nmhwa3pzQ2p5VU5DMF9teWNLODVZWkQ0Uk9EMC1yZVY4SDA1Um9Tc093R19PaFFfSUctNXPSAaQBQVVfeXFMTjMweWJ4Y2JKZUdabDZBbGZxQldhUzR2ZS1nS0VUSkhIVEJ2ckVDVElyeThibzUtS0JmMjFBOUFDVzBIVEhMOTFfb1A0TVEzTmozVThvMVlablZYYl9TTkl3WURRTHlpODVQTkVPUHd3aGxrVUN5bTlSVGtieXEzY1VlSkZyWkpNYTRwZGhIaHdEMmF5YzJMVHNaZjYyc0tINEhWTVI?oc=5,en,2026-08-20,
Trump says he's 'pretty much not happy' with any deal to reopen DHS as negotiations continue,ABC News,abcnews.go.com,abcnews.go.com,2026-08-20,https://news.google.com/rss/articles/CBMipwFBVV95cUxPNlRYUWs4b1JFeFBOT2ZrYnlKTC1GbndJS3dNWDF6SmVUODZpSTV4VG1GaDJ0eU8tY0dla05YR0xISUlKaHFla2FfVEFjeXd3dUNqaWdtU0pKRnFPangyOU9QR3FScmJEdTlEd251QlIzMzNOTGhOeFF2dk10YVhMR2h0YWM2WDNQZ25kVjQ1OGN5YUEwbUxFOEh5SnRKb0s1TmFZTEJWd9IBrAFBVV95cUxOZDNZdlh3VURUcFpxX2JjQ3NtNm1jTUFzd2RpQzRiakNMd1k3dk5PN1VUZTFTaE5DZC1hamZNSy1TMzBHVlQwcDFlWWJ0ck0ySk1pcnloamJ1YkRYR25LSUh3WjFuZnlzdTBDc0Y3aUhRb09hVGZsdDBCc3hkaUM5MXVqdDdfLURjclQwRXUwZjlGOHQ1TVlFaS1HYm5GeUZFOEs4OGdmQkQwZll6?oc=5,en,2026-08-20,
Trump says he's 'willing to live with' final US report on deadly missile strike near Iranian girls' school,ABC News,abcnews.go.com,abcnews.go.com,2026-08-20,https://news.google.com/rss/articles/CBMinAFBVV95cUxOM3h1ZU5xZTdVZkctejZnVk93cGxRX3RqZndScThpVk0xdDlEc1NMX0JKbEJiUE9wbTdOMzJsR2lVOEtrUFA0alIwN0ZZRERDWTUzYm9EalRuM1NLWDkyR2ZJM1ZuamVtV2hIWm9Ib1RweXpveEx5OHpjSnUzUXZVamNVSm1fejlJMmJaWTRFLXR4Ni1EY3RpQ0UzRkbSAaIBQVVfeXFMUFN5MjYxeDVlckhhekM3OWZ6djZOanpPTW1FN3BWNWZITkdqV20tOFJnQkloRFJfVF9mMjRvM1EyNkFNazJwQzhLc00tNUxUYkxsbkhlTVdTc2psb3lvV2xGMWtjSld0bTI0RnNZV2NETmh5YVFrV2hCa3RsZmo2YkJWWXp1ajQxdG5yamNoczUzT1U2eDJRRWxCWkF0OUtTakZB?oc=5,en,2026-08-20,
Trump says the world's become a 'casino' after US soldier accused of betting on Maduro raid,ABC News,abcnews.go.com,abcnews.go.com,2026-08-20,https://news.google.com/rss/articles/CBMioAFBVV95cUxPYy11SWFNUmxndHlzVUVPbHNiSlNSajNQLXNCWXBOQ2JZOUdicUQ3cUx6V0JHRFRscjkyXzI3WE8zX2RNNkI3RHJQX1lYaFhtWENLN3hWZWUtaUlMbW9wWlVGX25KN19yVVNPRF9OMTNOdlZialk3RG9RTGFDT09ISlB3SE9OZlA0OVo5c08xT2s5SGIzcVB3NzRvd1JoaExs0gGmAUFVX3lxTE0wM3JhTmx0cmVpaGdTQ01Ed0VMWGhjdHpBWVFJZmpGM2lMckxobE5EM2M3Q2dDTlJ2dG1kUC1rU1ZJTjgyMFJIcVhsSlB6MFZjOUZJVDVicXY2azhBOGREOEx4ckJqVDJ3OTdtMzdCVHdQQTkxaWlEZmRZX1lBMFF0cEJ1YmJvRGNiMGk1Ym9hTTlmZkVHakxMS1FwX3BwdVRBaU1qTHc?oc=5,en,2026-08-20,
Southern California man dies after being beaten outside his Trump-themed home,ABC News,abcnews.go.com,abcnews.go.com,2026-08-20,https://news.google.com/rss/articles/CBMinAFBVV95cUxPem9rS0NEOXhTWEJmWkVqYjUxaThxckR3eWcybG15eWpHQWNFcVByeGdZTUJxZ1JvVHc4TWVRZWZuSjgwYmxPeUZjTFl3NWF4cVliaXk2VjdBcWNaN1JldTNob05xYnAwaXdNMVplaERkZTQ0a1d3azFEMDVvZDFZejc0akUwbC1tZGJnUVRsZUxwaHpQTjlzdURTQ2LSAaIBQVVfeXFMTk9qeVQzYUwtZGRyaE0zNlJqQmxVcmxXa0F3YjQzN0pPVFdDQ280V1ppTVZOc0ZwcnhYVVg1LWFtWVN0UGJkdGJfRzU2Yy1UQmZXcFJXNjhFZ1ZwN2owUTZzb0txcHFxeGJFVHlZZ1RKeE4yN3RJN0c3LUh0T2MxdHBMYk5MbFRHQnVodUlxOE9Pa1pjQWZDX0ZqbWt4SWVXaE93?oc=5,en,2026-08-20,
Trump slaps 100% tariff on some pharmaceutical drugs via executive order,ABC News,abcnews.go.com,abcnews.go.com,2026-08-20,https://news.google.com/rss/articles/CBMiqwFBVV95cUxOVHNjYmZWRzV1Rno1QnBJdlAxR1Jjd1dGLTdTRHlUQnRUQmpCOUFJSDc0cFdCSy1heGE1SUc5R1k3WWJkZGFKZ01vYUQyaTM0bzgxSWJ5R2RVYjdQNjU2NjhVZ2lUZGtUM1Ffa0RQRjFPb2tvOFFCVXN1M1pPUnN1UTYwZVlWdXZWSkppX014QkJPQ0U4VDAzMzJGYnlKRURCemFWMVd6SVZTVGfSAbABQVVfeXFMT3pWWlhKeVJ4NHJNZ3Y4TWNzT0RTYi1UajFQcnJlVDUxLWpOY0N4bTFNWVlRaDVnRjYxaS1tMVVMNkZUYlhmTFJlT1BvSmpEMWVvelhIRXhIeUQtS0d2V2NlZ3ZLTXFpYXlDT0VPQkRLRjA5eXNKZnlzSGRrajJUeEtUUWRYNnhlRHVXYldaU3NBdG1VTVBqcXRtY3ViMHQ1MjJzVlhIRzNFNHhUeVI3dWI?oc=5,en,2026-08-20,
Trump signs executive orders that target birthright citizenship,ABC News,abcnews.go.com,abcnews.go.com,2026-08-20,https://news.google.com/rss/articles/CBMiqgFBVV95cUxOMmpldXJRMWJDaXZGMG9abENCakEzV21xSElwN01UaHhFQS05NnhuMmwwdGx0MWh5UTFEZ0lJNWU0WmtzdzV6RmtBVWVfaTN4SWRNQURWWm5iUXRWbWdRZEY5WE5ZR0xaM3pSZzQyTXY0OFJKX3pyNFp6VDJyVVlGalhuLVUtUEtkSWtmTlBEOG43XzhIaGRVSS1neUtpcjFGNnJrbmtCR2F2d9IBrwFBVV95cUxOR1FqRmZROHAzLU9FS2VLTlJVeEdjTVVTNFh0S00xMXpLeTBTMWJ4dWVrWkQ3N1dGSXlWeFJfampjcDl0WDZ6RzIwbll1VHp3STRsdjBXZWJDbFVMcmJoek5OZGU0bl9QWGtsa1VtSEpLRDZacUdvbHduTnJNTXdaVkRZRTZXa0dMbTlzRjR6UFZQaWxKcEVkd0FyWFNPUUtxWllKazRUdEYyZ250dHA4?oc=5,en,2026-08-20,
Supreme Court invalidates most of Trump's tariffs,ABC News,abcnews.go.com,abcnews.go.com,2026-08-20,https://news.google.com/rss/articles/CBMikgFBVV95cUxNTTZyamI3Uks3N20wbnpWemxhQTh5NG9UODJyVHFXUE5KTGFmMWlYSVZpUW9Eb2JnUmFjU1RJMWYzOW5pX0l3UXlPdWpaaEJqOUNmU1pQa2dNQUtvUjhwQVdweno2bU9kbTVNams1SmhqY1FrZklQU3BTTnF1S0VJd2RMNTZ1VmJVamt0SUdYem9JZ9IBlwFBVV95cUxNa0dWUktjN181VDcyUThKWGIzLTU1VnBsdlhOb3p6NmJMWHpodDh0c2M1WHA2SHZKdTRSQmhNbUxXZW13RllnbS01cktCOWhYY19MZXJtR2w2WnVfZjBYVGRDQ2pnM2NLTGwtZnZOZGlpc3FNM3ZQSWdETHNMQzg3a3hWMTdnV25FQzkyMDlOVkoyR3l6SkZF?oc=5,en,2026-08-20,
Trump and Cassidy clash over war powers vote in meeting with Republican senators,ABC News,abcnews.go.com,abcnews.go.com,2026-08-20,https://news.google.com/rss/articles/CBMipAFBVV95cUxQak1Ja0NjSjZQVDdGZVFtUl8tT0s0WGJNMUQtYUN1TjZIblk4QjhtZGtyUHcxUkVVRWZfNVlaeEF5ZkF1bkNucTdZTG1uUmdLSnE5cER0blpaTVVmc2V6cWI3dVkwVVBhQmFzWm5WdWlpblU1Wm9oSlpkX2o4dU1iUWNPQ01QZnhYejZ6SnRQLU4tMHZsNlVxV05vUHp5RXZWcjZqU9IBqgFBVV95cUxOMkRBaVUzeTByQklPMmJZV2lyTVJvR2FodDFHbXRpVW84ZHNWdVgwUGFlVHRwelJBeXphb1hnRzlQM3R1Rk9VcGw3aUpMVlc1WExKWl83T2Vxd1Zjd0p5UzFtZEJ1dkk3ZDVYOW1NYVlYX1NBTHFydHV2NW12eWJtSmptaWJUWFNodmdGbk1OUXJmdzdxeWlMWHZHWmQ4MEtibUZadzVFT0xPdw?oc=5,en,2026-08-20,
Trump administration's mixed messaging on war with Iran: ANALYSIS,ABC News,abcnews.go.com,abcnews.go.com,2026-08-20,https://news.google.com/rss/articles/CBMipgFBVV95cUxPZnZlazZqV1FLUHJPRzZ2VWhxYk9lc3JDVi1iUU9RU212dDN1VFh3TDZzVVlMMDZXbVBXZHRUNUZfeVRsNjk4VHJ0dkFZSHVWcDdlOW5FZXhab1FVR1dBeEUyS0dKLVM3MjNoVXdHbkg4X3JzV056U0RyZHJFYnVzUDU0cElqbDRXaGpJTWdvU2xNamhza3l2Z3FvV1JOUkk2dFVfX0NR0gGrAUFVX3lxTE9tY2VhaVd1ck1ESUpBWXFvWS1pV0dwbF9Eb2lReU42dk4yNEVoZExtUUlOYW1tbWFGWHUybGdIcnBiSFJrYkxZSnBRWFN3YldWM09HWEJScG8xR2hQTnVsaTA3TU45cjduU1FFMFE5ZGlUSW9DVmZEYWlHaHNmMHh4ODFSdlZkcmR4ZlZHWWR1aHVCdkxkd0JGdHRqbDlvNEtxa0xhcU0tcjJhOA?oc=5,en,2026-08-20,
"Trump lobs insults at political opponents, press during rescheduled White House correspondents' dinner",ABC News,abcnews.go.com,abcnews.go.com,2026-08-20,https://news.google.com/rss/articles/CBMiswFBVV95cUxQb2lybEIzTjRZaURsdlg4M1lZZjBJVkpSbHFhNkRYM2o3dFRpa1VZMEFGWHpSYjZwdFAwQk01Zms0MEVBYVplUXR5cVRWb2xwUzhSb013VHQwTjA4LXp0dUlvdDNVZFpmSGhWTGFuTG10Wnd3ZWdZT1FjOGpJMDl5Xzl5TWVrREJNQTkzbWVLa3I2cy1ld0FmTnh2UjM4d1NDS0xET05mS19SVWNlR3E0akY1SdIBuAFBVV95cUxNVGNuY051UlQxY2JMSjZISHB5aEF3ZmM1c2FITFgwZy1CU3ZScnpXZUdyNXp5dnJNUTdkNWRadVl3Ul8zWnN6TG14SlR1TF82dVJOajBCWnN1ZHc0MzVLU0M4SmkzNk1VQVdfc0lGRUluQnk1M1RYcElLakRUanZsYnZzQkxOdzh2alAxZUV6Um5DdzFlTEtkcWpNcHkwbmZ1TG5LMmlqQXdZdkRYc09hUkN6QWpTaDYz?oc=5,en,2026-08-20,
Crypto mogul sues Trump family venture over alleged fraud,ABC News,abcnews.go.com,abcnews.go.com,2026-08-20,https://news.google.com/rss/articles/CBMimgFBVV95cUxPMzNzRVhILW1GbEx0N2JfZWpYdmlBVHlSQ1kySTBaUDJhSVVXTmtESUFGRFRkMkVLdWVqbC1ERThyUm1XRWJNYUg5REg1cGdobE9iNzUyNlNGcWpHVm0zRkZ1N1NneWg5RFhLdGFqVHd3VG5NSG1ReUoyNjZJTGVyVGxoV25jdnNfeE4yYzUyTThVbWpjLVJjOUdB0gGfAUFVX3lxTE1yblB5UkVvQWtCOGlOdktiWkZ3M1ZYMzhCa21TU1VSajZmOUgxVi1FSUJzX3laQ0J3UkpBLUdNWkFVY2hyRVpyQmFFYy1xV2FiaFUzTnpIZ21mUnF4SDY1ZXh1XzA0aldlMmpPVzZ1c01iaHIxbS0wS3BzLVhuTWJBOVhXVEo0dWhseGFEV1dleTFyTkd0NGNadDBqam5SYw?oc=5,en,2026-08-20,
Trump's attacks on Pope Leo are hurting recent GOP gains with Catholic Americans: Experts,ABC News,abcnews.go.com,abcnews.go.com,2026-08-20,https://news.google.com/rss/articles/CBMinAFBVV95cUxNXzh6bjd0dzlNczZIUmp4RHZ2Q3ZXUHg5YkE5WVhQQThaSGhwNjBaMWp0Rm13dXBqMV9FbWprTnlWdTlTdzRMcDhkZHhsQU16YlcxUjU1eWJhaU0wYWpBWDdBOFFka21Gem1OOWlFOEl2eE9VMjFVTTZDVUtnaHJ6T1BsOHp3R3pTd0hDUkRrM1BlS3VuVHR0aVQ1eE7SAaIBQVVfeXFMTmRSYUx0c3JONWxEQTRvRDIzUmhndy1pWDRZZ01ZaU1MeEhremhVMFlPVzczU0JlQmhETlduc2l3c2dKZnBGMGZrbFFheVJkWk9fV185UVpVM1U4U1FUT0QzUlFRZUZNam5JaTJQNlFFYkZjTzZNUTA1MHZqNndpOUkxeGtGRTQxeWQ1dlYtT0s2UGZ3X2RmaVBKNjc0MGo0SVB3?oc=5,en,2026-08-20,
Majority of Americans disapprove of how Trump is handling tariffs: ABC/Post/Ipsos poll,ABC News,abcnews.go.com,abcnews.go.com,2026-08-20,https://news.google.com/rss/articles/CBMiugFBVV95cUxNRkMzY1Y1VTFIRFpldFV5RnctWEZDdnNsemQzUGtvWi1sMEFQZThtYzZvNDRBZk84WkFMQThubmx6aUwycWRsTDI2Zk5MbHRCV3JQUXBCSC0xQTBuMXFRTVVXSWVfQUcxZzQ1LWxvUWNNQmFyQ2ZsNmhnT0FZWmQyajNDOTdRT1lGRXRFWlJERVJiZXl2cHhwLWxZdFp3UFB3NnVnaDc5aWZxbGg3QmxMeUJkNGM0TllBSlE?oc=5,en,2026-08-20,
'Complete demolition': Trump outlines 4-hour attack plan if Iran deal isn't reached by 8 p.m. ET Tuesday,ABC News,abcnews.go.com,abcnews.go.com,2026-08-20,https://news.google.com/rss/articles/CBMipAFBVV95cUxNZGltUFRuUS1BMURfRS03WmV4dkprcE5rOER0YVozRERrYWVkYlJwZThQSVRHMVlFdlB0NUtfVC1ZQVk1Zm5JZllHb2hBUzhOMFJqMkl5LXBwRmxKMnRIY0s5c184VmVLRVVzYkIxMF9PSlBKLWpBWmhDTXJwaTEzelZfeEM4MUd6ODU1WXFMbnRIT1NaMWU2Wmc0LUhTSVgtbW42ctIBqgFBVV95cUxQOUZNOFlWUHFaRVlmRVBMS3FldGU0ci14NjEzS2hNT1dsbnp6YlJNX2ZyR1Iyck1hTlRYQW5UdVlJWlppMXpRNG9Fd296dXNod3dYdkFGOEpKT0lVTElQaWVveXZKLWFnSUt1Qmt1QjZIRUhfRERqNFpLZ1lnWjhVTi1VbjhRY0k3Und3ZHN5S0xXS3FKUjlkMmxiYU1BUFRrbjdXUHVMaVdyUQ?oc=5,en,2026-08-20,
Video North Korea testing ballistic missiles as Trump touts relationship with Kim Jong Un,ABC News,abcnews.go.com,abcnews.go.com,2026-08-20,https://news.google.com/rss/articles/CBMiTEFVX3lxTE9LS2h1UGN1cXNGQno5UWppRTVzUGVWRVdVZmloZkxDdkVuV1lueEtNcktFbFNNR1hUelR0MnpxMVhoTlVLTk1QOXNXNVc?oc=5,en,2026-08-20,
Trump appears to have dropped his tit-for-tat approach to Iran attacks in the Strait of Hormuz,ABC News,abcnews.go.com,abcnews.go.com,2026-08-20,https://news.google.com/rss/articles/CBMioAFBVV95cUxOeERXT2lUdlNjVkx4OHlMaU10bU9tOUpYbmJlMmtUcnNBbzZqSEl0RUVYZkFMaDZDQ2l3M2VGR294dXhzWWtiNkJGYWRxZUFaUFVfdGpfbGJrdHllMm9oWXRDMHdLWGtmc0ZDWlhaaHE4U2ozcTNESnZWQ3pMeGNRREZOX2o0N21ndlhLODAwRU5MR2JsNlJoaUpKNkNHUzdD0gGmAUFVX3lxTFBrcnFDVTNGRjg3X1NDUzRqMjZiV1NacXR4alFCdlVldU5EVktiQVhtSm0tMTlOQV8tQ0lSYjFiaFFfbnRlam1FOE9vcExLeVppbF84N0ZZdkJFVk00NWpKSERIeGJCMldNQVoxckVzRVJueG9ybE9zWjJ0N2RyaGs3YWU1QjhYcG5QZ3lJRVdESmk5U3AwZC1IOHc0ZnFGQ1o1WS1vTVE?oc=5,en,2026-08-20,
Trump shows off multimillion-dollar White House helipad and adds his signature,ABC News,abcnews.go.com,abcnews.go.com,2026-08-20,https://news.google.com/rss/articles/CBMipgFBVV95cUxQb3VUc0ptWTJGNzBSX05CLVFGWDh3VThSQU0yR1dXSUdVUUs1d3RXa21ieURrRmJlM2puOGJ6SS0wRDdkMjJGclpLUVdRcGV5RFd4enNIY2ZxT0IxaUUxeDhQUWZ6V1I1TjdnYlk0Mk9QWXhKOWRBZnY3dllBMkQ2dm5CeEliSXlnZkxNLWtIN2xoVmVLV1BGMzR6OTVhSFJpS1puSGpR0gGrAUFVX3lxTE9keUdKV3UzS3VCVXo0TXIxLW43QU83V1QxcW5zSGpocWNtamxPa0t0Y2xsOV9ySjAyaFpDdHZLQnFOdC1WbTVydUZGcms0MWJoOHNRVmJHSXFPOHBtSDJkY0ZMUmFHT2NTbVZsXzU4dUdqZHNUczV4OWpUdEhYRGNBeG45NHIwV051UUZFR1JhbEQtb29MUzc0c3lDSTAzdGZuZVhZX1N5SmNWaw?oc=5,en,2026-08-20,
What we know about Melania Trump and Jeffrey Epstein,ABC News,abcnews.go.com,abcnews.go.com,2026-08-20,https://news.google.com/rss/articles/CBMie0FVX3lxTE9udmVnRm1XdUliTWpieDNOT0lzOGxZdGxIZW1vR1dSU3hXZDlQWUtybWZaZ1NUS0FoajJ4WXk4TWdlOHNpNjAxNk5fWmlMa2gwWnpuek5lZUp5a1ZUdkNLWFp6bTdfUXhXYlhlRzVWVzF6eDV2UzZlTlctTdIBgAFBVV95cUxOdkZROEhjMnYwRER3dzh4ZDFNMjRxb2ZwSGo4SU1yUDlfdHVReHlqVXRTVy1xblcyZWZMbjl4M2NqcFYtZnZuT0t6b3Uxc1VkeWZGS25XR0NMMWpEQVRFVFoyRW5hcjRDZXhXVnR1eEYtRGhiQlBoaUh2aEF6YkN0Ug?oc=5,en,2026-08-20,
Video Trump threatens 'Economic D-Day' against Iran,ABC News,abcnews.go.com,abcnews.go.com,2026-08-20,https://news.google.com/rss/articles/CBMiTEFVX3lxTE1iME9qS3FLVHFHSGtreV9OSGJ6cmpnVjFRM2NUdUEtbi1ndnFLNlFoMU5GYnlmNGNqZmNzcXVRS1JueEFBNlJaT2lEejQ?oc=5,en,2026-08-20,
Video Trump hosts cryptocurrency executives at White House,ABC News,abcnews.go.com,abcnews.go.com,2026-08-20,https://news.google.com/rss/articles/CBMiTEFVX3lxTFBWT1EtMm93ZktKdWkwVWMxcC1aWFpKR1U3cTdPa0dGUjNjMnl2VXZod0VwVkk3RGFDU0RiQ192ZldFQzhLTU1OcURzOUY?oc=5,en,2026-08-20,
President Trump hosts cryptocurrency executives at White House,ABC News,abcnews.go.com,abcnews.go.com,2026-08-20,https://news.google.com/rss/articles/CBMiTEFVX3lxTFBKU082OV9GRUZRMHFqTXlydGREMWJzQVZYeHlwZXBKdE15UGRTNzB3Y1RnbWZmS2ZOcTEyZUd5dTBNN2xMdDR5LUV2bWg?oc=5,en,2026-08-20,
"Trump says US and Canada have a trade deal, but key terms remain unclear",ABC News,abcnews.go.com,abcnews.go.com,2026-08-20,https://news.google.com/rss/articles/CBMilwFBVV95cUxOeXd3cEtfTkkzWEdvUm8zeGViWDR5eUZfMmlYUk1IZlQ1WUtBNUNLNzhaUHAxbEFTZ2oxNV85NTYxRGRFOUJIRVoyelBqT2Y5eUJncTVobnJvTTBCNHJJTlltSU16SnJGanpzS1BWdE9hVlc5S01oZEZLUGc2SVduRldCelB1V3pXd0xoYWY0elJUcG1Ya3d30gGcAUFVX3lxTE5HYmFVM18zT0NabWtBLUswOU1jdWYzbU1VRGs2ZDRrdmdvMWlBcXNoUnRydXRoZm9fR2RfWjdOaFc4ZVJhN2t6b3VaUW4zaGFKY0RVcDdwVm04bU1JT3hGRXdRVl9YVlhtdGlTVnNHQUw1NXdLQmhhMGJQWERzQmY3MDZTbUdjdVpwbkhVSW1ZRUZsMndKdE9DNFZiLQ?oc=5,en,2026-08-20,
White House releases report of Trump's physical exam,ABC News,abcnews.go.com,abcnews.go.com,2026-08-20,https://news.google.com/rss/articles/CBMinAFBVV95cUxONTNNMndHUGk0YzJvcjJwTzNEeGpEY1N2bWg3WjE0UXhVM1pCaXNfeVpOZE9qN0lnMVQ0UGhPZmhpZFFUS2V5ZXk2SkxVZE9pX0tKYTlBYVpJaUVPdFpXSVlaZnI1VHpNQW5ra0NEZUx6cUpEc0pOM0hzODdmdm9aNUplSFE4TzJDRlNybHpYa3p0MU4tNzc4QUlqTnLSAaIBQVVfeXFMTXc4dE1CdVJlVFRRaTRNZ1FRY0dHYXlDWGl4c3J6RTZ2WHNXelk4UHlaSEJoUUlvbVNLRFQ0VzBtNDZnbmx6STI4OVZzUWxJTHVIMVh3LTJJUVdTNTlOc0N3VWJsOEJHM3VQQVhxbml1UTRaMklTRk9raVZxeHY3QzVLTUdiZDZuNFRRWHJHMlhldGg1MjR6Ul9MbnNZYkU1RFRn?oc=5,en,2026-08-20,
Video Trump touts White House renovations amid war with Iran,ABC News,abcnews.go.com,abcnews.go.com,2026-08-20,https://news.google.com/rss/articles/CBMiTEFVX3lxTE05ZE1BUTRGdlVNZG1aUzJHVHlfb29EdlNBRWNObWxkSUVCenNLWmtvTFozLW5QWktXM1hDVm9ERGhlZVJfYkVGeDZlLUY?oc=5,en,2026-08-20,
"Gold, Gems and Rare Earths Fuel a Civil War of Epic Proportions",Bloomberg,bloomberg.com,bloomberg.com,2026-08-20,https://www.bloomberg.com/features/2026-myanmar-resource-rich-civil-war/,en,2026-08-20,
"Trump Sends First Haiti Deportation Flight After Ending TPS for 350,000",Bloomberg,bloomberg.com,bloomberg.com,2026-08-20,https://www.bloomberg.com/news/articles/2026-08-20/trump-sends-first-haiti-deportation-flight-after-ending-tps-for-350-000,en,2026-08-20,
Canned Soup’s Price Spike Brings Home the Cost of Trump Tariffs,Bloomberg,bloomberg.com,bloomberg.com,2026-08-20,https://www.bloomberg.com/news/articles/2026-08-20/trump-tariffs-lifted-canned-food-prices-as-tin-mills-closed-big-take-podcast,en,2026-08-20,
US Wants Its Booze Back in Canada’s Stores But Some Say Don’t Buy It,Bloomberg,bloomberg.com,bloomberg.com,2026-08-20,https://www.bloomberg.com/news/articles/2026-08-20/us-wants-its-booze-back-in-canada-s-stores-but-some-say-don-t-buy-it,en,2026-08-20,
European Gas Jumps to Five-Month High as Iran Peace Hopes Fade,Bloomberg,bloomberg.com,bloomberg.com,2026-08-20,https://www.bloomberg.com/news/articles/2026-08-20/europe-gas-hovers-near-four-week-high-as-us-targets-iran-economy,en,2026-08-20,
US Allows Early Sales of Winter Gasoline to Help Curb Prices,Bloomberg,bloomberg.com,bloomberg.com,2026-08-20,https://www.bloomberg.com/news/articles/2026-08-20/us-allows-early-sales-of-winter-gasoline-to-help-curb-prices,en,2026-08-20,
Why Keystone XL Could Make the US-Canada Trade Deal a Win-Win,Bloomberg,bloomberg.com,bloomberg.com,2026-08-20,https://www.bloomberg.com/news/newsletters/2026-08-20/canada-us-trade-deal-may-revive-keystone-xl-pipeline-boosting-oil-exports,en,2026-08-20,
US-Canada Trade Draft Piles Pressure on Mexico to Match Terms,Bloomberg,bloomberg.com,bloomberg.com,2026-08-20,https://www.bloomberg.com/news/articles/2026-08-20/us-canada-trade-draft-piles-pressure-on-mexico-to-match-terms,en,2026-08-20,
Delta Wins Challenge of DOT Order to End Aeromexico Venture,Bloomberg,bloomberg.com,bloomberg.com,2026-08-20,https://www.bloomberg.com/news/articles/2026-08-20/delta-wins-challenge-of-dot-order-to-end-aeromexico-partnership,en,2026-08-20,
Foreign Students Seeking Spots at US Colleges Fell 10% This Year,Bloomberg,bloomberg.com,bloomberg.com,2026-08-20,https://www.bloomberg.com/news/articles/2026-08-20/foreign-students-seeking-spots-at-us-colleges-fell-10-this-year,en,2026-08-20,
Lula afronta su última campaña como favorito en la carrera presidencial de Brasil,Bloomberg,bloomberg.com,bloomberg.com,2026-08-20,https://www.bloomberg.com/news/features/2026-08-20/lula-favorito-para-ganar-las-elecciones-de-brasil-mt1pyi9b,es,2026-08-20,
Bessent to Detail US Plans to Isolate Iran’s Economy on Monday,Bloomberg,bloomberg.com,bloomberg.com,2026-08-20,https://www.bloomberg.com/news/articles/2026-08-20/bessent-to-detail-us-plans-to-isolate-iran-s-economy-on-monday,en,2026-08-20,
Aluminum Premium Slips as US Set to Cut Tariffs on Canada Metal,Bloomberg,bloomberg.com,bloomberg.com,2026-08-20,https://www.bloomberg.com/news/articles/2026-08-20/aluminum-premium-slips-as-us-set-to-cut-tariffs-on-canada-metal,en,2026-08-20,
"Bessent Flags Bigger Debt Buyback Potential, Coming Fiscal Plan",Bloomberg,bloomberg.com,bloomberg.com,2026-08-20,https://www.bloomberg.com/news/articles/2026-08-20/bessent-says-buybacks-could-be-more-than-4-billion-per-issue,en,2026-08-20,
"Crypto Stocks Set to Extend Gains on Trump Push, Dollar Slump",Bloomberg,bloomberg.com,bloomberg.com,2026-08-20,https://www.bloomberg.com/news/articles/2026-08-20/crypto-stocks-set-to-extend-gains-on-trump-push-dollar-slump,en,2026-08-20,
"Trump’s Aircraft Carrier Order Will Raise Costs, Contractor Says",Bloomberg,bloomberg.com,bloomberg.com,2026-08-20,https://www.bloomberg.com/news/articles/2026-08-20/trump-s-aircraft-carrier-order-will-raise-costs-contractor-says,en,2026-08-20,
"Bitcoin Roars Past $70,000 as Yields Sink, Trump Sparks Optimism",Bloomberg,bloomberg.com,bloomberg.com,2026-08-20,https://www.bloomberg.com/news/articles/2026-08-20/bitcoin-btc-roars-past-70-000-as-yields-sink-trump-cour,en,2026-08-20,
Warning Signs Are Flashing at America’s Overheating Landfills,Bloomberg,bloomberg.com,bloomberg.com,2026-08-20,https://www.bloomberg.com/features/2026-america-overheating-landfills/,en,2026-08-20,
Lula Rides Trump Backlash to Cusp of History,Bloomberg,bloomberg.com,bloomberg.com,2026-08-20,https://www.bloomberg.com/news/newsletters/2026-08-20/brazil-president-lula-rides-trump-backlash-to-cusp-of-history,en,2026-08-20,
"US Seeks Importer, Company Data to Build Up Trade Enforcement",Bloomberg,bloomberg.com,bloomberg.com,2026-08-20,https://www.bloomberg.com/news/newsletters/2026-08-20/us-seeks-importer-company-data-to-build-up-trade-enforcement,en,2026-08-20,
Korea’s Lee Hails Trump’s ‘Determination’ for Peninsula Peace,Bloomberg,bloomberg.com,bloomberg.com,2026-08-20,https://www.bloomberg.com/news/articles/2026-08-20/korea-s-lee-hails-trump-s-determination-for-peninsula-peace,en,2026-08-20,
Lula Wages His Final Campaign as Brazil’s Presidential Frontrunner,Bloomberg,bloomberg.com,bloomberg.com,2026-08-20,https://www.bloomberg.com/news/features/2026-08-20/brazil-election-lula-seen-as-frontrunner-over-flavio-bolsonaro,en,2026-08-20,
"The US Has Entered Its Aging, Endangered Hegemon Era",Bloomberg,bloomberg.com,bloomberg.com,2026-08-20,https://www.bloomberg.com/opinion/articles/2026-08-20/the-us-has-entered-its-aging-endangered-hegemon-era,en,2026-08-20,
This Megachurch Pastor Could Break Democrats’ 94-Year Losing Streak,Bloomberg,bloomberg.com,bloomberg.com,2026-08-20,https://www.bloomberg.com/opinion/articles/2026-08-20/kansas-senate-race-adam-hamilton-could-break-democrats-losing-streak,en,2026-08-20,
South Korea Seeks China’s Help as Trump Pushes for Kim Meeting,Bloomberg,bloomberg.com,bloomberg.com,2026-08-20,https://www.bloomberg.com/news/articles/2026-08-20/south-korea-seeks-china-s-help-as-trump-pushes-for-kim-meeting,en,2026-08-20,
Keeping Up With the Trump-Kim Jong Un Saga,Bloomberg,bloomberg.com,bloomberg.com,2026-08-20,https://www.bloomberg.com/news/articles/2026-08-20/will-trump-and-kim-jong-un-meet-why-us-is-seeking-to-reengage-with-north-korea,en,2026-08-20,
"Trump Turns to Economic Warfare, With China in Crosshairs",Bloomberg,bloomberg.com,bloomberg.com,2026-08-20,https://www.bloomberg.com/news/newsletters/2026-08-20/trump-turns-to-economic-warfare-with-china-in-crosshairs,en,2026-08-20,
Markets Rise After Bessent’s Bond Bet,Bloomberg,bloomberg.com,bloomberg.com,2026-08-20,https://www.bloomberg.com/news/newsletters/2026-08-20/markets-rise-after-bessent-s-bond-bet,en,2026-08-20,
Trump Says US Is Waging Economic Warfare Against Iran,Bloomberg,bloomberg.com,bloomberg.com,2026-08-20,https://www.bloomberg.com/news/newsletters/2026-08-20/trump-says-us-is-waging-economic-warfare-against-iran,en,2026-08-20,
Choking Iran's Economy Is the Least Bad Way to End the War,Bloomberg,bloomberg.com,bloomberg.com,2026-08-20,https://www.bloomberg.com/opinion/articles/2026-08-20/choking-iran-s-economy-is-the-least-bad-way-to-end-the-war,en,2026-08-20,
Trump Risks China Blowback With Plan to Choke Iran’s Economy,Bloomberg,bloomberg.com,bloomberg.com,2026-08-20,https://www.bloomberg.com/news/articles/2026-08-20/trump-risks-china-blowback-with-plan-to-isolate-iran-s-economy,en,2026-08-20,
South Korea Seeks China’s Help as Trump Pushes for Kim Talks,Bloomberg,bloomberg.com,bloomberg.com,2026-08-20,https://news.google.com/rss/articles/CBMiswFBVV95cUxOUC0yb2tKMmRObzRpV2l5SWNuUG5vMkI3QXlfX3N1THkyN1k0WmNTUV9NX1Yya0E1ek1ReVJ4aUFmQkZNRlhvaWJCSkttUVp3VEVrTTVraXotalFnRGJPRFlGbWtxR3pUeExZOWloV051OWduMHZCY2hkblhMbl84NUFVSTlTXzlCSlRtRjRKclpPN1BqbTJTYm9ERWdDZjdzVnNHMVdjQWZya28wOG1YaEtHWQ?oc=5,en,2026-08-20,
Trump-Backed Dronemaker Signs Deal With Gulf-Based Energy Firm,Bloomberg,bloomberg.com,bloomberg.com,2026-08-20,https://news.google.com/rss/articles/CBMiswFBVV95cUxOWFJRSU9ZNjJhaExqb2lGeHhhX0NGSnhpSzN3OVQzMzNxTXd6NTFDbEV2dVozbHVVajU2X3VVNVdTaTBqOXlWdEx6VkZ6YW9EQXFER1NlaXZRQkdISERFRWVURDJrWkNKeEk1NnpMdXJybzlTTjEwSTA2WVU4MUp3RkxFMkF1anpwa3RaeUFicUV1SmtSTjZQQ2ZkazE0T1lRU19OcGZhZlQ3ZDBMa3ZvLVUySQ?oc=5,en,2026-08-20,
"Watch Bitcoin Roars Past $70,000 as Yields Sink, Trump Sparks Optimism",Bloomberg,bloomberg.com,bloomberg.com,2026-08-20,https://news.google.com/rss/articles/CBMipAFBVV95cUxPRTZlcTByOWlZbnpUc1RJaFRrRmRadFpHalprd0RoaVU2U3dZMWhKNzFvYk5neFQ0WFJSODc0NHNvT2hQOEVYZFRoMC0zaklOTmRQaDY0UVdWTzBmNV81UjNfdUtTSjFTbkhRa2ZVcFRoYkI3YWtqYjg1UGl4QkdPZDN0WFd3bFVKOUk4WnJWcExBMHFJNXdDSzFCbEJkSmJ6bjJQcQ?oc=5,en,2026-08-20,
China Says Trump’s Economic Warfare Won’t Solve Iran Crisis,Bloomberg,bloomberg.com,bloomberg.com,2026-08-20,https://news.google.com/rss/articles/CBMirwFBVV95cUxNNU5aUndEZjdRTFRHdERTRDVfQ1pVWGxSOFY4V0pNM2tvR1BIQVJvcTRvOFBqczFsUllDem44akZMeXF3b2dYT2luZnVWY18yRkg5NF9zQ2R3UVJqUnBBd2hmbXl5cS00aERUd1o0UFVlRU5sV0ZlVkJ5SFZyYlMzem1XeWwyZ01lQVdFOG9vMS01cTJTZWd5NGloLVZWcFdzSWZxQ004cDFGWXJsT3VR?oc=5,en,2026-08-20,
Democratic Lawmakers Urge Fed’s Warsh to Disclose Trump Calls,Bloomberg,bloomberg.com,bloomberg.com,2026-08-20,https://news.google.com/rss/articles/CBMisgFBVV95cUxQTWFRYndNMFd1ZjB4U0hKaXBjLUhmeHhZT1JzTzBGT092d2QzZFRmalM3Z3lkaUF0bjNLODZhNjV1bHdLNnpGc2JRcmZmXzhWWWx4N3dXcVlEM0U5aHNVbUlVWnFIREppNDg3cGhEeGRDLV9xVzdBUXUtdlI4X1Y4a0pLMk5fTFNjRmdCQ0pNRWdPb0VnTlQ3M0NTY1pWSjdyV3pKRHp6azVtNzUzdDRFekxB?oc=5,en,2026-08-20,
North Korea Denies Kim Talks as Trump Eyes Meeting This Year,Bloomberg,bloomberg.com,bloomberg.com,2026-08-20,https://news.google.com/rss/articles/CBMisAFBVV95cUxPSVM1Z2JyY2pMY21LMEhRX3FNeG02dWxKck14NkcwWURBemljUVFMSm5zOGlHLWx6RlZWWGRiZGtpMFdhbHRXNWFldGtSbS11WTJiTzRleC1hSDlDZ3hmRUFaZHc0OEROUkxvR0h1TFNzd3JvSy1MRXNCbm1hajRiVGw3RjljekRjOG5TWGJrM2VPN1lhVWx1TmlRMlVpNWVlczMyNFZUSzBzMkpCNGpVUg?oc=5,en,2026-08-20,
"New details of plans for the Kennedy Center and White House ballroom include columns carved in Italy, plaza named for Trump",CBS News,cbsnews.com,cbsnews.com,2026-08-20,https://www.cbsnews.com/miami/news/trump-kennedy-center-white-house-ballroom-details/,en,2026-08-20,
Walmart says it is using $2.9 billion in tariff refunds to lower prices for shoppers,CBS News,cbsnews.com,cbsnews.com,2026-08-20,https://www.cbsnews.com/sanfrancisco/news/walmart-tariff-refunds-lower-prices/,en,2026-08-20,
Trump vows economic pressure on Iran as oil prices face uncertainty,CBS News,cbsnews.com,cbsnews.com,2026-08-20,https://www.cbsnews.com/texas/video/trump-vows-economic-pressure-on-iran-as-oil-prices-face-uncertainty/,en,2026-08-20,
Inside Disney and ABC's First Amendment rights as they sue FCC over early license renewal,CBS News,cbsnews.com,cbsnews.com,2026-08-20,https://www.cbsnews.com/video/disney-and-abc-sue-fcc-over-early-license-renewals-arguing-first/,en,2026-08-20,
"Liberia receives first group of ""third country"" deportees from U.S., officials say",CBS News,cbsnews.com,cbsnews.com,2026-08-20,https://www.cbsnews.com/news/liberia-first-group-third-country-deportees-from-u-s/,en,2026-08-20,
8/20: The Takeout with Major Garrett,CBS News,cbsnews.com,cbsnews.com,2026-08-20,https://www.cbsnews.com/video/082026-the-takeout-with-major-garrett/,en,2026-08-20,
USS Abraham Lincoln leaving Middle East after 9-month deployment,CBS News,cbsnews.com,cbsnews.com,2026-08-20,https://www.cbsnews.com/news/uss-abraham-lincoln-leaves-middle-east-deployment/,en,2026-08-20,
Iran dismisses Trump threat as U.S. escorts oil shipments,CBS News,cbsnews.com,cbsnews.com,2026-08-20,https://www.cbsnews.com/miami/video/iran-dismisses-trump-threat-as-u-s-escorts-oil-shipments/,en,2026-08-20,
"U.S.-Iran Live Updates: Vance says war in ""new phase"" of economic pressure as Iran dismisses Trump threat",CBS News,cbsnews.com,cbsnews.com,2026-08-20,https://www.cbsnews.com/miami/live-updates/iran-war-donald-trump-us-economic-threat-defeat/,en,2026-08-20,
Possible ComEd 4 retrial up in the air months after 7th Circuit ordered prison release for 2,CBS News,cbsnews.com,cbsnews.com,2026-08-20,https://www.cbsnews.com/chicago/news/comed-4-case-possible-retrial-federal-prosecutors-anne-pramaggiore-michael-mcclain/,en,2026-08-20,
Trump and Michael Cohen hold first public conversation in 8 years,CBS News,cbsnews.com,cbsnews.com,2026-08-20,https://www.cbsnews.com/video/trump-michael-cohen-first-public-conversation-8-years/,en,2026-08-20,
Trump administration pressuring countries to cut economic ties with Iran,CBS News,cbsnews.com,cbsnews.com,2026-08-20,https://www.cbsnews.com/video/trump-administration-pressuring-countries-cut-economic-ties-iran/,en,2026-08-20,
Self-described U.S. spy who infiltrated al Qaeda at risk of ICE deportation,CBS News,cbsnews.com,cbsnews.com,2026-08-20,https://www.cbsnews.com/video/self-described-u-s-spy-who-infiltrated-al-qaeda-at-risk-of-ice-deportation/,en,2026-08-20,
"U.S. national debt hits record $40 trillion, more than doubling in less than 10 years",CBS News,cbsnews.com,cbsnews.com,2026-08-20,https://www.cbsnews.com/video/us-national-debt-40-trillion-doubling-less-than-10-years/,en,2026-08-20,
Denver moves forward in 2028 Democratic National Convention selection process,CBS News,cbsnews.com,cbsnews.com,2026-08-20,https://www.cbsnews.com/colorado/news/denver-2028-democratic-national-convention-selection/,en,2026-08-20,
Philadelphia named finalist to host 2028 Democratic National Convention,CBS News,cbsnews.com,cbsnews.com,2026-08-20,https://www.cbsnews.com/philadelphia/news/philadelphia-finalist-host-2028-democratic-national-convention/,en,2026-08-20,
North Korea doesn't care that President Trump ordered scaling back of military exercises,CBS News,cbsnews.com,cbsnews.com,2026-08-20,https://www.cbsnews.com/chicago/video/north-korea-doesnt-care-that-president-trump-ordered-scaling-back-of-military-exercises/,en,2026-08-20,
Coinbase CEO says CLARITY Act will protect crypto users from another FTX collapse,CBS News,cbsnews.com,cbsnews.com,2026-08-20,https://www.cbsnews.com/news/coinbase-ceo-clarity-act-crypto-protection/,en,2026-08-20,
North Korea launches missiles as Trump seeks Kim Jong Un meeting this year,CBS News,cbsnews.com,cbsnews.com,2026-08-20,https://www.cbsnews.com/video/north-korea-fires-missiles-as-trump-eyes-kim-jong-un-meeting-this-year/,en,2026-08-20,
"Trump announces ""crushing economic operation"" against Iran",CBS News,cbsnews.com,cbsnews.com,2026-08-20,https://www.cbsnews.com/video/trump-announces-crushing-economic-operation-against-iran/,en,2026-08-20,
"Live Updates: Iran dismisses Trump's ""economic D-Day"" threat, says it ""will only bring further defeat""",CBS News,cbsnews.com,cbsnews.com,2026-08-20,https://www.cbsnews.com/live-updates/iran-war-donald-trump-us-economic-threat-defeat/,en,2026-08-20,
North Korea launches ballistic missiles as Trump seeks to rekindle nuclear talks with Kim Jong Un,CBS News,cbsnews.com,cbsnews.com,2026-08-20,https://www.cbsnews.com/news/north-korea-missile-launch-trump-kim-jong-un-nuclear-weapons/,en,2026-08-20,
Trump plans to meet with North Korea's Kim Jong Un,CBS News,cbsnews.com,cbsnews.com,2026-08-20,https://www.cbsnews.com/video/trump-plans-to-meet-with-north-koreas-kim-jong-un/,en,2026-08-20,
"Trump threatens Iran with ""Economic Warfare and Isolation""",CBS News,cbsnews.com,cbsnews.com,2026-08-20,https://www.cbsnews.com/video/trump-threatens-iran-with-economic-warfare-and-isolation/,en,2026-08-20,
Trump's Canada tariffs near after brief pause. A North American deal could ease the threat.,CBS News,cbsnews.com,cbsnews.com,2026-08-20,https://www.cbsnews.com/video/trumps-canada-tariffs-near-after-brief-pause-a-north-american-deal-could-ease-the-threat/,en,2026-08-20,
Trump teases talks with North Korea,CBS News,cbsnews.com,cbsnews.com,2026-08-20,https://www.cbsnews.com/minnesota/video/trump-teases-talks-with-north-korea/,en,2026-08-20,
"U.S. designates American citizen Min Zin, held by China, as wrongfully detained",CBS News,cbsnews.com,cbsnews.com,2026-08-20,https://www.cbsnews.com/news/min-zin-us-designates-american-citizen-held-by-china-wrongfully-detained/,en,2026-08-20,
"Tulsi Gabbard shares story of husband's cancer diagnosis: ""It was tough""",CBS News,cbsnews.com,cbsnews.com,2026-08-20,https://www.cbsnews.com/news/tulsi-gabbard-husband-abraham-williams-cancer-diagnosis/,en,2026-08-20,
"Trump announces ""crushing economic operation"" on Iran",CBS News,cbsnews.com,cbsnews.com,2026-08-20,https://www.cbsnews.com/detroit/video/trump-announces-crushing-economic-operation-on-iran/,en,2026-08-20,
Trump seeks meeting with Kim Jong Un as North Korea launches missiles,CBS News,cbsnews.com,cbsnews.com,2026-08-20,https://www.cbsnews.com/texas/video/trump-seeks-meeting-with-kim-jong-un-as-north-korea-launches-missiles/,en,2026-08-20,
Trump says North Korea has 57 nuclear warheads. South Korea says it could be up to 120.,CBS News,cbsnews.com,cbsnews.com,2026-08-20,https://www.cbsnews.com/video/trump-says-north-korea-has-57-nuclear-warheads-south-korea-says-it-could-be-up-to-120/,en,2026-08-20,
"President Trump announces ""crushing economic operation"" against Iran",CBS News,cbsnews.com,cbsnews.com,2026-08-20,https://www.cbsnews.com/newyork/video/president-trump-announces-crushing-economic-operation-against-iran/,en,2026-08-20,
"ICE, Iran quietly worked together on deporting Iranians to Iran, emails show",CBS News,cbsnews.com,cbsnews.com,2026-08-20,https://www.cbsnews.com/news/ice-iran-deport-more-than-100-iranians-to-iran-2025-2026/,en,2026-08-20,
The Cook Political Report just shifted its Texas and Iowa Senate ratings to toss ups. Here’s why.,CNN,cnn.com,cnn.com,2026-08-20,https://www.cnn.com/2026/08/20/politics/video/new-cook-political-senate-ratings-iowa-texas-ip,en,2026-08-20,
Investigators search for answers after deadly crash involving a state police helicopter,CNN,cnn.com,cnn.com,2026-08-20,https://www.cnn.com/2026/08/20/us/video/berman-muntean-pennsylvania-helicopter-plane-crash-cnc,en,2026-08-20,
Hamas official: We are still committed to Trump deal,CNN,cnn.com,cnn.com,2026-08-20,https://www.cnn.com/2026/08/20/tv/video/amanpour-hamas-official-basem-naim,en,2026-08-20,
‘Please stay strong’: Brother sends message to American deemed wrongfully detained in China,CNN,cnn.com,cnn.com,2026-08-20,https://www.cnn.com/2026/08/20/politics/min-zin-family-american-detained-china,en,2026-08-20,
Report: Gaza’s shelter crisis reaches critical levels,CNN,cnn.com,cnn.com,2026-08-20,https://www.cnn.com/2026/08/20/world/video/gaza-shelter-crisis-low-intv-fst-082010aseg2-ctw-cnni-world-fast,en,2026-08-20,
Scott Jennings emerges as early favorite to replace Karoline Leavitt but process is just beginning,CNN,cnn.com,cnn.com,2026-08-20,https://www.cnn.com/2026/08/20/politics/scott-jennings-white-house-press-secretary-process,en,2026-08-20,
Alaska was a trial run for Democrats’ Senate majority hopes. How did it go?,CNN,cnn.com,cnn.com,2026-08-20,https://www.cnn.com/2026/08/20/politics/alaska-senate-democrats-midterms-mary-peltola-dan-sullivan,en,2026-08-20,
Florida’s Democratic nominee for governor on the party’s future,CNN,cnn.com,cnn.com,2026-08-20,https://www.cnn.com/2026/08/20/politics/video/cnn-sitroom-pamela-brown-david-jolly-florida-election-byron-donalds-donald-trump-republican-democrat,en,2026-08-20,
The Odds: The Spending Backlash,CNN,cnn.com,cnn.com,2026-08-20,https://www.cnn.com/2026/08/20/politics/video/the-odds-the-spending-backlash-cnc-kalpar,en,2026-08-20,
Spain’s migration paradox,CNN,cnn.com,cnn.com,2026-08-20,https://www.cnn.com/world/video/spain-migration-paradox,en,2026-08-20,
‘It leaves me without words’: What American doctors saw in Gaza,CNN,cnn.com,cnn.com,2026-08-20,https://www.cnn.com/2026/08/20/tv/video/amanpour-american-doctor-mark-perlmutter-feroze-sidhwa-gaza,en,2026-08-20,
Donald Trump once called Michael Cohen a ‘rat.’ Now they’re sitting down for a public conversation,CNN,cnn.com,cnn.com,2026-08-20,https://www.cnn.com/2026/08/20/politics/michael-cohen-donald-trump-interview,en,2026-08-20,
Sources: FBI searches former Rep. Eric Swalwell’s home in federal investigation connected to sexual assault claims,CNN,cnn.com,cnn.com,2026-08-20,https://www.cnn.com/2026/08/20/us/video/cnn-sitroom-brown-gordon-eric-swalwell-investigation,en,2026-08-20,
"Transportation Secretary Sean Duffy has a new reality show, sponsored by companies his department regulates. Who is it for?",CNN,cnn.com,cnn.com,2026-08-20,https://www.cnn.com/2026/08/20/politics/video/inside-politics-sean-duffy-reality-show,en,2026-08-20,
"Trump threatens Iran with ‘economic warfare,’ while cutting off talks",CNN,cnn.com,cnn.com,2026-08-20,https://www.cnn.com/2026/08/20/world/live-news/iran-war-trump,en,2026-08-20,
Exclusive: CNN speaks to target of Monaco bombing,CNN,cnn.com,cnn.com,2026-08-20,https://www.cnn.com/2026/08/20/world/video/monaco-bombing-cnn-exclusive,en,2026-08-20,
Diddy’s former bodyguard speaks out on Tupac murder trial,CNN,cnn.com,cnn.com,2026-08-20,https://www.cnn.com/2026/08/20/us/video/diddys-former-bodyguard-speaks-out-on-tupac-murder-trial-lcl,en,2026-08-20,
DNC Chair Ken Martin: ‘I’m not going anywhere’,CNN,cnn.com,cnn.com,2026-08-20,https://www.cnn.com/2026/08/20/politics/video/dnc-chair-ken-martin-im-not-going-anywhere-lcl,en,2026-08-20,
The Democrats’ one neat trick to try to win a Senate majority,CNN,cnn.com,cnn.com,2026-08-20,https://www.cnn.com/2026/08/20/politics/independents-democrats-red-states-senate,en,2026-08-20,
"After months of delays, the Department of Transportation debuts a new reality show starring Secretary Sean Duffy",CNN,cnn.com,cnn.com,2026-08-20,https://www.cnn.com/2026/08/20/us/video/great-american-road-trip-debuts-sean-duffy,en,2026-08-20,
Melania Trump prioritizes policy over public presence this term,CNN,cnn.com,cnn.com,2026-08-20,https://www.cnn.com/2026/08/20/politics/melania-trump-foster-youth-indycar,en,2026-08-20,
"Zelensky ‘is losing his credibility in Ukraine,’ says activist",CNN,cnn.com,cnn.com,2026-08-20,https://www.cnn.com/2026/08/20/tv/video/amanpour-kaleniuk,en,2026-08-20,
Trump is squeezing Iran’s economy and oil sales. It may still have the upper hand in Hormuz,CNN,cnn.com,cnn.com,2026-08-20,https://www.cnn.com/2026/08/20/business/iran-economy-war-leverage-intl,en,2026-08-20,
"The traditional respiratory virus season hasn’t started, but Covid is already climbing",CNN,cnn.com,cnn.com,2026-08-20,https://www.cnn.com/2026/08/20/health/covid-summer-wave,en,2026-08-20,
Experts slam ‘flawed’ Trump administration Census report on alleged noncitizen voting,CNN,cnn.com,cnn.com,2026-08-20,https://www.cnn.com/2026/08/20/politics/flawed-census-report-alleged-noncitizen-voting,en,2026-08-20,
Trump has a new plan to crush Iran’s economy. But will he stay the course?,CNN,cnn.com,cnn.com,2026-08-20,https://www.cnn.com/2026/08/20/politics/trump-iran-war-strait-of-hormuz,en,2026-08-20,
GOP candidate’s company paid $3M to settle claims it exploited immigrant nurses,CNN,cnn.com,cnn.com,2026-08-20,https://www.cnn.com/2026/08/20/politics/rick-jackson-immigration-georgia-governor,en,2026-08-20,
Trump’s tariff strategy has changed. But his goal hasn’t,CNN,cnn.com,cnn.com,2026-08-20,https://www.cnn.com/2026/08/20/business/trumps-tariff-strategy,en,2026-08-20,
"Trump unveils new construction project , signs piece of helipad",CNN,cnn.com,cnn.com,2026-08-20,https://edition.cnn.com/2026/08/19/politics/trump-construction-white-house-helipad,en,2026-08-20,
Key Trump legislative advisor to depart with potentially bruising midterm looming,CNN,cnn.com,cnn.com,2026-08-20,https://edition.cnn.com/2026/08/19/politics/trump-legislative-advisor-james-braid-departing,en,2026-08-20,
Trump has a new plan to crush Iran economy . But will he stay the course ?,CNN,cnn.com,cnn.com,2026-08-20,https://us.cnn.com/2026/08/20/politics/trump-iran-war-strait-of-hormuz,en,2026-08-20,
"Live updates : Trump says cutting off talks , while threatening Iran with  economic warfare",CNN,cnn.com,cnn.com,2026-08-20,https://us.cnn.com/2026/08/20/world/live-news/iran-war-trump,en,2026-08-20,
"Live updates : Trump threatens Iran with  economic warfare , while cutting off talks",CNN,cnn.com,cnn.com,2026-08-20,https://edition.cnn.com/2026/08/20/world/live-news/iran-war-trump,en,2026-08-20,
Kim Jong Un powerful sister says she is  completely unaware  if he contacted Trump,CNN,cnn.com,cnn.com,2026-08-20,https://edition.cnn.com/2026/08/19/asia/kim-jong-un-sister-unaware-trump-talks-intl,en,2026-08-20,
Trump is squeezing Iran economy and oil sales . It may still have the upper hand in Hormuz,CNN,cnn.com,cnn.com,2026-08-20,https://edition.cnn.com/2026/08/20/business/iran-economy-war-leverage-intl,en,2026-08-20,
Trump tariff strategy has changed . But his goal hasnt,CNN,cnn.com,cnn.com,2026-08-20,https://edition.cnn.com/2026/08/20/business/trumps-tariff-strategy,en,2026-08-20,
Michael Cohen to interview Donald Trump on - air,CNN,cnn.com,cnn.com,2026-08-20,https://us.cnn.com/2026/08/20/politics/michael-cohen-donald-trump-interview,en,2026-08-20,
"Exclusive : Navy weighs renaming carrier slated to honor Black war hero , potentially switching it to Trump",CNN,cnn.com,cnn.com,2026-08-20,https://us.cnn.com/2026/08/20/politics/navy-weighs-renaming-carrier-black-war-hero-to-trump,en,2026-08-20,
Evening Edition: President Trump Calls for 'Economic D-Day' For Countries That Aid Iran,Fox News,foxnews.com,foxnews.com,2026-08-20,https://radio.foxnews.com/2026/08/20/evening-edition-president-trump-calls-for-economic-d-day-for-countries-that-aid-iran/,en,2026-08-20,
"Venezuelans, Cubans, Colombians arrive in African nation under Trump deportation deal",Fox News,foxnews.com,foxnews.com,2026-08-20,https://www.foxnews.com/world/venezuelans-cubans-colombians-arrive-african-nation-trump-deportation-deal,en,2026-08-20,
Trump says Michael Cohen was 'weaponized' by mainstream media in surprise radio reunion,Fox News,foxnews.com,foxnews.com,2026-08-20,https://www.foxnews.com/media/trump-says-michael-cohen-weaponized-mainstream-media-surprise-radio-reunion,en,2026-08-20,
'I heard you missed me': Melania Trump turns heads in patriotic Rose Garden look for major announcement,Fox News,foxnews.com,foxnews.com,2026-08-20,https://www.foxnews.com/lifestyle/i-heard-you-missed-me-melania-trump-turns-heads-patriotic-rose-garden-look-major-announcement,en,2026-08-20,
"Vice President JD Vance blasts Mamdani, El-Sayed, AOC and Ossoff in rapid-fire TikTok roast",Fox News,foxnews.com,foxnews.com,2026-08-20,https://www.foxnews.com/politics/vice-president-jd-vance-blasts-mamdani-el-sayed-aoc-ossoff-rapid-fire-tiktok-roast,en,2026-08-20,
Obama strategist turns on rising Dem star over viral Trump attack: 'Gratuitous and unnecessary',Fox News,foxnews.com,foxnews.com,2026-08-20,https://www.foxnews.com/politics/obama-strategist-turns-rising-dem-star-over-viral-trump-attack-gratuitous-unnecessary,en,2026-08-20,
Carville unloads on DSA socialists: 'Don't use our god---- name',Fox News,foxnews.com,foxnews.com,2026-08-20,https://www.foxnews.com/politics/carville-unloads-dsa-socialists-dont-use-our-god-name,en,2026-08-20,
"Jill Biden entertains possibility Joe was drugged before debate, asked point blank if doctors ruled out stroke",Fox News,foxnews.com,foxnews.com,2026-08-20,https://www.foxnews.com/media/jill-biden-entertains-possibility-joe-drugged-debate-asked-point-blank-doctors-ruled-out-stroke,en,2026-08-20,
Sean Duffy faces family dilemma over embattled Ivy League school and Christian values,Fox News,foxnews.com,foxnews.com,2026-08-20,https://www.foxnews.com/politics/sean-duffy-faces-family-dilemma-embattled-ivy-league-school-christian-values,en,2026-08-20,
"First lady Melania Trump, Fox Corporation announce landmark strategic alliance to grow Fostering the Future",Fox News,foxnews.com,foxnews.com,2026-08-20,https://www.foxnews.com/media/first-lady-melania-trump-fox-corporation-announce-landmark-strategic-alliance-grow-fostering-future,en,2026-08-20,
Democrats who ‘never voted Republican’ back Rogers over El-Sayed in razor-close race,Fox News,foxnews.com,foxnews.com,2026-08-20,https://www.foxnews.com/politics/democrats-never-voted-republican-back-rogers-el-sayed-razor-close-race,en,2026-08-20,
Angel dad takes major new role after daughter’s killing sparks sweeping illegal alien crackdown,Fox News,foxnews.com,foxnews.com,2026-08-20,https://www.foxnews.com/politics/angel-dad-takes-major-new-role-after-daughters-killing-sparks-sweeping-illegal-alien-crackdown,en,2026-08-20,
Sherrill escalates Trump fight over voter fiasco day after Mullin praises NJ cooperation,Fox News,foxnews.com,foxnews.com,2026-08-20,https://www.foxnews.com/politics/sherrill-escalates-trump-fight-voter-fiasco-day-after-mullin-praises-nj-cooperation,en,2026-08-20,
Dem mayor torches DNC in scathing letter for 'abandoning' Black voters after convention snub,Fox News,foxnews.com,foxnews.com,2026-08-20,https://www.foxnews.com/politics/dem-mayor-torches-dnc-scathing-letter-abandoning-black-voters-2028-convention-snub,en,2026-08-20,
"Tulsi Gabbard gives promising, emotional update on husband's successful bone cancer surgery",Fox News,foxnews.com,foxnews.com,2026-08-20,https://www.foxnews.com/politics/tulsi-gabbard-promising-emotional-update-husbands-successful-bone-cancer-surgery,en,2026-08-20,
Rubio designates US citizen held in China as wrongfully detained as Trump prepares to host Xi at White House,Fox News,foxnews.com,foxnews.com,2026-08-20,https://www.foxnews.com/politics/rubio-designates-us-citizen-held-china-wrongfully-detained-trump-prepares-host-xi-white-house,en,2026-08-20,
Arctic power play gives top US adversary new opening with Russia as US stakes grow,Fox News,foxnews.com,foxnews.com,2026-08-20,https://www.foxnews.com/world/arctic-power-play-gives-top-us-adversary-new-opening-russia-us-stakes-grow,en,2026-08-20,
Darline Graham’s ‘embarrassing and inexcusable’ national security stumble spotlights break from late brother,Fox News,foxnews.com,foxnews.com,2026-08-20,https://www.foxnews.com/politics/darline-grahams-embarrassing-inexcusable-national-security-stumble-spotlights-break-late-brother,en,2026-08-20,
Former bitter enemies Trump and Michael Cohen reunite for radio interview,Fox News,foxnews.com,foxnews.com,2026-08-20,https://www.foxnews.com/media/former-bitter-enemies-trump-michael-cohen-reunite-radio-interview,en,2026-08-20,
"Florida Senate candidate Angie Nixon defends drag shows as 'wholesome' for children, brought her kids to one",Fox News,foxnews.com,foxnews.com,2026-08-20,https://www.foxnews.com/media/florida-senate-candidate-angie-nixon-defends-drag-shows-wholesome-children-brought-kids,en,2026-08-20,
Commies Take Home The Grand Prize,Fox News,foxnews.com,foxnews.com,2026-08-20,https://radio.foxnews.com/2026/08/20/commies-take-home-the-grand-prize/,en,2026-08-20,
Dem’s ‘sexist’ remark against cancer survivor provokes Republican to go scorched earth: ‘Guy’s got a problem’,Fox News,foxnews.com,foxnews.com,2026-08-20,https://www.foxnews.com/politics/dems-sexist-remark-against-cancer-survivor-provokes-republican-go-scorched-earth-guys-got-problem,en,2026-08-20,
"Trump could face impeachment if Democrats seize House majority, GOP leader warns",Fox News,foxnews.com,foxnews.com,2026-08-20,https://www.foxnews.com/politics/trump-could-face-impeachment-democrats-seize-house-majority-gop-leader-warns,en,2026-08-20,
Florida socialist Angie Nixon says she doesn’t ‘really know’ Hasan Piker,Fox News,foxnews.com,foxnews.com,2026-08-20,https://www.foxnews.com/media/florida-socialist-angie-nixon-says-she-doesnt-really-know-hasan-piker,en,2026-08-20,
Alina Habba shuts down speculation she could replace Karoline Leavitt as White House press secretary,Fox News,foxnews.com,foxnews.com,2026-08-20,https://www.foxnews.com/politics/alina-habba-shuts-down-speculation-replace-karoline-leavitt-white-house-press-secretary,en,2026-08-20,
Irán desestima amenazas económicas de EEUU y otras noticias en Oriente Medio,Los Angeles Times,latimes.com,latimes.com,2026-08-20,https://www.latimes.com/espanol/internacional/articulo/2026-08-20/iran-desestima-amenazas-economicas-de-eeuu-y-otras-noticias-en-oriente-medio,es,2026-08-20,
"More than 2,300 Mexicans sent to Guatemala and Honduras as Trump ramps up deportations",Los Angeles Times,latimes.com,latimes.com,2026-08-20,https://www.latimes.com/world-nation/story/2026-08-20/u-s-sends-more-than-2-300-mexican-deportees-to-guatemala-honduras,en,2026-08-20,
The bond market swings back to worries and knocks stocks lower,Los Angeles Times,latimes.com,latimes.com,2026-08-20,https://www.latimes.com/business/story/2026-08-20/bond-market-swings-back-to-worries-knocks-stocks-lower,en,2026-08-20,
"Commentary: In an age of cowardly leaders, we're holding out for a hero. Spider-Man to the rescue!",Los Angeles Times,latimes.com,latimes.com,2026-08-20,https://www.latimes.com/entertainment-arts/story/2026-08-20/spiderman-big-hit-in-age-of-cowardly-leaders,en,2026-08-20,
North Korea fires barrage of missiles toward the sea after dismissing overture from Trump,Los Angeles Times,latimes.com,latimes.com,2026-08-20,https://www.latimes.com/world-nation/story/2026-08-20/north-korea-fires-barrage-of-missiles-toward-sea-after-dismissing-overture-from-trump,en,2026-08-20,
"U.S. sends 20 deportees to Liberia, part of 1,200 migrants the country will receive under new deal",Los Angeles Times,latimes.com,latimes.com,2026-08-20,https://www.latimes.com/world-nation/story/2026-08-20/u-s-sends-20-deportees-to-liberia-part-of-1-200-migrants-country-will-receive-under-new-deal,en,2026-08-20,
"U.S. aircraft carrier arrives in Middle East, relieving long-deployed USS Lincoln",Los Angeles Times,latimes.com,latimes.com,2026-08-20,https://www.latimes.com/world-nation/story/2026-08-20/u-s-aircraft-carrier-arrives-in-middle-east-relieving-long-deployed-uss-lincoln,en,2026-08-20,
Iran dismisses U.S. economic threats,Los Angeles Times,latimes.com,latimes.com,2026-08-20,https://www.latimes.com/world-nation/story/2026-08-20/iran-dismisses-u-s-economic-threats,en,2026-08-20,
The wealth tax debate exposes the economic ignorance of politicians,Los Angeles Times,latimes.com,latimes.com,2026-08-20,https://www.latimes.com/opinion/story/2026-08-20/wealth-tax-debate-exposes-economic-ignorance-of-politicians,en,2026-08-20,
Stars and Stripes publisher quits in clash over Pentagon 'woke distractions' campaign,Los Angeles Times,latimes.com,latimes.com,2026-08-20,https://www.latimes.com/business/story/2026-08-20/stars-stripes-publisher-quits-in-clash-over-pentagon-woke-distractions-campaign,en,2026-08-20,
"Judge allows controversial oil company to continue pumping, strips California of oversight",Los Angeles Times,latimes.com,latimes.com,2026-08-20,https://www.latimes.com/environment/story/2026-08-20/judge-allows-controversial-oil-company-continue-pumping,en,2026-08-20,
"Democrats narrow their list of 2028 presidential convention sites to Boston, Denver and Philadelphia",Los Angeles Times,latimes.com,latimes.com,2026-08-20,https://www.latimes.com/world-nation/story/2026-08-20/democrats-narrow-their-list-of-2028-presidential-convention-sites-to-boston-denver-philadelphia,en,2026-08-20,
"A quiet channel between ICE and Iran shaped deportation flights, newly released emails show",Los Angeles Times,latimes.com,latimes.com,2026-08-20,https://www.latimes.com/world-nation/story/2026-08-20/quiet-channel-between-ice-iran-shaped-deportation-flights-newly-released-emails-show,en,2026-08-20,
Letters to the Editor: Populist approaches to affordability aren’t unrealistic. They’re needed.,Los Angeles Times,latimes.com,latimes.com,2026-08-20,https://www.latimes.com/opinion/letters-to-the-editor/story/2026-08-20/affordability-populism-democratic-socialists,en,2026-08-20,
How Jackie the bald eagle found more loyal fans than some of L.A.s biggest human celebrities,Los Angeles Times,latimes.com,latimes.com,2026-08-20,https://www.latimes.com/california/newsletter/2026-08-20/how-jackie-bald-eagle-found-more-loyal-fans-than-some-of-l-a-s-biggest-human-celebrities,en,2026-08-20,
Missouri court allows new Trump-backed U.S. House districts to be used in November election,Los Angeles Times,latimes.com,latimes.com,2026-08-20,https://www.latimes.com/world-nation/story/2026-08-20/missouri-court-allows-new-trump-backed-u-s-house-districts-to-be-used-in-november-election,en,2026-08-20,
Letters to the Editor: Young lifeguard’s courage stands in stark contrast to Trump’s behavior,Los Angeles Times,latimes.com,latimes.com,2026-08-20,https://www.latimes.com/opinion/letters-to-the-editor/story/2026-08-20/lifeguard-ryder-williams-trump,en,2026-08-20,
Remains of famed eagle Jackie will go to tribes. Some fans are fighting it,Los Angeles Times,latimes.com,latimes.com,2026-08-20,https://www.latimes.com/environment/newsletter/2026-08-20/bald-eagle-jackie-remains-native-americans-controversy,en,2026-08-20,
Column: Trump's reputation for corruption is doing Democrats' work for them,Los Angeles Times,latimes.com,latimes.com,2026-08-20,https://www.latimes.com/opinion/story/2026-08-20/trump-affordability-corruption,en,2026-08-20,
"At airports, ICE snatches people who are following the rules",Los Angeles Times,latimes.com,latimes.com,2026-08-20,https://www.latimes.com/opinion/story/2026-08-20/ice-immigration-agents-airport-enforcement-visas,en,2026-08-20,
Commentary: It's beyond debate. California voters deserve a Becerra-Hilton face-off,Los Angeles Times,latimes.com,latimes.com,2026-08-20,https://www.latimes.com/politics/newsletter/2026-08-20/california-governor-race-becerra-hilton-debate,en,2026-08-20,
"Californians are more concerned about Trump interference in midterm than fraud, poll finds",Los Angeles Times,latimes.com,latimes.com,2026-08-20,https://www.latimes.com/california/story/2026-08-20/poll-californians-trump-midterms-interference-election-fraud,en,2026-08-20,
"'I am not running for president,' Attorney General Todd Blanche says at Iowa State Fair",NBC News,nbcnews.com,nbcnews.com,2026-08-20,https://www.nbcnews.com/meet-the-press/video/-i-am-not-running-for-president-attorney-general-todd-blanche-says-at-the-iowa-state-fair-268610117573,en,2026-08-20,
Trump’s war on woke leaves almost $300 million in small-business loans in limbo,NBC News,nbcnews.com,nbcnews.com,2026-08-20,https://www.nbcnews.com/business/business-news/trumps-war-woke-leaves-almost-300-million-small-business-loans-limbo-rcna593105,en,2026-08-20,
Trump fired the attorneys for migrant kids. He’s recruiting military lawyers.,NBC News,nbcnews.com,nbcnews.com,2026-08-20,https://www.nbcnews.com/news/us-news/unaccompanied-migrant-children-deportation-military-lawyers-rcna592623,en,2026-08-20,
Trump warns of economic consequences for any country that supports Iran,NBC News,nbcnews.com,nbcnews.com,2026-08-20,https://www.nbcnews.com/world/iran/trump-warns-economic-consequences-country-supports-iran-rcna593490,en,2026-08-20,
"North Korea fired about 10 short-range ballistic missiles toward the sea, Seoul says",NBC News,nbcnews.com,nbcnews.com,2026-08-20,https://www.nbcnews.com/world/asia/south-korea-says-north-korea-fires-10-short-range-ballistic-missiles-rcna593503,en,2026-08-20,
Missouri court allows new Trump-backed U.S. House districts to be used in November election,NBC News,nbcnews.com,nbcnews.com,2026-08-20,https://www.nbcnews.com/politics/congress/missouri-court-allows-trump-backed-republican-congressional-map-2026-rcna593514,en,2026-08-20,
Trump says Kim Jong Un has 57 ‘very powerful’ nuclear weapons. Seoul says he has far more.,NBC News,nbcnews.com,nbcnews.com,2026-08-20,https://www.nbcnews.com/world/asia/trump-kim-jong-un-nuclear-weapons-north-korea-south-military-drills-rcna593487,en,2026-08-20,
U.S. designates American held by China as wrongfully detained,NBC News,nbcnews.com,nbcnews.com,2026-08-20,https://www.nbcnews.com/world/asia/us-designates-min-zin-american-scholar-held-china-wrongfully-detained-rcna593500,en,2026-08-20,
China urges South Korea not to take sides and blames U.S. policy for Korea tensions,NBC News,nbcnews.com,nbcnews.com,2026-08-20,https://www.nbcnews.com/world/asia/china-urges-south-korea-not-take-sides-blames-us-policy-korea-tensions-rcna593502,en,2026-08-20,
Trump threatens âunprecedentedâ economic warfare against Iran,NBC News,nbcnews.com,nbcnews.com,2026-08-20,https://www.nbcnews.com/politics/trump-administration/live-blog/trump-congress-2026-primary-election-iran-live-updates-rcna593455,en,2026-08-20,
National debt hits $40 trillion and Prince Harry and Meghan to move to U.K.: Morning Rundown,NBC News,nbcnews.com,nbcnews.com,2026-08-20,https://www.nbcnews.com/news/us-news/national-debt-40-trillion-prince-harry-meghan-morning-rundown-rcna593492,en,2026-08-20,
Colombian president asks Trump to suspend tariffs to help earthquake recovery,NBC News,nbcnews.com,nbcnews.com,2026-08-20,https://www.nbcnews.com/news/us-news/colombia-president-asks-trump-suspend-tariffs-help-earthquake-recover-rcna593495,en,2026-08-20,
Alleged New York terror plot foiled,NBC News,nbcnews.com,nbcnews.com,2026-08-20,https://www.nbcnews.com/nightly-news/video/alleged-new-york-terror-plot-foiled-268622917957,en,2026-08-20,
'Nothing has gotten better': Focus group shares affordability concerns as US debt tops $40 trillion,NBC News,nbcnews.com,nbcnews.com,2026-08-20,https://www.nbcnews.com/meet-the-press/video/-nothing-has-gotten-better-focus-group-shares-affordability-concerns-as-us-debt-tops-40-trillion-268608069671,en,2026-08-20,
What’s animating undecided voters in two key states: From the Politics Desk,NBC News,nbcnews.com,nbcnews.com,2026-08-20,https://www.nbcnews.com/politics/politics-news/s-animating-undecided-voters-two-key-states-politics-desk-rcna593624,en,2026-08-20,
"FBI searches former Rep. Eric Swalwell’s home, seizes his electronic devices",NBC News,nbcnews.com,nbcnews.com,2026-08-20,https://www.nbcnews.com/politics/justice-department/fbi-searches-former-rep-eric-swalwells-home-seizes-electronic-devices-rcna593574,en,2026-08-20,
"At Walmart, billions in tariff refunds soften the blow from slower sales growth",NBC News,nbcnews.com,nbcnews.com,2026-08-20,https://www.nbcnews.com/business/consumer/walmart-earnings-tariffs-sales-growth-rcna593450,en,2026-08-20,
Focus groups: Deep anxiety about the economy drives undecided voters in two key Senate races,NBC News,nbcnews.com,nbcnews.com,2026-08-20,https://www.nbcnews.com/politics/2026-election/focus-groups-deep-anxiety-economy-drives-undecided-voters-two-key-sena-rcna593115,en,2026-08-20,
FBI searches Eric Swalwell's home and seizes his electronic devices,NBC News,nbcnews.com,nbcnews.com,2026-08-20,https://www.nbcnews.com/now/video/fbi-searches-eric-swalwell-s-home-and-seizes-his-electronic-devices-268592197874,en,2026-08-20,
‘Rearranging deckchairs on the Titanic’: Bonds erase the impact of Treasury’s intervention,NBC News,nbcnews.com,nbcnews.com,2026-08-20,https://www.nbcnews.com/business/markets/bond-yields-stocks-oil-prices-rcna593517,en,2026-08-20,
Crime in the U.S. is down. Why?,NPR,npr.org,npr.org,2026-08-20,https://www.npr.org/2026/08/20/nx-s1-5939437/crime-in-the-u-s-is-down-why,en,2026-08-20,
"Trump Warns Economic Warfare For Aiding Iran, Federal Debt Grows, Venezuela Oil Deals",NPR,npr.org,npr.org,2026-08-20,https://www.npr.org/2026/08/20/nx-s1-5939306/trump-warns-economic-warfare-for-aiding-iran-federal-debt-grows-venezuela-oil-deals,en,2026-08-20,
U.S. oil companies sign some of the first deals with Venezuela since Maduro's capture,NPR,npr.org,npr.org,2026-08-20,https://www.npr.org/2026/08/20/nx-s1-5938237/u-s-oil-companies-sign-some-of-the-first-deals-with-venezuela-since-maduros-capture,en,2026-08-20,
Trump declared ‘economic warfare’ on Iran. What does that mean for Americans?,NPR,npr.org,npr.org,2026-08-20,https://www.npr.org/2026/08/20/nx-s1-5939835/trump-declared-economic-warfare-on-iran-what-does-that-mean-for-americans,en,2026-08-20,
Record cyclosporiasis outbreak tests the response of a 'weakened' health system,NPR,npr.org,npr.org,2026-08-20,https://www.npr.org/2026/08/20/nx-s1-5930462/trump-health-foodborne-illness-outbreak-cyclospora,en,2026-08-20,
The Iran war and tariffs are costing farmers. Will Republicans pay in November?,NPR,npr.org,npr.org,2026-08-20,https://www.npr.org/2026/08/20/nx-s1-5914684/farmers-trump-pennsylvania-midterms,en,2026-08-20,
"What to know about Dr. Heidi Overton, Trump's pick to lead the FDA",NPR,npr.org,npr.org,2026-08-20,https://www.npr.org/2026/08/20/nx-s1-5939549/heidi-overton-fda-commissioner-trump-senate-nomination,en,2026-08-20,
D.C.'s IndyCar race will zoom past museums. Some worry it could harm the art inside,NPR,npr.org,npr.org,2026-08-20,https://www.npr.org/2026/08/20/nx-s1-5939431/dc-indycar-race-museums-art-vibration,en,2026-08-20,
Gulf allies brace for a future with an emboldened Iran,NPR,npr.org,npr.org,2026-08-20,https://www.npr.org/2026/08/20/nx-s1-5938777/gulf-allies-brace-for-a-future-with-an-emboldened-iran,en,2026-08-20,
"U.S. debt tops $40 trillion. And, new census report Trump is touting raises concerns",NPR,npr.org,npr.org,2026-08-20,https://www.npr.org/2026/08/20/g-s1-139388/up-first-newsletter-us-debt-venezuela-oil-deals-census-bureau-trump-voting-claims,en,2026-08-20,
Trump to nominate Dr. Heidi Overton to lead FDA,NPR,npr.org,npr.org,2026-08-20,https://www.npr.org/2026/08/20/nx-s1-5938124/trump-to-nominate-dr-heidi-overton-to-lead-fda,en,2026-08-20,
The bond market is signaling trouble ahead. This is why you should pay attention,NPR,npr.org,npr.org,2026-08-20,https://www.npr.org/2026/08/20/nx-s1-5937600/economy-bonds-inflation-debt-consumers,en,2026-08-20,
Here's how the system to report problems in ICE detention has failed immigrants,NPR,npr.org,npr.org,2026-08-20,https://www.npr.org/2026/08/20/nx-s1-5850361/grievance-ice-detention-immigrants,en,2026-08-20,
"North Korea fires a suspected missile toward the sea, Japan says",NPR,npr.org,npr.org,2026-08-20,https://www.npr.org/2026/08/20/g-s1-139381/north-korea-suspected-missile,en,2026-08-20,
Disabled adults learn and work in their communities. That right is under threat,NPR,npr.org,npr.org,2026-08-20,https://www.npr.org/2026/08/20/nx-s1-5891791/disability-rights-community-living-integration-trump,en,2026-08-20,
New Zealand Football CEO hopes ‘others will feel brave enough’ to go public on Infantino’s position,New York Times,nytimes.com,nytimes.com,2026-08-20,https://www.nytimes.com/athletic/7525183/2026/08/20/new-zealand-football-gianni-infantino-world-cup-sale-criticism/,en,2026-08-20,
Summer 2026 News Quiz for Students,New York Times,nytimes.com,nytimes.com,2026-08-20,https://www.nytimes.com/quiz/2026/08/20/learning/2026-summer-news-quiz-for-students.html,en,2026-08-20,
Lynx give Valkyries another reminder of the gap to the top in battle of WNBA’s best,New York Times,nytimes.com,nytimes.com,2026-08-20,https://www.nytimes.com/athletic/7526042/2026/08/20/minnesota-lynx-golden-state-valkyries-wnba-gabby-williams-olivia-miles/,en,2026-08-20,
"Giants’ Abdul Carter says, ‘I want to be the greatest of all time.’ And why not?",New York Times,nytimes.com,nytimes.com,2026-08-20,https://www.nytimes.com/athletic/7524510/2026/08/20/abdul-carter-ny-giants-2026-nfl-training-camp/,en,2026-08-20,
"Getting an IndyCar race in downtown Washington, D.C. took many complicated turns",New York Times,nytimes.com,nytimes.com,2026-08-20,https://www.nytimes.com/athletic/7523720/2026/08/20/freedom-250-grand-prix-indycar-washington-dc/,en,2026-08-20,
Trump Officials Scrap Effort to Recruit Pentagon Lawyers to Represent Migrant Children,New York Times,nytimes.com,nytimes.com,2026-08-20,https://www.nytimes.com/2026/08/19/us/politics/migrant-children-pentagon-lawyers.html,en,2026-08-20,
Trump Threatens Economic Pain for Countries That Help Iran,New York Times,nytimes.com,nytimes.com,2026-08-20,https://www.nytimes.com/2026/08/19/us/politics/trump-sanctions-iran.html,en,2026-08-20,
Trump Can’t Speak Brazil’s Master Language,New York Times,nytimes.com,nytimes.com,2026-08-20,https://www.nytimes.com/2026/08/20/opinion/trump-brazil-election-bolsonaro.html,en,2026-08-20,
Jimmy Fallon Teases Trump’s Efforts to Rekindle North Korea Bromance,New York Times,nytimes.com,nytimes.com,2026-08-20,https://www.nytimes.com/2026/08/20/arts/television/jimmy-fallon-trump-kim-jong-un.html,en,2026-08-20,
"Under Trump, Protected Wild Horses Are Going to Slaughter",New York Times,nytimes.com,nytimes.com,2026-08-20,https://www.nytimes.com/2026/08/20/us/trump-wild-horses-legal-loophole-slaughter.html,en,2026-08-20,
How Trump Is Trying to Crush California’s Environmental Policies,New York Times,nytimes.com,nytimes.com,2026-08-20,https://www.nytimes.com/2026/08/20/climate/trump-california-climate.html,en,2026-08-20,
Trump’s Election Interference Is Eroding American Democracy,New York Times,nytimes.com,nytimes.com,2026-08-20,https://www.nytimes.com/interactive/2026/08/20/opinion/trump-election-interference-democracy.html,en,2026-08-20,
"Trump’s Order to Cut Military Exercises With South Korea Carries Risks, Experts Say",New York Times,nytimes.com,nytimes.com,2026-08-20,https://www.nytimes.com/2026/08/20/us/politics/trumps-order-military-exercises-risks.html,en,2026-08-20,
Trump Threat Puts Focus on Iran’s Trading Partners,New York Times,nytimes.com,nytimes.com,2026-08-20,https://www.nytimes.com/2026/08/20/world/middleeast/iran-trade-trump-threat-china.html,en,2026-08-20,
Trump Tariff Talks Leave Key Canadian Official Hopeful,New York Times,nytimes.com,nytimes.com,2026-08-20,https://www.nytimes.com/2026/08/20/world/canada/trump-carney-tariffs-trade-deal.html,en,2026-08-20,
Trump Officials Move to Fund Gaza Peacekeepers Even as Peace Plan Falters,New York Times,nytimes.com,nytimes.com,2026-08-20,https://www.nytimes.com/2026/08/20/us/politics/gaza-peacekeepers-funding.html,en,2026-08-20,
Climate: Trump vs. California,New York Times,nytimes.com,nytimes.com,2026-08-20,https://www.nytimes.com/2026/08/20/climate/climate-trump-vs-california.html,en,2026-08-20,
"Trump Boasts of Declassifying Secrets, but Withholds Key Election Files From Public",New York Times,nytimes.com,nytimes.com,2026-08-20,https://www.nytimes.com/2026/08/20/us/politics/trump-2024-election-classified-files.html,en,2026-08-20,
Japan’s U.S. Ties Could Not Save a Top Judge From Trump’s I.C.C. Sanctions,New York Times,nytimes.com,nytimes.com,2026-08-20,https://www.nytimes.com/2026/08/20/world/asia/japan-trump-icc-judge-sanctions.html,en,2026-08-20,
The Message Behind Trump’s Threats of ‘Economic Warfare’ Against Iran,New York Times,nytimes.com,nytimes.com,2026-08-20,https://www.nytimes.com/2026/08/20/world/europe/trump-iran-economy-sanctions-threats.html,en,2026-08-20,
Trump Officials Impose More Sanctions to Pressure Cuba,New York Times,nytimes.com,nytimes.com,2026-08-20,https://www.nytimes.com/2026/08/20/us/politics/trump-cuba-sanctions.html,en,2026-08-20,
Capitol agenda: Trump 1.0 enemies face brutal primaries,Politico,politico.com,politico.com,2026-08-20,https://www.politico.com/live-updates/2026/08/20/congress/what-were-watching-01043199,en,2026-08-20,
Dems sharpen attack on post-midterm target: Trump’s mineral deals,Politico,politico.com,politico.com,2026-08-20,https://news.google.com/rss/articles/CBMijwFBVV95cUxPdFBhbmc4SGJ2SUhORXNRSnRScUpMSGdsMmxNSkZ2R3gtcFZBUGtkQjRQdkxoWWwyNTFmZ3dtNUxSR2lpdlEtakk5OHZSLS1aZmdaRXBzeGI1cVNod2dSV2FkWTg4blZyLVBHdC1JNklPUTZvVmU1SnYtc1VSTjFTaEI2V0Z6WEs3OEIzbTktVQ?oc=5,en,2026-08-20,
Trump’s FAA picked an unlikely contractor to lead its air traffic overhaul. The agency is having second thoughts.,Politico,politico.com,politico.com,2026-08-20,https://news.google.com/rss/articles/CBMifEFVX3lxTE1GSm5VcHQ2NVZybmE4N05Ka3M4ZEVuYzhwd003LUlLRFBkbHdRWk1ISW11U0IwU0RVMTZqdkd6bTNqVE5KY0I3N2lMdnladWpiR3pONmRpdXFuc2NOWUhxNTRaRk5zbnpOVE1tWGotXzAwNmx4N3IyVm5sTXE?oc=5,en,2026-08-20,
Michael Cohen won’t say if he’ll use his Trump interview to seek a pardon,Politico,politico.com,politico.com,2026-08-20,https://news.google.com/rss/articles/CBMilwFBVV95cUxONE93ZlBDdkYzUGR6eVhIWmdLbU1IMW5wRmFaczI3X0Vub1Q5ZUphUGNCZldLeUZBT2VyLU9XTThuYkFqekxPTW1PYjZzUEtsSlp4QzFvcDRsdmlHR051TlRqenY4dWtYR0pTVEtkQU1mcXZpV3QzUjh1ZWVDYllDdFc1ekdUS2ZuTkZMQWViZ2E2aFVQNV93?oc=5,en,2026-08-20,
What Trump’s Iran war messaging is missing,Politico,politico.com,politico.com,2026-08-20,https://news.google.com/rss/articles/CBMivwFBVV95cUxPS01KSEp4SmY3bVRQcjFfcDlISGlIN090cVMyaENUWFh5TmhVcEdLSktpei1YZy1qbEZsaEZCbUEwZlJ5REROZFF6MUtvaW93ZXVjUFF6d1VoQ2NfbWZyU2xPM1RsQTRWN2wxeVI1SEpiMHE2N3c5WmlGRkx3WUpKVmlaTW9KN0UyN3psRXlzbkRIdkxqay11dlF6OFowUzRXUXpTb2YyeUJyUFpMaDlqaXQ0MVhSakVjclVqWU5FUQ?oc=5,en,2026-08-20,
Trump 1.0 enemies face brutal primaries,Politico,politico.com,politico.com,2026-08-20,https://news.google.com/rss/articles/CBMisgFBVV95cUxPWEtoWVFBN3lydnplOHJVS3FnNWozSDJwOWN5T1VNTExCV0xaTzNBOWdWMUZZbUUwOEZlSXFfbzg0ZUtwRDJhVlVITjFJSU5YTjAzSW9DbzJaVnB5d0NKUVFEaFIzN1NIcDljYmdEa3RUemNVR3BVQUVrYjV0U0VTeUZvbjdSR2tVSEMzS0wwMlNzckZnRkRvaGl0dkQ1aUxCeDVfRVNVX1RjX3VkOEdaaUVn?oc=5,en,2026-08-20,
Trump signs memo to help drastically boost US commercial space launches,Reuters,reuters.com,reuters.com,2026-08-20,https://news.google.com/rss/articles/CBMiowFBVV95cUxNMkh1VE1fRktBNUVjamY5eGg0T010SWoxOGFXYWRvajNoVjhIX3hjX2JnYzZzRDdsdXhDVEVuT1hYdVZHaWFsSnRwcTJ6VGE2XzBfQ3dQU1pJZkNyRkRhQW0zc1RiMU9tVGhXeWFjQjExaXUtc1o2LTRLN19kVkdkT09GSmU3RlNEZnZFa1pJLV93SURwdU9CWDUwZDFneVRVc0dR?oc=5,en,2026-08-20,
EXCLUSIVE: Trump administration to back US minerals projects with $500 million in grants,Reuters,reuters.com,reuters.com,2026-08-20,https://news.google.com/rss/articles/CBMivwFBVV95cUxQdThFUDZLSTMyUHJsWGcwcS16TExSR3JHMnp1R25OQWltNmp4TGZ2R3dlbDJRQ2taWnVBODlVNXVOMUFRYmI5U3pEbHktb2xRYk5lZE00TzBqdmZqdXBzY3ZZaFVqRTdGQnhlSDdGMmpRbWpwblRkandfRmFnWUhwbUpDRmF4dk1UUVVGdmdlZGpoYWNiM1d4QUowU2x5aFhqMnM4d1E4ZEN2VVZ3LVdxYUpUQWM2bEF5dkgzSkstOA?oc=5,en,2026-08-20,
Trump threatens to isolate Iran. Who are its trading partners?,Reuters,reuters.com,reuters.com,2026-08-20,https://news.google.com/rss/articles/CBMirgFBVV95cUxQUTliUERTQVlVWVpERU5Zd3V1dXdSY2JuZExLUjMtUkMxWXVoZFJzLUx1aTFITDQwdWY5RS1pR3pDNDVWMGlFS0t6cE9DQmYwNWRDeWViME50enF1X1RZWjNVYmF2ME9obUp6TTNLcG01ekdLS1liNUhmeDdmU1hYVnVpR21vTzlDYUJKY3EzYkItZThBZE9kYS1EV3FfYkx4MXZUVFloa2FYWG5jUVE?oc=5,en,2026-08-20,
"DOJ seeks to question FBI officials tied to search of Trump Mar-a-Lago estate, sources say",Reuters,reuters.com,reuters.com,2026-08-20,https://news.google.com/rss/articles/CBMizgFBVV95cUxQUzNKdnlUaE1aZHV1bGdGQjZMU3pWLVQ1YnNQYllxMi1zRF9GeFFQZlFTdkZzeDAyWXItbHZHY2l5V3QxOG5sbmgzc3M2YUszNjB5THp1T3A4aE1KMGw5RElsclNHWkZXSWFuLUhXNlJmREVlaWhZV2RRQ2FNSVU3N2tzb2xvQ0c2N2pfYzRVaG9XTUFqS2pXbDBCZlMxSlZHNURLRkk4UnFrZmw0VjZqMFZqUVl0X0otODdHeU5Rbm92M3JYeDduTnNSLVJ5QQ?oc=5,en,2026-08-20,
"Venezuelans and Cubans among deportees to Liberia under Trump deal, official says",Reuters,reuters.com,reuters.com,2026-08-20,https://news.google.com/rss/articles/CBMivwFBVV95cUxQcXdrbkRyd3FOTF8wdXNGSkRHMWJmaEJBQUtmMDhBcnhiTHJ6bmpWRWV3LVREeGlkeC1BUFEzU2xGUmdIYVF4dXNLRmctcmtyZkMyVVJINm1GUE1yaXc4V1FzQmlNbktwVklkckZPQVV5S1kwejhDTzRLRjVQczFtRVVfSERnamVlaVFBSC13SDNfYkgwTFhtaUJ6dEdxOGlFaWJhOERncnVkWkttUV80SV80N2xOQW14WE1BRmNzaw?oc=5,en,2026-08-20,
"South Korea estimates North Korea has up to 120 nuclear warheads, far above Trump's figure",Reuters,reuters.com,reuters.com,2026-08-20,https://news.google.com/rss/articles/CBMi2AFBVV95cUxPai1rZ0dWNGExT2VoOUNnVEs4X01iZlpPVkU0aUlQTE9aNVJXNThnV0k3aEtZMm9yNmxBWWgwTVJzdFMzN2s0ZUR5amstVHNtQnNESkdRQklHV2Jtbm4wRm84OEN0WlVZU0ZuV3lNX3ZkVnlzbG1mYkU2dnRHS0xnQzY0U1Z1amx4d0hRMnkyNmxsejlnN1ZCTFVKenRyUXdXaDdibUVBaktqT3l3N3dJTldHaFR0N19WQUtTNklFV09NLVNzWFo0ZEhhZ1gxYjhqNmhIS2hRN3U?oc=5,en,2026-08-20,
Oil settles up more than 2% after Trump threatens countries supporting Iran,Reuters,reuters.com,reuters.com,2026-08-20,https://news.google.com/rss/articles/CBMiqgFBVV95cUxOM1ZTcG5JRHQxeFFrOEd6Q0s4eWdFZGZwRmUyaFlPQkEwWEFLZ2xtLUJxMDFGRzZEZ1VEMjA5MjlMazgtZkJRM01FRXJ3Yk5wZUJSRW8yUEc5THM4VEZBd3V0LVhiRHBBWExnTElPMTRCX3d1ODhKR2lDdHVDVktTZS1BTUtuLXN2ZGRwUmpnNzhEdDJBZnp3cHExVndUYWlrenVEOXI0dVppdw?oc=5,en,2026-08-20,
"US, South Korea to cut length, scope of military drills after Trump order",Reuters,reuters.com,reuters.com,2026-08-20,https://news.google.com/rss/articles/CBMiwAFBVV95cUxPWjJDSC1vNWx4bEg0SXR2M0htUXhSS0Jfb0Riend2YmpHcXZSVlg0d1VacGZPa1hhYTlUREg4Y3FCVkNHV3d6VFBBYjBUYm9QYjhUcU40NmJPMnBDYVp1TFVrNnRqaFQ4NWJMb21fcUdIYmhZYWVvVU5KemNQQmJuUU9kLVVGOGpDcm5IS1BobzF1NXpsYlpkOTB4QUJicENTZ0VnQVZ1VmNOZHlfVEl1dlNEQnVyQW1oOExvclJ6UTY?oc=5,en,2026-08-20,
'I heard you missed me.' First lady Melania Trump quips,USA Today,usatoday.com,usatoday.com,2026-08-20,https://www.usatoday.com/story/news/politics/2026/08/20/melania-trump-heard-you-missed-me/91393616007/,en,2026-08-20,
"Sen. Bernie Sanders endorses Angie Nixon, a DSA candidate in Florida",USA Today,usatoday.com,usatoday.com,2026-08-20,https://www.usatoday.com/story/news/politics/elections/2026/08/20/sen-bernie-sanders-endorses-angie-nixon-a-dsa-candidate-in-florida/91391387007/,en,2026-08-20,
Walmart plans to lower prices using $2.9 billion in tariff refunds,USA Today,usatoday.com,usatoday.com,2026-08-20,https://www.usatoday.com/story/money/retail/2026/08/20/walmart-lower-prices-tariff-refunds/91386086007/,en,2026-08-20,
New aircraft carrier arrives in Middle East to replace USS Lincoln,USA Today,usatoday.com,usatoday.com,2026-08-20,https://www.usatoday.com/story/news/politics/2026/08/20/uss-george-washington-abraham-lincoln-iran-war/91387302007/,en,2026-08-20,
Could Ossoff win the 2028 election if he chose to run? Poll shows hope,USA Today,usatoday.com,usatoday.com,2026-08-20,https://www.usatoday.com/story/news/state/georgia/2026/08/20/could-ossoff-win-the-2028-election-if-he-chose-to-run-poll-shows-hope/91383636007/,en,2026-08-20,
"El-Sayed, Rogers tie in new Michigan Senate poll; voters dislike Trump",USA Today,usatoday.com,usatoday.com,2026-08-20,https://www.usatoday.com/story/news/politics/elections/2026/08/20/michigan-senate-abdul-el-sayed-mike-rogers-poll/91390006007/,en,2026-08-20,
Darline Graham blew a basic foreign policy question – a familiar tale,USA Today,usatoday.com,usatoday.com,2026-08-20,https://www.usatoday.com/story/news/politics/2026/08/20/darline-graham-question-botched-taiwan-china-senate/91372779007/,en,2026-08-20,
Shop Kai Trump Target back-to-school shopping college apartment picks,USA Today,usatoday.com,usatoday.com,2026-08-20,https://www.usatoday.com/story/shopping/entertainment/celebrity/2026/08/20/kai-trump-college-essentials-target/91388931007/,en,2026-08-20,
DC residents react to Trump's Freedom 250 Grand Prix,USA Today,usatoday.com,usatoday.com,2026-08-20,https://www.usatoday.com/story/news/usa250/2026/08/20/trump-freedom-grand-prix-dc-residents-react/91374571007/,en,2026-08-20,
Michael Cohen reconciles with Donald Trump after public feud,USA Today,usatoday.com,usatoday.com,2026-08-20,https://www.usatoday.com/story/news/politics/2026/08/20/michael-cohen-interview-donald-trump-feud/91387341007/,en,2026-08-20,
"Trump's approval rating stagnant, Emerson College's August poll shows",USA Today,usatoday.com,usatoday.com,2026-08-20,https://www.usatoday.com/story/news/politics/2026/08/20/trump-august-approval-rating-stagnant-new-poll/91387692007/,en,2026-08-20,
Melania Trump to get commemorative helmet ahead of 250 Grand Prix,USA Today,usatoday.com,usatoday.com,2026-08-20,https://www.usatoday.com/story/news/politics/2026/08/20/melania-trump-helmet-grand-prix/91372641007/,en,2026-08-20,
"US news today: Harry and Meghan, Sophie Cunningham in Daily Briefing",USA Today,usatoday.com,usatoday.com,2026-08-20,https://www.usatoday.com/story/news/2026/08/20/harry-and-meghan-sophie-cunningham-llws-hayden-panettiere/91382781007/,en,2026-08-20,
Trump Media's pay-for-access plan draws legal and ethical concerns,USA Today,usatoday.com,usatoday.com,2026-08-20,https://www.usatoday.com/story/money/2026/08/20/trump-truth-social-lawsuit-api/91369557007/,en,2026-08-20,
Angie Nixon's Florida win among these democratic socialist victories,USA Today,usatoday.com,usatoday.com,2026-08-20,https://www.usatoday.com/story/news/politics/elections/2026/08/20/angie-nixon-democratic-socialist-winners/91374978007/,en,2026-08-20,
Who will replace Karoline Leavitt? Alina Habba says not her,USA Today,usatoday.com,usatoday.com,2026-08-20,https://www.usatoday.com/story/news/politics/2026/08/20/alina-habba-scott-jennings-white-house-press-secretary/91383824007/,en,2026-08-20,
Endorsements cross party lines in GA elections. Will it split tickets?,USA Today,usatoday.com,usatoday.com,2026-08-20,https://www.usatoday.com/story/news/state/georgia/2026/08/20/endorsements-cross-party-lines-in-ga-elections-will-it-split-tickets/91372353007/,en,2026-08-20,
"Kathy Griffin, Rosie O'Donnell – 'Jimmy Kimmel' snub 'hurt' Griffin",USA Today,usatoday.com,usatoday.com,2026-08-20,https://www.usatoday.com/story/entertainment/celebrities/2026/08/20/kathy-griffin-rosie-odonnell-jimmy-kimmel-snub/91385275007/,en,2026-08-20,
Trump threatens 'Economic D-Day' for countries that help Iran,USA Today,usatoday.com,usatoday.com,2026-08-20,https://www.usatoday.com/story/news/politics/2026/08/20/trump-united-states-iran-economic-warfare/91384340007/,en,2026-08-20,
Trump ended Haitian TPS. How Miami's Little Haiti was affected,USA Today,usatoday.com,usatoday.com,2026-08-20,https://www.usatoday.com/story/news/nation/2026/08/20/trump-ended-haitian-tps-how-miamis-little-haiti-affected/91259624007/,en,2026-08-20,
Angie Nixon's win in Florida teaches us a few things,USA Today,usatoday.com,usatoday.com,2026-08-20,https://www.usatoday.com/story/opinion/columnist/2026/08/20/nixon-florida-primary-win-fundraising-polling-midterms/91370815007/,en,2026-08-20,
"Jon Ossoff addresses 'Natalie' comment, viral amid dispute with Trump",USA Today,usatoday.com,usatoday.com,2026-08-20,https://www.usatoday.com/story/news/politics/2026/08/20/jon-ossoff-trump-dispute-natalie-comment/91383736007/,en,2026-08-20,
Trump urges interest rate cuts as Fed stays wary of inflation,USA Today,usatoday.com,usatoday.com,2026-08-20,https://www.usatoday.com/story/news/politics/2026/08/20/trump-interest-rate-inflation-federal-reserve/91383847007/,en,2026-08-20,
Where is the National Symphony Orchestra playing this year in DC?,USA Today,usatoday.com,usatoday.com,2026-08-20,https://www.usatoday.com/story/news/state/washington-dc/2026/08/20/where-is-the-national-symphony-orchestra-playing-this-year-in-dc/91385096007/,en,2026-08-20,
North Korea launches missiles as US-South Korea drills near end,USA Today,usatoday.com,usatoday.com,2026-08-20,https://www.usatoday.com/story/news/world/2026/08/20/north-korea-launches-missiles-us-south-korea-drills/91383797007/,en,2026-08-20,
What it means that Democrats are winning special elections in Trump country,Washington Post,washingtonpost.com,washingtonpost.com,2026-08-20,https://www.washingtonpost.com/politics/2026/08/19/what-it-means-that-democrats-are-winning-special-elections-trump-country/,en,2026-08-20,
"Democrats’ view of Trump’s first term improves in retrospect, poll finds",Washington Post,washingtonpost.com,washingtonpost.com,2026-08-20,https://www.washingtonpost.com/politics/2026/08/20/democrats-view-trumps-first-term-improves-retrospect-poll-finds/,en,2026-08-20,
Trump increasingly lashing out at allies as victory in Iran war proves elusive,Washington Post,washingtonpost.com,washingtonpost.com,2026-08-20,https://www.washingtonpost.com/world/2026/08/20/frustrated-by-stalled-iran-war-trump-threatens-oman-other-gulf-allies/,en,2026-08-20,
I helped develop the rotavirus vaccine. Trump’s overhaul makes me sick.,Washington Post,washingtonpost.com,washingtonpost.com,2026-08-20,https://www.washingtonpost.com/opinions/2026/08/20/three-shots-instead-one-trumps-vaccine-overhaul-lacks-evidence/,en,2026-08-20,
Trump wants a ballroom in Ireland. One man is having a ball fighting it.,Washington Post,washingtonpost.com,washingtonpost.com,2026-08-20,https://news.google.com/rss/articles/CBMisgFBVV95cUxPbjZJeWplZXVuSkhBeFJvOUZldFhDUm94ZFFtRXJ3SWdJX3Y4TEpoWVFQckJUUmhVaEtlOWFXN2VfbWJ4RjJZNUtxc3M4Z3hFWE43bmJJVEVDOGZkNUlTcmNNZVhFa2VCMVI0dkJLU3duaFBXMGtESUlucXU5M1JTUGQyN2FtRWZ4N2lNRXd0WmhXS2N6MnB4ZkxHR2ViSXNPek9DcXVUdTE4RGY4UjQydFFB?oc=5,en,2026-08-20,
What to know if you’re going to Trump’s Grand Prix race in D.C.,Washington Post,washingtonpost.com,washingtonpost.com,2026-08-20,https://news.google.com/rss/articles/CBMiqgFBVV95cUxNT0xHZUFGS3VPSXhHREtoTzVwN1Y5dkR0TlgwVTB3dUkyTE9XUjRORDBHOG1wd0pHMUJUOWNiZE9OcHp0dUJJLUhxSXdhSE8wT0YxVktrVDU1Y2JFTU1HN1RRTDh2cmY2Rno5dWkxaGRSSkd4Q1g4Z0Q3eHQzMW9HZlM2TmZ3UG5wX09tUE13U3UtTERrUVJQcUZhT0hEVWFaVDJvVUNUOV90UQ?oc=5,en,2026-08-20,
"Trump shows off his new helipad, brags about construction projects",Washington Post,washingtonpost.com,washingtonpost.com,2026-08-20,https://news.google.com/rss/articles/CBMiuAFBVV95cUxOYUJGZDNJdUhiYmxVY01IMklwcXZlS1lNbHF1U3BkQVdSTUt0dV85WFR6R2dXZ3g3dTZpRXhMV0I1WXlsUjcxUU9YeXRLdDhnbGR0b2J2clIxV256SERFTmRjdVM3aUl1WXJ2YWdVVjFLR1hzT1psbnZRaUlObUw4R3hvTDBtUkd2WE1ncTZaaEpvY0xGcUs2SVZ5RkdaOEQxV3UtZDNZeXp2SHFaLXItdmZPblp6b3NQ?oc=5,en,2026-08-20,
Three more Trump-endorsed candidates lose their primaries,Washington Post,washingtonpost.com,washingtonpost.com,2026-08-20,https://news.google.com/rss/articles/CBMirgFBVV95cUxQYzdNSTgyTGNlTFN1eml1cF9lTklWcEZHbDQ5aE1jc0pEbjlBTFI2RDZMTVJpa2pmeWkwUi1yTDBPMEpHeE9BWV9tTWZyX1pmeU96eEtSbk5BR1FXOWFxQWFLWW5UdHN5MnpMTVlzZXZqeHF5NHZNNEtKVTFQVmRucDNQY2lhLU82QlNwN3o1RFFUeE9LWUdsaTlJQ3kyUFk5OTF4Mk40M0NtZFFMbUE?oc=5,en,2026-08-20,
Opinion | I know what U.S. Navy sailors sacrifice. Trump’s indifference stings.,Washington Post,washingtonpost.com,washingtonpost.com,2026-08-20,https://news.google.com/rss/articles/CBMixwFBVV95cUxQV0w2aDIwbE5JWUhBeWVXY1NxUGR1OFhXUld4bHNGZ3B0TDFibE9teHhzMlhjamF1eHA3WmtleUtjeDFQQmR0bFJ1WE41eHFyRmdJcWVzNUZqVVlKc09CWjh0S2tqeTE3elZ4R3M2dlJxOXNaQ0JxVVBsbDRLSWJ4Y0JrV1o4anRiSEcxR1Y2WnlFRTlva25zYm1GRk8tMU92dkJXVUxObzUzNlZUSDBfaWFPcmpHMU5TVE91Zi1MZTJRdGQ3d1Jv?oc=5,en,2026-08-20,
Trump says he expects to meet with North Korea’s Kim Jong Un later this year,Washington Post,washingtonpost.com,washingtonpost.com,2026-08-20,https://news.google.com/rss/articles/CBMiwgFBVV95cUxPNGVRVjFLQnpoX3huNTE3WTBZYTZnLTZUY3NmcmZ6V2hSUlYtNEcyXzFxNG9UQlJHTVdaNmVpUlh0bFcyWUJ1S1Q4TzR2WHBKdGxwMElISXZVNVNSLXd0SzdNc3NsdVROV3VzTF9JQ1dVOE5rX29nanRyS0tPZUdkLUtnR0tvaERWcmJJQkxIRzM3elBVOVN2Rm82UFBERHhwMlNrUWtUM2RrU2xndFcwbjRlOERkNXdzMUg5YUxqeTREUQ?oc=5,en,2026-08-20,
Trump joins leaders of crypto companies in push for industry-backed bill,Washington Post,washingtonpost.com,washingtonpost.com,2026-08-20,https://news.google.com/rss/articles/CBMitAFBVV95cUxQWXl3dXVnUkt6Q0lTVHNkUVZwbVVDRlVuT29SbWU4VDVJcG9LUEtMcHdnVEYxRTN1c2xnR193UGpvX1FsNkllQ3ZzRGlvcWJyOHY3X18teTV4SndqVGpHWnZubWFLN3hEWE82aG0yQ1UzUXRJNWR5TmNlVEhkeE8wWXotc3lSTU1vekpLNV9wR0J1RU1aT3c5N2puV0lRSUtZTURuZFppMEhKcUFtaWd3NU9BdE4?oc=5,en,2026-08-20,
Missouri court allows new Trump-backed US House districts to be used in November election,Washington Post,washingtonpost.com,washingtonpost.com,2026-08-20,https://news.google.com/rss/articles/CBMi5gFBVV95cUxNS1BVR0poTV9UdHY5bzZaZndORGQ1dFJjRExsVHhUNHVwamZGc09yT3BfOWlDRlFNVnNWT2hPWkJpTEF4UTNUalhJb1lUckljeGdTb01wQ21sd04yeW9PZi1VVFdlMjBGWFE5LVNzaHVvcmRBTW5IMnU1LWVFUjh5dGNZZDZ4eUkzdjZBeGI3bm02VVdhU19jNHkyejhPS2N6aFRkclhwTjNQbDk2Z3cxRUtUZVlGTHNpR05jYkxnQ3g1OExzWkRqQnhuSGFreDBBcjRhZTRaeVhZUEw2UjhYSXVoWWluUQ?oc=5,en,2026-08-20,
Board overseeing Dulles Airport approves $15.5 billion to fund Trump renovation,Washington Post,washingtonpost.com,washingtonpost.com,2026-08-20,https://news.google.com/rss/articles/CBMivgFBVV95cUxQOWF4WXE1c3VIN0UyaHFTTWVVYTJpTF9kLU1xZUFDdkF4RGQ0b29jYk5kUUFHa3BqanVsNi1Cdmdwbm9CMmZfeklkX2VTZU1LWFRrLUpiallvem40RHpHU3RqZ2VKUEpXTk80eEtfamRwM1gxVWJQVmJjZEE2Q3JJNnIzTFVJN1hiMDVVaGRuekFtYi11cThQQkgtcXdjdng2OG5jbU5iemlPSDhnSjVxYUdoZkpWdUI5dE9ERVR3?oc=5,en,2026-08-20,
"Trump selects Heidi Overton, White House aide, to lead FDA",Washington Post,washingtonpost.com,washingtonpost.com,2026-08-20,https://news.google.com/rss/articles/CBMimwFBVV95cUxPUENNM3AyYlplTTdvWnZLQ3pjbHQ0VTVuQ1RqNGR5QVZfNVNtMnRGdmtUaU9LUnhEanpWNXpLcktIWk8yWndVeGJ1TV9XaWwzLTRVdnNRbUwwMmlya2pyZHZoRWdxVV9saENlR0N6S0ZqNFR2UGIwRlF1aXFLNldMUEJCbUJHRVduWUtrR0VqTTg0TkVIXzZPbHBNNA?oc=5,en,2026-08-20,
Federal court is asked to block Kennedy Center from returning Trump's name to building,ABC News,abcnews.go.com,abcnews.go.com,2026-08-21,https://news.google.com/rss/articles/CBMiogFBVV95cUxQVUxCRGNmdHRwOWN5X3Zka1M5XzBXM2YxbTAzbGVvT2U3MEluZkhrWFpkZjMtaWozU0QzQXF1SnJkanlmeGhEeU11b245VER5OU4xSG9qT1BqNHZ4NFQ1UzZUT3B2NWZZNmlwVk85dkFEUE1RME1WY2hmU3dCX2N2LW1mTVFFb1NETVVhQmpRQVBEb1ZkUHBCbjZrYnNZdThPTEHSAacBQVVfeXFMTk9UNnozcHdkTUFoQ0hDd21lZ0hXM3g4MjN2VGFNYUpnYjA0T1hoVDR1Ynd2Z1ByTUhhRUgteDlQRDY4LVB2SlRXejZ6VkpKeXhHOVEtZmtYd0RIUXhSRkJNb1RmZWxQNmQ2c1dIV2xra3JDb3A1WTVvU3dXbDdrcHdGdlktVG1vUzl3VVlMSHYyaUNvS3ZQZ2owLVhwcDRycHljSFJkUWM?oc=5,en,2026-08-21,
"Treasury pushing plans for $250 bill with Trump's portrait and signature, sources say",ABC News,abcnews.go.com,abcnews.go.com,2026-08-21,https://news.google.com/rss/articles/CBMiqAFBVV95cUxOR2NmbTVQVUxOTEJtaXI4VlhjM2t4cm9EZVotRDk0elh4MFhPanhXMGNfbGM1cjYzU0I5OERZZXNKUzBJOE43ZmtKRF9rT3VuU0NadzFXcjZGVUVFd1RiQm05Z3psMjJGM0JYLVhoaTRqWWJ4d082OEpuaGFVR0VMRmpxY24yOHpwTU1wZkY5VzdReVNBbHhuVnh4amNSX3NkaFNycWx2SUbSAa4BQVVfeXFMTUFEUFV3dS0wM0c3ZzBFUmJMdFJISUhJWDFidmE3dFl4MExOVmFQQlFtU0tGWkZEUk80U3ZaOENmVWRsUm1sQ29PNlpfdENqc1NGX3FMOFMzczR0NW81UVVZOVJEczhTbk10WTR4QjkzVjdlbUQ0ZDdsUW40Rkk4XzdFSms5eEZqSjVoMldnQndiaUc1WEpHbFlqQ1JqMGxMTFFSdFY1M3ZKV3VZS2dn?oc=5,en,2026-08-21,
"Rep. Tom Kean hasn't voted in months, yet Trump is backing him",ABC News,abcnews.go.com,abcnews.go.com,2026-08-21,https://news.google.com/rss/articles/CBMikAFBVV95cUxORkxfWHRQY0x1TEdTczBncXRTQ1VVbXNMOFFzN0JwRW94VDN0OHB4NDUtVng4bDVSS09WOHVXZ0VGTnMwaU91Vy1KSi1tSHVvX1hxbVpBa1doUEpwYkRSZ08wNEVkTEw0cFNRSGIzWV9HZS1ZZWNGdklLb3R4aTR3bldYakNtR0ZzdGItcGZmTWHSAZYBQVVfeXFMTTl5bUl3TFhaRmtxTlUweTJJcTluZkFSN3E1RWphVW5HYksweFRGd0xRTHV6dHhweURzaDNSYlVCU2hHaGZBandiOWsyQ0IxRzNyd0NhUktleU1LdjZubDN0bS0yeEU5alpfS3FMTzh3RGFOUGMwZmZZbE00bUVsUWlQdFUyRjczSllUdDh4NW55WnJjcndR?oc=5,en,2026-08-21,
Trump admin sends 1st deportation flight to Haiti since ending temporary protected status,ABC News,abcnews.go.com,abcnews.go.com,2026-08-21,https://news.google.com/rss/articles/CBMiowFBVV95cUxOeEh4Qk9EUjFpYWpFUjc2Q2tvVU5PSjB1U2dUc1ZDS1pNb2tUV1dmVDVLeW9LRFRFS1dvT3R4ZnNnOFl0VHB6WlhfRS1aTWRIcHdodktCR0cwNjd6M3Z3T2VYSnNiVV9VbWg3ZGFkczVlWDRYZXVwZHF2VzY1SGwtSTJ3bjNPUmpmb0JrU3FZSllxU0hmWEx5SFZXak0xR2c3UktZ0gGoAUFVX3lxTE03dm5faFY3cU14Q25nZjY2Tm5TOHBRbkJpS1FBVkZhQzY4MV9wdGxtWFJwc2xieF9KSjM3ZlotZlY4ZjNSZENidWxXSzZiNkQ0UDVfd1JsWHRnNU5YMXN1Nm5xQk8tazAyWVNNc3FtVnl2SUZ2cjh0M1pkNHlhaGxFellGUXh0bEpBZFNWVDVoQWpVU1JiSmpRdWw1RlpRSVE0QzA1LWZiQg?oc=5,en,2026-08-21,
IMO Contradicts Trump Claims on Strait of Hormuz,Bloomberg,bloomberg.com,bloomberg.com,2026-08-21,https://www.bloomberg.com/news/videos/2026-08-21/imo-contradicts-trump-claims-on-strait-of-hormuz-video,en,2026-08-21,
"Trump Plan to Choke Iran's Economy, Bessent's Buybacks, More",Bloomberg,bloomberg.com,bloomberg.com,2026-08-21,https://www.bloomberg.com/news/audio/2026-08-21/trump-plan-to-choke-iran-s-economy-bessent-s-buybacks-more,en,2026-08-21,
Trump's EPA Environmental Rollbacks Hit Legal Roadblocks,Bloomberg,bloomberg.com,bloomberg.com,2026-08-21,https://www.bloomberg.com/news/articles/2026-08-21/trump-s-epa-environmental-rollbacks-hit-legal-roadblocks,en,2026-08-21,
Trump Risks China Blowback With Plan to Choke Iran’s Economy,Bloomberg,bloomberg.com,bloomberg.com,2026-08-21,https://news.google.com/rss/articles/CBMiswFBVV95cUxOX0lXSUduZ2g3cVN0WDBOSkFHTl9veVlaVHp0UUxyX1kxRzgwSEhzN0p4Y3JKTnFzcEFMbUJ1VkV6cEM3Z2wzRlVOZUdhT01vNmZoN1N3YnNjb2JhaXFMRzhmaGw1TXExN0g1SUNCb1FVOWpRUzFOYjNrTzRJa0d2TS1WQm1rSDRGT1B2X3JFZENHampuaE8tck1MckNiODBtb1dTR3hQS19CeEI4bnl4U0YxVQ?oc=5,en,2026-08-21,
Navy discusses renaming aircraft carrier after Trump instead of heroic Black sailor,NBC News,nbcnews.com,nbcnews.com,2026-08-21,https://www.nbcnews.com/politics/trump-administration/navy-discusses-renaming-aircraft-carrier-trump-black-uss-doris-miller-rcna593667,en,2026-08-21,
USS Lincoln heads home after extended deployment to the Middle East,NBC News,nbcnews.com,nbcnews.com,2026-08-21,https://www.nbcnews.com/politics/national-security/uss-lincoln-heads-home-extended-deployment-middle-east-rcna593639,en,2026-08-21,
Donald Trump and Michael Cohen bury the hatchet,NBC News,nbcnews.com,nbcnews.com,2026-08-21,https://www.nbcnews.com/politics/donald-trump/president-fixer-michael-cohen-reunite-radio-show-rcna593535,en,2026-08-21,
What to know about this weekend's IndyCar race on the National Mall,NPR,npr.org,npr.org,2026-08-21,https://www.npr.org/2026/08/21/nx-s1-5939443/dc-indycar-race-overview-watch-politics,en,2026-08-21,
"Tarik Muharemovic on Balogun tackle, Chiellini and Leeds: ‘The Premier League is a dream come true’",New York Times,nytimes.com,nytimes.com,2026-08-21,https://www.nytimes.com/athletic/7523993/2026/08/21/muharemovic-leeds-balogun-usmnt-bosnia-juventus-interview/,en,2026-08-21,
Trump Announces a New Policy for a ‘Golden Age of Space Transportation’,New York Times,nytimes.com,nytimes.com,2026-08-21,https://www.nytimes.com/2026/08/20/science/trump-space-transportation-policy.html,en,2026-08-21,
Why Can’t We Be Friends? Trump Has a Reunion (of Sorts) With Michael Cohen.,New York Times,nytimes.com,nytimes.com,2026-08-21,https://www.nytimes.com/2026/08/20/us/politics/trump-radio-michael-cohen.html,en,2026-08-21,
How Harvard’s Epic Fight With Trump Is Costing the University,New York Times,nytimes.com,nytimes.com,2026-08-21,https://www.nytimes.com/2026/08/21/us/harvard-trump-costs.html,en,2026-08-21,
Trump’s biggest political event so far isn’t in a battleground state,Politico,politico.com,politico.com,2026-08-21,https://www.politico.com/news/2026/08/21/trump-rally-south-carolina-darline-graham-01045166,en,2026-08-21,
"Democrats want to probe Donald Trump, his family and his administration. But mostly Trump.",Politico,politico.com,politico.com,2026-08-21,https://www.politico.com/news/2026/08/21/house-democrats-trump-oversight-01043331,en,2026-08-21,
"In Year 2 of Trump’s funding grab, Congress fights back",Politico,politico.com,politico.com,2026-08-21,https://www.politico.com/news/2026/08/21/in-year-2-of-trumps-funding-grab-congress-fights-back-01045146,en,2026-08-21,
A thirsty Michael Cohen tries to get back into Trump’s good graces,Politico,politico.com,politico.com,2026-08-21,https://news.google.com/rss/articles/CBMitgFBVV95cUxPNHV5MGFjdjVHaXdaX1U4Z1ozQnJsWjVDUEVFd1V6V1JnbmFZTU1PZjBtS1hKdlhjbUR4TVJ2RlVrdC1MbWhiaTBPTmpWbGtjODU2OWVMMlozOGZzYlJ3Zm1fTWlSekhiOWxzZFI1Vm0xTk1OTGk4a0o0bU11VEN3SlFIY3hLUDdzU050ZGJtMGEzbDFhUmJlNUVxc0NFR0lNM0g3aDIxRVJ4MnhwTkJxQnZZaktEZw?oc=5,en,2026-08-21,
Trump wants a new meeting with Kim Jong Un. North Korea says not so fast,Reuters,reuters.com,reuters.com,2026-08-21,https://news.google.com/rss/articles/CBMizAFBVV95cUxPYmNSdFdHSUxwdV91bzFuRVhydnBoRk85Tng0QUp2Um1tczFEMDRBbGVac0llaER1U2VoeHNPbFdrXzdReXR3bGF1cUs4eVZnOUJnVUdvWmJJcVI1Tmltd3U1R2x2akJXVVN5TkRuZTRlYUJ6M2JBWTNNWlYwNWQ2UlZWZWxHS0NkcVUydnlTQlRydzY0MDBwVVUzaFFwQk5sTTlMYVNhWW9lTlpWSThUSHoxbE5oNjJ3V0RXa0F6dkV3M25kLUdkWVRHeTQ?oc=5,en,2026-08-21,
"Trump, former fixer Michael Cohen have warm interview at political low point for president",Reuters,reuters.com,reuters.com,2026-08-21,https://news.google.com/rss/articles/CBMiwwFBVV95cUxOWE1GRE5HYVN1YUxtLU1HZUFUWndDdElzVGk2UnNzVVpkTkotN0NFYTZMSDY5VE15ajRKaGVxc3RvcWlmN3I2WDgxVjVmYk03SWRXMXhPMHdva3d2QVNsajZjcDhKc1N4UG5TZDZ3VHdZMFEtUXlGMHlkcVplRlRCckRjOGN5UUVpUmx0VkdTVk43ZFdGOXBMVUZ4M29LT1VERUJIR1pJcGJ1NlpiQkE4andVczdzZE9CZHBBT3BDWk81VHM?oc=5,en,2026-08-21,
President Trump and ally-turned-antagonist Michael Cohen reconcile,Washington Post,washingtonpost.com,washingtonpost.com,2026-08-21,https://www.washingtonpost.com/politics/2026/08/20/president-donald-trump-appears-podcast-michael-cohen/,en,2026-08-21,
Trump increasingly lashing out at allies as victory in Iran war proves elusive,Washington Post,washingtonpost.com,washingtonpost.com,2026-08-21,https://news.google.com/rss/articles/CBMiugFBVV95cUxQOHIwZ01mYm5XM0pIcDJLMVZFaEcwV2otLS1vTjBaSGJub2huanBQamxLNnVrUzZCY28tM1lEemV5TkhZOUlLTU1SX0xFTnlveE1TZnpJcXFNZTNaTWs1Q2V0OV9vTWtGaUdib1RQZGY5VWpOSVVXX1RqbGtOS056SHJoVWdBTmJ6bTRPX1BuRjExUXh0NFZEZW9LMG1DcEltNGhhOXlSQXJhUktVVGpWWFR2Q1ZVVjJLeXc?oc=5,en,2026-08-21,
Opinion | I helped develop the rotavirus vaccine. Trump’s overhaul makes me sick.,Washington Post,washingtonpost.com,washingtonpost.com,2026-08-21,https://news.google.com/rss/articles/CBMitAFBVV95cUxPUTV3cGxwTGZMNDlWbXpvQnU5Yk55bGpKbDRSMVBmSU5rRWYyZy1xLXlod3VqUEUxWXJtTlBLOERxQXpJR044ZTBCVVFvSFIzM1JVT25iLVRQOF9yelJWN2RFZlBvSlUxQ25DdVVGVjhjMWZsOWd0WHFxRUJiN01VSW4tNkV1V2loMjVZbWR2VkpZOW4zSHhXQkp0TGtpZm8xaEw0RXB4U1M3aHItQVJDMDdjaWo?oc=5,en,2026-08-21,
Analysis | What it means that Democrats are winning special elections in Trump country,Washington Post,washingtonpost.com,washingtonpost.com,2026-08-21,https://news.google.com/rss/articles/CBMiwgFBVV95cUxOZkRuQmV1NVotZVlXb2Z5bEU1dzBRLWZJcXkxTzZCWGE4RDVHQU1xbXlKRENVelNkUWw4TEV0MzZFSmZCS0pReklOa3FfcFptODVMLWw5RjBCMjlYT2kwMmZXc05Gc2VxUkE1My1WV3JaVF8zYlowS1lOckQzdTBxMUJRSzZhTHJvNmszS3FJcUhqbHVuMUVXM3VrSmx1ZVVzOGdmcm9IdHFlemthdXU3R1pfc0QwYTJ6QzFtOHM2VU1yUQ?oc=5,en,2026-08-21,
