title,outlet,media_url,media_name,publish_date,url,language,date,debate_performance
"Trump administration latest updates : Freedom 250 IndyCar race in Washington , DC",CNN,cnn.com,cnn.com,2026-08-23,https://edition.cnn.com/2026/08/23/politics/live-news/trump-administration-freedom-250-race,en,2026-08-23,
Trump-backed businessman Mike Mazzei looks to secure GOP nomination for Oklahoma governor,ABC News,abcnews.go.com,abcnews.go.com,2026-08-24,https://news.google.com/rss/articles/CBMiqwFBVV95cUxQYTZVdlpCUk1WRWZTRXNadnlNeXJoVzZaLU96LTlWRDhCVWxHRW02djBoUHUwSlR1YkdQZkljUjhFc3g1RW4xb2pkeWxZblRpdEt4ZGx5OFpFZUdkeDJSNEU4SkVlbzUzZkJVaWJscDNKdFFCMjRITktNSmhOQWNxX1V6UVdPVmNhS2Z5UmFGUElndHJUMEcxZjVZdmZJMmlvRHVuWVU5cER1WE3SAbABQVVfeXFMTWU2Y005eklheHNpdU4yN1ZBN01JNUdEN1l3bm1oWlplOG1zMkx6aUcyY3BDaUlpa2o1QXcyci1tOHhCVnQ4WXo5bmJob09RR21rOGQ5clZKNW5PNHJtVGdlVWJTaUR6T2dWUXdZakFldk81MWk1YTZ5ZDB4M09nSFh1SnhoTEQtRm5wcE0ydk1xU25MZGdUcFZJUGZHbDNaRGxLbjJqUWtDd2EwQlNqQXI?oc=5,en,2026-08-24,
Video Supreme Court clears way for Trump mail-in voting restrictions,ABC News,abcnews.go.com,abcnews.go.com,2026-08-24,https://news.google.com/rss/articles/CBMiTEFVX3lxTE9HU0E4b1J3X1dNYW00V2paUkthZlpyQzRYVEQwNVg0QVVjckl1UUllYlU1MFlubFJRb2lDUnJiN0tqRlJaNXJObXV0cmE?oc=5,en,2026-08-24,
Video Supreme Court allows Trump administration to advance plan on mail-in voting,ABC News,abcnews.go.com,abcnews.go.com,2026-08-24,https://news.google.com/rss/articles/CBMiTEFVX3lxTE5Ia2pYLW5pbUptTkJYak93Z3h4R2YwZktoN0Z4STVWTndBMnNBV0I0R1MzVFhtMDQ1SnBqQjhCXzBYYUZMUHN5dlZwd3M?oc=5,en,2026-08-24,
Trump's 'economic D-Day' threats become warnings for countries to sever financial ties with Iran,ABC News,abcnews.go.com,abcnews.go.com,2026-08-24,https://news.google.com/rss/articles/CBMinAFBVV95cUxOeThjU2Q4bUY3ek4xejNIaW1XNExRQkFzVm55ckhIWW4xekJqM0ZXeXhlLW5oeDY1VjhpLUwyZ3VKclpWdzhTWmEtR0xWcWxqOUVtY2EtcWtsMDZMU3hrYVZ0ckF0S1ZRTTh2TmFvWWxhNmpOb3RsZVhkNnlWbFlBaGFOZUJVWm5jUXN1UU1fU0hOSUl6TExmc2JQTjfSAaIBQVVfeXFMTnJGTXJkVlFWTFNtM3hZSHZZLWhLSThnWk9yMm9rOFVlSmVwWFRodGxGTDNucE50WmNKYlR6VDAtZzdaM2ZUemdSZzZScXhpOEh2d01iTGNTVXBFRUMyNDVYdDBVTTE5cFA4Z2x2M1cteDFRaTVfT1gtdWVRTmpacTZFWUNJTlFXaFJreGtTRzl6TDV3TGx4RXdCbEdBN0hBZmJR?oc=5,en,2026-08-24,
Minnesota cattle farmers criticize Trump's plan to waive higher beef tariffs in effort to lower prices,CBS News,cbsnews.com,cbsnews.com,2026-08-24,https://www.cbsnews.com/minnesota/news/minnesota-cattle-farmers-criticize-trump-beef-plan/,en,2026-08-24,
"Advocates, county leaders react after Trump administration lawsuit against Washtenaw County dismissed",CBS News,cbsnews.com,cbsnews.com,2026-08-24,https://www.cbsnews.com/detroit/news/reaction-trump-administration-lawsuit-dismissed-washtenaw-county/,en,2026-08-24,
Trump administration lawsuit targeting Washtenaw County ICE policy dismissed,CBS News,cbsnews.com,cbsnews.com,2026-08-24,https://www.cbsnews.com/detroit/video/trump-administration-lawsuit-targeting-washtenaw-county-ice-policy-dismissed/,en,2026-08-24,
Trump administration announces secondary sanctions to countries supporting Iran,CBS News,cbsnews.com,cbsnews.com,2026-08-24,https://www.cbsnews.com/atlanta/video/trump-administration-announces-secondary-sanctions-to-countries-supporting-iran/,en,2026-08-24,
Minnesota cattle farmers decry Trump's move to waive higher beef tariffs,CBS News,cbsnews.com,cbsnews.com,2026-08-24,https://www.cbsnews.com/minnesota/video/minnesota-cattle-farmers-decry-trumps-move-to-waive-higher-beef-tariffs/,en,2026-08-24,
"Gov. Jared Polis requests disaster declaration from president, FEMA after 2 Colorado wildfires",CBS News,cbsnews.com,cbsnews.com,2026-08-24,https://www.cbsnews.com/colorado/video/gov-jared-polis-requests-disaster-declaration-from-president-fema-after-2-colorado-wildfires/,en,2026-08-24,
"What to know as U.S. announces ""Operation Economic Outcast"" campaign to cripple Iran's economy",CBS News,cbsnews.com,cbsnews.com,2026-08-24,https://www.cbsnews.com/video/what-to-know-as-us-announces-operation-economic-outcast-campaign-to-cripple-irans-economy/,en,2026-08-24,
Trump announces 50% tariffs on Canadian auto and steel imports,CBS News,cbsnews.com,cbsnews.com,2026-08-24,https://www.cbsnews.com/detroit/video/trump-announces-50-tariffs-on-canadian-auto-and-steel-imports/,en,2026-08-24,
"Trump’s economic approval, deadly driving, procrastination effects: Catch up on the day’s stories",CNN,cnn.com,cnn.com,2026-08-24,https://www.cnn.com/2026/08/24/us/5-things-pm-august-24-trnd,en,2026-08-24,
Nevada Army Guard operate above Hawk Fire,CNN,cnn.com,cnn.com,2026-08-24,https://www.cnn.com/2026/08/24/weather/video/nevada-army-guard-operate-above-hawk-fire-hnk-digvid-hori-dirty,en,2026-08-24,
French has become a sticking point in the Canada-US trade dispute. Here’s why,CNN,cnn.com,cnn.com,2026-08-24,https://www.cnn.com/2026/08/24/business/canada-us-tariffs-quebec-french-hnk,en,2026-08-24,
Meta trial enters week two,CNN,cnn.com,cnn.com,2026-08-24,https://www.cnn.com/2026/08/24/us/video/ac360-jacob-ward-meta,en,2026-08-24,
El-Sayed confronted about culture wars on Fox News,CNN,cnn.com,cnn.com,2026-08-24,https://www.cnn.com/2026/08/24/politics/video/el-sayed-confronted-about-culture-wars-on-fox-news-lcl,en,2026-08-24,
How could Trump’s order to curb mail ballots be implemented before the midterms?,CNN,cnn.com,cnn.com,2026-08-24,https://www.cnn.com/2026/08/24/us/video/trump-mail-in-ballots-votings-election-usps-scotus-lead-tapper,en,2026-08-24,
Mental health experts disagree on whether Lindsay Clancy had postpartum psychosis when she killed her kids,CNN,cnn.com,cnn.com,2026-08-24,https://www.cnn.com/2026/08/24/us/video/lindsay-clancy-trial-mental-health-postpartum-psychosis-lead-tapper,en,2026-08-24,
"Supreme Court backs Trump’s order to curb mail ballots. So, what’s next?",CNN,cnn.com,cnn.com,2026-08-24,https://www.cnn.com/us/video/mail-ballots-supreme-court-trump-big-win-digvid,en,2026-08-24,
Bakery owner confronts Trump’s former border chief: ‘You are not welcome’,CNN,cnn.com,cnn.com,2026-08-24,https://www.cnn.com/2026/08/24/us/video/bovino-ice-immigration-bakery-owner-lead-tapper,en,2026-08-24,
"Lions, tigers rescued from notorious Argentina zoo",CNN,cnn.com,cnn.com,2026-08-24,https://www.cnn.com/2026/08/24/world/video/big-cats-rescued-rosales-pkg-082412aseg2-cnni-world-fast,en,2026-08-24,
Arizona AG rips Supreme Court decision to allow Trump plan to restrict mail-in voting: ‘We will fight this!’,CNN,cnn.com,cnn.com,2026-08-24,https://www.cnn.com/2026/08/24/politics/video/ebof-arizona-attorney-general-kris-mayes-scotus-mail-in-ballots,en,2026-08-24,
What Trump’s Supreme Court win means for mail ballots,CNN,cnn.com,cnn.com,2026-08-24,https://www.cnn.com/2026/08/24/politics/trump-mail-ballot-supreme-court,en,2026-08-24,
‘Bring it on’: Ontario premier rails against Trump over tariffs threats,CNN,cnn.com,cnn.com,2026-08-24,https://www.cnn.com/2026/08/24/politics/video/bring-it-on-ontario-premier-rails-against-trump-over-tariffs-threats-digvid,en,2026-08-24,
El-Sayed confronted about culture wars,CNN,cnn.com,cnn.com,2026-08-24,https://www.cnn.com/2026/08/24/politics/video/el-sayed-confronted-about-culture-wars,en,2026-08-24,
Secret Service aware of Iranian state media video threatening life of Barron Trump,CNN,cnn.com,cnn.com,2026-08-24,https://www.cnn.com/2026/08/24/politics/iran-barron-trump-threat-intl-hnk,en,2026-08-24,
What to know about an ‘economic D-Day’ for Iran,CNN,cnn.com,cnn.com,2026-08-24,https://www.cnn.com/2026/08/24/politics/video/economic-dday-sanctions-iran-scott-bessent-trending-cli-hrzn,en,2026-08-24,
Supreme Court backs Trump’s order to curb mail ballots,CNN,cnn.com,cnn.com,2026-08-24,https://www.cnn.com/2026/08/24/politics/supreme-court-mail-ballots-elections,en,2026-08-24,
"How Ukrainian culture, literature and art have been impacted by years of war",CNN,cnn.com,cnn.com,2026-08-24,https://www.cnn.com/2026/08/24/world/video/ukraine-independence-day-andrey-kurkov-live-guest-082402pseg2-cnni-world-fast,en,2026-08-24,
Trump criticism leads to rare criminal charges for Air Force officer who called for impeachment,CNN,cnn.com,cnn.com,2026-08-24,https://www.cnn.com/2026/08/24/politics/us-airman-charged-trump-criticism-article-88,en,2026-08-24,
"Trump administration proposes $103,000 fee for H-1B visas",CNN,cnn.com,cnn.com,2026-08-24,https://www.cnn.com/2026/08/24/politics/trump-administration-h-1b-visa-fee,en,2026-08-24,
Charges filed against Airman who called for Trump to be impeached,CNN,cnn.com,cnn.com,2026-08-24,https://www.cnn.com/2026/08/24/us/video/ebof-air-force-major-jason-watson-charges-attorney-reacts,en,2026-08-24,
Why one of Trump favorite economic statistics is nearly meaningless,CNN,cnn.com,cnn.com,2026-08-24,https://us.cnn.com/2026/08/24/politics/fact-check-trump-economy-statistic,en,2026-08-24,
Supreme Court backs Trump order to curb mail ballots,CNN,cnn.com,cnn.com,2026-08-24,https://edition.cnn.com/2026/08/24/politics/supreme-court,en,2026-08-24,
"Trump economic approval , deadly driving , procrastination effects : Catch up on the day stories",CNN,cnn.com,cnn.com,2026-08-24,https://us.cnn.com/2026/08/24/us/5-things-pm-august-24-trnd,en,2026-08-24,
Republican blame - Biden strategy keeps coming up against a problem : Trump,CNN,cnn.com,cnn.com,2026-08-24,https://us.cnn.com/2026/08/24/politics/trump-economy-midterms-blame-biden,en,2026-08-24,
Daughter of late House Dem loses runoff bid to finish father's term,Fox News,foxnews.com,foxnews.com,2026-08-24,https://www.foxnews.com/politics/daughter-late-house-dem-goes-down-swinging-bid-serve-remainder-fathers-term,en,2026-08-24,
"Florida-led operation rescues 163 children around globe in historic state sweep, hunts suspected predators",Fox News,foxnews.com,foxnews.com,2026-08-24,https://www.foxnews.com/us/florida-led-operation-rescues-163-children-globe-historic-state-sweep-hunts-suspected-predators,en,2026-08-24,
Could Iran’s regime collapse? Experts assess Bessent’s bid to sever financial lifelines,Fox News,foxnews.com,foxnews.com,2026-08-24,https://www.foxnews.com/world/could-irans-regime-collapse-experts-assess-bessents-bid-sever-financial-lifelines,en,2026-08-24,
BRUCE PEARL: Conservatives are attacking the very college sports bill that protects women,Fox News,foxnews.com,foxnews.com,2026-08-24,https://www.foxnews.com/opinion/bruce-pearl-conservatives-attacking-college-sports-bill-protects-women,en,2026-08-24,
LIZ PEEK: China is cheering as the Left blocks America’s AI infrastructure,Fox News,foxnews.com,foxnews.com,2026-08-24,https://www.foxnews.com/opinion/liz-peek-china-cheering-left-blocks-americas-ai-infrastructure,en,2026-08-24,
"Blue state's water failures could threaten food supplies across US, lawmaker warns",Fox News,foxnews.com,foxnews.com,2026-08-24,https://www.foxnews.com/politics/blue-states-water-failures-could-threaten-food-supplies-across-us-lawmaker-warns,en,2026-08-24,
Smithsonian-linked museum in El-Sayed’s backyard puts America’s post-9/11 response on trial,Fox News,foxnews.com,foxnews.com,2026-08-24,https://www.foxnews.com/politics/smithsonian-linked-museum-el-sayeds-backyard-puts-americas-post-9-11-response-trial,en,2026-08-24,
"Surging Dem with DSA ties is 'either a bona-fide socialist, or she's not very smart': GOP rep",Fox News,foxnews.com,foxnews.com,2026-08-24,https://www.foxnews.com/politics/surging-dem-dsa-ties-bona-fide-socialist-not-very-smart-gop-rep,en,2026-08-24,
The opposing narratives in the Lindsay Clancy trial,NBC News,nbcnews.com,nbcnews.com,2026-08-24,https://www.nbcnews.com/video/the-opposing-narratives-in-the-lindsay-clancy-trial-268783173708,en,2026-08-24,
"People in Gary, Indiana without power for 13 days",NBC News,nbcnews.com,nbcnews.com,2026-08-24,https://www.nbcnews.com/nightly-news/video/people-in-gary-indiana-without-power-for-13-days-268795461614,en,2026-08-24,
Access to immigration court is not always easy for advocate volunteers,NPR,npr.org,npr.org,2026-08-24,https://www.npr.org/2026/08/24/nx-s1-5929295/access-to-immigration-court-is-not-always-easy-for-advocate-volunteers,en,2026-08-24,
Will the Trump Administration’s latest economic pressure on Iran work?,NPR,npr.org,npr.org,2026-08-24,https://www.npr.org/2026/08/24/nx-s1-5943573/will-the-trump-administrations-latest-economic-pressure-on-iran-work,en,2026-08-24,
Trump heads into midterms short on foreign policy wins,Reuters,reuters.com,reuters.com,2026-08-24,https://news.google.com/rss/articles/CBMinAFBVV95cUxPWVpobThVRFlSUldKZkNtUFdwaTRmaFZyQl9HOExfQ2dxQkFOd2EtdWdtWUZ1ckthb3dKTVZwSmtpNk5Eb3A3dVFhWnVqZzlyMlpCQlFydGZrYTlyNzFDV21fQzZPYWxqeFBranZibzZiampxb3pyYll0LXhqZUJmN2ZNa3Q2UE55Tk1QSEx3NG9wd21zbFowNjZIcTY?oc=5,en,2026-08-24,
Jimmy Kimmel's wife Molly McNearney on his potential retirement,USA Today,usatoday.com,usatoday.com,2026-08-24,https://www.usatoday.com/story/entertainment/celebrities/2026/08/24/jimmy-kimmel-wife-molly-mcnearney-retirement/91450220007/,en,2026-08-24,
JD Vance says calling Canada a 'state' was a 'Freudian slip',USA Today,usatoday.com,usatoday.com,2026-08-24,https://www.usatoday.com/story/news/politics/2026/08/24/jd-vance-canada-state-freudian-slip/91449817007/,en,2026-08-24,
Trump makes final pitch for Darline Graham in South Carolina runoff,USA Today,usatoday.com,usatoday.com,2026-08-24,https://www.usatoday.com/story/news/politics/2026/08/24/trump-darline-graham-ralph-normal-senate-runoff-south-carolina/91450076007/,en,2026-08-24,
Target's latest backlash is an 'offensive' Halloween costume,USA Today,usatoday.com,usatoday.com,2026-08-24,https://www.usatoday.com/story/money/retail/2026/08/24/target-halloween-costume-blackface-minstrel-comparisons/91449529007/,en,2026-08-24,
"Robert De Niro talks 'Whisper Man,' slams Trump's AI video attack",USA Today,usatoday.com,usatoday.com,2026-08-24,https://www.usatoday.com/story/entertainment/movies/2026/08/24/robert-de-niro-whisper-man-netflix/91436187007/,en,2026-08-24,
‘We got attacked’: Canada says it will retaliate for new tariffs enacted by Trump,Washington Post,washingtonpost.com,washingtonpost.com,2026-08-24,https://news.google.com/rss/articles/CBMikAJBVV95cUxPX01LX1lVZHBSVlZQcl9aRVlTU0c0U1FsR2F1UGNWU002RzAwQUxmTFRlWHJXSTFVdjZ2TjhTaUptbFJJd2hDbFFoNFItRk1JZGZHQlNtWVlSbmkwNk9IZmRSUmpnSlB1cWtjYlZRQlJQUkNDVEMwZkFfSTZSVjlVQ0cwQkg5Z3dwVndQa015NWh2cmprQnpWWkxmQVdKNjVxeHpBME1HQWpOeVBuUV9Mb0ZaSXhTODg3V3QtalN5VE85NmpDWFhiMUFLMzFQa2F1QnFUdVBlcTJlUG1SWjJzcXlsLTQwNVU2Mm5PelNrM3dJZVJGZS1GMXlBTlJ3dEI5dEZkaWI0R193SDM2T0RxbA?oc=5,en,2026-08-24,
Trump-backed businessman Mike Mazzei looks to secure GOP nomination for Oklahoma governor,ABC News,abcnews.go.com,abcnews.go.com,2026-08-25,https://abcnews.com/Politics/wireStory/trump-backed-businessman-mike-mazzei-secure-gop-nomination-135925334,en,2026-08-25,
Trump and Vance to keynote Republicans' midterm convention in Texas,ABC News,abcnews.go.com,abcnews.go.com,2026-08-25,https://abcnews.com/Politics/wireStory/trump-vance-keynote-republicans-midterm-convention-texas-135953165,en,2026-08-25,
"ICE arrests jumped to nearly 50,000 in July, the highest monthly total of Trump’s second term",ABC News,abcnews.go.com,abcnews.go.com,2026-08-25,https://abcnews.com/US/wireStory/ice-arrests-jumped-50000-july-highest-monthly-total-135941401,en,2026-08-25,
Secret Service confirms awareness of Iranian video threatening Barron Trump's life,ABC News,abcnews.go.com,abcnews.go.com,2026-08-25,https://abcnews.com/US/wireStory/secret-service-confirms-awareness-iranian-state-media-video-135931606,en,2026-08-25,
Trump administration suggests Kennedy Center could be demolished if court blocks planned renovations,ABC News,abcnews.go.com,abcnews.go.com,2026-08-25,https://news.google.com/rss/articles/CBMivAFBVV95cUxQd3BhdzNIdWN4VjV1Ulo5VDc4MXRMR1lzT3l5SG4wcVhsRDZ4bkRad29nTFhHUkNtT2ZsMW1BN3BaTkNaTTI1MmFJLVFXUTkzbmxSQU5KbnVkUXgzdnhsMlJmM0tPMXpIeElNbHFzOERkT0duZTZ5VVZkeXV3d3l4WjZiNUNnZ0Q4Wm5fdFRFdXBuM0FtdTBNeGNNNVF1LV8tYlRjVVdFUy0tWjZQUVYzYllLSGtQR1pJaHJ6Z9IBvAFBVV95cUxQd3BhdzNIdWN4VjV1Ulo5VDc4MXRMR1lzT3l5SG4wcVhsRDZ4bkRad29nTFhHUkNtT2ZsMW1BN3BaTkNaTTI1MmFJLVFXUTkzbmxSQU5KbnVkUXgzdnhsMlJmM0tPMXpIeElNbHFzOERkT0duZTZ5VVZkeXV3d3l4WjZiNUNnZ0Q4Wm5fdFRFdXBuM0FtdTBNeGNNNVF1LV8tYlRjVVdFUy0tWjZQUVYzYllLSGtQR1pJaHJ6Zw?oc=5,en,2026-08-25,
"Trump floats renaming Lake Ontario to 'Lake America,' denies claim he'd interfere with Canadians speaking French",ABC News,abcnews.go.com,abcnews.go.com,2026-08-25,https://news.google.com/rss/articles/CBMipAFBVV95cUxOUm9WMnVPVjlGcld5ZzB2eHhaMlBKTVZvWllUdm9tcEFteUo2WlI2MWxwNUYxMV96UDBNRmpNNld1U01zcF9hdWx5QkkzN01PdjIxYnBCVFN6SkFWdGdJZlhJcmtiUGR6a25kNHlVcVJqTVoxcTI2blNpc2V1NV9qdTh6LWhtc0Itb1hnT0p0Y3FKUFR2V3dvVTFjOENaQ2JqNEo1SNIBqgFBVV95cUxQYXFhTFlQOGxsUGRfVGFkclBoZnktOVRrdmROcUhvSjJZbHFiN3IxQ19FQ0pjTVJ6WnRqWExYdk1tbjlqVDBwZWhWUHBUWERhU3BBcEtfYldBS0ZkcUJRY2VsdFZXSzlzYU9NanJwTGNjYnE3UkhTNzRuMGxFRFFzcEJ0R2d4X0lnSTdJOFlsMWNYVzk4ZGpEaU1LeXlWc0plTWtBMXEtQXFnUQ?oc=5,en,2026-08-25,
"US Secret Service 'aware' of Iran video threat against Barron Trump, spokesperson says",ABC News,abcnews.go.com,abcnews.go.com,2026-08-25,https://news.google.com/rss/articles/CBMilgFBVV95cUxPcnJiNWc2bGd0dDZ5MWY0MGhIODV1ZWxVdWd4am55cExjLWxjX0dvUnBYbzA1d1BxV3ctcGhweXBORHoyd01oUFU4VmZpb2x4R25VRXlfekF4V2h6cHZGdVpPM2gzSHJTb0Z1SnNhc1pXVGlsa3Q2QnR0VUxMYXZ1WS1jNUpoTzU2S3pUNFN1VG1jTTd6THfSAZsBQVVfeXFMUDFkcDhaZnNFazQ2YTVBdTZXUzBDa0ozd01rV2ZtNkMya3NxcHlXSHlsUWx2M0gtWmpVVnVnYnFaRXpiUHNiQTZUQ3F4bk1zUkI5aHFjTFBING1UMXVOd0lPQlZUby03SncybE4wYWxHeVZDTW1oekw5TEE4MHJfS1ZiTnB2TTNBbk9ZcFdzRFVvcWo3a0hlMVhXNG8?oc=5,en,2026-08-25,
Secret Service confirms awareness of Iranian state media video threatening Barron Trump's life,ABC News,abcnews.go.com,abcnews.go.com,2026-08-25,https://news.google.com/rss/articles/CBMipAFBVV95cUxNNzVSU19VN245UTFJMlVBUldZRjdxNHJpY0p3QndET1pTNldIemp2V2NzNjhfdy1JVk8yS3laSjRsbTF4bmU3MUVRcFNNTGh2dFN1STBjTnI4ZjQxODB2TnR6REF6azQ5eGJ5S3B1Z1FGdTZsYlh1RFJ4QTZEYzFXcFpPa1k0aVNLc0E2ZVpicEdxQzFBZTBDQV9DeHlsMG5kaEpYatIBqgFBVV95cUxQTmhsaWtRd0tBZTRCTmp0a3Q0b3NwQTdHZVJEUXRDY2JydzBmYTVsNzZsQVRJUDdCcHJDOWVJYTE4X0J3YXk1eEtHQXJ2NkVjQlQxS1Q3eXNSNkxlSGJseXVKcEhxSW1uZ0lGY05CeklHZTBOdm5sYWdxTnVYRjBfZUtEVE4wMm5zME5WMFRhcUVvcnhnaEZLTzh4djJkVDBPekg1eGFoSm5HUQ?oc=5,en,2026-08-25,
Video Ontario Premier Doug Ford on escalating trade war with President Trump,ABC News,abcnews.go.com,abcnews.go.com,2026-08-25,https://news.google.com/rss/articles/CBMiTEFVX3lxTE9Gck5kWjhkMERLMGVvNjhCWVhwTHBCVlpmclE0bHdvTGVUbXJvYldfdF94WFFoYk40Q1dDaVk2S3NJZlNNLU5BUnJRdTQ?oc=5,en,2026-08-25,
Video Supreme Court rules in favor of Trump executive order limiting access to ballots,ABC News,abcnews.go.com,abcnews.go.com,2026-08-25,https://news.google.com/rss/articles/CBMiTEFVX3lxTE9oaFhoSndRQUw1SldFRUg1TV9SRzQ1UFVsOGVjTUhteTJkNkVTd2dIVjk3bTlWZVFXTWw0ejRKd3ltUzdJdHRpc050dy0?oc=5,en,2026-08-25,
Trump floats renaming Lake Ontario as 'Lake America' as trade war with Canada escalates,ABC News,abcnews.go.com,abcnews.go.com,2026-08-25,https://news.google.com/rss/articles/CBMioAFBVV95cUxNNGQwZG40akV1Tk5rSDk3dlM5NklWRC1oeFcxM3lLNVRabWZBQmk0RUwtZXpTSEZtOUdyVDM5QzNEemJQeEl1RGRiQkxwNWg2RU1McEFTNFg3XzFMU192SDhYdHdLcmR1VUdTcVVpd3RBTExhMXQ1ZXZPcW5QUU9lMEtDTTdjUGY1TGdNeDdhWEFRcXZYMG9hbThfaGRNLVpR0gGmAUFVX3lxTFBHQ0pCWV9wenp0TDhvbW9DdUNoMVNmOVkzMUJ3WUZoYUtWOVhaMTNuWk52RmwtVjhlbkV0dVJjRVU2bzlUZXN3S2s5M3VDclhoNllQdGtmSHhGLUhtQ0RERFRzM3VxdHJQRk5zVXpuY1hMMmtYQXUxRVp0WjRvNzgwcDRPRi1SdC16WjZGZGlMaDRaS21haWpyUjdIZEtpb0MtamppU0E?oc=5,en,2026-08-25,
Video Supreme Court allows Trump to implement parts of his mail-in voting executive order,ABC News,abcnews.go.com,abcnews.go.com,2026-08-25,https://news.google.com/rss/articles/CBMiTEFVX3lxTE1XSGxNb2NRZnc4MzVSV3hMcy1ELTdSbFljMDRjMjE0VVhsLV83MWV5WXdrRGx2NkdoMmd3X3VLVDlFdF9XUDBKWXdUWnM?oc=5,en,2026-08-25,
Video Supreme Court backs Trump on mail-in ballots,ABC News,abcnews.go.com,abcnews.go.com,2026-08-25,https://news.google.com/rss/articles/CBMiTEFVX3lxTE92Z3VUNmk4T2c0dkNVSE5lM0txSlZEM21rczU4eGdZaGlNUGViNDhqVTdQVEdKOVplckgzOFJ5V0F6N2hCZ0FGZXUtTFU?oc=5,en,2026-08-25,
Video Wife of active-duty Army sergeant deported amid Trump's immigration campaign,ABC News,abcnews.go.com,abcnews.go.com,2026-08-25,https://news.google.com/rss/articles/CBMiTEFVX3lxTE9HelF4RklqUVU5SlRCTHVIcC04Zm5pSFlicnFCZ3VJOW00Sl9OSG5nTno3TW92T2txSVFPS1pWQlVQWF9lUUo4NkVEams?oc=5,en,2026-08-25,
Video Trump ramps up trade threats against Canada,ABC News,abcnews.go.com,abcnews.go.com,2026-08-25,https://news.google.com/rss/articles/CBMiTEFVX3lxTE1lVHBNVWdrWFBlYklLZkhGbVNLOVFsWXktT3ZvUFAta2ZDNVk0R0EtQkZfNHFQUjdwUm95ek5RNlBHVEU0NEtVVTFMb08?oc=5,en,2026-08-25,
"US Secret Service 'aware' of video threat against Barron Trump, spokesperson says",ABC News,abcnews.go.com,abcnews.go.com,2026-08-25,https://news.google.com/rss/articles/CBMimwFBVV95cUxQMWRwOFpmc0VrNDZhNUF1NldTMENrSjN3TWtXZm02QzJrc3FweVdIeWxRbHYzSC1aalVWdWdicVpFemJQc2JBNlRDcXhuTXNSQjlocWNMUEg0bVQxdU53SU9CVlRvLTdKdzJsTjBhbEd5VkNNbWh6TDlMQTgwcl9LVmJOcHZNM0FuT1lwV3NEVW9xajdrSGUxWFc0b9IBmwFBVV95cUxQMWRwOFpmc0VrNDZhNUF1NldTMENrSjN3TWtXZm02QzJrc3FweVdIeWxRbHYzSC1aalVWdWdicVpFemJQc2JBNlRDcXhuTXNSQjlocWNMUEg0bVQxdU53SU9CVlRvLTdKdzJsTjBhbEd5VkNNbWh6TDlMQTgwcl9LVmJOcHZNM0FuT1lwV3NEVW9xajdrSGUxWFc0bw?oc=5,en,2026-08-25,
Video White House unveils new Iran sanctions as Trump escalates trade war with Canada,ABC News,abcnews.go.com,abcnews.go.com,2026-08-25,https://news.google.com/rss/articles/CBMiTEFVX3lxTFBXbndwd05KM085aVl6RWFiVFpNOUZCTDhxMVdOcmFBVHppdFFzUE5yS3dHVFdZQkZmV3R4VkdiYXUxYjNWVk5mQXNtdW8?oc=5,en,2026-08-25,
"Carney Matches Trump Tariffs With 50% Tax on US Dairy, Steel",Bloomberg,bloomberg.com,bloomberg.com,2026-08-25,https://news.google.com/rss/articles/CBMixwFBVV95cUxNZS0tWERYS0wyTDRjbi1MUUZHa01Kak1mMDItd0RhRWVOZ0pQNkNqTUVFRG94UWlGemFGVDlNMUJfY3MzV21MamRwbFRDOU5yV2QtUWxaSklxamRmclJ1YWo2Xy1YeG5FNFFEejAxWHJnUzBYYTMybXhiYmhIeTN2c2JaaE5lWUgxcGhTM0FRNGxUSHd0cnlJcFZrcU95MEUzcjBzUlBxN0pZSVkwRG8zbE1oTHhja0dCNzJPb3RoMkVlOHk3M0Zr?oc=5,en,2026-08-25,
Trump Says He’s Considering Renaming Lake Ontario to ‘Lake America’ in Canada Spat,Bloomberg,bloomberg.com,bloomberg.com,2026-08-25,https://news.google.com/rss/articles/CBMitAFBVV95cUxOeUppY0Q2cnlWRTV5c3JXSTFrOFU4VTlFazlIY3hPRlY2YXhYWVpEOG9IN2dyVFBuUUZoSlo5VklENWtQZ29kLVN2TU5YNGs4Z21IOHJXQm50VGI0X3k3SGhTdnBSanUzbWVnUkt5MW9yTWJaMFFsLWE5WUh3ZldEUmd1ZkJWYVEwSldmZ3JnVkV3Rzg1RzR0bWtDMkN1NFRhSjFhTWstVGc4U0RRZkNvQ2tzZnI?oc=5,en,2026-08-25,
"Ontario’s Ford Stops Taunts, Backs Retaliation Against Trump",Bloomberg,bloomberg.com,bloomberg.com,2026-08-25,https://news.google.com/rss/articles/CBMiygFBVV95cUxPVmNWS2hLZnBHNGhhdEE1SWwtZm40Ujl3Z1pnTjZodjd3RlZhOUF4N1h1Tjg1bE1vQ3FicWkxTWFNRTNtV1htZW1ROXpVZW1hSlA5NG1BdjlsUXVrY3hnUERlekZqQ2lEbHh1VFMyQTEtWDFGS1ZBM2tKWjFCNzkyaXRfSm9RdkdpSU1uRUg0WU8tbEhGcUw1aXBuc0M0UEZBNElpN2xral9BQUpWZ1U0UjZTS2pRZ1hiN2haYjdILVJuN0RMS3BoOXNn?oc=5,en,2026-08-25,
Trump’s Supreme Court Win on Mail Voting Leaves Legal Mess,Bloomberg,bloomberg.com,bloomberg.com,2026-08-25,https://news.google.com/rss/articles/CBMirgFBVV95cUxOU08zejlXTDFqV29oUTBLdWxDRkJMZTU4bE5TZ1RVMkVtUHAtSGdDWE5ONXJrZWp2eHJVWlk5MGluNnpKRFU1MVJ0VE53VUZRZFNwS3BPUUVONHcwbWpwWnNqa1Z0X1NrYURYQVQzSlNBS0pJRl9BMUVBdGhLTEpxbnVqa0Zic0YzMzVIRkpYNEhwQXRtSWZoMUZHaEVhNFpablIwVG94dnBNc1RKQXc?oc=5,en,2026-08-25,
"India Tech Firms Face Less Exposure To Trump’s $103,000 H-1B Fee",Bloomberg,bloomberg.com,bloomberg.com,2026-08-25,https://news.google.com/rss/articles/CBMitAFBVV95cUxQU1dkSU9xSENnUmhXOFhkcTZldlR0QUc4MWY0UUJTRjNrZ1lWSjcwU0w3UWVlNlpPdnhkeE5pMDVMcW9NakhwM1NDbE9PZHVDRE9vYm03UzJVLVRGMldLclgwTy11bGpzVEQtSUhYQWIwUTVJUkNTU2FqYTkwTGxQcUlyLUFzYm90NmhWY3pUeWxLbGVUZHFFNENyVDdBV1FFZFVsU2t1SnFua2Q2NFhlSGFMdFo?oc=5,en,2026-08-25,
FCC Queried Stations About Coverage Plans Before Trump’s Speech,Bloomberg,bloomberg.com,bloomberg.com,2026-08-25,https://news.google.com/rss/articles/CBMitAFBVV95cUxPQ3AzbE1qTG1XaC04ekVXcXZfTHVuY0loMWFwTWJieUZ6Vjd6Mm54MGVkWWNZZzlVdExoUl9yc3FKTnJJT3V0bTJYUDZiQkU0V050VVlrMUEyS3N2aE5qdUpqbkJ6WXhfRWRSOUh0c092aE1CZThiS0IzMGV1QkNQa1V3UWlxbklMWmotZWdHb0RrczNCem5LM3l3UHBvWFJNOEJnS0hFVTBLWWQ1TmFHaXhZTlU?oc=5,en,2026-08-25,
"Watch Trump Devises New $100,000 H-1B Visa Fee",Bloomberg,bloomberg.com,bloomberg.com,2026-08-25,https://news.google.com/rss/articles/CBMimgFBVV95cUxPU3BMOHZ3WEF2anFmQ1RBZkFjVjVYQlVicGU3NnRIREhsaVV0UFpkVzRPWEp0XzJpbnJTTEptcEE2YTRkSW9wVVVvSElkOXhhV2t3NE95MTlvQXJmSTdyNkk3cUtXZU1NZkszQnJDZ1h1azNBejR4Rm9RVnppWjlpdm9ZZnNOU1dtOXFySnVMZUJUc0xnVGRzUU13?oc=5,en,2026-08-25,
Attorney General Rob Bonta says state will sue Trump administration over mail-in voting ruling,CBS News,cbsnews.com,cbsnews.com,2026-08-25,https://www.cbsnews.com/losangeles/video/attorney-general-rob-bonta-says-state-will-sue-trump-administration-over-mail-in-voting-ruling/,en,2026-08-25,
Trump to headline RNC Midterm Convention in Dallas as 2026 programming announced,CBS News,cbsnews.com,cbsnews.com,2026-08-25,https://www.cbsnews.com/texas/news/trump-rnc-midterm-convention-dallas-2026-programming-announced/,en,2026-08-25,
Member of Congress join Bay Area community members to oppose closure of National Archives at San Fra,CBS News,cbsnews.com,cbsnews.com,2026-08-25,https://www.cbsnews.com/sanfrancisco/video/member-of-congress-join-bay-area-community-members-to-oppose-closure-of-national-archives-at-san-fra/,en,2026-08-25,
Canada imposing tariffs of up to 50% on $20 billion in U.S. imports,CBS News,cbsnews.com,cbsnews.com,2026-08-25,https://www.cbsnews.com/sanfrancisco/news/canada-imposes-tariffs-us-imports/,en,2026-08-25,
"Trump floats renaming Lake Ontario to ""Lake America""",CBS News,cbsnews.com,cbsnews.com,2026-08-25,https://www.cbsnews.com/pittsburgh/video/trump-floats-renaming-lake-ontario-to-lake-america/,en,2026-08-25,
Data centers becoming hot issue in Pennsylvania's gubernatorial race,CBS News,cbsnews.com,cbsnews.com,2026-08-25,https://www.cbsnews.com/pittsburgh/news/pennsylvania-governors-race-data-centers/,en,2026-08-25,
"Sen. Darline Graham projected to win runoff in South Carolina GOP Senate primary, defeating Rep. Ralph Norman",CBS News,cbsnews.com,cbsnews.com,2026-08-25,https://www.cbsnews.com/news/south-carolina-republican-runoff-senate-race-results-darline-graham-ralph-norman/,en,2026-08-25,
Canada imposes tariffs of up to 50% on billions in U.S. imports,CBS News,cbsnews.com,cbsnews.com,2026-08-25,https://www.cbsnews.com/video/canada-imposes-tariffs-up-50-billions-us-imports/,en,2026-08-25,
Canada matches tariffs imposed by Trump admin dollar-for-dollar,CBS News,cbsnews.com,cbsnews.com,2026-08-25,https://www.cbsnews.com/chicago/video/canada-matches-tariffs-imposed-by-trump-admin-dollar-for-dollar/,en,2026-08-25,
"Dolly Parton, country music legend, dies at age 80 after brief cancer battle",CBS News,cbsnews.com,cbsnews.com,2026-08-25,https://www.cbsnews.com/texas/news/dolly-parton-dies-age-80-country-music-star/,en,2026-08-25,
Canada announces tariffs on $27 billion in U.S. goods,CBS News,cbsnews.com,cbsnews.com,2026-08-25,https://www.cbsnews.com/texas/video/canada-announces-tariffs-on-27-billion-in-u-s-goods/,en,2026-08-25,
Bureau of Prisons No. 2 official who was pardoned for drug crimes abruptly departs,CBS News,cbsnews.com,cbsnews.com,2026-08-25,https://www.cbsnews.com/news/bureau-of-prisons-no-2-josh-smith-drug-crimes-pardon-departs/,en,2026-08-25,
Rancher says Trump cutting tariffs on foreign beef could run him out of business,CBS News,cbsnews.com,cbsnews.com,2026-08-25,https://www.cbsnews.com/video/cattle-rancher-on-how-trumps-decision-to-cut-tariffs-on-foreign-beef-could-run/,en,2026-08-25,
Trump threatens to rename Lake Ontario as Canada announces retaliatory tariffs,CBS News,cbsnews.com,cbsnews.com,2026-08-25,https://www.cbsnews.com/video/canada-announces-retaliatory-tariffs-on-us-as-trump-threatens-to-rename-lake-ontario/,en,2026-08-25,
"As U.S.-Canada trade war escalates, Ontario Premier Doug Ford says Trump is ""treating us like we're Communist China""",CBS News,cbsnews.com,cbsnews.com,2026-08-25,https://www.cbsnews.com/news/u-s-canada-trade-war-trump-ontario-doug-ford-china/,en,2026-08-25,
Trump administration warns Kennedy Center could be knocked down if renovations don't move forward,CBS News,cbsnews.com,cbsnews.com,2026-08-25,https://www.cbsnews.com/news/kennedy-center-trump-administration-could-be-demolished-renovations/,en,2026-08-25,
"Dolly Parton's ""9 to 5"" and the U.S.-Canada trade battle",CBS News,cbsnews.com,cbsnews.com,2026-08-25,https://www.cbsnews.com/video/dolly-parton-9-to-5-us-canada-trade-battle/,en,2026-08-25,
"Ontario Premier Doug Ford says ""we just want a fair trade deal"" as Canada announces tariffs on U.S.",CBS News,cbsnews.com,cbsnews.com,2026-08-25,https://www.cbsnews.com/video/ontario-premier-doug-ford-want-fair-trade-deal-canada-tariffs-us/,en,2026-08-25,
South Carolina GOP Senate primary runoff comes to a head,CBS News,cbsnews.com,cbsnews.com,2026-08-25,https://www.cbsnews.com/video/south-carolina-gop-senate-primary-runoff-comes-to-head/,en,2026-08-25,
Fans mourn loss of Dolly Parton as Trump orders flags flown at half-staff,CBS News,cbsnews.com,cbsnews.com,2026-08-25,https://www.cbsnews.com/video/fans-mourn-loss-of-dolly-parton-as-trump-orders-flags-flown-at-half-staff/,en,2026-08-25,
Breaking down Canada's retaliatory tariffs against U.S.,CBS News,cbsnews.com,cbsnews.com,2026-08-25,https://www.cbsnews.com/video/breaking-down-canada-retaliatory-tariffs-us/,en,2026-08-25,
"Dolly Parton remembered by fellow stars and politicians: ""A true loss for millions""",CBS News,cbsnews.com,cbsnews.com,2026-08-25,https://www.cbsnews.com/miami/news/dolly-parton-death-reactions/,en,2026-08-25,
Dallas activists travel to Big Bend to protest Trump administration border wall construction,CBS News,cbsnews.com,cbsnews.com,2026-08-25,https://www.cbsnews.com/texas/news/dallas-activists-travel-to-big-bend-region-to-protest-border-wall-construction/,en,2026-08-25,
"SNAP restrictions cut soda purchases but raise stigma concerns, study finds",CBS News,cbsnews.com,cbsnews.com,2026-08-25,https://www.cbsnews.com/news/snap-sugary-drink-restrictions-soda-purchases/,en,2026-08-25,
Governor Wes Moore expresses concern about major ICE operation in Maryland,CBS News,cbsnews.com,cbsnews.com,2026-08-25,https://www.cbsnews.com/baltimore/news/governor-wes-moore-questions-latest-ice-immigration-enforcement-methods-in-maryland-virginia/,en,2026-08-25,
Pennsylvania health department reports 2 measles deaths in Lancaster County,CBS News,cbsnews.com,cbsnews.com,2026-08-25,https://www.cbsnews.com/pittsburgh/news/measles-outbreak-pennsylvania-lancaster-county-deaths-health/,en,2026-08-25,
NYC's Empire State Building to pay tribute to Dolly Parton with pink lights,CBS News,cbsnews.com,cbsnews.com,2026-08-25,https://www.cbsnews.com/newyork/news/dolly-parton-empire-state-building-tribute/,en,2026-08-25,
"Trump threatens to change Lake Ontario's name to ""Lake America"" amid trade fight with Canada",CBS News,cbsnews.com,cbsnews.com,2026-08-25,https://www.cbsnews.com/news/trump-lake-ontario-lake-america-canada-trade/,en,2026-08-25,
"Dolly Parton, country music legend, dies at age 80",CBS News,cbsnews.com,cbsnews.com,2026-08-25,https://www.cbsnews.com/news/dolly-parton-dies-age-80-country-music-star/,en,2026-08-25,
Trump orders flags at half-staff to honor Dolly Parton after her death,CBS News,cbsnews.com,cbsnews.com,2026-08-25,https://www.cbsnews.com/video/trump-lowering-flags-half-staff-honor-dolly-parton-death/,en,2026-08-25,
Feds consider criminal charges against ICE officer accused in January shooting of Venezuelan immigrant in Minnesota,CBS News,cbsnews.com,cbsnews.com,2026-08-25,https://www.cbsnews.com/news/ice-officer-venezuelan-immigrant-minneapolis-shooting-criminal-charges/,en,2026-08-25,
Canada announces tariffs of up to 50% on $20 billion in U.S. imports,CBS News,cbsnews.com,cbsnews.com,2026-08-25,https://www.cbsnews.com/newyork/video/canada-announces-tariffs-of-up-to-50-on-20-billion-in-u-s-imports/,en,2026-08-25,
Judge rejects Ghislaine Maxwell's effort to overturn sex-trafficking conviction and sentence,CBS News,cbsnews.com,cbsnews.com,2026-08-25,https://www.cbsnews.com/news/ghislaine-maxwell-judge-conviction-sentence/,en,2026-08-25,
"Canada imposing tariffs of up to 50% on $20 billion in U.S. imports, officials say",CBS News,cbsnews.com,cbsnews.com,2026-08-25,https://www.cbsnews.com/news/canada-imposes-tariffs-us-imports/,en,2026-08-25,
Rare criminal charges against Air Force officer who criticized Trump,CBS News,cbsnews.com,cbsnews.com,2026-08-25,https://www.cbsnews.com/video/the-case-against-air-force-officer-who-criticized-trump/,en,2026-08-25,
U.S. airman faces charges under military justice system for criticizing Trump over Iran war,CBS News,cbsnews.com,cbsnews.com,2026-08-25,https://www.cbsnews.com/news/jason-watson-charged-trump-criticism-air-force-article-88/,en,2026-08-25,
"If the U.S. wants to end the war with Iran by way of economic sanctions, China is key",CBS News,cbsnews.com,cbsnews.com,2026-08-25,https://www.cbsnews.com/news/iran-war-us-sanctions-china/,en,2026-08-25,
CIA Director John Ratcliffe on secret trip in Russia,CBS News,cbsnews.com,cbsnews.com,2026-08-25,https://www.cbsnews.com/news/cia-director-john-ratcliffe-russia-secret-trip/,en,2026-08-25,
"Republicans want Trump to ""wake their base up"" for midterm elections, analyst says",CBS News,cbsnews.com,cbsnews.com,2026-08-25,https://www.cbsnews.com/video/republicans-want-trump-to-wake-their-base-up-for-midterm-elections-analyst-says/,en,2026-08-25,
"Nearly 3,000 NIPSCO customers without power with deadline just hours away",CBS News,cbsnews.com,cbsnews.com,2026-08-25,https://www.cbsnews.com/chicago/news/nipsco-indiana-power-deadline-mayor-eddie-melton/,en,2026-08-25,
"Trump administration's plan to sever Iran's economy until it ""stands alone""",CBS News,cbsnews.com,cbsnews.com,2026-08-25,https://www.cbsnews.com/video/trump-iran-economy-bessent-sanctions/,en,2026-08-25,
Trump administration warns nations to isolate Iran amid aggressive economic strategy,CBS News,cbsnews.com,cbsnews.com,2026-08-25,https://www.cbsnews.com/video/isolate-iran-or-else-trump-administration-warns-trade-partners/,en,2026-08-25,
"Supreme Court sides with Trump on mail-in voting, making way for more legal challenges",CBS News,cbsnews.com,cbsnews.com,2026-08-25,https://www.cbsnews.com/video/supreme-court-sides-with-trump-on-mail-in-voting-making-way-for-more-legal-challenges/,en,2026-08-25,
Questions arise after Trump administration announces Iran sanctions,CBS News,cbsnews.com,cbsnews.com,2026-08-25,https://www.cbsnews.com/video/questions-arise-after-trump-administration-announces-iran-sanctions/,en,2026-08-25,
Air Force officer who criticized Trump faces rare criminal charges,CBS News,cbsnews.com,cbsnews.com,2026-08-25,https://www.cbsnews.com/video/air-force-officer-trump-criminal-charges/,en,2026-08-25,
Eye Opener: Hawk Fire continues to rage near Reno,CBS News,cbsnews.com,cbsnews.com,2026-08-25,https://www.cbsnews.com/video/eye-opener-hawk-fire-continues-to-rage-near-reno/,en,2026-08-25,
Canada's leaders blast Trump as a bully as trade war intensifies,CBS News,cbsnews.com,cbsnews.com,2026-08-25,https://www.cbsnews.com/video/trumps-confusing-trade-war-with-canada-intensifies/,en,2026-08-25,
New guidelines for school lunch issued by Trump administration,CBS News,cbsnews.com,cbsnews.com,2026-08-25,https://www.cbsnews.com/texas/video/new-guidelines-for-school-lunch-issued-by-trump-administration/,en,2026-08-25,
U.S. Air Force major criminally charged for criticizing Trump,CBS News,cbsnews.com,cbsnews.com,2026-08-25,https://www.cbsnews.com/video/us-air-force-major-criminally-charged-for-criticizing-trump/,en,2026-08-25,
Supreme Court will allow citizenship checks on mail-in ballots,CBS News,cbsnews.com,cbsnews.com,2026-08-25,https://www.cbsnews.com/video/supreme-court-will-allow-citizenship-checks-on-mail-in-ballots/,en,2026-08-25,
Supreme Court allows Trump to implement parts of order restricting mail-in voting,CBS News,cbsnews.com,cbsnews.com,2026-08-25,https://www.cbsnews.com/newyork/video/supreme-court-allows-trump-to-implement-parts-of-order-restricting-mail-in-voting/,en,2026-08-25,
South Carolina Senate race between Darline Graham and Ralph Norman heads to runoff today,CBS News,cbsnews.com,cbsnews.com,2026-08-25,https://www.cbsnews.com/news/south-carolina-senate-runoff-darline-graham-ralph-norman/,en,2026-08-25,
Trump and Kennedy's health industry deals haven't been enforced and are at risk of vanishing,CBS News,cbsnews.com,cbsnews.com,2026-08-25,https://www.cbsnews.com/news/trump-rfk-health-deals-lack-enforcement/,en,2026-08-25,
"‘There is a real danger that Iran will retaliate’ against US sanctions, says analyst",CNN,cnn.com,cnn.com,2026-08-25,https://www.cnn.com/2026/08/25/tv/video/amanpour-karim-sadjadpour-sanctions,en,2026-08-25,
Honig NewsNight react to new SCOTUS mail-in ballot ruling,CNN,cnn.com,cnn.com,2026-08-25,https://www.cnn.com/2026/08/25/politics/video/mail-in-ballot-honig-newsnight-reacts-ytc,en,2026-08-25,
Live updates: Dolly Parton dead at 80,CNN,cnn.com,cnn.com,2026-08-25,https://www.cnn.com/2026/08/25/entertainment/live-news/dolly-parton-dead,en,2026-08-25,
A new era in the fight against cancer? Two doctors explain the mRNA vaccine breakthrough,CNN,cnn.com,cnn.com,2026-08-25,https://www.cnn.com/2026/08/25/tv/video/mrna-cancer-vaccine-hussein-tawbi-ezekiel-emanuel-amanpour,en,2026-08-25,
"Ontario premier wants US and Canada to strengthen ties, end trade war",CNN,cnn.com,cnn.com,2026-08-25,https://www.cnn.com/2026/08/25/world/video/cnn-wolf-blitzer-doug-ford-canada-us-trump-tariffs,en,2026-08-25,
Trump administration threatens to demolish Kennedy Center if renovations aren’t allowed,CNN,cnn.com,cnn.com,2026-08-25,https://www.cnn.com/2026/08/25/politics/demolish-kennedy-center-renovations,en,2026-08-25,
"‘Utter boloney"": Maine Rep. Pingree on President Trump’s new threat to rename Lake Ontario",CNN,cnn.com,cnn.com,2026-08-25,https://www.cnn.com/2026/08/25/world/video/berman-pingree-canada-tariffs-lake-ontario-america-cnc,en,2026-08-25,
Fact check: Trump keeps making stuff up about Canada,CNN,cnn.com,cnn.com,2026-08-25,https://www.cnn.com/2026/08/25/politics/fact-check-trump-canada,en,2026-08-25,
Jeffries defends himself following criticism for meeting with Jared Kushner,CNN,cnn.com,cnn.com,2026-08-25,https://www.cnn.com/2026/08/25/politics/jeffries-kushner-meeting,en,2026-08-25,
The Odds: Zohran’s Zeitgeist,CNN,cnn.com,cnn.com,2026-08-25,https://www.cnn.com/2026/08/25/politics/video/the-odds-zohrans-zeitgeist-cnc-kalpar,en,2026-08-25,
Trump has a mixed endorsement record this primary season. Darline Graham may be his biggest bet yet.,CNN,cnn.com,cnn.com,2026-08-25,https://www.cnn.com/2026/08/25/politics/video/gop-primary-runoff-senate-darline-graham-sc-trump-ip,en,2026-08-25,
Canada just announced new tariffs on US goods. Here’s how the growing trade war could hurt Americans,CNN,cnn.com,cnn.com,2026-08-25,https://www.cnn.com/2026/08/25/business/canada-us-tariffs-american-consumers,en,2026-08-25,
Nevada sues the Trump administration over ‘catastrophic’ water cuts as the Colorado River spirals into crisis,CNN,cnn.com,cnn.com,2026-08-25,https://www.cnn.com/2026/08/25/climate/nevada-sues-trump-administration-water-cuts-colorado-river,en,2026-08-25,
Trump doesn’t seem to care what people want anymore,CNN,cnn.com,cnn.com,2026-08-25,https://www.cnn.com/2026/08/25/politics/trump-populism-polls,en,2026-08-25,
Trump floats renaming Lake Ontario to ‘Lake America’ as feud with Canada escalates,CNN,cnn.com,cnn.com,2026-08-25,https://www.cnn.com/2026/08/25/politics/trump-canada-lake-ontario-name,en,2026-08-25,
"CIA director makes unannounced visit to Moscow to meet with Russian officials, source says",CNN,cnn.com,cnn.com,2026-08-25,https://www.cnn.com/2026/08/25/politics/cia-director-visits-moscow,en,2026-08-25,
Alex Pretti’s family speaks out in GMA interview 7 months after his fatal shooting,CNN,cnn.com,cnn.com,2026-08-25,https://www.cnn.com/2026/08/25/us/video/alex-pretti-family-gma-interview-7-months-later-digvid,en,2026-08-25,
‘The Pitt’ star on autism spectrum representation in media,CNN,cnn.com,cnn.com,2026-08-25,https://www.cnn.com/2026/08/25/us/video/the-pitt-star-on-autism-spectrum-representation-in-media-cnc,en,2026-08-25,
Gottheimer urges all Dems to cut ties with Hasan Piker: ‘He should be put outside and not welcomed into any kind of tent’,CNN,cnn.com,cnn.com,2026-08-25,https://www.cnn.com/2026/08/25/politics/video/rep-josh-gottheimer-democrats-hasan-piker-ip,en,2026-08-25,
A look back at the life of legendary musician Dolly Parton,CNN,cnn.com,cnn.com,2026-08-25,https://www.cnn.com/2026/08/25/entertainment/video/dolly-parton-dead-80-obit-digvid,en,2026-08-25,
Target apologizes for ‘offensive’ costume,CNN,cnn.com,cnn.com,2026-08-25,https://www.cnn.com/2026/08/25/business/video/target-apologizes-for-offensive-costume,en,2026-08-25,
Exclusive: Justice Department considers bringing charges against ICE officer in Minneapolis shooting,CNN,cnn.com,cnn.com,2026-08-25,https://www.cnn.com/2026/08/25/politics/ice-officer-charges-justice-department,en,2026-08-25,
Bond markets remains unconvinced by Bessent’s plans,CNN,cnn.com,cnn.com,2026-08-25,https://www.cnn.com/2026/08/25/us/video/bonds-us-debt-brusuelas-intv-ctw-082509aseg2-cnni-us-fast,en,2026-08-25,
China: Cooperation with Iran should not be disrupted,CNN,cnn.com,cnn.com,2026-08-25,https://www.cnn.com/2026/08/25/world/video/china-iran-us-sanctions-bashir-live-ctw-082509aseg1-cnni-world-fast,en,2026-08-25,
Trump admin moving to revoke visas from potentially hundreds of thousands of asylum seekers,CNN,cnn.com,cnn.com,2026-08-25,https://www.cnn.com/2026/08/25/politics/trump-admin-revoke-visas-thousands-asylum-seekers,en,2026-08-25,
What it’s like in Syria during post-Assad reconstruction and recovery,CNN,cnn.com,cnn.com,2026-08-25,https://www.cnn.com/2026/08/25/world/video/syria-trump-arwa-damon-intv-ctw-082510aseg2-cnni-world-fast,en,2026-08-25,
"Jeffries says his meeting with Jared Kushner was a ‘high-level, topical conversation’",CNN,cnn.com,cnn.com,2026-08-25,https://www.cnn.com/2026/08/25/politics/video/cnn-sitroom-blitzer-hakeem-jeffries-jared-kushner-meeting-trump-adviser,en,2026-08-25,
Trump’s theory of global power faces a reckoning in Iran and Canada,CNN,cnn.com,cnn.com,2026-08-25,https://www.cnn.com/2026/08/25/politics/trump-iran-sanctions-canada-tariffs,en,2026-08-25,
"Emergency response workers pulled from national parks for Trump’s ‘beautification’ of Washington, DC",CNN,cnn.com,cnn.com,2026-08-25,https://www.cnn.com/2026/08/25/politics/doug-burgum-trump-washington-makeover,en,2026-08-25,
The US says it’ll crack down on countries doing business with Iran. Who’s buying Iranian oil?,CNN,cnn.com,cnn.com,2026-08-25,https://www.cnn.com/2026/08/25/business/us-sanctions-iran-oil-china,en,2026-08-25,
China criticizes new US sanctions as Iran vows to retaliate,CNN,cnn.com,cnn.com,2026-08-25,https://www.cnn.com/2026/08/25/world/live-news/iran-war-trump-sanctions,en,2026-08-25,
Why are personal bankruptcies soaring over the past two years?,CNN,cnn.com,cnn.com,2026-08-25,https://www.cnn.com/2026/08/25/us/video/us-economy-personal-bankruptcies-soar,en,2026-08-25,
"Judge in Don Lemon indictment asks to see grand jury records, adding to growing scrutiny of Justice Department cases",CNN,cnn.com,cnn.com,2026-08-25,https://www.cnn.com/2026/08/25/politics/don-lemon-grand-jury-doj-scrutiny,en,2026-08-25,
Fast-growing wildfires force evacuations in Texas,CNN,cnn.com,cnn.com,2026-08-25,https://www.cnn.com/2026/08/25/weather/video/fires-central-north-texas-ldn-digvid,en,2026-08-25,
"As elections near, Netanyahu casts Turkey as Israel’s latest enemy",CNN,cnn.com,cnn.com,2026-08-25,https://www.cnn.com/2026/08/25/middleeast/elections-near-netanyahu-casts-turkey-as-israels-latest-enemy-intl,en,2026-08-25,
Darline Graham’s race in South Carolina is a test of Trump’s chutzpah,CNN,cnn.com,cnn.com,2026-08-25,https://www.cnn.com/2026/08/25/politics/darline-graham-trump-endorsement-south-carolina,en,2026-08-25,
Controversies swirling around data center projects become hot topic for the midterms,CNN,cnn.com,cnn.com,2026-08-25,https://www.cnn.com/2026/08/25/us/video/data-center-controversies-midterm-elections-impact,en,2026-08-25,
تحليل: ترامب أمام اختبار في إيران وكندا.. هل تكفي القوة لفرض الإرادة؟,CNN,cnn.com,cnn.com,2026-08-25,https://arabic.cnn.com/middle-east/article/2026/08/25/trumps-theory-of-global-power-faces-a-reckoning-in-iran-and-canada,ar,2026-08-25,
Supreme Court backs Trump order to curb mail ballots,CNN,cnn.com,cnn.com,2026-08-25,https://us.cnn.com/2026/08/24/politics/supreme-court-mail-ballots-elections,en,2026-08-25,
Secret Service aware of Iranian state media video threatening life of Barron Trump,CNN,cnn.com,cnn.com,2026-08-25,https://edition.cnn.com/2026/08/24/politics/iran-barron-trump-threat-intl-hnk,en,2026-08-25,
"Trump test : TACO or dig in on Iran sanctions , Canada tariffs",CNN,cnn.com,cnn.com,2026-08-25,https://edition.cnn.com/2026/08/25/politics/trump-iran-sanctions-canada-tariffs,en,2026-08-25,
"Emergency response workers pulled from national parks for Trump  beautification  of Washington , DC",CNN,cnn.com,cnn.com,2026-08-25,https://us.cnn.com/2026/08/25/politics/doug-burgum-trump-washington-makeover,en,2026-08-25,
Darline Graham race in South Carolina is a test of Trump chutzpah,CNN,cnn.com,cnn.com,2026-08-25,https://us.cnn.com/2026/08/25/politics/darline-graham-trump-endorsement-south-carolina,en,2026-08-25,
Live updates : Trump Darline Graham endorsement put to test in South Carolina run - off,CNN,cnn.com,cnn.com,2026-08-25,https://www.cnn.com/2026/08/25/politics/live-news/trump-darline-graham-south-carolina,en,2026-08-25,
Live updates : Trump Darline Graham endorsement put to test in South Carolina runoff,CNN,cnn.com,cnn.com,2026-08-25,https://edition.cnn.com/2026/08/25/politics/live-news/trump-darline-graham-south-carolina,en,2026-08-25,
Trump administration threatens to demolish Kennedy Center if renovations arent allowed,CNN,cnn.com,cnn.com,2026-08-25,https://edition.cnn.com/2026/08/25/politics/demolish-kennedy-center-renovations,en,2026-08-25,
Trump-endorsed candidate clears key hurdle in red state gubernatorial race,Fox News,foxnews.com,foxnews.com,2026-08-25,https://www.foxnews.com/politics/trump-endorsed-candidate-clears-key-hurdle-red-state-gubernatorial-race,en,2026-08-25,
Trump Launches Operation Economic Outcast On Iran,Fox News,foxnews.com,foxnews.com,2026-08-25,https://radio.foxnews.com/2026/08/25/trump-launches-operation-economic-outcast-on-iran/,en,2026-08-25,
All-Star Panel: Financial Pressure on Tehran & Trump's Supreme Court Voting Win,Fox News,foxnews.com,foxnews.com,2026-08-25,https://radio.foxnews.com/2026/08/25/all-star-panel-financial-pressure-on-tehran-trumps-supreme-court-voting-win-2/,en,2026-08-25,
Rep. Pat Fallon: Economic Pressure May Be the Key to Forcing Iran's Hand,Fox News,foxnews.com,foxnews.com,2026-08-25,https://radio.foxnews.com/2026/08/25/rep-pat-fallon-economic-pressure-may-be-the-key-to-forcing-irans-hand/,en,2026-08-25,
Jelly Roll Roasts President Trump,Fox News,foxnews.com,foxnews.com,2026-08-25,https://radio.foxnews.com/2026/08/25/jelly-roll-roasts-president-trump/,en,2026-08-25,
Trump endorsement boosts sister of late Lindsey Graham to historic runoff victory,Fox News,foxnews.com,foxnews.com,2026-08-25,https://www.foxnews.com/politics/trump-endorsement-boosts-sister-late-lindsey-graham-historic-runoff-win,en,2026-08-25,
Seattle man allegedly targeted governor after telling hospital of murderous plan: docs,Fox News,foxnews.com,foxnews.com,2026-08-25,https://www.foxnews.com/politics/seattle-man-allegedly-targeted-governor-telling-hospital-murderous-plan-docs,en,2026-08-25,
"Democratic newcomer scores runoff upset in Oklahoma, vows to impeach Trump if elected",Fox News,foxnews.com,foxnews.com,2026-08-25,https://www.foxnews.com/politics/democratic-newcomer-scores-runoff-upset-oklahoma-vows-impeach-trump-elected,en,2026-08-25,
Hochul remains defiant after sheriffs sue over law banning cooperation with ICE: 'Bring it on',Fox News,foxnews.com,foxnews.com,2026-08-25,https://www.foxnews.com/politics/hochul-remains-defiant-sheriffs-sue-law-banning-cooperation-ice-bring-it-on,en,2026-08-25,
"Dolly Parton refused to pick political sides for decades: ‘I’m not in politics, I’m an entertainer’",Fox News,foxnews.com,foxnews.com,2026-08-25,https://www.foxnews.com/politics/dolly-parton-refused-pick-political-sides-decades-im-not-politics-im-entertainer,en,2026-08-25,
Polls close in Oklahoma as Trump-backed candidate faces GOP runoff,Fox News,foxnews.com,foxnews.com,2026-08-25,https://www.foxnews.com/politics/polls-close-oklahoma-trump-backed-candidate-faces-gop-runoff,en,2026-08-25,
Colin Kaepernick to receive Muhammad Ali Award for fighting 'racial injustice',Fox News,foxnews.com,foxnews.com,2026-08-25,https://www.foxnews.com/outkick-sports/colin-kaepernick-receive-muhammad-ali-award-fighting-racial-injustice,en,2026-08-25,
Dolly Parton's ‘all-American heart’: How country icon forged special bond with US military,Fox News,foxnews.com,foxnews.com,2026-08-25,https://www.foxnews.com/entertainment/dolly-parton-all-american-heart-country-icon-forged-special-bond-us-military,en,2026-08-25,
Newsom promises new legal fight after Trump gets Supreme Court victory on mail-in voting,Fox News,foxnews.com,foxnews.com,2026-08-25,https://www.foxnews.com/politics/newsom-promises-legal-fight-trump-supreme-court-victory-mail-in-voting,en,2026-08-25,
"IndyCar's Freedom 250 Grand Prix may have been 'once-in-a-lifetime,' but this is why it needs to happen again",Fox News,foxnews.com,foxnews.com,2026-08-25,https://www.foxnews.com/outkick-sports/indycars-freedom-250-grand-prix-once-in-a-lifetime-why-it-needs-happen-again,en,2026-08-25,
"Trump mourns Dolly Parton, orders US flags lowered nationwide after country music icon dies",Fox News,foxnews.com,foxnews.com,2026-08-25,https://www.foxnews.com/politics/trump-mourns-dolly-parton-orders-us-flags-lowered-nationwide-country-music-icon-dies,en,2026-08-25,
Michigan Democrat awkwardly pivots to circumcision during heated Fox News debate on child sex changes,Fox News,foxnews.com,foxnews.com,2026-08-25,https://www.foxnews.com/media/michigan-democrat-awkwardly-pivots-circumcision-heated-fox-news-debate-child-sex-changes,en,2026-08-25,
Georgia redistricting battle revived after appeals court overturns federal court decision,Fox News,foxnews.com,foxnews.com,2026-08-25,https://www.foxnews.com/politics/georgia-redistricting-battle-revived-after-appeals-court-overturns-federal-court-decision,en,2026-08-25,
"Secret Service aware of Iranian video threat targeting Barron Trump, agency says",Fox News,foxnews.com,foxnews.com,2026-08-25,https://www.foxnews.com/politics/secret-service-aware-iranian-video-threat-targeting-barron-trump-agency-says,en,2026-08-25,
"El-Sayed's defense of Sharia Law stance sparks online eruption from Christians, conservatives: 'He's done'",Fox News,foxnews.com,foxnews.com,2026-08-25,https://www.foxnews.com/politics/el-sayed-defense-sharia-law-stance-sparks-online-eruption-christians-conservatives-hes-done,en,2026-08-25,
Pritzker’s swagger stunt backfires as critics roast viral video: ‘Cringiest thing he’s ever posted’,Fox News,foxnews.com,foxnews.com,2026-08-25,https://www.foxnews.com/politics/pritzkers-swagger-stunt-backfires-critics-roast-viral-video-cringiest-thing-hes-ever-posted,en,2026-08-25,
"CNN, MS NOW has mentioned Trump aide Natalie Harp hundreds of times since Ossoff's viral jab",Fox News,foxnews.com,foxnews.com,2026-08-25,https://www.foxnews.com/media/cnn-msnbc-mentioned-trump-aide-natalie-harp-hundreds-times-ossoff-viral-jab,en,2026-08-25,
"US military plane lands in Moscow, with Kremlin claiming it has no information: report",Fox News,foxnews.com,foxnews.com,2026-08-25,https://www.foxnews.com/world/us-military-plane-lands-moscow-kremlin-claiming-no-information-report,en,2026-08-25,
ICE lodges detainer for illegal immigrant with lengthy rap sheet after alleged jealousy-fueled killing,Fox News,foxnews.com,foxnews.com,2026-08-25,https://www.foxnews.com/us/ice-lodges-detainer-illegal-immigrant-murder-suspect-long-criminal-history-jealousy-fueled-slaying,en,2026-08-25,
Pro-life CEO predicts Trump FDA nominee could bring renewed scrutiny to abortion drug risks,Fox News,foxnews.com,foxnews.com,2026-08-25,https://www.foxnews.com/politics/pro-life-ceo-predicts-trump-fda-nominee-could-bring-renewed-scrutiny-abortion-drug-risks,en,2026-08-25,
GOP's Singer 'very prepared' to oust Dem Moskowitz in toss-up Florida race that could determine House majority,Fox News,foxnews.com,foxnews.com,2026-08-25,https://www.foxnews.com/politics/gop-singer-very-prepared-oust-dem-moskowitz-toss-up-florida-race-determine-house-majority,en,2026-08-25,
Second lady Usha Vance fires back at pointed jab from Democratic Senate nominee Abdul El-Sayed,Fox News,foxnews.com,foxnews.com,2026-08-25,https://www.foxnews.com/media/second-lady-usha-vance-fires-back-pointed-jab-democratic-senate-nominee-abdul-el-sayed,en,2026-08-25,
"Muslim Brotherhood-linked networks embedded across Canadian institutions, new report alleges",Fox News,foxnews.com,foxnews.com,2026-08-25,https://www.foxnews.com/politics/muslim-brotherhood-linked-networks-embedded-across-canadian-institutions-new-report-alleges,en,2026-08-25,
Jeffries brags about Dem obstruction against Trump as he defends Kushner meeting,Fox News,foxnews.com,foxnews.com,2026-08-25,https://www.foxnews.com/politics/jeffries-brags-dem-obstruction-against-trump-defends-kushner-meeting,en,2026-08-25,
James Carville goes nuclear on Jeffries over Jared Kushner sit-down and demands Democrats draw a line,Fox News,foxnews.com,foxnews.com,2026-08-25,https://www.foxnews.com/media/james-carville-goes-nuclear-jeffries-jared-kushner-sit-down-demands-democrats-draw-line,en,2026-08-25,
Clinton’s eyebrow-raising socialism take sparks brutal mockery: ‘Definition of insanity’,Fox News,foxnews.com,foxnews.com,2026-08-25,https://www.foxnews.com/politics/clintons-eyebrow-raising-socialism-take-sparks-brutal-mockery-definition-insanity,en,2026-08-25,
Jackson rips into Supreme Court colleagues' 'serious legal error' on Trump mail-in voting order,Fox News,foxnews.com,foxnews.com,2026-08-25,https://www.foxnews.com/politics/jackson-rips-supreme-court-colleagues-serious-legal-error-trump-mail-in-voting-order,en,2026-08-25,
"Federal judge slaps down Ghislaine Maxwell petition for new trial as ‘rambling,’ ‘meritless’",Fox News,foxnews.com,foxnews.com,2026-08-25,https://www.foxnews.com/us/federal-judge-slaps-down-ghislaine-maxwell-petition-new-trial-rambling-meritless,en,2026-08-25,
"Ohio man charged over graphic threats to kill Trump, behead GOP lawmaker",Fox News,foxnews.com,foxnews.com,2026-08-25,https://www.foxnews.com/politics/ohio-man-charged-over-graphic-threats-kill-trump-behead-gop-lawmaker,en,2026-08-25,
Trump taunts Canada on renaming Lake Ontario the 'Lake America' amid rising border trade rift,Fox News,foxnews.com,foxnews.com,2026-08-25,https://www.foxnews.com/politics/trump-taunts-canada-renaming-lake-ontario-lake-america-amid-rising-border-trade-rift,en,2026-08-25,
Outgoing House Democrat Al Green files another impeachment resolution targeting President Donald Trump,Fox News,foxnews.com,foxnews.com,2026-08-25,https://www.foxnews.com/politics/outgoing-house-democrat-al-green-files-impeachment-resolution-targeting-president-donald-trump,en,2026-08-25,
"SC Senate Primary Runoff, Lindsay Clancy Insanity Defense & Why Socialism Fails",Fox News,foxnews.com,foxnews.com,2026-08-25,https://radio.foxnews.com/2026/08/25/sc-senate-primary-runoff-lindsay-clancy-insanity-defense-why-socialism-fails/,en,2026-08-25,
"Abdul El-Sayed battles Jesse Watters over billionaires, Sharia law in tense interview and more top headlines",Fox News,foxnews.com,foxnews.com,2026-08-25,https://www.foxnews.com/us/abdul-el-sayed-battles-jesse-watters-over-billionaires-sharia-law-tense-interview-more-top-headlines,en,2026-08-25,
Darline Graham faces make-or-break GOP runoff in historic bid to keep brother’s Senate seat,Fox News,foxnews.com,foxnews.com,2026-08-25,https://www.foxnews.com/politics/darline-graham-faces-make-or-break-gop-runoff-historic-bid-keep-brother-senate-seat,en,2026-08-25,
"U.S. standing on human rights is falling fast, driven by failures at home",Los Angeles Times,latimes.com,latimes.com,2026-08-25,https://www.latimes.com/opinion/story/2026-08-25/united-states-human-rights-record-ice-immigration-boatstrikes,en,2026-08-25,
Appreciation: Dolly Parton was special to the LGBTQ+ community. She showed us our country loves us,Los Angeles Times,latimes.com,latimes.com,2026-08-25,https://www.latimes.com/entertainment-arts/story/2026-08-25/dolly-parton-was-special-to-lgbtq-people-she-showed-were-loved,en,2026-08-25,
"Kennedy Center may need to be demolished if not renovated, Justice Department argues",Los Angeles Times,latimes.com,latimes.com,2026-08-25,https://www.latimes.com/entertainment-arts/story/2026-08-25/kennedy-center-demolished-if-not-renovated-trumps-justice-dept-argues,en,2026-08-25,
Economistas dudan que reanudación de compra de ganado mexicano reduzca precios de carne en EEUU,Los Angeles Times,latimes.com,latimes.com,2026-08-25,https://www.latimes.com/espanol/mexico/articulo/2026-08-25/economistas-dudan-que-reanudacion-de-compra-de-ganado-mexicano-reduzca-precios-de-carne-en-eeuu,es,2026-08-25,
El ICE ofrece un seguro para proteger a policías locales en EEUU que hagan arrestos migratorios,Los Angeles Times,latimes.com,latimes.com,2026-08-25,https://www.latimes.com/espanol/eeuu/articulo/2026-08-25/el-ice-ofrece-un-seguro-para-proteger-policias-locales-en-eeuu-que-hagan-arrestos-migratorios,es,2026-08-25,
Conglomerado de Hong Kong reclama 1.500 millones de dólares a Panamá por toma de puertos del canal,Los Angeles Times,latimes.com,latimes.com,2026-08-25,https://www.latimes.com/espanol/internacional/articulo/2026-08-25/conglomerado-de-hong-kong-reclama-1-500-millones-de-dolares-panama-por-toma-de-puertos-del-canal,es,2026-08-25,
"Trump revela plan para bajar el precio de la carne, pero genera dudas entre ganaderos y republicanos",Los Angeles Times,latimes.com,latimes.com,2026-08-25,https://www.latimes.com/espanol/eeuu/articulo/2026-08-25/trump-revela-plan-para-bajar-el-precio-de-la-carne-pero-genera-dudas-entre-ganaderos-y-republicanos,es,2026-08-25,
Trump cut grants for Hispanic-serving colleges. Now California campuses are losing programs,Los Angeles Times,latimes.com,latimes.com,2026-08-25,https://www.latimes.com/california/story/2026-08-25/trump-grant-cuts-california-colleges,en,2026-08-25,
California promised undocumented college students a future. Now they are losing hope,Los Angeles Times,latimes.com,latimes.com,2026-08-25,https://www.latimes.com/california/story/2026-08-25/california-undocumented-college-students-deportation-work-permits,en,2026-08-25,
Apple readies new Mac mini as it gears up for foldable iPhone and a wave of gadgets,Los Angeles Times,latimes.com,latimes.com,2026-08-25,https://www.latimes.com/business/story/2026-08-25/apple-readies-new-mac-mini-as-it-gears-up-for-foldable-iphone-wave-of-gadgets,en,2026-08-25,
Father of Navy sailor aboard USS Lincoln released from immigration custody,Los Angeles Times,latimes.com,latimes.com,2026-08-25,https://www.latimes.com/world-nation/story/2026-08-25/father-of-navy-sailor-aboard-uss-lincoln-released-from-immigration-custody,en,2026-08-25,
Falling oil prices help calm the stock and bond markets,Los Angeles Times,latimes.com,latimes.com,2026-08-25,https://www.latimes.com/business/story/2026-08-25/falling-oil-prices-help-calm-stock-bond-markets,en,2026-08-25,
The Supreme Court needs to remind Trump he has no power over elections,Los Angeles Times,latimes.com,latimes.com,2026-08-25,https://www.latimes.com/opinion/story/2026-08-25/trump-executive-order-voting,en,2026-08-25,
Dolly Parton remembered: Tributes from Hollywood to D.C. show her boundless legacy,Los Angeles Times,latimes.com,latimes.com,2026-08-25,https://www.latimes.com/entertainment-arts/story/2026-08-25/dolly-parton-dead-celebrities-react-tributes,en,2026-08-25,
Letters to the Editor: Trump is too incompetent to pull off major election interference,Los Angeles Times,latimes.com,latimes.com,2026-08-25,https://www.latimes.com/opinion/letters-to-the-editor/story/2026-08-25/trump-election-interference-midterms,en,2026-08-25,
"Iran's gas lines are growing, but there's no sign so far that its leaders will bow to U.S. sanctions",Los Angeles Times,latimes.com,latimes.com,2026-08-25,https://www.latimes.com/world-nation/story/2026-08-25/irans-gas-lines-are-growing-but-theres-no-sign-so-far-that-its-leaders-will-bow-to-u-s-sanctions,en,2026-08-25,
"Florida, hard-hit by Obamacare drop-off, feels the squeeze of rising healthcare costs",Los Angeles Times,latimes.com,latimes.com,2026-08-25,https://www.latimes.com/world-nation/story/2026-08-25/florida-hard-hit-by-obamacare-drop-off-feels-squeeze-of-rising-healthcare-costs,en,2026-08-25,
Louisiana National Guard ends deployment in New Orleans after eight months patrolling French Quarter,Los Angeles Times,latimes.com,latimes.com,2026-08-25,https://www.latimes.com/world-nation/story/2026-08-25/louisiana-national-guard-ends-deployment-in-new-orleans-after-eight-months-patrolling-french-quarter,en,2026-08-25,
"ICE arrests jumped to nearly 50,000 in July, the highest monthly total of Trump’s second term",Los Angeles Times,latimes.com,latimes.com,2026-08-25,https://www.latimes.com/world-nation/story/2026-08-25/ice-arrests-jumped-to-nearly-50-000-in-july-highest-monthly-total-of-trumps-second-term,en,2026-08-25,
Wife of active-duty Army sergeant is deported to Honduras under Trump's immigration crackdown,Los Angeles Times,latimes.com,latimes.com,2026-08-25,https://www.latimes.com/world-nation/story/2026-08-25/wife-of-active-duty-army-sergeant-is-deported-to-honduras-under-trumps-immigration-crackdown,en,2026-08-25,
Canada strikes back at U.S. with retaliatory tariffs as trade war escalates,Los Angeles Times,latimes.com,latimes.com,2026-08-25,https://www.latimes.com/world-nation/story/2026-08-25/canada-strikes-back-at-u-s-with-retaliatory-tariffs-as-trade-war-escalates,en,2026-08-25,
Secret Service confirms awareness of Iranian state media video threatening Barron Trump's life,Los Angeles Times,latimes.com,latimes.com,2026-08-25,https://www.latimes.com/world-nation/story/2026-08-25/secret-service-confirms-awareness-of-iranian-state-media-video-threatening-barron-trumps-life,en,2026-08-25,
"Flesh-eating screwworms, beef price surge collide as Mexico resumes cattle exports to U.S.",Los Angeles Times,latimes.com,latimes.com,2026-08-25,https://www.latimes.com/business/story/2026-08-25/flesh-eating-screwworms-beef-price-surge-collide-as-mexico-resumes-cattle-exports-to-u-s,en,2026-08-25,
Before and after photos of Chino Hills show the toll of this summer's drought and heat,Los Angeles Times,latimes.com,latimes.com,2026-08-25,https://www.latimes.com/california/newsletter/2026-08-25/before-after-photos-of-chino-hills-show-toll-of-drought-heat,en,2026-08-25,
Letters to the Editor: We can tackle election reforms once MAGA extremists are out of the GOP,Los Angeles Times,latimes.com,latimes.com,2026-08-25,https://www.latimes.com/opinion/letters-to-the-editor/story/2026-08-25/election-reforms-gop-ideas-maga,en,2026-08-25,
Commentary: Sheriff Chad Bianco can't catch a break. That's a good thing,Los Angeles Times,latimes.com,latimes.com,2026-08-25,https://www.latimes.com/california/story/2026-08-25/chabria-columns-sheriff-chad-bianco-supreme-court-ballots,en,2026-08-25,
Contributor: Forget about COVID-19's origins. Focus on preventing the next pandemic,Los Angeles Times,latimes.com,latimes.com,2026-08-25,https://www.latimes.com/opinion/story/2026-08-25/covid-19-lab-leak-natural-origin-debate-pandemic-prevention,en,2026-08-25,
"Contributor: We're stuck with the dollar as the global currency, along with all the downsides",Los Angeles Times,latimes.com,latimes.com,2026-08-25,https://www.latimes.com/opinion/story/2026-08-25/dollar-global-reserve-currency-jd-vance,en,2026-08-25,
Country music legend Dolly Parton dies at 80,NBC News,nbcnews.com,nbcnews.com,2026-08-25,https://www.nbcnews.com/nightly-news/video/country-music-legend-dolly-parton-dies-at-80-268857413640,en,2026-08-25,
"U.S. strikes a vessel in the eastern Pacific, killing 2 people in first attack in months",NBC News,nbcnews.com,nbcnews.com,2026-08-25,https://www.nbcnews.com/world/latin-america/us-strikes-vessel-eastern-pacific-killing-2-people-first-attack-months-rcna594249,en,2026-08-25,
U.S. cancels South Korea marine drills over tied-up forces in Iran war,NBC News,nbcnews.com,nbcnews.com,2026-08-25,https://www.nbcnews.com/world/asia/us-cancels-south-korea-marine-drills-tied-forces-iran-war-rcna594256,en,2026-08-25,
What to watch in today’s primaries and Scott Bessent threatens new sanctions on Iran: Morning Rundown,NBC News,nbcnews.com,nbcnews.com,2026-08-25,https://www.nbcnews.com/news/us-news/south-carolina-primaries-scott-bessent-sanctions-iran-morning-rundown-rcna594253,en,2026-08-25,
Trump’s trade war with Canada imperils 2026 Republicans running in border states,NBC News,nbcnews.com,nbcnews.com,2026-08-25,https://www.nbcnews.com/politics/2026-election/trump-trade-war-canada-threatens-2026-republicans-border-states-rcna594137,en,2026-08-25,
Can Trump actually change the name of Lake Ontario?,NBC News,nbcnews.com,nbcnews.com,2026-08-25,https://www.nbcnews.com/politics/trump-administration/trump-lake-ontario-name-change-rcna594332,en,2026-08-25,
Active-duty sergeant’s wife deported to Honduras following Trump’s rollback of protections,NBC News,nbcnews.com,nbcnews.com,2026-08-25,https://www.nbcnews.com/news/us-news/active-duty-sergeants-wife-deported-honduras-trumps-rollback-protectio-rcna594281,en,2026-08-25,
Deportees who refused to exit a U.S. flight in Liberia are sent to Equatorial Guinea,NBC News,nbcnews.com,nbcnews.com,2026-08-25,https://www.nbcnews.com/world/africa/deportees-refused-exit-us-flight-liberia-are-sent-equatorial-guinea-rcna594251,en,2026-08-25,
Trump-backed House candidate removes mentions of the president from his website,NBC News,nbcnews.com,nbcnews.com,2026-08-25,https://www.nbcnews.com/politics/2026-election/trump-backed-house-candidate-removes-mentions-president-website-rcna593719,en,2026-08-25,
Election highlights: Darline Graham thanks Trump after beating Ralph Norman in South Carolina GOP Senate primary runoff,NBC News,nbcnews.com,nbcnews.com,2026-08-25,https://www.nbcnews.com/politics/2026-election/live-blog/trump-2026-south-carolina-primary-congress-iran-live-updates-rcna594198,en,2026-08-25,
"Army secretary has talked about resigning by Labor Day, sources say",NBC News,nbcnews.com,nbcnews.com,2026-08-25,https://www.nbcnews.com/politics/national-security/army-secretary-talked-resigning-labor-day-sources-say-rcna594431,en,2026-08-25,
"Dolly Parton, country music icon, dies at 80",NBC News,nbcnews.com,nbcnews.com,2026-08-25,https://www.nbcnews.com/news/us-news/dolly-parton-county-music-icon-dies-80-rcna236277,en,2026-08-25,
"Mike Lindell refuses to pay for recount in Minnesota GOP primary, files lawsuit against election officials",NBC News,nbcnews.com,nbcnews.com,2026-08-25,https://www.nbcnews.com/politics/2026-election/mike-lindell-refuses-pay-recount-minnesota-gop-primary-files-lawsuit-rcna594395,en,2026-08-25,
Trump administration says it might demolish the Kennedy Center if court blocks renovations,NBC News,nbcnews.com,nbcnews.com,2026-08-25,https://www.nbcnews.com/politics/trump-administration/trump-administration-says-might-demolish-kennedy-center-court-blocks-r-rcna594350,en,2026-08-25,
Democrats see an opening in Texas. Is it déjà vu or a breakthrough?: From the Politics Desk,NBC News,nbcnews.com,nbcnews.com,2026-08-25,https://www.nbcnews.com/politics/politics-news/democrats-see-opening-texas-deja-vu-breakthrough-politics-desk-rcna594415,en,2026-08-25,
Tributes to Dolly Parton pour in from fellow stars to ordinary people,NBC News,nbcnews.com,nbcnews.com,2026-08-25,https://www.nbcnews.com/news/us-news/tributes-dolly-parton-pour-fellow-stars-ordinary-people-rcna594366,en,2026-08-25,
Abdul El-Sayed pushes back in Fox News interview: ‘Not here to fight a culture war’,NBC News,nbcnews.com,nbcnews.com,2026-08-25,https://www.nbcnews.com/politics/2026-election/el-sayed-jesse-watters-fox-news-interview-michigan-senate-2026-rcna594300,en,2026-08-25,
Canada announces new tariffs on the U.S. as trade tensions rise,NBC News,nbcnews.com,nbcnews.com,2026-08-25,https://www.nbcnews.com/now/video/canada-announces-new-tariffs-on-the-u-s-as-trade-tensions-rise-268831301967,en,2026-08-25,
"Two unvaccinated people die of measles in Pennsylvania outbreak, health officials say",NBC News,nbcnews.com,nbcnews.com,2026-08-25,https://www.nbcnews.com/health/health-news/measles-pennsylvania-deaths-two-outbreak-rfk-jr-rcna594296,en,2026-08-25,
"Canada retaliates against Trump tariffs by raising steel duties, rates on $20B of goods",NBC News,nbcnews.com,nbcnews.com,2026-08-25,https://www.nbcnews.com/business/consumer/canada-retaliates-against-trump-tariffs-rcna594280,en,2026-08-25,
"Iran vows retaliation after U.S. widens sanctions, fueling fears of escalated war",NBC News,nbcnews.com,nbcnews.com,2026-08-25,https://www.nbcnews.com/world/iran/iran-vows-retaliation-us-widens-sanctions-fueling-fears-escalated-war-rcna594257,en,2026-08-25,
What a trade war with Canada means for U.S. consumers,NPR,npr.org,npr.org,2026-08-25,https://www.npr.org/2026/08/25/nx-s1-5944183/what-a-trade-war-with-canada-means-for-u-s-consumers,en,2026-08-25,
"Trump's Economic D-Day For Iran, Gulf Allies React To US Plan, SCOTUS Mail-in Voting",NPR,npr.org,npr.org,2026-08-25,https://www.npr.org/2026/08/25/nx-s1-5944083/trumps-economic-d-day-for-iran-gulf-allies-react-to-us-plan-scotus-mail-in-voting,en,2026-08-25,
South Carolina U.S. senate runoff election will test Trump's endorsement,NPR,npr.org,npr.org,2026-08-25,https://www.npr.org/2026/08/25/nx-s1-5943041/south-carolina-senate-runoff-graham-norman-trump-endorsement,en,2026-08-25,
What the Supreme Court's ruling on mail-in voting means for Nevada's voters,NPR,npr.org,npr.org,2026-08-25,https://www.npr.org/2026/08/25/nx-s1-5944250/what-the-supreme-courts-ruling-on-mail-in-voting-means-for-nevadas-voters,en,2026-08-25,
Trump urges world leaders to isolate Iran,NPR,npr.org,npr.org,2026-08-25,https://www.npr.org/2026/08/25/nx-s1-5943245/trump-urges-world-leaders-to-isolate-iran,en,2026-08-25,
Trump is trying to restrict mail-in voting. Will it matter in the midterms?,NPR,npr.org,npr.org,2026-08-25,https://www.npr.org/2026/08/25/nx-s1-5944323/trump-is-trying-to-restrict-mail-in-voting-will-it-matter-in-the-midterms,en,2026-08-25,
SCOTUS gives Trump a temporary win on his order to restrict voting by mail,NPR,npr.org,npr.org,2026-08-25,https://www.npr.org/2026/08/25/nx-s1-5943585/scotus-gives-trump-a-temporary-win-on-his-order-to-restrict-voting-by-mail,en,2026-08-25,
DHS acknowledges the noncitizen numbers it touted on voter rolls were inflated,NPR,npr.org,npr.org,2026-08-25,https://www.npr.org/2026/08/25/nx-s1-5940807/noncitizen-voters-trump-nevada-call,en,2026-08-25,
"'Forget about going back': 9 years on, Rohingya crisis enters dangerous phase",NPR,npr.org,npr.org,2026-08-25,https://www.npr.org/2026/08/25/g-s1-140007/forget-about-going-back-9-years-on-rohingya-crisis-enters-dangerous-phase,en,2026-08-25,
Canada announces retaliatory tariffs on the U.S. as the countries' trade fight deepens,NPR,npr.org,npr.org,2026-08-25,https://www.npr.org/2026/08/25/nx-s1-5944240/canada-us-tariffs,en,2026-08-25,
"Trump calls leaders to isolate Iran. And, SCOTUS backs Trump for now on mail-in voting",NPR,npr.org,npr.org,2026-08-25,https://www.npr.org/2026/08/25/g-s1-140004/up-first-newsletter-iran-economic-war-scotus-mail-in-voting-dhs-privacy,en,2026-08-25,
Trump administration unveils new Iran sanctions,NPR,npr.org,npr.org,2026-08-25,https://www.npr.org/2026/08/25/nx-s1-5943570/trump-administration-unveils-new-iran-sanctions,en,2026-08-25,
How to understand this heat wave (as told by NPR's senior climate editor),NPR,npr.org,npr.org,2026-08-25,https://www.npr.org/2026/08/25/nx-s1-5940053/heat-wave-extreme-forecast-climate,en,2026-08-25,
Kids with brain injuries thrive at this camp. But federal research funding is in flux,NPR,npr.org,npr.org,2026-08-25,https://www.npr.org/2026/08/25/nx-s1-5936617/camp-cranium-tbi-act-brain-injury-concussion-trauma-cdc,en,2026-08-25,
Can Trump's economic war against Iran do what airstrikes and negotiations couldn't?,NPR,npr.org,npr.org,2026-08-25,https://www.npr.org/2026/08/25/nx-s1-5943572/trump-iran-sanctions,en,2026-08-25,
Nevada takes federal government to court over Colorado River water use plan,NPR,npr.org,npr.org,2026-08-25,https://www.npr.org/2026/08/25/nx-s1-5943593/nevada-takes-federal-government-to-court-over-colorado-river-water-use-plan,en,2026-08-25,
When is suspending students discrimination? Education Dept. renews an old fight,NPR,npr.org,npr.org,2026-08-25,https://www.npr.org/2026/08/25/nx-s1-5936474/discrimination-school-discipline-suspension-race-education-department-civil-rights,en,2026-08-25,
"Supreme Court gives Trump an interim win on his mail voting order , but hurdles loom",NPR,npr.org,npr.org,2026-08-25,https://knpr.org/npr/2026-08-24/supreme-court-gives-trump-an-interim-win-on-his-mail-voting-order-but-hurdles-loom,en,2026-08-25,
Nevada sues Trump Administration over cuts to Colorado River allotment,NPR,npr.org,npr.org,2026-08-25,https://knpr.org/2026-08-24/nevada-sues-trump-administration-over-cuts-to-colorado-river-allotment,en,2026-08-25,
Can Trump economic war against Iran do what airstrikes and negotiations couldnt ?,NPR,npr.org,npr.org,2026-08-25,https://knpr.org/npr/2026-08-25/can-trumps-economic-war-against-iran-do-what-airstrikes-and-negotiations-couldnt,en,2026-08-25,
"Washington, D.C., race delivers IndyCar best non-Indy 500 rating since ’08 merger",New York Times,nytimes.com,nytimes.com,2026-08-25,https://www.nytimes.com/athletic/7538864/2026/08/25/indycar-washington-dc-freedom-250-ratings-viewership-record/,en,2026-08-25,
"Big Ten, ACC considering rules to prohibit players returning to college football from NFL",New York Times,nytimes.com,nytimes.com,2026-08-25,https://www.nytimes.com/athletic/7537671/2026/08/25/big-ten-nfl-contracts-eligibility/,en,2026-08-25,
"Enes Kanter Freedom isn’t protecting women. He’s out to instigate, divide, marginalize",New York Times,nytimes.com,nytimes.com,2026-08-25,https://www.nytimes.com/athletic/7536618/2026/08/25/enes-kanter-freedom-wnba-ejection-fever-transgender/,en,2026-08-25,
China Pushes Back After Trump Tightens the Screws on Iran,New York Times,nytimes.com,nytimes.com,2026-08-25,https://www.nytimes.com/2026/08/25/business/us-bessent-china-iran.html,en,2026-08-25,
Trump’s New Tariffs on Canada Raise Familiar Legal Risks,New York Times,nytimes.com,nytimes.com,2026-08-25,https://www.nytimes.com/2026/08/25/business/trump-canada-tariffs.html,en,2026-08-25,
G.O.P. Lawmakers Rebuke Trump on Plan to Increase Beef Imports,New York Times,nytimes.com,nytimes.com,2026-08-25,https://www.nytimes.com/2026/08/25/us/politics/republicans-trump-beef-imports.html,en,2026-08-25,
Trump Lawyers Warn That Kennedy Center Might Need Demolition if Not Fixed,New York Times,nytimes.com,nytimes.com,2026-08-25,https://www.nytimes.com/2026/08/25/arts/music/trump-kennedy-center-demolition-lawyers.html,en,2026-08-25,
Trump Threatens to Rename Lake Ontario as Trade War With Canada Heats Up,New York Times,nytimes.com,nytimes.com,2026-08-25,https://www.nytimes.com/2026/08/25/us/politics/trump-lake-ontario-america-canada-trade.html,en,2026-08-25,
"As Supreme Court’s Trump ‘Emergencies’ Return, Debate Simmers Over How Much to Say",New York Times,nytimes.com,nytimes.com,2026-08-25,https://www.nytimes.com/2026/08/25/us/politics/supreme-court-trump-emergency-shadow-docket.html,en,2026-08-25,
South Carolina Election Becomes Test for Trump,New York Times,nytimes.com,nytimes.com,2026-08-25,https://www.nytimes.com/2026/08/25/us/politics/south-carolina-runoff-trump-test.html,en,2026-08-25,
The Ludicrous Argument Behind Trump’s Tariffs,New York Times,nytimes.com,nytimes.com,2026-08-25,https://www.nytimes.com/2026/08/25/opinion/trump-tariffs-illegal-canada.html,en,2026-08-25,
What’s More Than ‘Maximum’? Trump Faces Limits on Iran Sanctions.,New York Times,nytimes.com,nytimes.com,2026-08-25,https://www.nytimes.com/2026/08/25/us/politics/trump-iran-maximum-sanctions.html,en,2026-08-25,
Where Does Trump’s Executive Order Restricting Mail Voting Stand?,New York Times,nytimes.com,nytimes.com,2026-08-25,https://www.nytimes.com/2026/08/25/us/politics/what-to-know-trump-executive-order-mail-voting.html,en,2026-08-25,
"At Home and Abroad, Deference to Trump Turns Increasingly to Defiance",New York Times,nytimes.com,nytimes.com,2026-08-25,https://www.nytimes.com/2026/08/25/us/politics/trump-polls-tariffs-carney.html,en,2026-08-25,
"At Trump’s IndyCar Race, a V.I.P. Invitation Became a Diplomatic Snub",New York Times,nytimes.com,nytimes.com,2026-08-25,https://www.nytimes.com/2026/08/25/us/politics/trump-indycar-diplomatic-snub.html,en,2026-08-25,
Trump’s Efforts to Sow Election Doubts Get Boost from Initial Court Order,New York Times,nytimes.com,nytimes.com,2026-08-25,https://www.nytimes.com/2026/08/25/us/politics/trump-voting-doubt-mail-ballots.html,en,2026-08-25,
Trump-backed candidate wins primary for Oklahoma governor,Politico,politico.com,politico.com,2026-08-25,https://www.politico.com/news/2026/08/25/mazzei-wins-oklahoma-governor-runoff-01050323,en,2026-08-25,
Trump scoffs at ‘affordability’ issues. The White House knows it’s a big deal.,Politico,politico.com,politico.com,2026-08-25,https://news.google.com/rss/articles/CBMixAFBVV95cUxQWk02VjVOQ0xMLVhaQWRrUWJCRl9kbUpjUlBqV1o4eXhCdG42M2dIZUxwLTNuZHAxVlQ0UVc3b19iby1mS1BvM0dDZVN2SUxoQ3pXWGkwU1kzdGcwcFNCQ3B4YzRGSkdBaWtqUDhLTk43a1l1c21XbGQ5eklzNGE1MUR3VVExVUd3Z29URjN5S2ZiS0FQMTd2Wk95Nm14akRNcDEtSEEyazliYnhoSms1ZVJNQ09uRjRRTUZ0eWdxR2JoSkxn?oc=5,en,2026-08-25,
Trump orders flags lowered to honor Dolly Parton,Politico,politico.com,politico.com,2026-08-25,https://news.google.com/rss/articles/CBMifkFVX3lxTE1lUWFyaEROblp5OTNfSEFwNTdkQi04Wms2czFRbjlmNUdhZjVzOXNvLUQwLWJrYkJmeW5lNHpsT3ZUd1liU0JncEJ3SkpfWHNMcDdoZFJCUW1Mcjd2T1FxUHprU1lPUFNaV004UHlkSnBjTWhfc2dWblBEUGxWZw?oc=5,en,2026-08-25,
"Trump administration plans to target business and tourism visas of up to 200,000 asylum seekers",Politico,politico.com,politico.com,2026-08-25,https://news.google.com/rss/articles/CBMilwFBVV95cUxQNmJlWUMwX1Vtb3FPWkNzcmpOT1dQWWI0RGREcWF1dEl2TmpWR05USzZOMTA1NmNzWUU3eXB5OHNDcXBPSEhiQmROc1c4dDJKaTAwY1ZObk11MVpaenk0ZU5feDEzeUVsSGJmaTd5Y0F1dmFIcEx2OHlPZjNXMXZENnVSZEN6NFF4SlZ3VEpsVk12TGhlMlow?oc=5,en,2026-08-25,
Secret Service says it’s ‘aware’ of Iranian state media threat against Barron Trump,Politico,politico.com,politico.com,2026-08-25,https://news.google.com/rss/articles/CBMikwFBVV95cUxPWEhUSG9UbmpPZUdKcnJkTEhlQ1cwdDhWWlNkZGh2cWtkakdDUUJPNmFmUVowSk40QjlwU3c5S0x6MXlIcDdISjZLNldVUVJvWXR0NjZJaHBVYW9mVEdndEtJUE0ySDRXY0dadzRGb05OSFo3UEhhd3JhRk9PTHN1ajdkNE9PSWRyTU1CRWdmMkdaTE0?oc=5,en,2026-08-25,
Trump denies US pushed Canada on French language,Politico,politico.com,politico.com,2026-08-25,https://news.google.com/rss/articles/CBMiggFBVV95cUxPYTA2RUNpMmhqa213WHlBb2JxQmFPTG92NExDS1lhdl8tVTNzbUxONnIwLVB0WUliNmRLTTBIZlhVM1Q1UDZGcEgyYjFjQTg4TmtkOTlrdm5tUHVBV2FxZWxSRWNHSjBQVXc1ZE9FelZLN3hhaWF2LW5aSWRCa3dlMVVB?oc=5,en,2026-08-25,
Trump sends Saudi nuclear deal to Congress but says Riyadh must recognize Israel,Reuters,reuters.com,reuters.com,2026-08-25,https://news.google.com/rss/articles/CBMixgFBVV95cUxOQlo4djdVdDNyZ2pOQWpMS2ZnblpzdUhoSzZRRGxpR29YSW1PUl9JUmNNYzgtSXZtbDh0a0xxekVuNlVYTWVGWS1RdkE2RXdqVGJFdGE0Z2l3V0ZvaE1hWGFjNHo2RXJjOGw1RFhOSkJnTGpuMHJId1BqcTRDRmhERkZWMGh0bDMzaWpHMTVHZ05UN29UbzZMTG5Valh1dkgwbFNRZFZqRmFZU3dVdXlpbkpZVm5vVzhQeEZEWEtaOHEzeTZ1VUE?oc=5,en,2026-08-25,
U.S. Secret Service aware of Iranian video threat against Barron Trump,Reuters,reuters.com,reuters.com,2026-08-25,https://news.google.com/rss/articles/CBMiwgFBVV95cUxPdkJKLVFhNWZCTm9nbWRDa0FEZklXZzJIa1pDQmF6aFFndlBpVHRMWnBsS2kzaGhjWXd2ZFBfN1A2czRPY2xmZ0lzVm12OHU2dXBWa3lvclpHZENUMFlEN1JMUW9kM3VMbmtnNTRNUmlzY1daSVJ0MjUzV2x2d2ZENS1VdklOZWtON3NRN2ZaRHdmeFR1Q2tDTWJVblFHNEE1YlBHZ3NaRkdPSkRIWWcwT0Rnd094UmNHTWZUVnQyZ1RFZw?oc=5,en,2026-08-25,
U.S. military officer who called for Trump impeachment faces three charges,Reuters,reuters.com,reuters.com,2026-08-25,https://news.google.com/rss/articles/CBMivgFBVV95cUxPNTc1dlhCWDRQSUcxRWdoZldkZDJSZzVTRXNMZmZkX2VUSEloWVdwQTN2ZjM0R0NvZF83dTBJY21aVmhvemZzUFNRUEgtal9iLW9zZFdXS3hyZmlwNnM0eHh6c3VSWDVjNnd0NzJXa25RRnRtZjhMNzJ6MDRYUnJHYWFOWk41OTVjVTA2RC13a0dRSHpNalh4azJhdnBWZ2xCQldROG1SaWw1aXhWN2pRNTg2cnEwR1Q5Qzl0djNB?oc=5,en,2026-08-25,
"Trump says Strait of Hormuz has been demined, warns Iran not to plant more",Reuters,reuters.com,reuters.com,2026-08-25,https://news.google.com/rss/articles/CBMirgFBVV95cUxPT20tcldmTnJoUWpfYlFMcnhIamdoZG5aenFWZDlLaGJFOG9mUVZQOENaU3hTNTlJOGpEUkg1QW9qVi1qUENRRGxLU3V2QW50cEs3YlE2LU1EZHhidlhheXpBeXBiX3FrT1dFeTFmQmo2cGpIdExvUUlET1d1eHJqc09lYVlvNjFPbEtmS0FaQ0xfYWlCdVl6WXQ3UjBMUUxZbWVNS0VXVTRfbzFwekE?oc=5,en,2026-08-25,
"Lake America? Trump mulls renaming Lake Ontario, expresses love for French Canadians amid trade war",Reuters,reuters.com,reuters.com,2026-08-25,https://news.google.com/rss/articles/CBMixwFBVV95cUxOQkoxdV83WXpiYW1YUTFfYUZSVTU5SG9oc3FkZ1N2aGozRmNqNXRwbk1XaEVWZDIza0YwTFc0R1FEckd6ZWtRMG1QTkdCZE9jUURDcl9laXZRazFRTnZiZFJ5cEtBU2xhODhhenVhSTBtYkFPVDNnTEVPRjFudzVIUGoxRF9YZzBSa3B4QTlMTHJWaW1oODlITE9aYUd1SWhoV3BCUlZpTkU3LVZncVEyMmFPenFlMmpFS0hKR290UGlsMDcyVmdR?oc=5,en,2026-08-25,
World braces as Trump's Canada tariff stand-off escalates,Reuters,reuters.com,reuters.com,2026-08-25,https://news.google.com/rss/articles/CBMivwFBVV95cUxNSHQzOTFqNEhOZUp2ZGJMT1J5d1pSaEUtQWFlZTZJdVZfT0ZlUmJPQy00dHFnekY5c05wNTNnSE56RDd2WFFwc28yTGptelZOcXJZMGtMSlcyZm5xLXRxWThaZTRXSkdieS1INUExMC1LVUduSXUzdGozS280U2JCOFRwTVVNbHhXZFVRcEcxSFlKZUdTRnlVYlJUZm1HUFctMDBkVmJhdGU5R19JbmlQOU84UktiVFRYZVdsRmZiVQ?oc=5,en,2026-08-25,
PODCAST: Canada prices in Trump,Reuters,reuters.com,reuters.com,2026-08-25,https://news.google.com/rss/articles/CBMijAFBVV95cUxQS0Y5SFJtajIwU0dTMmd1bnBZT3NoME4zYXFXY3JPaHN5bXRSa3N1UEQ5QmVqMG54TDdsdURONmNFT1FKRjlLSWJBcDVfS1M0dmg3a2swSFFvamNaQTJDeDF4bGFJYk01VmJGU0NVVUwxeHhxM3VyajdXZ3NrSXlZclExYkxaSkRjVVdkWQ?oc=5,en,2026-08-25,
"Trump administration defends Kennedy Center renaming plan, warns of demolition risk",Reuters,reuters.com,reuters.com,2026-08-25,https://news.google.com/rss/articles/CBMiyAFBVV95cUxNX1c5ajRzekY0VkVCY1VpcFhGQVFEMWd4V0U1NjhxQ3dVdkN1cUY0dTBvN0dDTUhXLVJNZnRxQWtzNVppel93dzlDYjVZb0ptQVF3aXdNNmd3VDkwdDRRQnJYMUh4UDl0QWtNdndpR1RTZHJXN1NLeS1meUdNTjJFWmVHdWQyY2xmaUt3OTRfVkFMYjl2endXZVQ2RmdqSW9QTWxnM0dMQTEyZ0tTSmp3SGJoMm55eGVOc3J1d3VhMzFmZXhsSXBUMw?oc=5,en,2026-08-25,
India IT industry body urges US to weigh H-1B visa benefits as Trump proposes hefty fee,Reuters,reuters.com,reuters.com,2026-08-25,https://news.google.com/rss/articles/CBMi0gFBVV95cUxPdnJWYnBvNk1lalc3QjIxMm55Z1pWc0hoOGpQdVRUQVlGOTdGWVFIZ3NoSkZkUEZTYXBWOEZvbHBOZlVrV2ZIRVR3dTdGUTgxb3BzQkJCUzRlWm5pSVNwUVpmTEVJclFJUXZXSFQ3MVBYY2VXVlpKVUJKVERKc1RhOWx1RmlpMjl1VnB5U2NxeVZycUhUb08yeHprbGstRk1NcEpiSUU1Q3FhNXRndklCOEYxQlBXMENXdW1SeW4zX01LREg3TFFleE4zWVlmdmF4V3c?oc=5,en,2026-08-25,
Explainer: Trump's mail-in ballot order gets Supreme Court boost but legal fights persist,Reuters,reuters.com,reuters.com,2026-08-25,https://news.google.com/rss/articles/CBMixAFBVV95cUxOLU9BSnBvdnpCTHBLMWdJV3AzTldRazBZeEd1elpBRHNjZGtJT0hTSDU1VzdaaXhjbTlSRHBOZFFvUWZadXNINEt2Q2Qyd0hMZWE3emhjMDVReXBNcE5kYmVxUm1IRlBjTG9EaWFqbk5Ia1k3OVZBOHNmQkRVak9tUjFCdGdUZjB3Z2ZzQjdmSmlHeEJWRWtEWHVBRzFJNXdIUFJYTW5RQTNRUlFRVXBwUjlCeFNkN1NvZmJaQXg4VzI0eXI2?oc=5,en,2026-08-25,
US lawmakers urge Trump to ban Americans from aiding Chinese security agencies,Reuters,reuters.com,reuters.com,2026-08-25,https://news.google.com/rss/articles/CBMiwAFBVV95cUxOQkFUWW1EZENIWkt4a2RkQy03Q1lCUFBVOE5BTmJnY3E3czFuSUpqdnJYTkdscDhmb2ZQQkdVMFBPVm0xSzFqa1l5Q0tKd2JJbWJua1JkY2tBbUduWE1jNmI4a0NBSTlPTnhPSmJuNk5uOEc2OGhsZloxLTh6Wm1uS3NZQkQzT1NQNWJxNk5xVGZKcUE1WlUzUGNseHJ2blQ0WFVBUGhhSE1DdEZabEdscG1raG9YNVpyUm4yTmZraG8?oc=5,en,2026-08-25,
"In win for Trump, Graham secures Republican nomination for US Senate in South Carolina",Reuters,reuters.com,reuters.com,2026-08-25,https://news.google.com/rss/articles/CBMioAFBVV95cUxOWENfQlNIaEhCb1FHa1JSSWZoSWt4YXVjeWZid2RQTU9ub19yLVRfb1dxTWJqYXFlY19kclVGbEl6UTlLSFBXQzNhNTNJNTR5LXVQa3FuelF0enJMa09VWFNqM2tVbWVGZWt1dWJqSk1MY0E0MTItanV5S0VBM1RSX1hFVm9UdzNraWVVUlo3ckNwaGZ6Wm5ENGtXNTRsYlps?oc=5,en,2026-08-25,
"Trump cannot impose conditions on transportation, homelessness grants, US appeals court rules",Reuters,reuters.com,reuters.com,2026-08-25,https://news.google.com/rss/articles/CBMiyAFBVV95cUxNV1JWenZHT01VYVotdUpoLTVUVUw0TE4wQndLZ3dxMV9PNU9HRmNwRWk1cWlLR2czMkpXYUIwYVZMTzlMVllPTGdHczhDeGsxSUhacjZXT1lBRXAxaXlCNFhWTVdSd0k5SlZuQUFaMXhTLWNqTHhoa3U1akNncUt5MXI3UWdOdl9vb3VZaFIwaUxaQkI0Tnlma2RJZmRsQk14SVdTeUtDZ2dYQzJld2p0YkZ4Ym1PXzBSWjNLSi1qVjFNUVB4Y1NmYw?oc=5,en,2026-08-25,
"Dolly Parton's '9 to 5' movie, song inspired female empowerment",USA Today,usatoday.com,usatoday.com,2026-08-25,https://www.usatoday.com/story/entertainment/movies/2026/08/25/dolly-parton-9-to-5-movie-song/91462308007/,en,2026-08-25,
"Voters trust Dems over GOP in affordability, new poll shows",USA Today,usatoday.com,usatoday.com,2026-08-25,https://www.usatoday.com/story/news/politics/2026/08/25/voters-trust-dems-gop-affordability-new-poll/91464740007/,en,2026-08-25,
Darline Graham risks embarrassing Trump in SC GOP runoff: Live updates,USA Today,usatoday.com,usatoday.com,2026-08-25,https://www.usatoday.com/story/news/politics/elections/2026/08/25/darline-graham-trump-sc-gop-runoff-election-live-updates--live/91445046007/,en,2026-08-25,
Dolly Parton's death brings unified grief from both political sides,USA Today,usatoday.com,usatoday.com,2026-08-25,https://www.usatoday.com/story/news/politics/2026/08/25/dolly-parton-death-politicians-agree/91461811007/,en,2026-08-25,
Trump admin says Kennedy Center 'cannot be saved' without his name,USA Today,usatoday.com,usatoday.com,2026-08-25,https://www.usatoday.com/story/news/politics/2026/08/25/trump-kennedy-center-cannot-be-saved-without-his-name/91462772007/,en,2026-08-25,
"Trump approval rating remains near record lows, new poll shows",USA Today,usatoday.com,usatoday.com,2026-08-25,https://www.usatoday.com/story/news/politics/2026/08/25/trump-approval-rating-still-hovering-near-record-lows/91461507007/,en,2026-08-25,
Trump administration plans mass visa revocations for people seeking asylum,USA Today,usatoday.com,usatoday.com,2026-08-25,https://www.usatoday.com/story/news/nation/2026/08/25/trump-administration-plans-mass-visa-revocations-for-people-seeking-asylum/91454455007/,en,2026-08-25,
Dolly Parton said it's a choice why she doesn't talk about politics,USA Today,usatoday.com,usatoday.com,2026-08-25,https://www.usatoday.com/story/news/politics/2026/08/25/why-dolly-parton-stayed-out-of-politics/91462939007/,en,2026-08-25,
Trump's 'Lake America' threat is only way to defeat Canada,USA Today,usatoday.com,usatoday.com,2026-08-25,https://www.usatoday.com/story/opinion/columnist/2026/08/25/us-canada-tariffs-trump-rename-lake-ontario/91456826007/,en,2026-08-25,
"Trump battles low approval ratings amid unpopular Iran war, polls show",USA Today,usatoday.com,usatoday.com,2026-08-25,https://www.usatoday.com/story/news/politics/elections/2026/08/25/trump-approval-rating-iran-war-latest-polls/91457358007/,en,2026-08-25,
"Dolly Parton's death draws politicans' reactions, from TN to Trump",USA Today,usatoday.com,usatoday.com,2026-08-25,https://www.usatoday.com/story/news/politics/2026/08/25/trump-reaction-dolly-parton-death/91460500007/,en,2026-08-25,
How will importing beef impact GA farmers? Shawn Harris responds,USA Today,usatoday.com,usatoday.com,2026-08-25,https://www.usatoday.com/story/news/state/georgia/2026/08/25/how-will-importing-beef-impact-ga-farmers-shawn-harris-responds/91453435007/,en,2026-08-25,
Dolly Parton dead – Updates around country icon's death,USA Today,usatoday.com,usatoday.com,2026-08-25,https://www.usatoday.com/story/entertainment/music/2026/08/25/dolly-parton-death-updates-health/91460074007/,en,2026-08-25,
What the Supreme Court's mail-in ballot ruling means for voters,USA Today,usatoday.com,usatoday.com,2026-08-25,https://www.usatoday.com/story/news/politics/elections/2026/08/25/supreme-court-mail-in-ballot-win-trump/91459683007/,en,2026-08-25,
"Trump reacts to Dolly Parton's death, orders US flags lowered",USA Today,usatoday.com,usatoday.com,2026-08-25,https://www.usatoday.com/story/news/politics/2026/08/25/trump-flags-lowered-dolly-parton-dies/91460878007/,en,2026-08-25,
Democrats can't ignore what primaries have shown us,USA Today,usatoday.com,usatoday.com,2026-08-25,https://www.usatoday.com/story/opinion/columnist/2026/08/25/midterm-polls-democrats-republicans-momentum/91440163007/,en,2026-08-25,
"Two dead of measles in Pennsylvania, the first in US this year",USA Today,usatoday.com,usatoday.com,2026-08-25,https://www.usatoday.com/story/news/health/2026/08/25/two-people-dead-measles-pennsylvania-lancaster-county/91454784007/,en,2026-08-25,
Canada unveils $20B in tariffs to match US duties 'dollar for dollar',USA Today,usatoday.com,usatoday.com,2026-08-25,https://www.usatoday.com/story/news/politics/2026/08/25/canada-tariffs-us-trade-war-trump/91457125007/,en,2026-08-25,
Wife of active-duty US Army sergeant is deported to Honduras,USA Today,usatoday.com,usatoday.com,2026-08-25,https://www.usatoday.com/story/news/nation/2026/08/25/army-sergeant-wife-deported-honduras/91452848007/,en,2026-08-25,
Mail-in ballot ruling prompts Ketanji Brown Jackson to slam fellow judges,USA Today,usatoday.com,usatoday.com,2026-08-25,https://www.usatoday.com/story/news/politics/2026/08/25/mail-in-ballot-supreme-court-trump/91455161007/,en,2026-08-25,
Ghislaine Maxwell loses bid to overturn Epstein-related convictions,USA Today,usatoday.com,usatoday.com,2026-08-25,https://www.usatoday.com/story/news/crime/2026/08/25/ghislaine-maxwell-jeffrey-epstein-conviction-upheld/91454294007/,en,2026-08-25,
Justice Department urges judge to lift block in mail ballot dispute,USA Today,usatoday.com,usatoday.com,2026-08-25,https://www.usatoday.com/story/news/politics/2026/08/25/justice-department-mail-ballot-dispute/91453505007/,en,2026-08-25,
Congress cares more about TikTok followers than governing,USA Today,usatoday.com,usatoday.com,2026-08-25,https://www.usatoday.com/story/opinion/columnist/2026/08/25/nancy-mace-tattoos-gavin-newsom-trump-governing/91439052007/,en,2026-08-25,
"Jelly Roll makes Trump dig on 'Jimmy Kimmel Live,' reveals weight loss",USA Today,usatoday.com,usatoday.com,2026-08-25,https://www.usatoday.com/story/entertainment/tv/2026/08/25/jelly-roll-weight-trump-jimmy-kimmel-live/91453005007/,en,2026-08-25,
Ross Fire live updates as Texas wildfire continues despite rain,USA Today,usatoday.com,usatoday.com,2026-08-25,https://www.usatoday.com/story/news/state/texas/2026/08/25/texas-wildfire-ross-fire-palo-pinto-smoke-tracker-map--live/91454128007/,en,2026-08-25,
"Pittsburgh saw new HIV diagnoses low. Who's treating, preventing it?",USA Today,usatoday.com,usatoday.com,2026-08-25,https://www.usatoday.com/story/news/state/pennsylvania/pittsburgh/2026/08/25/pittsburgh-hiv-diagnoses-low-treatment-prevention-advocacy/91438517007/,en,2026-08-25,
Trump threatens to rename Lake Ontario to Lake America in trade war,USA Today,usatoday.com,usatoday.com,2026-08-25,https://www.usatoday.com/story/news/politics/2026/08/25/trump-lake-ontario-america-trade-war-canada/91453438007/,en,2026-08-25,
Harp obsession says more about the liberal media than Trump,USA Today,usatoday.com,usatoday.com,2026-08-25,https://www.usatoday.com/story/opinion/columnist/2026/08/25/trump-natalie-harp-obsession-media/91442712007/,en,2026-08-25,
Teacher petitions Supreme Court to rule on Ten Commandments in schools,USA Today,usatoday.com,usatoday.com,2026-08-25,https://www.usatoday.com/story/news/nation/2026/08/25/ten-commandments-louisiana-supreme-court-teacher/91439826007/,en,2026-08-25,
"Inside Camp Simcha, a summer camp built for seriously ill children",USA Today,usatoday.com,usatoday.com,2026-08-25,https://www.usatoday.com/story/news/nation/2026/08/25/inside-camp-simcha-a-summer-camp-built-for-seriously-ill-children-the-excerpt/91446338007/,en,2026-08-25,
Trump's hard lessons from Iran at 6 months,USA Today,usatoday.com,usatoday.com,2026-08-25,https://www.usatoday.com/story/news/politics/2026/08/25/donald-trump-lessons-iran-war-6-months-later/91387922007/,en,2026-08-25,
Can Darline Graham turn Trump support into a South Carolina win?,USA Today,usatoday.com,usatoday.com,2026-08-25,https://www.usatoday.com/story/news/politics/elections/2026/08/25/darline-graham-ralph-norman-south-carolina-senate-runoff/91410761007/,en,2026-08-25,
Judge issues setback to Trump administration plans to restrict mail-in ballots,Washington Post,washingtonpost.com,washingtonpost.com,2026-08-25,https://www.washingtonpost.com/politics/2026/08/25/judge-issues-setback-trump-administration-plans-restrict-mail-in-ballots/,en,2026-08-25,
Trump is having trouble changing how Americans vote,Washington Post,washingtonpost.com,washingtonpost.com,2026-08-25,https://www.washingtonpost.com/politics/2026/08/25/trump-is-having-trouble-changing-how-americans-vote/,en,2026-08-25,
Trump says U.S. could rename Lake Ontario as Lake America amid Canada trade war,Washington Post,washingtonpost.com,washingtonpost.com,2026-08-25,https://www.washingtonpost.com/politics/2026/08/25/trump-says-us-could-rename-lake-ontario-amid-canada-trade-war/,en,2026-08-25,
Secret Service says it is aware of Iranian state media video threatening Barron Trump,Washington Post,washingtonpost.com,washingtonpost.com,2026-08-25,https://www.washingtonpost.com/politics/2026/08/25/secret-service-says-it-is-aware-iranian-state-media-video-threatening-barron-trump/,en,2026-08-25,
Trump orders flags to be lowered for Dolly Parton,Washington Post,washingtonpost.com,washingtonpost.com,2026-08-25,https://www.washingtonpost.com/obituaries/2026/08/25/trump-orders-flags-be-lowered-dolly-parton/,en,2026-08-25,
Trump says he’s ‘the affordability president.’ That’s rich.,Washington Post,washingtonpost.com,washingtonpost.com,2026-08-25,https://www.washingtonpost.com/opinions/2026/08/25/trumps-new-tariffs-canada-do-not-say-affordability-president/,en,2026-08-25,
Kennedy Center finances deteriorated sharply after Trump name change,Washington Post,washingtonpost.com,washingtonpost.com,2026-08-25,https://news.google.com/rss/articles/CBMisAFBVV95cUxNQXNjU1FkWDdVY0Q4SEw1c0N3UkkyWlhhb3RHVDZfR3NLUk8wd1NPSlk5ZlhZb2RvZVA0NTRXUi1zbFhXcnJmZkM4cVdoeTRJZUpfYWp3R3BOclp1M1c1SzMyaG8tb0xBc2libDJJM253RHhmenNiTXZpT01Eb0VUTXduMWZYa0ZlQVBWZDM1emVOWFBWUFktLU1OMVdpckdIZnUxUTltTXc3TVgydGdzNQ?oc=5,en,2026-08-25,
Opinion | Trump says he’s ‘the affordability president.’ That’s rich.,Washington Post,washingtonpost.com,washingtonpost.com,2026-08-25,https://news.google.com/rss/articles/CBMisgFBVV95cUxOQ3FIWUlQU0dINVVMMktpNS1NMThUMG5DclZYSl80ZWFhLXZBUFFXLWMzaXk3ZDlvSUV2QXlGSWx2VXFxbE5LVEg1dGo5UG05STR0Rm5yMnhTOWRNTG4wSEhlNm84YnI1LVlQNVctQjdsUE9meFRaVG5YYWdOc0tjb0N1M1psVzNyZTAybjNOMmZ4di1IYkZ5VWk5bFBHREZ5WkRtN1FvYzk1SWNjcUplclln?oc=5,en,2026-08-25,
"Here's a list of the individuals, including James Comey, targeted by the Trump administration",ABC News,abcnews.go.com,abcnews.go.com,2026-08-26,https://news.google.com/rss/articles/CBMirAFBVV95cUxQeDV4U3lXWlRPTHY5M1ljNzBTUEdlZEx2R2c5N1VSQ0NSLXAxbUp5bW1PREhFV2YtX3VaX0JnTWQteGJHazFYWE9vdXp2ZDVrTkdmREhLVWpkVXUtN0tQQUZfdVNFYUFKWmxWdEZ4a3NfelpMS2lNWjc2V3hpcWdoeldIOHFTRkNRU2hmdV9yNmFVd0NBNmt6U0JiZVU0NUJEeHpkLXo4QThUaWlk?oc=5,en,2026-08-26,
"Trump administration sends Saudi nuclear deal to Congress, but says still contingent on Saudi joining Abraham Accords",ABC News,abcnews.go.com,abcnews.go.com,2026-08-26,https://news.google.com/rss/articles/CBMiugFBVV95cUxQXzlxVF9ldVhwOXZJcHFpdlpzZXFsaXZVZFQ0bFg2M1BQRDR1WGFWZ1dZeklWR0hydUtON3I0UFBOc2tCNUFzTFVhenlXZ1B2akx1WjZkemZhOTVOb2E5cUduVXVJZmwtb29oSm1IX1Q0Z05OMlBleXBDcEg1bTVCN3R1dHRDRmFZNUsxTFg0Q3J6WkI1WUhpdkg3UUhQRkM0MzMwOUtneFR3MnlvTUhVVFZFT2dMWnZVOGfSAb8BQVVfeXFMTnFwLWl4ZGQ0WTEwdkljTTUwZGg0eklvcXlfcFBOQnhpdExRdDZxdGR5dGpndWk5UXdRZmR3aGt6c3BBaHl4WnlYdXdSczN4Z2F0Mno5QjRVQ05YRGhHVjFIRGhqc0FSZTFrYWhoWWFUTl9vRThNZUJ0cVhuY0N3VWxXZG1MWjhhWEpRVnRsdFlpdENHbGRwZ1k0NHZyZUw2UUk0YW5sRjVuVk1LQ0FseGpTZmNHYkN5ODNLRlRlY1k?oc=5,en,2026-08-26,
'Unconscionable': Lawyers hit back after Trump admin suggests Kennedy Center could be demolished,ABC News,abcnews.go.com,abcnews.go.com,2026-08-26,https://news.google.com/rss/articles/CBMitwFBVV95cUxNTmZVcWsyU1hrQjJ3Z2E3Q1Q4VDlZMzNXdXBHVzBLcU5CTDlhSmVROXNFUzdaYWZYNlJQN0Q5U0FPR05EdktWVVVETGw0OEZ3YzBqWlFtMUhVUzh0dEpxTVByM0txSnpyd0Y4RFJFNDdHYlFEcDdramUtd3gyZHZXSUpDemlVeHFRNlRtaUdWeDhRTmVycGVHbmtxUkFrVGtzZnNjQlQ4UGNCYmxXTnRJcVJ0RFMwQknSAbwBQVVfeXFMUHdwYXczSHVjeFY1dVJaOVQ3ODF0TEdZc095eUhuMHFYbEQ2eG5EWndvZ0xYR1JDbU9mbDFtQTdwWk5DWk0yNTJhSS1RV1E5M25sUkFOSm51ZFF4M3Z4bDJSZjNLTzF6SHhJTWxxczhEZE9HbmU2eVVWZHl1d3d5eFo2YjVDZ2dEOFpuX3RURXVwbjNBbXUwTXhjTTVRdS1fLWJUY1VXRVMtLVo2UFFWM2JZS0hrUEdaSWhyemc?oc=5,en,2026-08-26,
Video Trump administration threatens to demolish the Kennedy Center,ABC News,abcnews.go.com,abcnews.go.com,2026-08-26,https://news.google.com/rss/articles/CBMimgFBVV95cUxQem14X2QxREN4MjhCRGdRSmFjM25hOE9QSzQ4SUM4OUg5UUpvQ1oxelNCNkY2SWZqc2g4Njl0MUdxTWlrZVR4amdQTm4tRzViLUNfcjUzQW0wdkZkd1dwOEVLUjE3VG04VmdnWFZDbXVYWDNld1pDS2NDVkVWbzBMNDV1UHFGVVh0S0YyNV9tREp0ZlFSd0pPS05B?oc=5,en,2026-08-26,
Trump administration threatens to demolish the Kennedy Center,ABC News,abcnews.go.com,abcnews.go.com,2026-08-26,https://news.google.com/rss/articles/CBMimAFBVV95cUxPLWM3WWszVXJfRXBtdWhqaTJ5RVAtZXd5MjJiYkdSd3VlcFlqbHB1a1ZKeTMxY0Y2VTU5VV9WNVRUS2tURXpaekFuN2hIS1hxeDJIQlZ5a2lQZzdXb045VzllSVlRNG40TjZKbkNKaTZya0FjY084MTdqek13UjhHZHFaTkxPZGhzcFpEekFPWEx2dTA1UU1vUw?oc=5,en,2026-08-26,
Trump Pick Darline Graham Wins South Carolina Senate Runoff,Bloomberg,bloomberg.com,bloomberg.com,2026-08-26,https://www.bloomberg.com/news/videos/2026-08-26/trump-pick-darline-graham-wins-south-carolina-runoff-video,en,2026-08-26,
Trump Administration Prepares Next Move as Canada Trade War Spirals,Bloomberg,bloomberg.com,bloomberg.com,2026-08-26,https://www.bloomberg.com/news/videos/2026-08-26/trump-prepares-next-move-as-canada-trade-war-spirals-video,en,2026-08-26,
Trump-Backed Darline Graham Wins Senate Runoff in South Carolina,Bloomberg,bloomberg.com,bloomberg.com,2026-08-26,https://www.bloomberg.com/news/articles/2026-08-26/graham-wins-south-carolina-gop-senate-primary-ddhq-projects,en,2026-08-26,
"Why Trump Is Now Trying to Charge a $103,000 Fee for H-1B Visas",Bloomberg,bloomberg.com,bloomberg.com,2026-08-26,https://news.google.com/rss/articles/CBMixgFBVV95cUxORXZId3pnTk5uamVLSTZkd0h4TzdCWmQ0enhUa2NFN2JtUzRGUkNqME55ZlZGb0hYTVF4V1NnMkRrczFodWtJVG1tdHhLYm12RDNxRXBCVGcxVHZYVkpIVW5OZlNuMWd6MnBIdnlrbzNEazdpckFMVFBieUVJZldXQWY3SnJRQi1wRTVqNDl1Q1VlUlhxSklMSU05R2tnTENtNWZ0NUd6WnotWEpWaWlsYkNQUWdEc2FhY1JCbHNtT0taU25nRmc?oc=5,en,2026-08-26,
Trump admin moving to revoke visas from potentially hundreds of thousands of asylum seekers,CNN,cnn.com,cnn.com,2026-08-26,https://edition.cnn.com/2026/08/25/politics/trump-admin-revoke-visas-thousands-asylum-seekers,en,2026-08-26,
What really behind Trump idea to rename Lake Ontario,CNN,cnn.com,cnn.com,2026-08-26,https://us.cnn.com/2026/08/26/politics/trump-renaming-lake-ontario-kennedy-center,en,2026-08-26,
Analysis : Trump needs China for his economic war against Iran . Good luck getting Xi on side,CNN,cnn.com,cnn.com,2026-08-26,https://us.cnn.com/2026/08/25/china/trump-china-iran-economic-war-intl-hnk,en,2026-08-26,
Trump admin pauses visa appointments worldwide amid heightened screening for applicants,Fox News,foxnews.com,foxnews.com,2026-08-26,https://www.foxnews.com/politics/trump-immigrant-visa-interview-pause,en,2026-08-26,
The second Dan Sullivan makes the general election in Alaska’s Senate race,NBC News,nbcnews.com,nbcnews.com,2026-08-26,https://www.nbcnews.com/politics/2026-election/second-dan-sullivan-makes-general-election-alaskas-senate-race-rcna593464,en,2026-08-26,
Sen. Darline Graham thanks Trump after winning GOP Senate primary runoff in S.C.,NBC News,nbcnews.com,nbcnews.com,2026-08-26,https://www.nbcnews.com/video/graham-thanks-trump-after-winning-gop-senate-primary-runoff-in-s-c-268866117945,en,2026-08-26,
Democratic socialists notch another win in the Oklahoma Senate primary runoff,NBC News,nbcnews.com,nbcnews.com,2026-08-26,https://www.nbcnews.com/politics/2026-election/nkiyla-jasmine-thomas-wins-oklahoma-senate-primary-democrat-rcna593618,en,2026-08-26,
Trump-backed Mike Mazzei wins the GOP nomination in the Oklahoma governor’s race,NBC News,nbcnews.com,nbcnews.com,2026-08-26,https://www.nbcnews.com/politics/2026-election/mike-mazzei-winner-oklahoma-republican-governor-primary-trump-rcna593583,en,2026-08-26,
Sen. Darline Graham wins the Republican Senate primary runoff in South Carolina,NBC News,nbcnews.com,nbcnews.com,2026-08-26,https://www.nbcnews.com/politics/2026-election/darline-graham-winner-south-carolina-gop-senate-primary-rcna593581,en,2026-08-26,
U.S. military says it killed four in strike on alleged drug-smuggling boat in the Caribbean,NBC News,nbcnews.com,nbcnews.com,2026-08-26,https://www.nbcnews.com/world/caribbean/us-military-says-killed-four-strike-alleged-drug-smuggling-boat-caribb-rcna594453,en,2026-08-26,
Target faces renewed backlash for Halloween costume with 'minstrel show features',NPR,npr.org,npr.org,2026-08-26,https://www.npr.org/2026/08/26/g-s1-140195/target-halloween-costume-backlash,en,2026-08-26,
"Darline Graham, Backed By Trump, Wins Primary for Senate in South Carolina",New York Times,nytimes.com,nytimes.com,2026-08-26,https://www.nytimes.com/2026/08/25/us/politics/south-carolina-senate-graham-norman.html,en,2026-08-26,
Trump Administration Sends Saudi Nuclear Deal to Congress for Review,New York Times,nytimes.com,nytimes.com,2026-08-26,https://www.nytimes.com/2026/08/25/us/politics/trump-saudi-nuclear-deal-congress-review.html,en,2026-08-26,
"Graham, and Trump, Triumph: Six Takeaways From Runoffs in South Carolina and Oklahoma",New York Times,nytimes.com,nytimes.com,2026-08-26,https://www.nytimes.com/2026/08/25/us/politics/election-takeaways-south-carolina-oklahoma.html,en,2026-08-26,
Trump’s Pick Wins a Closely Contested Oklahoma Primary for Governor,New York Times,nytimes.com,nytimes.com,2026-08-26,https://www.nytimes.com/2026/08/25/us/elections/oklahoma-governor-drummond-mazzei.html,en,2026-08-26,
"Even as Trump’s Standing Slips, He Slingshots a Political Novice to Victory",New York Times,nytimes.com,nytimes.com,2026-08-26,https://www.nytimes.com/2026/08/26/us/politics/trump-republicans-darline-graham-south-carolina.html,en,2026-08-26,
Trump’s trade moves add to GOP’s midterm anxieties,Politico,politico.com,politico.com,2026-08-26,https://www.politico.com/news/2026/08/26/trumps-trade-moves-add-to-gops-midterm-anxieties-01050201,en,2026-08-26,
Trump-backed candidate wins primary for Oklahoma governor,Politico,politico.com,politico.com,2026-08-26,https://news.google.com/rss/articles/CBMijwFBVV95cUxQdDJPRXlHT0VCNE8tNUlEa29hbTdnamVTR3QtaXl0VG5JR1VVNzUxUkpKVS1BM3NIelVKb1FBMUxlbE55d3pXUTc3TnpMZjBybjRmS0lSbmtqOFB2ZEFRYmNQTWpTU18za1pBRnEzZVZrUFlZRTF0QmRSbnpQQURHYmJ0TEFNdzU2Y2lnbHIyRQ?oc=5,en,2026-08-26,
Iowa’s last Democrat on how he can win in Trump country,Politico,politico.com,politico.com,2026-08-26,https://news.google.com/rss/articles/CBMipwFBVV95cUxPX0hUUW9SUEtrN2dRQWdtbkhadC15Zy1aTVo4ck00dVRoenl4MHplYjZBQk1JelR4WEtjVzhvWFZqOFdTZ0xaUkdQZ2Nzd0hEaWJORV80XzV6WWU3M3gzUVJGM1NHQnZsM3pyVmtPQ0JVVmNzRkdKYy1ITzg5UmFRWUFZa2JLenN3cG8teTdrdGp4djZ0dlFRdjFIaUduenUwLTJ5eFA2cw?oc=5,en,2026-08-26,
Trump administration issues pause on immigrant visa appointments for applicants worldwide,Reuters,reuters.com,reuters.com,2026-08-26,https://news.google.com/rss/articles/CBMiwwFBVV95cUxQajVoZFpjTldUZ2dwRVlDSWdVZWplLWhwYVg4b0ZfVUtYM3doUnZ4eE95OHdYSVFIOUM1OGJKODdqcXBIdndpaDJMRS12M21QaG92cDVJTVFsMk1FUXVtV1pkTVBmdWNpMUdzdUtnWEdOc1hYam9GNWxKd3lzNDFSdzdvN0NuTmNLbjV0LUxXdmltR1B6Q3BrdnlMVFhrSUJPWU1aUlFnR1ZibkdfeEVsTDFrbUR5d0JQMVBZazhhSk5OMXM?oc=5,en,2026-08-26,
Takeaways from the latest primaries as Trump reverses a losing streak,Washington Post,washingtonpost.com,washingtonpost.com,2026-08-26,https://www.washingtonpost.com/politics/2026/08/26/trumps-endorsement-helps-darline-graham-win-south-carolina/,en,2026-08-26,
Trump’s cuts to nuclear safety could spell disaster for this new program,Washington Post,washingtonpost.com,washingtonpost.com,2026-08-26,https://www.washingtonpost.com/opinions/2026/08/26/trump-cuts-nuclear-safety-could-hurt-new-innovation-campuses/,en,2026-08-26,
Judge issues setback to Trump administration plans to restrict mail-in ballots,Washington Post,washingtonpost.com,washingtonpost.com,2026-08-26,https://news.google.com/rss/articles/CBMiwgFBVV95cUxNZmt3RGdsS3AtNGtHTFJvbFk0ejh2YXRkQ3Jka2N0Z3padmNBRlJLU1dGUUdRbjBqS3lWZURCaVdKS2VMLUgtRWsxUTlvMExmaHFpTGxmQ3h1bkJrTEdyaGJSUENqbzhBaWVIV19ESjh6Y1JCV3RrWDFoWm9DLVhDazBBNElQTVNDVm9Ha293aTZNR1BhdU1qZ1BUZlVtWF96ai1MLUpzOU85ZmFVTW9oRHB4VEhfeFB4Sm9HbmRsS1c3dw?oc=5,en,2026-08-26,
Trump orders flags to be lowered for Dolly Parton,Washington Post,washingtonpost.com,washingtonpost.com,2026-08-26,https://news.google.com/rss/articles/CBMinAFBVV95cUxPZlBsQy1qRzFEMVZ2OHJ2OFRjMU5WRmRFRzMwQVo0NTJrNjJFcDdXWUh3SnNnLTIzRHdJMGc4Nl96d1V5eXE3TlQya1NzRWc1a0dCV011aGNJRHhYVTFIUEdhZGRJbUxFd0MtNzRYaGpxbUgtOXdWZmNKamFQZEhYTHBqQmh2ZHVyaklBUUo0V0VnRnp1X2hQYy1LTHg?oc=5,en,2026-08-26,
DOJ says Kennedy Center could be demolished if Trump’s plans are blocked,Washington Post,washingtonpost.com,washingtonpost.com,2026-08-26,https://news.google.com/rss/articles/CBMivAFBVV95cUxPWWlRSV9Sc2Y3LTduX2pYcFFLSEM4c0pQTmFwQUl5Wm5XdjdXYjY4bjczZlFJZVVyelhmdkd6emNzY0VyZll3QlBUZHFCRDZPSi1QMFZjXzFfaFV3NUlHN3YzV3RBU0V2VFVHMXpMRl9ZdXljSG1mTENRbzNha043dFp0ZFJ0Nm84WjRaRXlJY1dpZHlHOUxqV1ZtSWZsZXZQaFdnM1B4VjRfLWtTQktwdURWcUJUeUFtN29HVA?oc=5,en,2026-08-26,
Immigration officers are being diverted to Trump’s voter-fraud effort,Washington Post,washingtonpost.com,washingtonpost.com,2026-08-26,https://news.google.com/rss/articles/CBMivAFBVV95cUxOTXF3OTd1WkRHSTUxdi1sNGJSUE1TNHhPeFh1aE1HZDM4dVFSaTZDZGV3a001MFFiR0Jpc3B5TTdWSjBveC14SXZwYlBRM0ZjU0RqdXotZ0RjY1RSMjRDVFhXLVhtNnROY1RWUzZidzhQNlBZaFo0M19MMkVNdmhTbk1VRHpxUS0xYzF4Z3lLSlN2dHhHNDBuY3oxcU1hZ3Rnc0swZVgtMXV5aW5CZkFCd1NaRjEtbms1dl9FZg?oc=5,en,2026-08-26,
Analysis | Trump is having trouble changing how Americans vote,Washington Post,washingtonpost.com,washingtonpost.com,2026-08-26,https://news.google.com/rss/articles/CBMipgFBVV95cUxOb3lUQ1BJUWM3Y3FQNVFfRldwRWN6VlFBLU5KdWhWZFNkdFVEbTBxOVN3TUx5Z0ZMLVN0ME00enUtaEZuUTZNNkJrdV93OVNNeGplZ3RnTlZMQmZUVndmTndUM2pEVFlZX05aT1FqbVVHREwwM3JBakRRUW9CQ25taGFSV3Z6TEJOZHd2WHlFSzJMSG9zMHkxZ1c4N2VwS3ItVkt5NUNB?oc=5,en,2026-08-26,
"FEMA crew broke law by skipping homes with Trump signs, federal watchdog says",Washington Post,washingtonpost.com,washingtonpost.com,2026-08-26,https://news.google.com/rss/articles/CBMixgFBVV95cUxNYkswYVI1aGNBaXVjUUZJX3FVSHlVV2g2UDFBUGVwSlNQRXRkVTNrejFXYU83cmFIdHg1SmUtcW1XX0pzQlRHSGVMck1GWHk5aktOckc3bWJPS3dsZ3lpT0RndzdfdndmbkFFbVZua0txamFybjFfenUxcHZpLWh4ZzdtX0U5ejVyNUVrWFh6UEc1VkNXcnEyMnFncTRmZ3lTb0t5QWFqZElDUXRONVVyNURrdjk4WjdweVloSVlpcnFaT0hCUVE?oc=5,en,2026-08-26,
China pushes back on Trump’s ‘economic D-Day’ Iran sanctions,Washington Post,washingtonpost.com,washingtonpost.com,2026-08-26,https://news.google.com/rss/articles/CBMiyAFBVV95cUxNclAxV0lzY3BoWHhndE1FZnNlMVJhbVNuVVJpZU5LRTNGM1B2MVBVTFNzbnBhOG03NVBaQUNDOGMtd1lrbkxEcGpjbEFMaXJZQ2lTdC1qVjFRZV80YktzNk9tbVVNSXIzRjBZNWxmckc4azVaaUpTM0RRdzJyUTdPbkNzdnN6eVRFajVaaXAxenFTZlZjeUdIV3o2bmtmRFdQZWEzeDRhSTJ3MVo4Y01LYnJqSk8tMkp6VFJGRGtmZzVCZkgxZTBwVA?oc=5,en,2026-08-26,
"Sen. Darline Graham of South Carolina, with Trump’s backing, wins GOP nomination to run for a full term",Washington Post,washingtonpost.com,washingtonpost.com,2026-08-26,https://news.google.com/rss/articles/CBMi3AFBVV95cUxNV0dnQVZYRVZBa1A4eFdoVzRrdzJvWGZvWjYwc1BCc3lUU1Vsek5fckhubm1YbFN4eUdxY24yRHFCQkMxeHN0SDk2bnhkNXpNS3V5cmhFeGV0RFFPaDlaM25SQWcwNUlfN0hZWE05cEVLMFRxZUdmem5wT0tvdlFsSnFSbHdfRUZhaXAwUXRuU2h1SW5wYU02REJlNVBUSlk2MEZCNVk0aGU5eXNFNUtONFBNN0ZzYi1VVGVGb0hZZ2VpVTZJeVl5WnBLc2dpOEVTM3pIemJHTldCSEdn?oc=5,en,2026-08-26,
Live results: Trump-backed Mike Mazzei defeats GOP challenger in Oklahoma gubernatorial primary,Washington Post,washingtonpost.com,washingtonpost.com,2026-08-26,https://news.google.com/rss/articles/CBMitgFBVV95cUxPa0llWTduVVNQSTZlSURRaXZIbWdFc1lTYUthRWY1cmVRdUlqMmRfSDJvMkZ3MjFQZ2V6ZmRfcUZMQ2E5aFlBMTlMNTZFSW10VmVDV3g5VlRWem0tTXhJUUJaY0RSX2JXNWRSSXFWelU4MUhKSHBlSERxbmNQbEZyQ3JiaEN3bWFDY1dQd1BtWnEtem9Pak5qZjdWbko0UmRGS3Nsamd0ckluSUdISGItR2xHRjRjUQ?oc=5,en,2026-08-26,
