title,outlet,media_url,media_name,publish_date,url,language,date,debate_performance
"Elie Wiesel's son on Trump's U.N. speech, rise of antisemitism in U.S.",CBS News,cbsnews.com,cbsnews.com,2026-09-22,https://www.cbsnews.com/video/elie-wiesels-son-elisha-wiesel-trump-u-n-speech-rise-of-antisemitism-in-u-s/,en,2026-09-22,
Trump signs executive order renaming Lake Ontario to 'Lake America',ABC News,abcnews.go.com,abcnews.go.com,2026-09-23,https://news.google.com/rss/articles/CBMipAFBVV95cUxPQlBlQmpWSlZmeUdKc1o1OE1oZVZPZ29BamlFN09JQ2ZRakNVaHhBOXdvLXhNUVdnNlRpeGZFSDZGZVk1dUFTa24tVEk5WjJwcExib2EwU0pVQWtPYW9YVTA0azhlanFrcUNUWmY5R241SS1oclpjUk40MGNNY1p0RDJoWUdtR0kzNEtXV0lpLXhBM05Fb3k2VzZVXzE5VEZybEZlYdIBqgFBVV95cUxOTjFSRmJucGJvQVZtXzRRZkEyeFZpNEcxcnd6a1FYU0JWYnNFS0NkdW5DX20xdFdXbzRicS1seGJ4c3Rlc25iM3hWYlBsMHdNMmFLaW5IelBsc1M2dlYxd1M1TWJSZUNGcGNBY0VsYVgzaGs4djVSUXZndUZlZzJhbFFfYjdkNFF1SEdlSmZBSjlxLUFpeGhzZllmd2Nic0lETjFsY1l1aXk0QQ?oc=5,en,2026-09-23,
Trump slaps additional 50% tariff on certain Canadian goods,ABC News,abcnews.go.com,abcnews.go.com,2026-09-23,https://news.google.com/rss/articles/CBMimwFBVV95cUxPdDZTVjFHZXBWcUoteUpOakQ0T016RDVlQWxGR19KYnhEeEdfQzV3UmVLNkdEbWVCckxFbHZsNjhpcW9HQktmWGd5RmtobE1fWTJ4TnpqQlRZZDJRTUs2QzU4eW9zNl9ZeEpfRFk0OVRRTzRBVUJYS1F0dTFWRlNqNUFNV0taQU81MnBWbHd1MG5rendjb1g1X290RdIBoAFBVV95cUxPX09ka2RKeVgzdHdOWERZWHFGNWhmeWk0bHE5b0V3T3B0X19JQzZfcVQ0SHFkNXRBLWp3Sk1QMWduVU5sdy1DektIa19VeWtwTGNuNy1lbnU0OW0wazRjN1ZQdWJZdlp1N2kwSjc3RVhBaG40eFZTN0xTbE5xTHMyenZZazdlOXdqSHhrbkZrcTlzOGZiX3BnTy1tSThqTm1G?oc=5,en,2026-09-23,
Melania Trump rings New York Stock Exchange opening bell to launch new women's initiative Imperia,ABC News,abcnews.go.com,abcnews.go.com,2026-09-23,https://news.google.com/rss/articles/CBMimgFBVV95cUxPRnN5ZmxpWXdHZExrSlFyQjlXOWtDdlYtS09ETVB1TzhJalNwWkY0aFAwZVF3OFpRb0J4R0hwekg0azZyT0I5bXpZdkJkMWowQjBpOEFWQTNsZ1ZuWnBOalZja3RJaEZLaFlhUEY5elZjSTVMYTFHaWwxUUZLUGlPckZhZnR4MVVMNHRVR1BmV3pHMktjOE83c3Jn0gGfAUFVX3lxTE0xczdZV3VVV3JfdzEtbndiTVROcEhwdGlpMUZ2LXdKOXFiSk45Um9uZU01cERoMV9yZ0wxRktZNjlfUVJDLTViRmptdGowYUhIYWtjOFRRREFhZXdHSEY0aDlNTnhNVjdUYU44dG5aanEwLWdxZ19GSV9Bbi02WG53VzI5NnNQVmlZZVh0c3N5Mlc2WDZJYUNUUnpHSGpNOA?oc=5,en,2026-09-23,
Trump welcomes China's Xi to Washington with planeside ceremony and extension of trade truce,ABC News,abcnews.go.com,abcnews.go.com,2026-09-23,https://news.google.com/rss/articles/CBMimwFBVV95cUxOQV9va3FoemJmVUtXOHVKRXlITUJGNDJGaG9mbF9yWmRJUXlUTTJhd25NUUl2MGx3ZERLZUhmRW8yWDFhQmw4RHJqQzJVamVVT09aQnJzVTg5eDU5VDYzR0V1Y3VBeHRqOEx6SlRNTm4yeXZlb0h3dk4xSXhoR1d4MGVRYnk0U29XdXJKSDM3MVBMMFl2QlhUeEFyWdIBoAFBVV95cUxOa0JnQXRZYURURHd0Q3VwYXJzWGJqdmxaQ1ZVSW9nTmFqTlMxYmw5TWhrbFg1TE5tdDRjMC1ad3VSVHR6akdHUXdPZ3Q0TGdORmdWZDlMVTlSYkNFVjFXTTF2ZEJLQ2g0VGVrWkd2UE1HQndBSFpoWE80Vm5IMUJlblRCRWRJZzVwNzdPS0lEZk5OZVNkbUJuMUlFV0NZYnZn?oc=5,en,2026-09-23,
Why Trump’s Effort to Ban Media Outlets Faces Constitutional Hurdles,Bloomberg,bloomberg.com,bloomberg.com,2026-09-23,https://news.google.com/rss/articles/CBMisgFBVV95cUxOWHdyQTVHcVlTa3RnM1hPMFVrV29GMGpNRkVrQTVpR1dudWVxZUdzdVdJcFY1Z2pOY290TXU5Ym9QT0hsU05tTGJ2Q095eUxkc3djRXNJYkdvZkFZa2VCaVFpRHljQ3lES1doc25rbzBlRkx1SFBrU0QtcnR5QXdpVDY1ejRIT1hCbUVxaGVZejRPenJVZ1JxY0lPMzFUVTJ1c2prd1BYYkFmN1d1WFNFWXpB?oc=5,en,2026-09-23,
Watch Oil Falls as Trump Claims ‘Very Good’ Iran Talks After Annihilation Threat,Bloomberg,bloomberg.com,bloomberg.com,2026-09-23,https://news.google.com/rss/articles/CBMihwFBVV95cUxPUF9iNEFDZk5lU19UYmQwMmpMT3lxdW5kNVBZYmI2RWlIaEpQY3FxdEFkUUM2cnQzdnpRRDN6ZS04emFUVUstTHFPcTZYaFRFWWRheWwybFNyTGpaZjRBSm9MdWhnOWNfZUtJNWNYV1JfbG96NnM0QkFQbWhvVmNPM3A5RjNTbjg?oc=5,en,2026-09-23,
From behind bars to behind the wheel: Sacramento partnership opens the door for workforce re-entry,CBS News,cbsnews.com,cbsnews.com,2026-09-23,https://www.cbsnews.com/sacramento/news/sacramento-workforce-re-entry-program-inmates/,en,2026-09-23,
Iran War Updates: Oil prices back up as U.S. and Iran trade fresh threats to expand 7-month war,CBS News,cbsnews.com,cbsnews.com,2026-09-23,https://www.cbsnews.com/chicago/live-updates/iran-war-trump-un-speech-annihilate-threat-talks-resume/,en,2026-09-23,
"Eagles tailgaters push back on new parking rules: ""We're a community""",CBS News,cbsnews.com,cbsnews.com,2026-09-23,https://www.cbsnews.com/philadelphia/video/eagles-tailgaters-push-back-on-new-parking-rules-were-a-community/,en,2026-09-23,
The debate around Flock cameras: Privacy vs. public safety,CBS News,cbsnews.com,cbsnews.com,2026-09-23,https://www.cbsnews.com/sacramento/video/the-debate-around-flock-cameras-privacy-vs-public-safety/,en,2026-09-23,
Organizations offer help to Atlantans facing eviction,CBS News,cbsnews.com,cbsnews.com,2026-09-23,https://www.cbsnews.com/atlanta/video/organizations-offer-help-to-atlantans-facing-eviction/,en,2026-09-23,
Flock cameras misused in Stockton and the growing debate over the tech around the region,CBS News,cbsnews.com,cbsnews.com,2026-09-23,https://www.cbsnews.com/sacramento/video/flock-cameras-misused-in-stockton-and-the-growing-debate-over-the-tech-around-the-region/,en,2026-09-23,
Man dies in shooting with Lansing police,CBS News,cbsnews.com,cbsnews.com,2026-09-23,https://www.cbsnews.com/detroit/video/man-dies-in-shooting-with-lansing-police/,en,2026-09-23,
Latest on President Trump's efforts to ban news organizations from White House,CBS News,cbsnews.com,cbsnews.com,2026-09-23,https://www.cbsnews.com/boston/video/latest-on-president-trumps-efforts-to-ban-news-organizations-from-white-house/,en,2026-09-23,
Video shows car flip into construction site hole in Minneapolis,CBS News,cbsnews.com,cbsnews.com,2026-09-23,https://www.cbsnews.com/minnesota/video/video-shows-car-flip-into-construction-site-hole-in-minneapolis/,en,2026-09-23,
Clawson residents voice concerns over tree removal in neighborhood,CBS News,cbsnews.com,cbsnews.com,2026-09-23,https://www.cbsnews.com/detroit/video/clawson-residents-voice-concerns-over-tree-removal-in-neighborhood/,en,2026-09-23,
"Rep. John Moolenaar says U.S. has ""responsibility to help Taiwan defend itself"" before Xi visit",CBS News,cbsnews.com,cbsnews.com,2026-09-23,https://www.cbsnews.com/video/john-moolenaar-us-responsibility-help-taiwan-defend-itself-xi-visit/,en,2026-09-23,
DHS says no active TB cases confirmed at Aurora ICE Processing Center,CBS News,cbsnews.com,cbsnews.com,2026-09-23,https://www.cbsnews.com/colorado/video/dhs-says-no-active-tb-cases-confirmed-at-aurora-ice-processing-center/,en,2026-09-23,
"The U.S. has 17,500 refugee slots. Trump says they will primarily go to white South Africans.",CBS News,cbsnews.com,cbsnews.com,2026-09-23,https://www.cbsnews.com/video/the-us-has-17500-refugee-slots-trump-says-they-will-primarily-go-to-white-south-africans/,en,2026-09-23,
"More than 1,000 letters of support for BWI Silver Diner amid lawsuit",CBS News,cbsnews.com,cbsnews.com,2026-09-23,https://www.cbsnews.com/baltimore/video/more-than-1000-letters-of-support-for-bwi-silver-diner-amid-lawsuit/,en,2026-09-23,
Frisco breaks ground on new affordable housing complex,CBS News,cbsnews.com,cbsnews.com,2026-09-23,https://www.cbsnews.com/colorado/video/frisco-breaks-ground-on-new-affordable-housing-complex/,en,2026-09-23,
"Rabid fox confirmed in Harford County, 28th rabies case this year",CBS News,cbsnews.com,cbsnews.com,2026-09-23,https://www.cbsnews.com/baltimore/video/rabid-fox-confirmed-in-harford-county-28th-rabies-case-this-year/,en,2026-09-23,
Moore signs executive order establishing Maryland's data center guidelines,CBS News,cbsnews.com,cbsnews.com,2026-09-23,https://www.cbsnews.com/baltimore/video/moore-signs-executive-order-establishing-marylands-data-center-guidelines/,en,2026-09-23,
Dozens become naturalized American citizens at Wrigley Field,CBS News,cbsnews.com,cbsnews.com,2026-09-23,https://www.cbsnews.com/chicago/video/dozens-become-naturalized-american-citizens-at-wrigley-field/,en,2026-09-23,
Bright Nights at Four Mile is back in Denver for its fourth year,CBS News,cbsnews.com,cbsnews.com,2026-09-23,https://www.cbsnews.com/colorado/video/bright-nights-at-four-mile-is-back-in-denver-for-its-fourth-year/,en,2026-09-23,
Truck ends up in the water after crash on I-293 bridge in New Hampshire,CBS News,cbsnews.com,cbsnews.com,2026-09-23,https://www.cbsnews.com/boston/video/truck-ends-up-in-the-water-after-crash-on-i-293-bridge-in-new-hampshire/,en,2026-09-23,
Mother of man shot by ICE in Austin speaks,CBS News,cbsnews.com,cbsnews.com,2026-09-23,https://www.cbsnews.com/texas/video/mother-of-man-shot-by-ice-in-austin-speaks/,en,2026-09-23,
Latest forecast update on potential nor'easter coming to Boston,CBS News,cbsnews.com,cbsnews.com,2026-09-23,https://www.cbsnews.com/boston/video/latest-forecast-update-on-potential-noreaster-coming-to-boston/,en,2026-09-23,
New food options at Xfinity Mobile Arena revealed for 2026-27 seasons,CBS News,cbsnews.com,cbsnews.com,2026-09-23,https://www.cbsnews.com/philadelphia/video/new-food-options-at-xfinity-mobile-arena-revealed-for-2026-27-seasons/,en,2026-09-23,
Rocker starts vineyard in Southwest Michigan,CBS News,cbsnews.com,cbsnews.com,2026-09-23,https://www.cbsnews.com/detroit/video/rocker-starts-vineyard-in-southwest-michigan/,en,2026-09-23,
Lansing police provide update after man fatally shot by officers,CBS News,cbsnews.com,cbsnews.com,2026-09-23,https://www.cbsnews.com/detroit/video/man-shot-killed-by-lansing-police/,en,2026-09-23,
Cooler with more rain going into Thursday,CBS News,cbsnews.com,cbsnews.com,2026-09-23,https://www.cbsnews.com/colorado/video/cooler-with-more-rain-going-into-thursday/,en,2026-09-23,
Next Weather: WBZ Afternoon Update for Sept. 23,CBS News,cbsnews.com,cbsnews.com,2026-09-23,https://www.cbsnews.com/boston/video/next-weather-wbz-afternoon-update-for-sept-23/,en,2026-09-23,
State historian says land rights fight in Colorado offers a blueprint for working together,CBS News,cbsnews.com,cbsnews.com,2026-09-23,https://www.cbsnews.com/colorado/video/state-historian-says-land-rights-fight-in-colorado-offers-a-blueprint-for-working-together/,en,2026-09-23,
"Federal officials dismantel ""prolific"" Philadelphia cocaine trafficking ring, FBI announces",CBS News,cbsnews.com,cbsnews.com,2026-09-23,https://www.cbsnews.com/philadelphia/video/federal-officials-dismantel-prolific-philadelphia-cocaine-trafficking-ring-fbi-announces/,en,2026-09-23,
Catherine Hoggle murder trial moved to October 2027,CBS News,cbsnews.com,cbsnews.com,2026-09-23,https://www.cbsnews.com/baltimore/video/catherine-hoggle-murder-trial-moved-to-october-2027/,en,2026-09-23,
Family of 3-year-old killed in hit-and-run frustrated after teen's sentencing,CBS News,cbsnews.com,cbsnews.com,2026-09-23,https://www.cbsnews.com/baltimore/video/family-of-3-year-old-killed-in-hit-and-run-frustrated-after-teens-sentencing/,en,2026-09-23,
"Trending Now: MARTA app changes, expanding parental leave, and more",CBS News,cbsnews.com,cbsnews.com,2026-09-23,https://www.cbsnews.com/atlanta/video/trending-now-marta-app-changes-expanding-parental-leave-and-more/,en,2026-09-23,
Tuolumne County residents push to reopen fire station after supervisors reject funding,CBS News,cbsnews.com,cbsnews.com,2026-09-23,https://www.cbsnews.com/sacramento/video/tuolumne-county-residents-push-to-reopen-fire-station-after-supervisors-reject-funding/,en,2026-09-23,
"Offshore storm to bring gusty winds, but little to no rain in Maryland",CBS News,cbsnews.com,cbsnews.com,2026-09-23,https://www.cbsnews.com/baltimore/video/offshore-storm-to-bring-gusty-winds-but-little-to-no-rain-in-maryland/,en,2026-09-23,
"NEXT Weather: 5 p.m. report on Sept. 23, 2026",CBS News,cbsnews.com,cbsnews.com,2026-09-23,https://www.cbsnews.com/minnesota/video/next-weather-5-p-m-report-on-sept-23-2026/,en,2026-09-23,
Vigil held for UMass Dartmouth football player killed in stabbing,CBS News,cbsnews.com,cbsnews.com,2026-09-23,https://www.cbsnews.com/boston/video/vigil-held-for-umass-dartmouth-football-player-killed-in-stabbing/,en,2026-09-23,
Artist helps people slow down on the Atlanta Beltline,CBS News,cbsnews.com,cbsnews.com,2026-09-23,https://www.cbsnews.com/atlanta/video/artist-helps-people-slow-down-on-the-atlanta-beltline/,en,2026-09-23,
"Atlanta attorney plays the ultimate game in ""Survivor 51""",CBS News,cbsnews.com,cbsnews.com,2026-09-23,https://www.cbsnews.com/atlanta/video/atlanta-attorney-plays-the-ultimate-game-in-survivor-51/,en,2026-09-23,
Wednesday afternoon Northern California weather forecast,CBS News,cbsnews.com,cbsnews.com,2026-09-23,https://www.cbsnews.com/sacramento/video/wednesday-afternoon-northern-california-weather-forecast-sept-23-2026/,en,2026-09-23,
"WCCO digital headlines: Afternoon of Sept. 23, 2026",CBS News,cbsnews.com,cbsnews.com,2026-09-23,https://www.cbsnews.com/minnesota/video/wcco-digital-headlines-afternoon-of-sept-23-2026/,en,2026-09-23,
Coastal flooding concerns for high tide in Anne Arundel County,CBS News,cbsnews.com,cbsnews.com,2026-09-23,https://www.cbsnews.com/baltimore/video/coastal-flooding-concerns-for-high-tide-in-anne-arundel-county/,en,2026-09-23,
Monsoon moisture surge set to bring heavy rain and flooding risks to parts of Colorado,CBS News,cbsnews.com,cbsnews.com,2026-09-23,https://www.cbsnews.com/colorado/video/monsoon-moisture-surge-set-to-bring-heavy-rain-and-flooding-risks-to-parts-of-colorado/,en,2026-09-23,
"4 p.m. Minnesota forecast from Sept. 23, 2026",CBS News,cbsnews.com,cbsnews.com,2026-09-23,https://www.cbsnews.com/minnesota/video/4-p-m-minnesota-forecast-from-sept-23-2026-next-weather/,en,2026-09-23,
LA Taco Tour,CBS News,cbsnews.com,cbsnews.com,2026-09-23,https://www.cbsnews.com/losangeles/video/la-taco-tour-lets-go-places-1/,en,2026-09-23,
"NEXT Weather: 10 p.m. report for Minnesota on Sept. 23, 2026",CBS News,cbsnews.com,cbsnews.com,2026-09-23,https://www.cbsnews.com/minnesota/video/next-weather-10-p-m-report-for-minnesota-on-sept-23-2026/,en,2026-09-23,
Colder and drier air heading to Georgia after evening storms,CBS News,cbsnews.com,cbsnews.com,2026-09-23,https://www.cbsnews.com/atlanta/video/colder-and-drier-air-heading-to-georgia-after-evening-storms/,en,2026-09-23,
Gun violence prevention expo coming to Chicago this week,CBS News,cbsnews.com,cbsnews.com,2026-09-23,https://www.cbsnews.com/chicago/video/gun-violence-prevention-expo-coming-to-chicago-this-week/,en,2026-09-23,
Hilary Duff adds tour stop in Baltimore,CBS News,cbsnews.com,cbsnews.com,2026-09-23,https://www.cbsnews.com/baltimore/video/hilary-duff-adds-tour-stop-in-baltimore/,en,2026-09-23,
Behind the Story: Beloved hot dog vendor outside Coors Field in Denver set to retire,CBS News,cbsnews.com,cbsnews.com,2026-09-23,https://www.cbsnews.com/colorado/video/behind-the-story-beloved-hot-dog-vendor-outside-coors-field-in-denver-set-to-retire/,en,2026-09-23,
Republican senators push for probe into Donald Trump Jr. and Hunter Biden,CBS News,cbsnews.com,cbsnews.com,2026-09-23,https://www.cbsnews.com/video/republican-senators-push-for-probe-into-donald-trump-jr-and-hunter-biden/,en,2026-09-23,
At least 1 dead in Clinton Township car crash,CBS News,cbsnews.com,cbsnews.com,2026-09-23,https://www.cbsnews.com/detroit/video/at-least-1-dead-in-clinton-township-car-crash/,en,2026-09-23,
UMass Boston student says teens yelled racial slurs at her near BC High,CBS News,cbsnews.com,cbsnews.com,2026-09-23,https://www.cbsnews.com/boston/video/umass-boston-student-says-teens-yelled-racial-slurs-at-her-near-bc-high/,en,2026-09-23,
Justin Eichorn sentenced to 16 months in sex trafficking case,CBS News,cbsnews.com,cbsnews.com,2026-09-23,https://www.cbsnews.com/minnesota/video/justin-eichorn-sentenced-to-16-months-in-sex-trafficking-case/,en,2026-09-23,
Roseville police stop 2 e-motorcycle riders inside Galleria mall,CBS News,cbsnews.com,cbsnews.com,2026-09-23,https://www.cbsnews.com/sacramento/video/roseville-police-stop-2-e-motorcycle-riders-inside-galleria-mall/,en,2026-09-23,
RV crashes through seawall in Plymouth,CBS News,cbsnews.com,cbsnews.com,2026-09-23,https://www.cbsnews.com/boston/video/rv-crashes-through-seawall-in-plymouth/,en,2026-09-23,
World-famous Rocky statue has new home in Philadelphia,CBS News,cbsnews.com,cbsnews.com,2026-09-23,https://www.cbsnews.com/philadelphia/video/world-famous-rocky-statue-has-new-home-in-philadelphia/,en,2026-09-23,
A fall front is on the way to North Texas,CBS News,cbsnews.com,cbsnews.com,2026-09-23,https://www.cbsnews.com/texas/video/a-fall-front-is-on-the-way-to-north-texas/,en,2026-09-23,
Driver swims to safety after box truck plunges into New Hampshire river,CBS News,cbsnews.com,cbsnews.com,2026-09-23,https://www.cbsnews.com/boston/video/driver-swims-to-safety-after-box-truck-plunges-into-new-hampshire-river/,en,2026-09-23,
Around Town: Admiring the fall sunflower blooms in Jarrettsville,CBS News,cbsnews.com,cbsnews.com,2026-09-23,https://www.cbsnews.com/baltimore/video/around-town-admiring-the-fall-sunflower-blooms-in-jarrettsville/,en,2026-09-23,
Staying sunny,CBS News,cbsnews.com,cbsnews.com,2026-09-23,https://www.cbsnews.com/detroit/video/staying-sunny/,en,2026-09-23,
"Strong winds, storms threaten the Jersey Shore: ""The weather is not ideal""",CBS News,cbsnews.com,cbsnews.com,2026-09-23,https://www.cbsnews.com/philadelphia/video/strong-winds-storms-threaten-the-jersey-shore-the-weather-is-not-ideal/,en,2026-09-23,
"Serial Baltimore flasher sentenced to 3 years, apologizes to victims",CBS News,cbsnews.com,cbsnews.com,2026-09-23,https://www.cbsnews.com/baltimore/video/serial-baltimore-flasher-sentenced-to-3-years-apologizes-to-victims/,en,2026-09-23,
Second graders at Bryant Webster Dual Language School received free bicycle,CBS News,cbsnews.com,cbsnews.com,2026-09-23,https://www.cbsnews.com/colorado/video/second-graders-at-bryant-webster-dual-language-school-received-free-bicycle/,en,2026-09-23,
Deadly head-on crash shuts down Route 138 in Easton,CBS News,cbsnews.com,cbsnews.com,2026-09-23,https://www.cbsnews.com/boston/video/deadly-head-on-crash-shuts-down-route-138-in-easton/,en,2026-09-23,
"Dangerous winds down the shore, sun returns briefly",CBS News,cbsnews.com,cbsnews.com,2026-09-23,https://www.cbsnews.com/philadelphia/video/dangerous-winds-down-the-shore-sun-returns-briefly-next-weather-alert/,en,2026-09-23,
Warnock urges Justice Department to add safeguards to Flock camera use,CBS News,cbsnews.com,cbsnews.com,2026-09-23,https://www.cbsnews.com/atlanta/video/warnock-urges-justice-department-to-add-safeguards-to-flock-camera-use/,en,2026-09-23,
"First full day of Fall, nor’easter threatens the Shore",CBS News,cbsnews.com,cbsnews.com,2026-09-23,https://www.cbsnews.com/philadelphia/video/first-full-day-of-fall-as-noreaster-threatens-the-shore-next-weather-alert/,en,2026-09-23,
CBS Sports' Brad Nessler talks Michigan-Iowa game,CBS News,cbsnews.com,cbsnews.com,2026-09-23,https://www.cbsnews.com/detroit/video/cbs-sports-brad-nessler-talks-michigan-iowa-game/,en,2026-09-23,
Son of top official in Baltimore City State's Attorney's Office charged with rape,CBS News,cbsnews.com,cbsnews.com,2026-09-23,https://www.cbsnews.com/baltimore/video/son-of-top-official-in-baltimore-city-states-attorneys-office-charged-with-rape/,en,2026-09-23,
President Trump to meet with China President Xi Jinping,CBS News,cbsnews.com,cbsnews.com,2026-09-23,https://www.cbsnews.com/atlanta/video/president-trump-to-meet-with-china-president-xi-jinping/,en,2026-09-23,
"Boston midday weather forecast for September 23, 2026",CBS News,cbsnews.com,cbsnews.com,2026-09-23,https://www.cbsnews.com/boston/video/boston-midday-weather-forecast-for-september-23-2026/,en,2026-09-23,
Man charged in fatal stabbing outside Chipotle in Detroit,CBS News,cbsnews.com,cbsnews.com,2026-09-23,https://www.cbsnews.com/detroit/video/man-charged-in-fatal-stabbing-out-chipotle-in-detroit/,en,2026-09-23,
Frugal Fannie's closing Westwood store,CBS News,cbsnews.com,cbsnews.com,2026-09-23,https://www.cbsnews.com/boston/video/frugal-fannies-closing-westwood-store/,en,2026-09-23,
Fall starts in Georgia with waves of storms and cooler weather,CBS News,cbsnews.com,cbsnews.com,2026-09-23,https://www.cbsnews.com/atlanta/video/fall-starts-in-georgia-with-waves-of-storms-and-cooler-weather/,en,2026-09-23,
Newsom vetoes bill changing California food assistance eligibility for immigrants,CBS News,cbsnews.com,cbsnews.com,2026-09-23,https://www.cbsnews.com/sacramento/video/newsom-vetoes-bill-changing-california-food-assistance-eligibility-for-immigrants/,en,2026-09-23,
"Clear Creek County reminds drivers to ""move over"" for emergency vehicles",CBS News,cbsnews.com,cbsnews.com,2026-09-23,https://www.cbsnews.com/colorado/video/clear-creek-county-reminds-drivers-to-move-over-for-emergency-vehicles/,en,2026-09-23,
Gunman sentenced to life in McDonald's drive-thru shooting,CBS News,cbsnews.com,cbsnews.com,2026-09-23,https://www.cbsnews.com/baltimore/video/gunman-sentenced-to-life-in-mcdonalds-drive-thru-shooting/,en,2026-09-23,
"NEXT Weather: Noon report for Minnesota on Sept. 23, 2026",CBS News,cbsnews.com,cbsnews.com,2026-09-23,https://www.cbsnews.com/minnesota/video/next-weather-noon-report-for-minnesota-on-sept-23-2026/,en,2026-09-23,
Data center planners in Pennsylvania rush to ready townships,CBS News,cbsnews.com,cbsnews.com,2026-09-23,https://www.cbsnews.com/philadelphia/video/data-center-planners-in-pennsylvania-rush-to-ready-townships/,en,2026-09-23,
What to know about Iranian president's U.N. speech,CBS News,cbsnews.com,cbsnews.com,2026-09-23,https://www.cbsnews.com/video/iranian-president-un-speech-what-to-know/,en,2026-09-23,
Sacramento program helps formerly incarcerated workers become truck drivers,CBS News,cbsnews.com,cbsnews.com,2026-09-23,https://www.cbsnews.com/sacramento/video/sacramento-program-helps-formerly-incarcerated-workers-become-truck-drivers/,en,2026-09-23,
DeKalb County launches new youth violence prevention effort,CBS News,cbsnews.com,cbsnews.com,2026-09-23,https://www.cbsnews.com/atlanta/video/dekalb-county-launches-new-youth-violence-prevention-effort/,en,2026-09-23,
"Trump rails against Iran, prepares for China's Xi as world concerns about AI explode",CBS News,cbsnews.com,cbsnews.com,2026-09-23,https://www.cbsnews.com/video/trump-rails-against-iran-looks-to-meet-with-chinas-xi/,en,2026-09-23,
Denver-based Floyd's 99 Barbershop celebrates 25 years in business,CBS News,cbsnews.com,cbsnews.com,2026-09-23,https://www.cbsnews.com/colorado/video/denver-based-floyds-99-barbershop-celebrates-25-years-in-business/,en,2026-09-23,
Deion Sanders kicks several players off of his Colorado Buffaloes team,CBS News,cbsnews.com,cbsnews.com,2026-09-23,https://www.cbsnews.com/colorado/video/deion-sanders-kicks-several-players-off-of-his-colorado-buffaloes-team/,en,2026-09-23,
"Trump-Xi summit not expected to result in binding, comprehensive AI agreement, analysts say",CBS News,cbsnews.com,cbsnews.com,2026-09-23,https://www.cbsnews.com/video/trump-xi-summit-not-expected-result-comprehensive-ai-agreement-analysts/,en,2026-09-23,
Commuter ferry service disrupted ahead of nor’easter in Boston area,CBS News,cbsnews.com,cbsnews.com,2026-09-23,https://www.cbsnews.com/boston/video/commuter-ferry-service-disrupted-ahead-of-noreaster-in-boston-area/,en,2026-09-23,
"NEXT Weather: 6 p.m. report on Sept. 23, 2026",CBS News,cbsnews.com,cbsnews.com,2026-09-23,https://www.cbsnews.com/minnesota/video/next-weather-6-p-m-report-on-sept-23-2026/,en,2026-09-23,
Property taxes in Dakota County could soon rise by 18.5%,CBS News,cbsnews.com,cbsnews.com,2026-09-23,https://www.cbsnews.com/minnesota/video/property-taxes-in-dakota-county-could-soon-rise-by-18-5/,en,2026-09-23,
"9 a.m. Minnesota forecast from Sept. 23, 2026",CBS News,cbsnews.com,cbsnews.com,2026-09-23,https://www.cbsnews.com/minnesota/video/9-a-m-minnesota-forecast-from-sept-23-2026-next-weather/,en,2026-09-23,
There is a new quilt exhibit on display at Morgan State University's James E. Lewis Museum of Art,CBS News,cbsnews.com,cbsnews.com,2026-09-23,https://www.cbsnews.com/baltimore/video/there-is-a-new-quilt-exhibit-on-display-at-morgan-state-universitys-james-e-lewis-museum-of-art/,en,2026-09-23,
Minnesota students help make road smoother for disabled Navy veteran,CBS News,cbsnews.com,cbsnews.com,2026-09-23,https://www.cbsnews.com/minnesota/video/minnesota-students-help-make-road-smoother-for-disabled-navy-veteran/,en,2026-09-23,
USPS recommends holiday shipping dates,CBS News,cbsnews.com,cbsnews.com,2026-09-23,https://www.cbsnews.com/texas/video/usps-recommends-holiday-shipping-dates/,en,2026-09-23,
Clawson residents speak out against project to cut down trees,CBS News,cbsnews.com,cbsnews.com,2026-09-23,https://www.cbsnews.com/detroit/video/clawson-residents-speak-out-against-project-to-cut-down-trees/,en,2026-09-23,
Eastbound I-70 closed at Kipling for bridge repair,CBS News,cbsnews.com,cbsnews.com,2026-09-23,https://www.cbsnews.com/colorado/video/eastbound-i-70-closed-at-kipling-for-bridge-repair/,en,2026-09-23,
"Minneapolis mayor wants new Timberwolves, Lynx arena partly funded by the public",CBS News,cbsnews.com,cbsnews.com,2026-09-23,https://www.cbsnews.com/minnesota/video/minneapolis-mayor-wants-new-timberwolves-lynx-arena-partly-funded-by-the-public/,en,2026-09-23,
"Trump to greet Xi at Joint Base Andrews, a presidential move not seen since 1962",CBS News,cbsnews.com,cbsnews.com,2026-09-23,https://www.cbsnews.com/video/trump-greet-xi-joint-base-andrews/,en,2026-09-23,
Plymouth prepares for impending nor’easter,CBS News,cbsnews.com,cbsnews.com,2026-09-23,https://www.cbsnews.com/boston/video/plymouth-prepares-for-impending-noreaster/,en,2026-09-23,
Tips for keeping fall allergies under control,CBS News,cbsnews.com,cbsnews.com,2026-09-23,https://www.cbsnews.com/atlanta/video/tips-for-keeping-fall-allergies-under-control/,en,2026-09-23,
Survey: Halloween spending to top $13B this year,CBS News,cbsnews.com,cbsnews.com,2026-09-23,https://www.cbsnews.com/detroit/video/survey-halloween-spending-to-top-13b-this-year/,en,2026-09-23,
More Republican candidates break with Trump as midterms approach,CBS News,cbsnews.com,cbsnews.com,2026-09-23,https://www.cbsnews.com/video/more-republican-candidates-break-with-trump-midterms-approach/,en,2026-09-23,
More sunshine on the way!,CBS News,cbsnews.com,cbsnews.com,2026-09-23,https://www.cbsnews.com/detroit/video/more-sunshine-on-the-way/,en,2026-09-23,
Midtown Sacramento resturant Azul announces closure,CBS News,cbsnews.com,cbsnews.com,2026-09-23,https://www.cbsnews.com/sacramento/video/midtown-sacramento-resturant-azul-announces-closure/,en,2026-09-23,
Aurora seeks public input on future transportation improvements in Fitzsimons District,CBS News,cbsnews.com,cbsnews.com,2026-09-23,https://www.cbsnews.com/colorado/video/aurora-seeks-public-input-on-future-transportation-improvements-in-fitzsimons-district/,en,2026-09-23,
The Sankofa Children’s Museum of African Cultures will host its 6th Annual Children’s Festival on September 26,CBS News,cbsnews.com,cbsnews.com,2026-09-23,https://www.cbsnews.com/baltimore/video/the-sankofa-childrens-museum-of-african-cultures-will-host-its-6th-annual-childrens-festival-o/,en,2026-09-23,
"167,000 pounds of raw meat recalled",CBS News,cbsnews.com,cbsnews.com,2026-09-23,https://www.cbsnews.com/texas/video/167000-pounds-of-raw-meat-recalled/,en,2026-09-23,
Falcons heading to Green Bay with Michael Penix Jr. set to start,CBS News,cbsnews.com,cbsnews.com,2026-09-23,https://www.cbsnews.com/atlanta/video/falcons-heading-to-green-bay-with-michael-penix-jr-set-to-start/,en,2026-09-23,
How residents are recovering from flooding in southern Minnesota,CBS News,cbsnews.com,cbsnews.com,2026-09-23,https://www.cbsnews.com/minnesota/video/how-residents-are-recovering-from-flooding-in-southern-minnesota/,en,2026-09-23,
Major influx in moisture coming for parts of Colorado,CBS News,cbsnews.com,cbsnews.com,2026-09-23,https://www.cbsnews.com/colorado/video/major-influx-in-moisture-coming-for-parts-of-colorado/,en,2026-09-23,
Maryland Gov. Moore announces new guidelines for data centers,CBS News,cbsnews.com,cbsnews.com,2026-09-23,https://www.cbsnews.com/baltimore/video/maryland-gov-moore-announces-new-guidelines-for-data-centers/,en,2026-09-23,
Massachusetts nor'easter set to drench outdoor events,CBS News,cbsnews.com,cbsnews.com,2026-09-23,https://www.cbsnews.com/boston/video/massachusetts-noreaster-set-to-drench-outdoor-events/,en,2026-09-23,
Maryland appellate court pauses records access to Baltimore inspector general,CBS News,cbsnews.com,cbsnews.com,2026-09-23,https://www.cbsnews.com/baltimore/video/maryland-appellate-court-pauses-records-access-to-baltimore-inspector-general/,en,2026-09-23,
Private security guards dispatched to Colorado's largest mail sorting facility,CBS News,cbsnews.com,cbsnews.com,2026-09-23,https://www.cbsnews.com/colorado/video/private-security-guards-dispatched-to-colorados-largest-mail-sorting-facility/,en,2026-09-23,
"Wednesday evening Northern California weather forecast: Sept. 23, 2026",CBS News,cbsnews.com,cbsnews.com,2026-09-23,https://www.cbsnews.com/sacramento/video/wednesday-evening-northern-california-weather-forecast-sept-23-2026/,en,2026-09-23,
Emergency hearing held over White House media ban,CBS News,cbsnews.com,cbsnews.com,2026-09-23,https://www.cbsnews.com/detroit/video/emergency-hearing-held-over-white-house-media-ban/,en,2026-09-23,
"75 illegal guns seized in Stockton crackdown targeting gang violence, drugs",CBS News,cbsnews.com,cbsnews.com,2026-09-23,https://www.cbsnews.com/sacramento/video/75-illegal-guns-seized-in-stockton-crackdown-targeting-gang-violence-drugs/,en,2026-09-23,
Reimaging the Capuchin Soup Kitchen in Detroit,CBS News,cbsnews.com,cbsnews.com,2026-09-23,https://www.cbsnews.com/detroit/video/reimaging-the-capuchin-soup-kitchen-in-detroit/,en,2026-09-23,
Scientific study examines climate change’s impact on Minnesota trees,CBS News,cbsnews.com,cbsnews.com,2026-09-23,https://www.cbsnews.com/minnesota/video/scientific-study-examines-climate-changes-impact-on-minnesota-trees/,en,2026-09-23,
"Baking soda, vinegar and a hollowed-out apple make an ""apple volcano""",CBS News,cbsnews.com,cbsnews.com,2026-09-23,https://www.cbsnews.com/minnesota/video/baking-soda-vinegar-and-a-hollowed-out-apple-make-an-apple-volcano/,en,2026-09-23,
“Rat walk” in Boston showcases city’s efforts to prevent rodents,CBS News,cbsnews.com,cbsnews.com,2026-09-23,https://www.cbsnews.com/boston/video/rat-walk-in-boston-showcases-citys-efforts-to-prevent-rodents/,en,2026-09-23,
3 people escape burning home in Parker after roof catches fire,CBS News,cbsnews.com,cbsnews.com,2026-09-23,https://www.cbsnews.com/colorado/video/3-people-escape-burning-home-in-parker-after-roof-catches-fire/,en,2026-09-23,
1 dead after crash in Clinton Township,CBS News,cbsnews.com,cbsnews.com,2026-09-23,https://www.cbsnews.com/detroit/video/1-dead-after-crash-in-clinton-township/,en,2026-09-23,
Dolly Parton's estate granted restraining order against her nephew over threats,CBS News,cbsnews.com,cbsnews.com,2026-09-23,https://www.cbsnews.com/newyork/video/dolly-partons-estate-granted-restraining-order-against-her-nephew-over-threats-1/,en,2026-09-23,
Community rallying behind family of woman fatally stabbed in Detroit,CBS News,cbsnews.com,cbsnews.com,2026-09-23,https://www.cbsnews.com/detroit/video/community-rallying-behind-family-of-woman-fatally-stabbed-in-detroit/,en,2026-09-23,
"New Mike's Pastry store arrives at Logan Airport: ""Bringing that authentic Boston""",CBS News,cbsnews.com,cbsnews.com,2026-09-23,https://www.cbsnews.com/boston/video/new-mikes-pastry-store-arrives-at-logan-airport-bringing-that-authentic-boston/,en,2026-09-23,
Meet a Pennsylvania woman who opened her home to patients in need with Host for Hospitals,CBS News,cbsnews.com,cbsnews.com,2026-09-23,https://www.cbsnews.com/philadelphia/video/meet-a-pennsylvania-woman-who-opened-her-home-to-patients-in-need-with-host-for-hospitals/,en,2026-09-23,
14-year-old boy sentenced in juvenile court in hit and run death of 3-year-old Baltimore girl,CBS News,cbsnews.com,cbsnews.com,2026-09-23,https://www.cbsnews.com/baltimore/video/14-year-old-boy-sentenced-in-juvenile-court-in-hit-and-run-death-of-3-year-old-baltimore-girl/,en,2026-09-23,
Trump hosts China's president,CBS News,cbsnews.com,cbsnews.com,2026-09-23,https://www.cbsnews.com/detroit/video/trump-hosts-chinas-president/,en,2026-09-23,
Crews close trail in Golden due to heavy bear activity,CBS News,cbsnews.com,cbsnews.com,2026-09-23,https://www.cbsnews.com/colorado/video/crews-close-trail-in-golden-due-to-heavy-bear-activity/,en,2026-09-23,
Howard County nonprofits oppose bill centered on county grants,CBS News,cbsnews.com,cbsnews.com,2026-09-23,https://www.cbsnews.com/baltimore/video/howard-county-nonprofits-oppose-bill-centered-on-county-grants/,en,2026-09-23,
Harris supports Abdul El-Sayed campaign; some Republicans break with Trump over gas prices,CBS News,cbsnews.com,cbsnews.com,2026-09-23,https://www.cbsnews.com/video/harris-supports-el-sayed-campaign/,en,2026-09-23,
"Israeli ambassador to the U.N. on Iran, Gaza and U.S. relations as Middle East conflicts heat up",CBS News,cbsnews.com,cbsnews.com,2026-09-23,https://www.cbsnews.com/video/israeli-ambassador-to-the-un-middle-east-conflict/,en,2026-09-23,
"Anonymous threats targeting Minnesota schools likely swatting, BCA says",CBS News,cbsnews.com,cbsnews.com,2026-09-23,https://www.cbsnews.com/minnesota/video/anonymous-threats-targeting-minnesota-schools-likely-swatting-bca-says/,en,2026-09-23,
Aurora Public Schools hosts annual Deaf and Hard of Hearing Track and Field Day,CBS News,cbsnews.com,cbsnews.com,2026-09-23,https://www.cbsnews.com/colorado/video/aurora-public-schools-hosts-annual-deaf-and-hard-of-hearing-track-and-field-day/,en,2026-09-23,
Ex-Minnesota lawmaker sentenced to 16 months in sex trafficking case,CBS News,cbsnews.com,cbsnews.com,2026-09-23,https://www.cbsnews.com/minnesota/video/ex-minnesota-lawmaker-sentenced-to-16-months-in-sex-trafficking-case/,en,2026-09-23,
China is taking the fight to the stars. America must reclaim space supremacy,Fox News,foxnews.com,foxnews.com,2026-09-23,https://www.foxnews.com/opinion/china-taking-fight-stars-america-must-reclaim-space-supremacy,en,2026-09-23,
Cut the bull: The real reason beef costs so much — and what Trump is trying to do,Fox News,foxnews.com,foxnews.com,2026-09-23,https://www.foxnews.com/opinion/cut-bull-real-reason-beef-costs-much-what-trump-trying-do,en,2026-09-23,
American businesses aren’t allowed to build. It’s time Congress helped them,Fox News,foxnews.com,foxnews.com,2026-09-23,https://www.foxnews.com/opinion/american-businesses-arent-allowed-build-time-congress-helped-them,en,2026-09-23,
Top public university’s ‘LGBTQ+ lab’ hit with race-bias complaint amid $700K in Trump-era federal funding,Fox News,foxnews.com,foxnews.com,2026-09-23,https://www.foxnews.com/politics/top-public-university-lgbtq-lab-hit-race-bias-complaint-amid-700k-trump-era-federal-funding,en,2026-09-23,
"Presidente iraní critica a Trump en la ONU y dice que su país luchará ""hasta nuestro último aliento""",Los Angeles Times,latimes.com,latimes.com,2026-09-23,https://www.latimes.com/espanol/eeuu/articulo/2026-09-23/presidente-irani-critica-trump-en-la-onu-y-dice-que-su-pais-luchara-hasta-nuestro-ultimo-aliento,es,2026-09-23,
"Jaxson Dart out for season, fans blame Trump sports curse",USA Today,usatoday.com,usatoday.com,2026-09-23,https://www.usatoday.com/story/sports/nfl/giants/2026/09/23/jaxson-dart-out-for-season-fans-blame-trump-sports-curse/91910024007/,en,2026-09-23,
Friend or foe? Trump embraces Xi but AI warnings hang over summit,USA Today,usatoday.com,usatoday.com,2026-09-23,https://www.usatoday.com/story/news/world/2026/09/23/donald-trump-xi-jinping-state-dinner/91911507007/?gnt-cfr=1&gca-cat=p,en,2026-09-23,
Navy says 8 USS Abraham Lincoln sailors attempted suicide,USA Today,usatoday.com,usatoday.com,2026-09-23,https://www.usatoday.com/story/news/world/2026/09/23/uss-abraham-lincoln-sailors-suicide-attempts/91912428007/,en,2026-09-23,
"Aminata Seck will stay in ICE custody pending potential deportation, DHS says",USA Today,usatoday.com,usatoday.com,2026-09-23,https://www.usatoday.com/story/sports/ncaaw/2026/09/23/aminata-seck-ice-womens-basketball-detained-dhs-kentucky-deportation-senegal/91914621007/,en,2026-09-23,
"Trump, House Speaker Johnson expected to meet with tech CEOs on AI next week: Sources",ABC News,abcnews.go.com,abcnews.go.com,2026-09-24,https://abcnews.com/Politics/trump-house-speaker-johnson-expected-meet-tech-ceos/story?id=136742304,en,2026-09-24,
US government foots bill for television advertisement featuring Trump's midterm messaging,ABC News,abcnews.go.com,abcnews.go.com,2026-09-24,https://abcnews.com/Politics/wireStory/us-government-foots-bill-television-advertisement-featuring-trumps-136722482,en,2026-09-24,
Melania Trump hosts China's first lady for an outing that is watched for diplomacy and style,ABC News,abcnews.go.com,abcnews.go.com,2026-09-24,https://abcnews.com/Politics/wireStory/melania-trump-hosts-chinas-lady-outing-watched-diplomacy-136724758,en,2026-09-24,
"Man who was shot during 2024 Trump campaign rally in Butler, Pennsylvania, has died",ABC News,abcnews.go.com,abcnews.go.com,2026-09-24,https://abcnews.com/US/wireStory/man-shot-2024-trump-campaign-rally-butler-pennsylvania-136737152,en,2026-09-24,
Trump's state dinner for Xi to feature sea bass and a long list of tech titans,ABC News,abcnews.go.com,abcnews.go.com,2026-09-24,https://abcnews.com/US/wireStory/trumps-state-dinner-xi-feature-sea-bass-long-136734926,en,2026-09-24,
Federal preservation agency says it's 'terminating' required consultation with local officials on Trump's arch,ABC News,abcnews.go.com,abcnews.go.com,2026-09-24,https://news.google.com/rss/articles/CBMiwwFBVV95cUxNMC1ZRWJETktXeDNJREtOdjZXM3JjQUZPZkNWTWNJWmV0dmRLR3djVVBKUVREYnRaci1COUVuR3BzM1RsRW1jeXZTT2hoNjM2eE5GckIwSy1NZmxYQUpBV29pcThwaUF4b09oU0dkZTAtX3JVcGhSQm5qYXNuMEJjMHlTX25PWkMyc0R6TDdkRUN1QWhPUGFaSHZ6aWdmanI5M3NmYzAwcUN3QlBWS0VnUU9rb3RXUGxlRHl4Z2JzVzdHUXfSAcgBQVVfeXFMUG9xYlY5S25MTjlCREY4dWVlUXk0Ti1kNWR1cEpOQ01NU0c3NnhMY0V0SVNPNU0yOEFxT3NuNmFGSkJuNUoxbHdoOWVCNmVCVTJ4ZVl0SVd3Z3ZDZkVZd0Z4N1ZWLWU5XzJ3UE9BSF8ya05HbGt6S2tUVWRadnluQTRQWjU4aFdoVWNCT2RvbkJRajJQVDBERnkzc1FwZ2Y4NURPMkZUV0ZQZl9MMlRGOWVicjhkcjlaUUZXWTVkRTNSRnlRa2EteWw?oc=5,en,2026-09-24,
"Iran's next supreme leader won't 'last long' without my approval, Trump says",ABC News,abcnews.go.com,abcnews.go.com,2026-09-24,https://news.google.com/rss/articles/CBMikgFBVV95cUxQX3RvSkROQ1dUcVdOb0hGTHNHM092RlZncjZweFNZTFZ2Wm5vM0xSUE1CQVYwZl95ZnZrTUVWbHFaR2Utc1hTMW5WMFNNUlRYOTJQTzR2OUNGMjhjdzRZZ0FZekRDWGlyQkhuNXYxVGtmVzRSaUV2NHU2YllOMUNFQmgwakd2dUJxSGxVbVMwOWZNUdIBlwFBVV95cUxPbGdERVM5X3ktZTVvSDNXNmxvb2FEQllES1NLRVFfOWFvNllwNUdWbi1pZE96Tml2a2U0TEFuREJ4bnAwOVktS1o0TXNuZTRlTlZVV3pnSExrenpianBHZDFqSXo0YTZ3aHVYT0VjVFJpWlAta1BEbHhSZW1UeHhYUU1DQ29aS0Y0aWFiUm9lMGtRbENwbDRz?oc=5,en,2026-09-24,
Trump warns of imminent action against Cuba at 'Shield of Americas' summit,ABC News,abcnews.go.com,abcnews.go.com,2026-09-24,https://news.google.com/rss/articles/CBMipgFBVV95cUxNdmRBR25LTTVyNVRNNUZkVEFFeWVBVWJGcGZtbzdObmM0ZjhRTUxTNkhHOVZ0d2JTZ0dEZXNyZ0JRbHdEVzZCZGYxU2I1c1QxeFg0UklNb29rQW5YZ1JPU1hIdzRKSmJJQXZXakJ1a1BxbmxIOUpyOXYwUmR4dDN5enFVTHNHMDRnWDZGYmZXSFRvYmpyTzRTQTlnYmtPYjRkNTh4TEF30gGrAUFVX3lxTE4wUUVITlJORjVhajVXVzU4V1BhclZ4eVVKazc2UG5XRFN0ek5MYm1yUl9BRjloSHZwTDRRN0g4bGtqNk9EcVZLZ1A0aGUwaWRubHRrV0phcnNXMGpMTG5SczlScUZ0SlJnQ1hMUTdDQWUyQ0ROaTBhMzhUdy1ERjh6ZDR5WmQ0NFJDUGh3Y3cwbl9VSmRvNmU3bVpkbDN5MDVwbUlUSTIzZEFjcw?oc=5,en,2026-09-24,
"Trump poised to drop IRS suit, launch $1.7B 'weaponization' fund for allies: Sources",ABC News,abcnews.go.com,abcnews.go.com,2026-09-24,https://news.google.com/rss/articles/CBMimAFBVV95cUxPRUhwZmE4TUNkTTQ5SnlpZTJ1LW1zTE5XVTBSenlyM1oyQTRnUm9WRWpUU2tJUG9hUW1LbE44bVB5a095ejE0cWppcXJuV3dUaTRVYm9WUFdVMVl6YkpfcEdJYXBBOXhxN29jaFpGUlBJMk1YNmRYLUhKNjZNWnc0bC0xUFV2WHBiWmZKbmtvOEgtRXd0S1JSSNIBngFBVV95cUxOV29tam9yNkpwNlhjU2pGLVZrU29YQ25fZEpJdWg3V2RrS2xyNm4zdHUwYmhvRlpfVlJRdG9LNmVseXFYOHZXNnNFUTYzN3d1MkEwaHlMWE41d01wRHpHRUxscG5sMGpqUGdjbFA2d2RSYVg4bGtUVGs1SDBCRVVhN1U3ZEhLczg0cG1jd3A4LTRaYjlKcUNNczdFMWhCdw?oc=5,en,2026-09-24,
Trump says 'I don't think about Americans' financial situation' in Iran negotiations,ABC News,abcnews.go.com,abcnews.go.com,2026-09-24,https://news.google.com/rss/articles/CBMiowFBVV95cUxOekNlMWY5WUN0NWxrcW9iRXM1Yk5VWGxCeGh3MGRaeTFCR2VkM0djcVl0bFZGZFNLd0l3dTVTSjJ0UGM5WS1mRzN1bXZtQWJybDdzelF3ODlzQzVmOWxyWHl0RndpM2x1ZXoyeFZWbnlqR1B0dVFJOFphNGJLMVZyN0RUYUJIMnZaeWdzTXVuamJfblptU3VSdGV4NWhfOFVBQ0xN0gGoAUFVX3lxTE9zbFlKVVB3bjJLd09qVzdyMVZyMVpXZk1ROFk1Mkg3bElhTkpFQWMzQmh0Znp2eng4b3VWb2NoUC1Vc1FYLUlfUldaUTVuMExBN0Jrck02TmE3T0c5ZW5TaFZ3QVNtNHJtSjNpNXhlb1ppNC1GS2pWR29SNWNaVlFUUHdGWU1NWjdfTEdhQ3JBdjlFNnp6VTVBb09mOEtlRGlKbjAtLWQ4SQ?oc=5,en,2026-09-24,
Administration's pro-Trump TV ad is taxpayer-funded,ABC News,abcnews.go.com,abcnews.go.com,2026-09-24,https://news.google.com/rss/articles/CBMiqAFBVV95cUxNNEc3UWRPWjdaWkt2Wk9vcklvTkd3LUU0eEFHNnBTNGE1M01jZ1ZsczFwN0o1VjVmMk9rU3kxOUx5M1N2V1MtLVRqNjFfUXJYV0FQeFJSV3pBSEJ1Y2NFV29FMzFGLUxmVGVRa2tVVnhwM3hRYVhzSnFRM2YzUklyR3BjQm4xOUltenU0V2lRSHB2SzJlVmpMLV9lMHdGT2dJU3FBZG5FVVnSAa4BQVVfeXFMT2lPdUJtQ0JKMEs1aVhMMUFfOXFWRmxwZlBsSk9LYjFHX3pMamdNOUV6c1BNZnQwdGtVUzRTMS1IVzJoWjl4c3Z1elZtdWotY2MwazN5UzhQNGk1TGtnSGJhMzI3WUNlY3BlemEzWGlNMkpGNnFjNXZiZU1vQVZ3SFRPYklhZjN1ek4wWUN3ZUt4YUxMcDJpTmhGMjhaVkg4Wm0tMm9CbERyWnVENjNB?oc=5,en,2026-09-24,
Americans oppose Trump ballroom 2-to-1; even more oppose his signature on money: ABC News/Washington Post/Ipsos poll,ABC News,abcnews.go.com,abcnews.go.com,2026-09-24,https://news.google.com/rss/articles/CBMiogFBVV95cUxOSlphYjJTMnFTRHVlV0JNaDBEQlhlUUZuT09jYmhfN3k2WnM3T2JpVHExUDI5RW5OOXNJbXVXUGhKNm42MG5vUElZWnVQdzM5dmZqQktGZWdCMHlHVnZXMlJFRGpEdmZHODJXQXRZVVNDZnpYQUxOZ2hkamFpUFNWZDNHYVdlMl90R2MyRXU1enNhNWkwVllRQV9WYzBiMzVTM1E?oc=5,en,2026-09-24,
Video What's at stake in Trump-Xi meeting?,ABC News,abcnews.go.com,abcnews.go.com,2026-09-24,https://news.google.com/rss/articles/CBMiTEFVX3lxTE14Q1E0ZjFxRTJNeGVNa3llMklZcUhIcS1yZUhLVnQxMXh3MzZ1MGcxc3FJUUs3emtiT3cxcUZWaGd2d3BTb1lId21vNGY?oc=5,en,2026-09-24,
"Video Trump welcomes Xi to White House, as China supports Iran in war with US",ABC News,abcnews.go.com,abcnews.go.com,2026-09-24,https://news.google.com/rss/articles/CBMiTEFVX3lxTE4yX2I2U3FsZy1DS1VPQUdxQ0J1Q3pOTXdBTU16LUg4dkpEYUdFV2R3N3hXeHUyUGFhQ241OG5LVjBIdU82Vk9uMUk5RVA?oc=5,en,2026-09-24,
Video Chinese news anchor discusses Trump-Xi meeting,ABC News,abcnews.go.com,abcnews.go.com,2026-09-24,https://news.google.com/rss/articles/CBMijgFBVV95cUxNaXZic3FSYnVwSGN0RW10aHN6dHlKYV9CNmV1M25PVjVtbk9DeUxJVi1hSmVjRC1GUFNwdkhJUVRTQ0Y4WmpfLVNMOXhRNWhlaVd5UkRMaXF6bVFOWFpSbk1ROENVUnhrYWs5b2FyeXpwcGp5R0ZLMGRIaU8yRkJhSUlvbE9lOFNKWE85bVV3?oc=5,en,2026-09-24,
Judge refers Trump's attorneys for potential disciplinary action over IRS lawsuit,ABC News,abcnews.go.com,abcnews.go.com,2026-09-24,https://news.google.com/rss/articles/CBMiqAFBVV95cUxObjh5LV9nNldEeG5WU1VzRFd3bWNTOGF4bUZvNVpNdkl4UTB5QXl2UUhyU0hnVkl1SHFLcnpBX0NfTkJ5UjE5NFZaNmR4SUk1NUlwSEVuNHpHbTVLSTQ2Y3RUOGdVZ21XZzRyaDBmS2xrQUZWUkk0dGJaWl9TTTJoRTZTcVhPOWRfdVRWVWFlQWZ0Mk5maTFoNEFHNWRSeWt6ZUZXdGp1RzDSAa4BQVVfeXFMUGtsbFBDV21FQ1U0bEdWT0JqajExdmhQRy1yXzZQUnF4VTA3bnFfbVQ5bHVBSWtKZzE3SGZJeWt5aEcwRDJhRXpaX2l5blp6aG9tbGxRcnNHbk5pUTEzS2ZWVnNDQlRKbGZCVVRIbTJ2WGxGVElEalJDZXJBSmRjUFVPVUc5MmF3T1R4YmhNQ0FmVWk3ZnBiekJNMFpqZFZBWFFiZ1RSeU1WWGNDZWFn?oc=5,en,2026-09-24,
Is the Trump administration's campaign-style ad on Fox News taxpayer-funded?,ABC News,abcnews.go.com,abcnews.go.com,2026-09-24,https://news.google.com/rss/articles/CBMirgFBVV95cUxPaU91Qm1DQkowSzVpWEwxQV85cVZGbHBmUGxKT0tiMUdfekxqZ005RXpzUE1mdDB0a1VTNFMxLUhXMmhaOXhzdnV6Vm11ai1jYzBrM3lTOFA0aTVMa2dIYmEzMjdZQ2VjcGV6YTNYaU0ySkY2cWM1dmJlTW9BVndIVE9iSWFmM3V6TjBZQ3dlS3hhTExwMmlOaEYyOFpWSDhabS0yb0JsRHJadUQ2M0HSAa4BQVVfeXFMT2lPdUJtQ0JKMEs1aVhMMUFfOXFWRmxwZlBsSk9LYjFHX3pMamdNOUV6c1BNZnQwdGtVUzRTMS1IVzJoWjl4c3Z1elZtdWotY2MwazN5UzhQNGk1TGtnSGJhMzI3WUNlY3BlemEzWGlNMkpGNnFjNXZiZU1vQVZ3SFRPYklhZjN1ek4wWUN3ZUt4YUxMcDJpTmhGMjhaVkg4Wm0tMm9CbERyWnVENjNB?oc=5,en,2026-09-24,
Video Former Chinese diplomat on Trump-Xi meeting agenda,ABC News,abcnews.go.com,abcnews.go.com,2026-09-24,https://news.google.com/rss/articles/CBMiTEFVX3lxTE50dnhQYzQtSUt3RC1FODkwalBuS0FRalV5Qk96NjF0M2szS0lodGpNcGFjWFNVdHNUNVZxX21iVVRzYWNmWDFyYUpzOEE?oc=5,en,2026-09-24,
What we know about Melania Trump and Jeffrey Epstein,ABC News,abcnews.go.com,abcnews.go.com,2026-09-24,https://news.google.com/rss/articles/CBMie0FVX3lxTE9udmVnRm1XdUliTWpieDNOT0lzOGxZdGxIZW1vR1dSU3hXZDlQWUtybWZaZ1NUS0FoajJ4WXk4TWdlOHNpNjAxNk5fWmlMa2gwWnpuek5lZUp5a1ZUdkNLWFp6bTdfUXhXYlhlRzVWVzF6eDV2UzZlTlctTdIBgAFBVV95cUxOdkZROEhjMnYwRER3dzh4ZDFNMjRxb2ZwSGo4SU1yUDlfdHVReHlqVXRTVy1xblcyZWZMbjl4M2NqcFYtZnZuT0t6b3Uxc1VkeWZGS25XR0NMMWpEQVRFVFoyRW5hcjRDZXhXVnR1eEYtRGhiQlBoaUh2aEF6YkN0Ug?oc=5,en,2026-09-24,
Video Trump hosts Chinese President Xi Jinping,ABC News,abcnews.go.com,abcnews.go.com,2026-09-24,https://news.google.com/rss/articles/CBMiTEFVX3lxTE5FRHE4elU0c1ZfejV5dzV5SjBOQUxGcm9oNGt3RmRhMjJZSUwwNFRwQmQ1dWE0dlZtUHhISEF5TlZSTHo2MDlKdkNwcnI?oc=5,en,2026-09-24,
White House releases report of Trump's physical exam,ABC News,abcnews.go.com,abcnews.go.com,2026-09-24,https://news.google.com/rss/articles/CBMinAFBVV95cUxONTNNMndHUGk0YzJvcjJwTzNEeGpEY1N2bWg3WjE0UXhVM1pCaXNfeVpOZE9qN0lnMVQ0UGhPZmhpZFFUS2V5ZXk2SkxVZE9pX0tKYTlBYVpJaUVPdFpXSVlaZnI1VHpNQW5ra0NEZUx6cUpEc0pOM0hzODdmdm9aNUplSFE4TzJDRlNybHpYa3p0MU4tNzc4QUlqTnLSAaIBQVVfeXFMTXc4dE1CdVJlVFRRaTRNZ1FRY0dHYXlDWGl4c3J6RTZ2WHNXelk4UHlaSEJoUUlvbVNLRFQ0VzBtNDZnbmx6STI4OVZzUWxJTHVIMVh3LTJJUVdTNTlOc0N3VWJsOEJHM3VQQVhxbml1UTRaMklTRk9raVZxeHY3QzVLTUdiZDZuNFRRWHJHMlhldGg1MjR6Ul9MbnNZYkU1RFRn?oc=5,en,2026-09-24,
"Video Trump, Xi 'on different pages' regarding AI: Security expert",ABC News,abcnews.go.com,abcnews.go.com,2026-09-24,https://news.google.com/rss/articles/CBMiTEFVX3lxTFBnbzNNME95Wnc1bVBET2JXXy16bXhYZ2JCZWU1Ylc3dnppNTVsZjhpU2QtVEM0c0c5N2tnMTNQS25mVkh0Z2EwRXY4ekc?oc=5,en,2026-09-24,
Video Trump meeting with Xi is 'healthy': GOP congressman,ABC News,abcnews.go.com,abcnews.go.com,2026-09-24,https://news.google.com/rss/articles/CBMiTEFVX3lxTE40OWJidXgxZFRyd2hKOWRHcU9vbHRnSlhxRzZPYTg2NVhzdGZuOHdzMVNITWNjU1ZyRXRkZzRtY2FDWEVxeE1QSDQ5c1M?oc=5,en,2026-09-24,
Trump greets Xi at White House for high-stakes state visit,ABC News,abcnews.go.com,abcnews.go.com,2026-09-24,https://news.google.com/rss/articles/CBMingFBVV95cUxNeDZHdFhHemNiZnp2Q3RkdFN0RzQ1aHk5ZmdERFlLZm53aUxYWUdwVHNnZm9ZdmZHOW5wS01BUWNNb2JrSEN3cEhVcnZXR1M0RWROMThMaXM1bGZvNjY5QUhfdU80RDFWZ1Nnc3pXNlZvajJWMG9DMmR2aWQ4RllRYThneWlSQUNJZTlTVVowUTNiejVOT2JUcjM4UUs5d9IBngFBVV95cUxNeDZHdFhHemNiZnp2Q3RkdFN0RzQ1aHk5ZmdERFlLZm53aUxYWUdwVHNnZm9ZdmZHOW5wS01BUWNNb2JrSEN3cEhVcnZXR1M0RWROMThMaXM1bGZvNjY5QUhfdU80RDFWZ1Nnc3pXNlZvajJWMG9DMmR2aWQ4RllRYThneWlSQUNJZTlTVVowUTNiejVOT2JUcjM4UUs5dw?oc=5,en,2026-09-24,
Video Trump greets China's President Xi Jinping for high-stakes summit,ABC News,abcnews.go.com,abcnews.go.com,2026-09-24,https://news.google.com/rss/articles/CBMiTEFVX3lxTFBGUmtUbTVrZUFObnEwcGNWWFZXeTBUR1NsN3VHZDJmYlI5UFBYWXpScHJMQmU4V1JlaHNSS0xXVHVfd0pESGlMR2hsVEM?oc=5,en,2026-09-24,
Trump-Xi meeting: What's at stake in White House talks,ABC News,abcnews.go.com,abcnews.go.com,2026-09-24,https://news.google.com/rss/articles/CBMiTEFVX3lxTE9WbzI5RVRtbDF2cVVzM21ELUVqSnRQamxPT3lKbDdqZzFmN1FCQmtyczB1dUdITVhPXzhOLTZLeUVxakhyRmlXNXFmeHk?oc=5,en,2026-09-24,
Vietnam Can’t Beat China With the Lights Out,Bloomberg,bloomberg.com,bloomberg.com,2026-09-24,https://www.bloomberg.com/opinion/articles/2026-09-24/vietnam-can-t-beat-china-with-the-lights-out,en,2026-09-24,
DOJ Asks Supreme Court to Back Third-Country Deportations,Bloomberg,bloomberg.com,bloomberg.com,2026-09-24,https://www.bloomberg.com/news/articles/2026-09-24/trump-doj-asks-supreme-court-to-back-third-country-deportations,en,2026-09-24,
"Trump, Xi Address AI, Taiwan During State Visit",Bloomberg,bloomberg.com,bloomberg.com,2026-09-24,https://www.bloomberg.com/news/newsletters/2026-09-24/trump-xi-address-ai-taiwan-during-state-visit,en,2026-09-24,
Trump Advisers Analyzing Impact of Short-Term Diesel Export Ban,Bloomberg,bloomberg.com,bloomberg.com,2026-09-24,https://www.bloomberg.com/news/articles/2026-09-24/trump-advisers-analyzing-impact-of-short-term-diesel-export-ban,en,2026-09-24,
This Isn’t Your Parents’ United Nations,Bloomberg,bloomberg.com,bloomberg.com,2026-09-24,https://www.bloomberg.com/news/articles/2026-09-24/un-week-trump-xi-summit-and-the-weakening-of-global-consensus-big-take-podcast,en,2026-09-24,
Trump Gives Xi a Grand Welcome While Expectations Stay Low,Bloomberg,bloomberg.com,bloomberg.com,2026-09-24,https://www.bloomberg.com/news/newsletters/2026-09-24/trump-gives-xi-a-grand-welcome-while-expectations-stay-low,en,2026-09-24,
Poland Says It’s Close to Deal With US on Second Military Base,Bloomberg,bloomberg.com,bloomberg.com,2026-09-24,https://www.bloomberg.com/news/articles/2026-09-24/poland-says-it-s-close-to-deal-with-us-on-second-military-base,en,2026-09-24,
Top Intelligence Panel Democrat Seeks Briefing on F-35 Parts,Bloomberg,bloomberg.com,bloomberg.com,2026-09-24,https://www.bloomberg.com/news/articles/2026-09-24/top-intelligence-panel-democrat-seeks-briefing-on-f-35-parts,en,2026-09-24,
The White House Press Fight Shows How Tricky Free Speech Can Be,Bloomberg,bloomberg.com,bloomberg.com,2026-09-24,https://www.bloomberg.com/opinion/articles/2026-09-24/the-white-house-press-ban-shows-how-tricky-free-speech-can-be,en,2026-09-24,
Where the Trump-Xi Relationship Goes From Here,Bloomberg,bloomberg.com,bloomberg.com,2026-09-24,https://www.bloomberg.com/news/newsletters/2026-09-24/trump-xi-relationship-relies-on-personal-touch-to-maintain-us-china-ties,en,2026-09-24,
Why Trump Wants to Cryptofy the Futures Markets,Bloomberg,bloomberg.com,bloomberg.com,2026-09-24,https://www.bloomberg.com/news/articles/2026-09-24/us-embraces-perps-a-62-trillion-crypto-trade-taking-on-stocks-metals-oil,en,2026-09-24,
Harvard Urges Judge to Toss Race Data Suit as US Seeks Talks,Bloomberg,bloomberg.com,bloomberg.com,2026-09-24,https://www.bloomberg.com/news/articles/2026-09-24/harvard-urges-judge-to-toss-race-data-suit-as-us-seeks-talks,en,2026-09-24,
US and China Extend Trade Truce as Trump and Xi Meet,Bloomberg,bloomberg.com,bloomberg.com,2026-09-24,https://www.bloomberg.com/news/newsletters/2026-09-24/us-and-china-extend-trade-truce-as-trump-and-xi-meet,en,2026-09-24,
Xi Presses Trump to ‘Oppose’ Taiwan Independence During Summit,Bloomberg,bloomberg.com,bloomberg.com,2026-09-24,https://www.bloomberg.com/news/articles/2026-09-24/xi-presses-trump-to-oppose-taiwan-independence-during-summit,en,2026-09-24,
FDA Nominee to Face Senators Frustrated by US Vaccine Policies,Bloomberg,bloomberg.com,bloomberg.com,2026-09-24,https://www.bloomberg.com/news/articles/2026-09-24/fda-nominee-to-face-senators-frustrated-by-us-vaccine-policies,en,2026-09-24,
Europe’s Diesel Prices Race Ahead of US on Export-Ban Risks,Bloomberg,bloomberg.com,bloomberg.com,2026-09-24,https://www.bloomberg.com/news/articles/2026-09-24/europe-s-diesel-prices-race-ahead-of-us-on-export-ban-risks,en,2026-09-24,
"Trump, Xi Buy Time to Iron Out Trade Tensions",Bloomberg,bloomberg.com,bloomberg.com,2026-09-24,https://www.bloomberg.com/news/newsletters/2026-09-24/trump-xi-buy-time-to-iron-out-trade-tensions,en,2026-09-24,
"A Trump-Backed US Diesel Export Ban Would Cut Prices, at Least Initially",Bloomberg,bloomberg.com,bloomberg.com,2026-09-24,https://www.bloomberg.com/news/articles/2026-09-24/trump-backed-export-ban-could-initially-lower-diesel-prices,en,2026-09-24,
US Energy Department Earmarks $1.9 Billion for Grid Projects in 26 States,Bloomberg,bloomberg.com,bloomberg.com,2026-09-24,https://www.bloomberg.com/news/articles/2026-09-24/us-energy-department-earmarks-1-9-billion-for-us-grid-projects,en,2026-09-24,
Dutch Premier Hopes to Prevent More US Export Curbs on ASML,Bloomberg,bloomberg.com,bloomberg.com,2026-09-24,https://www.bloomberg.com/news/articles/2026-09-24/dutch-premier-hopes-to-prevent-more-us-export-curbs-on-asml,en,2026-09-24,
EE.UU. ofrece hasta US$6.000 millones para financiar el megaproyecto Argentina LNG,Bloomberg,bloomberg.com,bloomberg.com,2026-09-24,https://www.bloomberg.com/news/articles/2026-09-24/argentina-lng-exim-ofrece-us-6-000-millones-al-proyecto-de-ypf,es,2026-09-24,
"CNN, MS NOW Reporters Return to White House After Trump Ban",Bloomberg,bloomberg.com,bloomberg.com,2026-09-24,https://www.bloomberg.com/news/articles/2026-09-24/cnn-ms-now-reporters-return-to-white-house-after-trump-ban,en,2026-09-24,
"Trump, Xi Thrust Fierce US-China AI Rivalry Into Spotlight",Bloomberg,bloomberg.com,bloomberg.com,2026-09-24,https://news.google.com/rss/articles/CBMirAFBVV95cUxPVmxtOG1sVjNBR25YdnpKQUc5SU5fSlNGWnByOHM3NjdLdVlyU1lvc3FkR2hNLUdicmJSYld5SDh6b21ISGI1LV9pcVNOQk1mNVJRbmEzaHlCM1ZmQVVCeUxpZ0NaQjV6R2ROdWd0LVN1ZzJvTGVCVjRVUVkyVUZ5RlFZWlpTNEl4ejM0T2NvSFZpVzlVNm9iMEdtWWlyX2dEWDlxb1Zqb25EdDVf?oc=5,en,2026-09-24,
"Watch US-China: Trump, Xi Buy Time on Trade With Truce Extension",Bloomberg,bloomberg.com,bloomberg.com,2026-09-24,https://news.google.com/rss/articles/CBMipAFBVV95cUxQYVJZLWoweEdnQTc3cjc4V1pZcVh6R3ZfWGxYckxBR2RwdEkyb3ZnMjJEZVROYzVFaldoWk1jYkdKYTVSZnRWbDZ4UmFrM1lFMzFUekl0YUlXRjUtQUc0UUZLT0tNVjdsbTRFMENCX1RFdlN1Wl9IUWNQTWJ1MDVKMWYxOC1hMUM3OVpVQU1TcmlEb2d0MkktdzlRdXpzNnZyRVVGeA?oc=5,en,2026-09-24,
"AI Evaluators Raise Ideological Bias Concern for Trump, Industry",Bloomberg,bloomberg.com,bloomberg.com,2026-09-24,https://news.google.com/rss/articles/CBMitAFBVV95cUxQZEJnWldGSjNqOWNDQVZWb0Jxc25yWHo4M0tZX2tVX0VCR1pXcHp4em1rTjNmZVZRVHdwY0ozaUg4eFlmRTdKeEhVWmRmODlsZ21tWHJTT1lmYlBtZndqbVNvNmV4RWZCa2tfTWJfUHZYeEtpdGdFcWwzUERGYVJwRHp5d21CZUpodVBDd3VMeTJuMHlDU2ZnZmJfWFR1ckpOOFg0QnpZUDhKNmVrM2xERWhnMWg?oc=5,en,2026-09-24,
"Trump welcomes China's Xi for state dinner at White House after touting ""truly great friendship""",CBS News,cbsnews.com,cbsnews.com,2026-09-24,https://www.cbsnews.com/chicago/live-updates/trump-china-xi-jinping-state-visit-dinner-tariffs-ai/,en,2026-09-24,
"Gary, Indiana residents call for NIPSCO accountability at town hall meeting",CBS News,cbsnews.com,cbsnews.com,2026-09-24,https://www.cbsnews.com/chicago/video/gary-indiana-residents-call-for-nipsco-accountability-at-town-hall-meeting/,en,2026-09-24,
Meeting to replace Hazel Crest village manager canceled when trustees who wanted her out don't show,CBS News,cbsnews.com,cbsnews.com,2026-09-24,https://www.cbsnews.com/chicago/video/meeting-to-replace-hazel-crest-village-manager-canceled-when-trustees-who-wanted-her-out-dont-show/,en,2026-09-24,
Chicago weather: Dry and mild weekend ahead,CBS News,cbsnews.com,cbsnews.com,2026-09-24,https://www.cbsnews.com/chicago/video/chicago-weather-dry-and-mild-weekend-ahead/,en,2026-09-24,
"Trump to headline ""Golden Age"" event with top officials, tech executives",CBS News,cbsnews.com,cbsnews.com,2026-09-24,https://www.cbsnews.com/news/trump-golden-age-event-tech-executives-elon-musk-jensen-huang-ai/,en,2026-09-24,
"Talk the Talk: Sept. 24, 2026",CBS News,cbsnews.com,cbsnews.com,2026-09-24,https://www.cbsnews.com/pittsburgh/video/talk-the-talk-sept-24-2026/,en,2026-09-24,
KDKA-TV Nightly Forecast (9/24),CBS News,cbsnews.com,cbsnews.com,2026-09-24,https://www.cbsnews.com/pittsburgh/video/kdka-tv-nightly-forecast-924-4/,en,2026-09-24,
Local athlete trains in the ring,CBS News,cbsnews.com,cbsnews.com,2026-09-24,https://www.cbsnews.com/pittsburgh/video/local-athlete-trains-in-the-ring/,en,2026-09-24,
Tom the turkey and more KDKA Investigates stories,CBS News,cbsnews.com,cbsnews.com,2026-09-24,https://www.cbsnews.com/pittsburgh/video/tom-the-turkey-and-more-kdka-investigates-stories/,en,2026-09-24,
"Ireland Contracting Nightly Sports Call: Sept. 24, 2026",CBS News,cbsnews.com,cbsnews.com,2026-09-24,https://www.cbsnews.com/pittsburgh/video/ireland-contracting-nightly-sports-call-sept-24-2026/,en,2026-09-24,
"Trump rally shooting victim who died 2 years later remembered as ""a true American Patriot""",CBS News,cbsnews.com,cbsnews.com,2026-09-24,https://www.cbsnews.com/pittsburgh/video/trump-rally-shooting-victim-who-died-2-years-later-remembered-as-a-true-american-patriot/,en,2026-09-24,
"Family Feed: Sept. 24, 2026",CBS News,cbsnews.com,cbsnews.com,2026-09-24,https://www.cbsnews.com/pittsburgh/video/family-feed-sept-24-2026/,en,2026-09-24,
13-year-old student dies after Sanger ISD school bus overturns,CBS News,cbsnews.com,cbsnews.com,2026-09-24,https://www.cbsnews.com/texas/video/13-year-old-student-dies-after-sanger-isd-school-bus-overturns/,en,2026-09-24,
"Growing frustrations over Dallas City Council Members, City Hall",CBS News,cbsnews.com,cbsnews.com,2026-09-24,https://www.cbsnews.com/texas/video/growing-frustrations-over-dallas-city-council-members-city-hall/,en,2026-09-24,
"Kudzu, the invasive “vine that ate the South,” is creeping into parts of Texas / Texas Monthly",CBS News,cbsnews.com,cbsnews.com,2026-09-24,https://www.cbsnews.com/texas/video/kudzu-the-invasive-vine-that-ate-the-south-is-creeping-into-parts-of-texas-texas-monthly/,en,2026-09-24,
Eyeing a cold front next week for rain and a cool down for DFW,CBS News,cbsnews.com,cbsnews.com,2026-09-24,https://www.cbsnews.com/texas/video/eyeing-a-cold-front-next-week-for-rain-and-a-cool-down-for-dfw/,en,2026-09-24,
Authorities take measures to protect sea turtle eggs on Orange County beach,CBS News,cbsnews.com,cbsnews.com,2026-09-24,https://www.cbsnews.com/losangeles/video/authorities-take-measures-to-protect-sea-turtle-eggs-on-orange-county-beach/,en,2026-09-24,
La Verne firefighters stabilize temperatures of damaged lithium-ion batteries,CBS News,cbsnews.com,cbsnews.com,2026-09-24,https://www.cbsnews.com/losangeles/video/la-verne-firefighters-stabilize-temperatures-of-damaged-lithium-ion-batteries/,en,2026-09-24,
The Greek Theatre,CBS News,cbsnews.com,cbsnews.com,2026-09-24,https://www.cbsnews.com/losangeles/video/the-greek-theatre-look-at-this/,en,2026-09-24,
California thunderstorms causes ground stop at LAX,CBS News,cbsnews.com,cbsnews.com,2026-09-24,https://www.cbsnews.com/losangeles/video/california-thunderstorms-causes-ground-stop-at-lax/,en,2026-09-24,
Mudflows fill streets in Forest Falls after sudden thunderstorm,CBS News,cbsnews.com,cbsnews.com,2026-09-24,https://www.cbsnews.com/losangeles/video/mudflows-fill-streets-in-forest-falls-after-sudden-thunderstorm/,en,2026-09-24,
Loved ones hold vigil for South LA teen killed in hit-and-run crash,CBS News,cbsnews.com,cbsnews.com,2026-09-24,https://www.cbsnews.com/losangeles/video/loved-ones-hold-vigil-for-south-la-teen-killed-in-hit-and-run-crash/,en,2026-09-24,
Small plane crash kills two in Hesperia,CBS News,cbsnews.com,cbsnews.com,2026-09-24,https://www.cbsnews.com/losangeles/video/small-plane-crash-kills-two-in-hesperia/,en,2026-09-24,
Deputies arrest 3 people accused of string of armed robberies at LA County T-Mobile stores,CBS News,cbsnews.com,cbsnews.com,2026-09-24,https://www.cbsnews.com/losangeles/video/deputies-arrest-3-people-accused-of-string-of-armed-robberies-at-la-county-t-mobile-stores/,en,2026-09-24,
Deadly Chatsworth bus crash suspect pleads not guilty to murder charges,CBS News,cbsnews.com,cbsnews.com,2026-09-24,https://www.cbsnews.com/losangeles/video/deadly-chatsworth-bus-crash-suspect-pleads-not-guilty-to-murder-charges/,en,2026-09-24,
Suspect of shooting at Miami International Airport appears in court,CBS News,cbsnews.com,cbsnews.com,2026-09-24,https://www.cbsnews.com/miami/video/suspect-of-shooting-at-miami-international-airport-appears-in-court/,en,2026-09-24,
"The weekend could see more pleasent, cooler temperatures with a break from the rain",CBS News,cbsnews.com,cbsnews.com,2026-09-24,https://www.cbsnews.com/miami/video/the-weekend-could-see-more-pleasent-cooler-temperatures-with-a-break-from-the-rain/,en,2026-09-24,
Christopher Columbus High School dominates against Homestead,CBS News,cbsnews.com,cbsnews.com,2026-09-24,https://www.cbsnews.com/miami/video/christopher-columbus-high-school-dominates-against-homestead/,en,2026-09-24,
Family of Amazon cargo plane crash victim files wrongful death lawsuit,CBS News,cbsnews.com,cbsnews.com,2026-09-24,https://www.cbsnews.com/miami/video/family-of-amazon-cargo-plane-crash-victim-files-wrongful-death-lawsuit/,en,2026-09-24,
"Two cranes fall onto the roof of a newly renovated Fort Lauderdale home, causing major damage",CBS News,cbsnews.com,cbsnews.com,2026-09-24,https://www.cbsnews.com/miami/video/two-cranes-fall-onto-the-roof-of-a-newly-renovated-fort-lauderdale-home-causing-major-damage/,en,2026-09-24,
"Meet Julius Jones Jr., St. Thomas Aquinas wide receiver, is a 2026 Nat Moore Trophy contender",CBS News,cbsnews.com,cbsnews.com,2026-09-24,https://www.cbsnews.com/miami/video/meet-julius-jones-jr-st-thomas-aquinas-wide-receiver-is-a-2026-nat-moore-trophy-contender/,en,2026-09-24,
Man taken into custody after police pursuit possibly connected to Hialeah carjacking,CBS News,cbsnews.com,cbsnews.com,2026-09-24,https://www.cbsnews.com/miami/video/man-taken-into-custody-after-police-pursuit-possibly-connected-to-hialeah-carjacking/,en,2026-09-24,
First Alert Weather: Rain late Friday before nor'easter impacts New York,CBS News,cbsnews.com,cbsnews.com,2026-09-24,https://www.cbsnews.com/newyork/video/first-alert-weather-rain-late-friday-before-noreaster-impacts-new-york-92426/,en,2026-09-24,
Stanford University apologizes for AI-altered photo of students,CBS News,cbsnews.com,cbsnews.com,2026-09-24,https://www.cbsnews.com/newyork/video/stanford-university-apologizes-for-ai-altered-photo-of-students/,en,2026-09-24,
"Woman randomly stabs bystander in head after traffic dispute, NYPD says",CBS News,cbsnews.com,cbsnews.com,2026-09-24,https://www.cbsnews.com/newyork/video/woman-randomly-stabs-bystander-in-head-after-traffic-dispute-nypd-says/,en,2026-09-24,
Thrive City at San Francisco's Chase Center to become year-round entertainment zone,CBS News,cbsnews.com,cbsnews.com,2026-09-24,https://www.cbsnews.com/sanfrancisco/video/thrive-city-at-san-franciscos-chase-center-to-become-year-round-entertainment-zone/,en,2026-09-24,
Thursday evening First Alert Weather forecast 9/24/26,CBS News,cbsnews.com,cbsnews.com,2026-09-24,https://www.cbsnews.com/sanfrancisco/video/thursday-evening-first-alert-weather-forecast-92426/,en,2026-09-24,
Dixon-based small business takes on predatory litigant claiming privacy violations,CBS News,cbsnews.com,cbsnews.com,2026-09-24,https://www.cbsnews.com/sanfrancisco/video/dixon-based-small-business-takes-on-predatory-litigant-claiming-privacy-violations/,en,2026-09-24,
Lessons of 1982 El Niño could help prepare Bay Area residents for upcoming event,CBS News,cbsnews.com,cbsnews.com,2026-09-24,https://www.cbsnews.com/sanfrancisco/video/lessons-of-1982-el-nino-could-help-prepare-bay-area-residents-for-upcoming-event/,en,2026-09-24,
Abraham Accords countries hold first official meeting since Oct. 7 attacks,CBS News,cbsnews.com,cbsnews.com,2026-09-24,https://www.cbsnews.com/news/abraham-accords-countries-hold-first-official-meeting-since-oct-7-attacks/,en,2026-09-24,
Wild high-speed chase causes chaos in Florida,CBS News,cbsnews.com,cbsnews.com,2026-09-24,https://www.cbsnews.com/video/wild-high-speed-chase-causes-chaos-florida/,en,2026-09-24,
Trump's expected Presidents Cup visit prompts protests at Medinah Country Club,CBS News,cbsnews.com,cbsnews.com,2026-09-24,https://www.cbsnews.com/chicago/news/medinah-country-club-protest-president-trump-visit-presidents-cup/,en,2026-09-24,
Chicago health officials warn of additional possible measles exposures at Union Station,CBS News,cbsnews.com,cbsnews.com,2026-09-24,https://www.cbsnews.com/chicago/video/chicago-health-officials-warn-of-additional-possible-measles-exposures-at-union-station/,en,2026-09-24,
Glencoe goats clear invasive species from parks,CBS News,cbsnews.com,cbsnews.com,2026-09-24,https://www.cbsnews.com/chicago/video/glencoe-goats-clear-invasive-species-from-parks/,en,2026-09-24,
Falcons and Packers kick off Week 3 of NFL season,CBS News,cbsnews.com,cbsnews.com,2026-09-24,https://www.cbsnews.com/video/falcons-and-packers-kick-off-week-3-of-nfl-season/,en,2026-09-24,
Record diesel prices hitting Illinois farmers hard,CBS News,cbsnews.com,cbsnews.com,2026-09-24,https://www.cbsnews.com/chicago/video/record-diesel-prices-hitting-illinois-farmers-hard/,en,2026-09-24,
Former Obama administration official on Trump's talks with China's Xi,CBS News,cbsnews.com,cbsnews.com,2026-09-24,https://www.cbsnews.com/video/former-obama-administration-official-on-trumps-talks-with-xi-jinping/,en,2026-09-24,
Trump's lavish state dinner for Chinese leader Xi Jinping underway,CBS News,cbsnews.com,cbsnews.com,2026-09-24,https://www.cbsnews.com/video/trump-lavish-state-dinner-chinese-leader-xi-jinping-underway/,en,2026-09-24,
"Xi gifts giant pandas to U.S., continuing years of ""panda diplomacy""",CBS News,cbsnews.com,cbsnews.com,2026-09-24,https://www.cbsnews.com/video/xi-gifts-giant-pandas-us-continuing-years-panda-diplomacy/,en,2026-09-24,
Chicago weather: Warming trend this weekend,CBS News,cbsnews.com,cbsnews.com,2026-09-24,https://www.cbsnews.com/chicago/video/chicago-weather-warming-trend-this-weekend/,en,2026-09-24,
Trump's planned visit to Presidents Cup at Medinah Country Club sparks protests,CBS News,cbsnews.com,cbsnews.com,2026-09-24,https://www.cbsnews.com/chicago/video/trumps-planned-visit-to-presidents-cup-at-medinah-country-club-sparks-protests/,en,2026-09-24,
Stanford University apologizes for switching students' faces and races in photo,CBS News,cbsnews.com,cbsnews.com,2026-09-24,https://www.cbsnews.com/video/stanford-university-apologizes-switching-students-faces-races-photo/,en,2026-09-24,
9/24: CBS Evening News,CBS News,cbsnews.com,cbsnews.com,2026-09-24,https://www.cbsnews.com/video/092426-cbs-evening-news/,en,2026-09-24,
"Sen. Thom Tillis calls Trump-Xi visit ""a WTF moment""",CBS News,cbsnews.com,cbsnews.com,2026-09-24,https://www.cbsnews.com/video/sen-thom-tillis-calls-trump-xi-visit-wtf-moment/,en,2026-09-24,
9/24: The Takeout with Major Garrett,CBS News,cbsnews.com,cbsnews.com,2026-09-24,https://www.cbsnews.com/video/092426-the-takeout-with-major-garrett/,en,2026-09-24,
"Trump hosts Xi Jinping at White House, praising a ""truly great friendship""",CBS News,cbsnews.com,cbsnews.com,2026-09-24,https://www.cbsnews.com/video/trump-hosts-xi-jinping-white-house-praising-truly-great-friendship/,en,2026-09-24,
"New Trump-focused ""Love Me"" ad campaign paid for by taxpayers hits airwaves",CBS News,cbsnews.com,cbsnews.com,2026-09-24,https://www.cbsnews.com/news/trump-focused-ad-campaign-taxpayers/,en,2026-09-24,
Father of Penguins forward Andrei Kuzmenko dies in bear attack in Russia,CBS News,cbsnews.com,cbsnews.com,2026-09-24,https://www.cbsnews.com/pittsburgh/video/father-of-penguins-forward-andrei-kuzmenko-dies-in-bear-attack-in-russia/,en,2026-09-24,
Teen being charged as adult in deadly DUI crash in Fayette County,CBS News,cbsnews.com,cbsnews.com,2026-09-24,https://www.cbsnews.com/pittsburgh/video/teen-being-charged-as-adult-in-deadly-dui-crash-in-fayette-county/,en,2026-09-24,
"Man wounded at Trump rally in Butler, Pa., dies",CBS News,cbsnews.com,cbsnews.com,2026-09-24,https://www.cbsnews.com/pittsburgh/video/man-wounded-at-trump-rally-in-butler-pa-dies/,en,2026-09-24,
Yet another affordable housing option opens in Pittsburgh,CBS News,cbsnews.com,cbsnews.com,2026-09-24,https://www.cbsnews.com/pittsburgh/video/yet-another-affordable-housing-option-opens-in-pittsburgh/,en,2026-09-24,
Path of the weekend storm is being watched closely on Long Island,CBS News,cbsnews.com,cbsnews.com,2026-09-24,https://www.cbsnews.com/newyork/video/path-of-the-weekend-storm-is-being-watched-closely-on-long-island/,en,2026-09-24,
First Alert Weather: Gusty winds Friday in New York,CBS News,cbsnews.com,cbsnews.com,2026-09-24,https://www.cbsnews.com/newyork/video/first-alert-weather-gusty-winds-friday-in-new-york-92426/,en,2026-09-24,
Some New Yorkers try to wish away dark clouds from this weekend's nor'easter,CBS News,cbsnews.com,cbsnews.com,2026-09-24,https://www.cbsnews.com/newyork/video/some-new-yorkers-try-to-wish-away-dark-clouds-from-this-weekends-noreaster/,en,2026-09-24,
Knicks' Jalen Brunson and Josh Hart hosting third annual “Roommates Show” block party,CBS News,cbsnews.com,cbsnews.com,2026-09-24,https://www.cbsnews.com/newyork/video/knicks-jalen-brunson-and-josh-hart-hosting-third-annual-roommates-show-block-party/,en,2026-09-24,
Brooklyn rabbi brutally beaten in attack captured on video,CBS News,cbsnews.com,cbsnews.com,2026-09-24,https://www.cbsnews.com/newyork/video/brooklyn-rabbi-brutally-beaten-in-attack-captured-on-video/,en,2026-09-24,
Dallas council members propose moratorium on new hyperscale data centers,CBS News,cbsnews.com,cbsnews.com,2026-09-24,https://www.cbsnews.com/texas/video/dallas-council-members-propose-moratorium-on-new-hyperscale-data-centers/,en,2026-09-24,
State Fair preps ahead of opening day,CBS News,cbsnews.com,cbsnews.com,2026-09-24,https://www.cbsnews.com/texas/video/state-fair-preps-ahead-of-opening-day/,en,2026-09-24,
Cowboys super fan turns custom car and Bear Brigade into fundraising mission,CBS News,cbsnews.com,cbsnews.com,2026-09-24,https://www.cbsnews.com/texas/video/cowboys-super-fan-turns-custom-car-and-bear-brigade-into-fundraising-mission/,en,2026-09-24,
"Trump, Xi Jinping meet at White House for talks on trade, AI and U.S.-China relations",CBS News,cbsnews.com,cbsnews.com,2026-09-24,https://www.cbsnews.com/texas/video/trump-xi-jinping-meet-at-white-house-for-talks-on-trade-ai-and-u-s-china-relations/,en,2026-09-24,
Nor'easter hits North Carolina's Outer Banks,CBS News,cbsnews.com,cbsnews.com,2026-09-24,https://www.cbsnews.com/texas/video/noreaster-hits-north-carolinas-outer-banks/,en,2026-09-24,
"Man wounded during 2024 Trump rally shooting in Butler County, Pennsylvania, dies",CBS News,cbsnews.com,cbsnews.com,2026-09-24,https://www.cbsnews.com/texas/news/jim-copenhaver-trump-rally-assassination-attempt-victim-dies/,en,2026-09-24,
Cowboys fans are revved up in Rio,CBS News,cbsnews.com,cbsnews.com,2026-09-24,https://www.cbsnews.com/texas/video/cowboys-fans-are-revved-up-in-rio/,en,2026-09-24,
"Live Updates: Trump welcomes China's Xi for state dinner at White House after touting ""truly great friendship""",CBS News,cbsnews.com,cbsnews.com,2026-09-24,https://www.cbsnews.com/texas/live-updates/trump-china-xi-jinping-state-visit-dinner-tariffs-ai/,en,2026-09-24,
Rain chances ahead for North Texas,CBS News,cbsnews.com,cbsnews.com,2026-09-24,https://www.cbsnews.com/texas/video/rain-chances-ahead-for-north-texas-7/,en,2026-09-24,
Riders report brain injuries after Six Flags Magic Mountain roller coaster rides,CBS News,cbsnews.com,cbsnews.com,2026-09-24,https://www.cbsnews.com/texas/video/riders-report-brain-injuries-after-six-flags-magic-mountain-roller-coaster-rides/,en,2026-09-24,
Hwy. 287 remains closed,CBS News,cbsnews.com,cbsnews.com,2026-09-24,https://www.cbsnews.com/texas/video/hwy-287-remains-closed/,en,2026-09-24,
Dallas group launches petition effort to save City Hall from possible demolition,CBS News,cbsnews.com,cbsnews.com,2026-09-24,https://www.cbsnews.com/texas/video/dallas-group-launches-petition-effort-to-save-city-hall-from-possible-demolition/,en,2026-09-24,
3 found dead in Flower Mound,CBS News,cbsnews.com,cbsnews.com,2026-09-24,https://www.cbsnews.com/texas/video/3-found-dead-in-flower-mound/,en,2026-09-24,
Busy girl self-care products with the Go-To-Girlfriend,CBS News,cbsnews.com,cbsnews.com,2026-09-24,https://www.cbsnews.com/losangeles/video/busy-girl-self-care-products-with-the-go-to-girlfriend/,en,2026-09-24,
Hawthorne police investigate as several people were shot in outdoor shopping area,CBS News,cbsnews.com,cbsnews.com,2026-09-24,https://www.cbsnews.com/losangeles/video/hawthorne-police-investigate-as-several-people-were-shot-in-outdoor-shopping-area/,en,2026-09-24,
National security expert discusses the summit with President Trump and Chinese President Xi Jinping,CBS News,cbsnews.com,cbsnews.com,2026-09-24,https://www.cbsnews.com/losangeles/video/national-security-expert-discusses-the-summit-with-president-trump-and-chinese-president-xi-jinping/,en,2026-09-24,
The latest in local news with the L.A. Sentinel,CBS News,cbsnews.com,cbsnews.com,2026-09-24,https://www.cbsnews.com/losangeles/video/the-latest-in-local-news-with-the-l-a-sentinel/,en,2026-09-24,
"California sheriff unlawfully seized ballots, state Supreme Court rules",CBS News,cbsnews.com,cbsnews.com,2026-09-24,https://www.cbsnews.com/losangeles/video/california-sheriff-unlawfully-seized-ballots-state-supreme-court-rules/,en,2026-09-24,
Hesperia small plane crash leaves 2 people dead,CBS News,cbsnews.com,cbsnews.com,2026-09-24,https://www.cbsnews.com/losangeles/video/hesperia-small-plane-crash-leaves-2-people-dead/,en,2026-09-24,
"Maria Salazar's opponent Eliott Rodriguez slams ad criticizing Trump: ""It shows how scared she is""",CBS News,cbsnews.com,cbsnews.com,2026-09-24,https://www.cbsnews.com/video/maria-salazar-opponent-eliott-rodriguez-slams-ad-criticizing-trump/,en,2026-09-24,
"GOP Sen. Thom Tillis on Trump-Xi visit: ""It's a WTF moment""",CBS News,cbsnews.com,cbsnews.com,2026-09-24,https://www.cbsnews.com/news/tillis-trump-xi-china-state-dinner-visit-wtf-moment/,en,2026-09-24,
"U.S. government foots bill for pro-Trump, anti-communist ad amid lavish Xi welcome, halted press ban",CBS News,cbsnews.com,cbsnews.com,2026-09-24,https://www.cbsnews.com/video/us-government-pro-trump-anti-communist-ad-lavish-xi-welcome-halted-press-ban/,en,2026-09-24,
Pentagon probing how shipment of F-35 fighter jet parts was diverted,CBS News,cbsnews.com,cbsnews.com,2026-09-24,https://www.cbsnews.com/news/pentagon-f-35-fighter-jet-parts/,en,2026-09-24,
Corvette catches fire after crash leaving a man and woman dead in Davie,CBS News,cbsnews.com,cbsnews.com,2026-09-24,https://www.cbsnews.com/miami/video/corvette-catches-fire-after-crash-leaving-a-man-and-woman-dead-in-davie/,en,2026-09-24,
"Conservative podcasts are talking less about Trump, Wall Street Journal analysis finds",CBS News,cbsnews.com,cbsnews.com,2026-09-24,https://www.cbsnews.com/video/conservative-podcasts-talking-less-about-trump-wall-street-journal-analysis/,en,2026-09-24,
Trump criticized for hailing deep friendship with China's Xi Jinping amid AI war,CBS News,cbsnews.com,cbsnews.com,2026-09-24,https://www.cbsnews.com/video/trump-criticized-for-hailing-deep-friendship-with-chinas-xi-jinping-amid-ai-war/,en,2026-09-24,
"Broward deputy among two people injured in North Lauderdale crash, BSO says",CBS News,cbsnews.com,cbsnews.com,2026-09-24,https://www.cbsnews.com/miami/video/broward-deputy-among-two-people-injured-in-north-lauderdale-crash-bso-says/,en,2026-09-24,
"Israel's Netanyahu tells U.N. ""we will continue to defend our state"" as many leaders walk out",CBS News,cbsnews.com,cbsnews.com,2026-09-24,https://www.cbsnews.com/chicago/news/netanyahu-un-speech-israel-criticism-mamdani-protests/,en,2026-09-24,
"Nirvana's ""Nevermind"" turns 35",CBS News,cbsnews.com,cbsnews.com,2026-09-24,https://www.cbsnews.com/chicago/video/nirvanas-nevermind-turns-35/,en,2026-09-24,
"3 injured in apartment building fire in Woodridge, Illinois",CBS News,cbsnews.com,cbsnews.com,2026-09-24,https://www.cbsnews.com/chicago/video/3-injured-in-apartment-building-fire-in-woodridge-illinois/,en,2026-09-24,
"Teacher, coach at Island Lake school charged with child pornography",CBS News,cbsnews.com,cbsnews.com,2026-09-24,https://www.cbsnews.com/chicago/video/teacher-coach-at-island-lake-school-charged-with-child-pornography/,en,2026-09-24,
"Baby elephant rescued from river, reunited with mother",CBS News,cbsnews.com,cbsnews.com,2026-09-24,https://www.cbsnews.com/chicago/video/baby-elephant-rescued-from-river-reunited-with-mother/,en,2026-09-24,
Here's how CBS News covered the Trump-Xi meeting without TV pool coverage amid White House ban,CBS News,cbsnews.com,cbsnews.com,2026-09-24,https://www.cbsnews.com/video/heres-how-cbs-news-covered-the-trump-xi-meeting-without-tv-pool-coverage-amid-white-house-ban/,en,2026-09-24,
Former U.S. ambassador to China says he fears Trump may be taking soft approach with Xi Jinping,CBS News,cbsnews.com,cbsnews.com,2026-09-24,https://www.cbsnews.com/video/former-us-ambassador-to-china-says-he-fears-trump-may-be-taking-soft-approach-with-chinas-xi-jinping/,en,2026-09-24,
Trump administration urges Supreme Court to revive third-country deportation policy,CBS News,cbsnews.com,cbsnews.com,2026-09-24,https://www.cbsnews.com/news/trump-administration-supreme-court-third-country-deportation-policy/,en,2026-09-24,
Tillis says he wants to see Trump press China's Xi about helping Iran,CBS News,cbsnews.com,cbsnews.com,2026-09-24,https://www.cbsnews.com/video/tillis-says-he-wants-to-see-trump-press-chinas-xi-about-helping-iran/,en,2026-09-24,
MS NOW and CNN reporters regain access to White House after judge's order,CBS News,cbsnews.com,cbsnews.com,2026-09-24,https://www.cbsnews.com/video/ms-now-and-cnn-reporters-regain-access-to-white-house-after-judges-order/,en,2026-09-24,
Andreessen Horowitz introduces AI school as a college alternative,CBS News,cbsnews.com,cbsnews.com,2026-09-24,https://www.cbsnews.com/video/andreessen-horowitz-introduces-ai-school-as-a-college-alternative/,en,2026-09-24,
"Ezra Jin, Grace Jin Drexel speak out after his religious persecution in China",CBS News,cbsnews.com,cbsnews.com,2026-09-24,https://www.cbsnews.com/video/ezra-jin-grace-jin-drexel-speak-out-religious-persecution-china/,en,2026-09-24,
First known hack by rogue AI agent of government website,CBS News,cbsnews.com,cbsnews.com,2026-09-24,https://www.cbsnews.com/video/first-known-hack-by-rogue-ai-agent-of-government-website/,en,2026-09-24,
Parts of key U.S. military equipment may be in China's hands,CBS News,cbsnews.com,cbsnews.com,2026-09-24,https://www.cbsnews.com/video/parts-of-key-us-military-equipment-may-be-in-chinas-hands/,en,2026-09-24,
Key F-35 missing fighter jet parts may be in China's hands,CBS News,cbsnews.com,cbsnews.com,2026-09-24,https://www.cbsnews.com/video/key-f-35-fighter-jet-parts-may-be-in-chinas-hands/,en,2026-09-24,
"Iran war powers measure falls short in Senate, despite new GOP support",CBS News,cbsnews.com,cbsnews.com,2026-09-24,https://www.cbsnews.com/news/senate-iran-war-powers-resolution-vote/,en,2026-09-24,
"China's Xi says they will send 2 giant pandas to Zoo Atlanta, calling them ""envoy of friendship""",CBS News,cbsnews.com,cbsnews.com,2026-09-24,https://www.cbsnews.com/atlanta/news/china-to-send-2-giant-pandas-to-zoo-atlanta-president-xi-jinping-says-envoy-of-friendship/,en,2026-09-24,
"Chicago, Cook County to host all-in-one vital records, voter registration event",CBS News,cbsnews.com,cbsnews.com,2026-09-24,https://www.cbsnews.com/chicago/news/chicago-cook-county-vital-records-voter-registration-event/,en,2026-09-24,
First Alert Weather: Calm before the coastal storm,CBS News,cbsnews.com,cbsnews.com,2026-09-24,https://www.cbsnews.com/newyork/video/first-alert-weather-calm-before-the-coastal-storm/,en,2026-09-24,
President Trump meets with Chinese President Xi Jinping,CBS News,cbsnews.com,cbsnews.com,2026-09-24,https://www.cbsnews.com/newyork/video/president-trump-meets-with-chinese-president-xi-jinping/,en,2026-09-24,
Demonstrations happeneing ahead of Netanyahu's speech at the U.N. General Assembly,CBS News,cbsnews.com,cbsnews.com,2026-09-24,https://www.cbsnews.com/newyork/video/demonstrations-happeneing-ahead-of-netanyahus-speech-at-the-u-n-general-assembly/,en,2026-09-24,
Long Island preparing for nor'easter that could have big impact,CBS News,cbsnews.com,cbsnews.com,2026-09-24,https://www.cbsnews.com/newyork/video/long-island-preparing-for-noreaster-that-could-have-big-impact/,en,2026-09-24,
"Knicks stars Jalen Brunson, Josh Hart hosting live podcast event in NYC",CBS News,cbsnews.com,cbsnews.com,2026-09-24,https://www.cbsnews.com/newyork/video/knicks-stars-jalen-brunson-josh-hart-hosting-live-podcast-event-in-nyc/,en,2026-09-24,
Free Met Opera tickets available to New Yorkers in new lottery,CBS News,cbsnews.com,cbsnews.com,2026-09-24,https://www.cbsnews.com/newyork/video/free-met-opera-tickets-available-to-new-yorkers-in-new-lottery/,en,2026-09-24,
Water floods Brooklyn street after main break,CBS News,cbsnews.com,cbsnews.com,2026-09-24,https://www.cbsnews.com/newyork/video/water-floods-brooklyn-street-after-main-break/,en,2026-09-24,
Spooky Season decor at Neubauer's Flowers & Market House,CBS News,cbsnews.com,cbsnews.com,2026-09-24,https://www.cbsnews.com/pittsburgh/video/spooky-season-decor-at-neubauers-flowers-market-house/,en,2026-09-24,
"PTL Weekend Guide: Sept. 24, 2026",CBS News,cbsnews.com,cbsnews.com,2026-09-24,https://www.cbsnews.com/pittsburgh/video/ptl-weekend-guide-sept-24-2026/,en,2026-09-24,
"One killed, one hospitalized in overnight stabbing in Edgewood",CBS News,cbsnews.com,cbsnews.com,2026-09-24,https://www.cbsnews.com/pittsburgh/video/one-killed-one-hospitalized-in-overnight-stabbing-in-edgewood/,en,2026-09-24,
What's new at the zoo this Fall?,CBS News,cbsnews.com,cbsnews.com,2026-09-24,https://www.cbsnews.com/pittsburgh/video/whats-new-at-the-zoo-this-fall/,en,2026-09-24,
KDKA-TV Afternoon Forecast (9/24),CBS News,cbsnews.com,cbsnews.com,2026-09-24,https://www.cbsnews.com/pittsburgh/video/kdka-tv-afternoon-forecast-924-2/,en,2026-09-24,
Why try just one? Burger Flights are available at Burghers Brewing!,CBS News,cbsnews.com,cbsnews.com,2026-09-24,https://www.cbsnews.com/pittsburgh/video/why-try-just-one-burger-flights-are-available-at-burghers-brewing/,en,2026-09-24,
"PTL Chat: Sept. 24, 2025",CBS News,cbsnews.com,cbsnews.com,2026-09-24,https://www.cbsnews.com/pittsburgh/video/ptl-chat-sept-24-2025/,en,2026-09-24,
PNC Bank stepping up for the 45th annual KDKA Turkey Fund,CBS News,cbsnews.com,cbsnews.com,2026-09-24,https://www.cbsnews.com/pittsburgh/video/pnc-bank-stepping-up-for-the-45th-annual-kdka-turkey-fund/,en,2026-09-24,
Death of 24 year old in Mercer County ruled a homicide,CBS News,cbsnews.com,cbsnews.com,2026-09-24,https://www.cbsnews.com/pittsburgh/video/death-of-24-year-old-in-mercer-county-ruled-a-homicide/,en,2026-09-24,
HWY 287 in Fort Worth to be closed 7 to 10 days after deadly garbage truck crash damages bridge,CBS News,cbsnews.com,cbsnews.com,2026-09-24,https://www.cbsnews.com/texas/video/hwy-287-in-fort-worth-to-be-closed-7-to-10-days-after-deadly-garbage-truck-crash-damages-bridge/,en,2026-09-24,
Extreme drought conditions worsen for DFW as slim chance of rain possible this weekend,CBS News,cbsnews.com,cbsnews.com,2026-09-24,https://www.cbsnews.com/texas/video/extreme-drought-conditions-worsen-for-dfw-as-slim-chance-of-rain-possible-this-weekend/,en,2026-09-24,
McKinney National Airport preparing to launch first commercial flights in November 2026,CBS News,cbsnews.com,cbsnews.com,2026-09-24,https://www.cbsnews.com/texas/video/mckinney-national-airport-preparing-to-launch-first-commercial-flights-in-november-2026/,en,2026-09-24,
Journalists regain access to White House after judge temporarily blocks Trump's media ban,CBS News,cbsnews.com,cbsnews.com,2026-09-24,https://www.cbsnews.com/texas/news/judge-blocks-trump-ban-cnn-ms-now-politico-restoring-white-house-access/,en,2026-09-24,
Try out bocce club in West Town,CBS News,cbsnews.com,cbsnews.com,2026-09-24,https://www.cbsnews.com/chicago/video/try-out-bocce-club-in-west-town/,en,2026-09-24,
Adopt today from Barb's Precious Rescue,CBS News,cbsnews.com,cbsnews.com,2026-09-24,https://www.cbsnews.com/chicago/video/adopt-today-from-barbs-precious-rescue/,en,2026-09-24,
Mariano's Grazie celebration in Lakeshore East,CBS News,cbsnews.com,cbsnews.com,2026-09-24,https://www.cbsnews.com/chicago/video/marianos-grazie-celebration-in-lakeshore-east/,en,2026-09-24,
Fall produce is at Chicago’s farmer’s markets,CBS News,cbsnews.com,cbsnews.com,2026-09-24,https://www.cbsnews.com/chicago/video/fall-produce-is-at-chicagos-farmers-markets/,en,2026-09-24,
President Trump welcomes Chinese President Xi Jinping,CBS News,cbsnews.com,cbsnews.com,2026-09-24,https://www.cbsnews.com/chicago/video/president-trump-welcomes-chinese-president-xi-jinping/,en,2026-09-24,
A few morning sprinkles on Friday in Chicago,CBS News,cbsnews.com,cbsnews.com,2026-09-24,https://www.cbsnews.com/chicago/video/a-few-morning-sprinkles-on-friday-in-chicago/,en,2026-09-24,
"Judge blocks President Trump's ban on CNN, MS NOW, Politico",CBS News,cbsnews.com,cbsnews.com,2026-09-24,https://www.cbsnews.com/chicago/video/judge-blocks-president-trumps-ban-on-cnn-ms-now-politico/,en,2026-09-24,
Amber Lee’s NEXT Weather forecast,CBS News,cbsnews.com,cbsnews.com,2026-09-24,https://www.cbsnews.com/losangeles/video/amber-lees-next-weather-forecast-238/,en,2026-09-24,
Angie Nixon slams Byron Donalds as he tries to distance himself from Trump,CBS News,cbsnews.com,cbsnews.com,2026-09-24,https://www.cbsnews.com/video/angie-nixon-slams-byron-donalds-as-he-tries-to-distance-himself-from-trump/,en,2026-09-24,
Farmers consider backing other politicians as they struggle to make a living,CBS News,cbsnews.com,cbsnews.com,2026-09-24,https://www.cbsnews.com/video/farmers-consider-backing-other-politicians-as-they-struggle-to-make-a-living/,en,2026-09-24,
McDonald's explores high-protein menu for customers on GLP-1s,CBS News,cbsnews.com,cbsnews.com,2026-09-24,https://www.cbsnews.com/video/mcdonalds-explores-high-protein-menu-for-customers-on-glp-1s/,en,2026-09-24,
White House denies access to some news outlets despite judge's order on ban,CBS News,cbsnews.com,cbsnews.com,2026-09-24,https://www.cbsnews.com/video/white-house-denies-access-to-some-news-outlets-despite-judges-order-on-ban/,en,2026-09-24,
World awaits news from Trump-Xi meeting as Canada's Carney gets popular in Europe,CBS News,cbsnews.com,cbsnews.com,2026-09-24,https://www.cbsnews.com/video/world-awaits-news-from-trump-xi-meeting-as-canadas-carney-gets-popular-in-europe/,en,2026-09-24,
"Florida Senate nominee Angie Nixon says ""this is not about three letters"" amid DSA criticism",CBS News,cbsnews.com,cbsnews.com,2026-09-24,https://www.cbsnews.com/news/angie-nixon-dsa-florida-democratic-senate-nominee/,en,2026-09-24,
Ukraine school is teaching kids how to fly drones,CBS News,cbsnews.com,cbsnews.com,2026-09-24,https://www.cbsnews.com/video/ukraine-is-teaching-kids-how-to-fly-drones/,en,2026-09-24,
Video shows second crane collapsing onto Fort Lauderdale home,CBS News,cbsnews.com,cbsnews.com,2026-09-24,https://www.cbsnews.com/miami/video/video-shows-second-crane-collapsing-onto-fort-lauderdale-home/,en,2026-09-24,
"Live Updates: Trump hosting China's Xi at White House as they navigate AI, trade tensions and Taiwan",CBS News,cbsnews.com,cbsnews.com,2026-09-24,https://www.cbsnews.com/miami/live-updates/trump-china-xi-jinping-state-visit-dinner-tariffs-ai/,en,2026-09-24,
"No injuries reported after crane falls onto Fort Lauderdale home, officials say",CBS News,cbsnews.com,cbsnews.com,2026-09-24,https://www.cbsnews.com/miami/video/no-injuries-reported-after-crane-falls-onto-fort-lauderdale-home-officials-say/,en,2026-09-24,
Israel's Netanyahu set to hit back at widespread criticism in U.N. address,CBS News,cbsnews.com,cbsnews.com,2026-09-24,https://www.cbsnews.com/newyork/news/netanyahu-un-speech-israel-criticism-mamdani-protests/,en,2026-09-24,
Protests expected in NYC ahead of Netanyahu's speech at U.N. General Assembly,CBS News,cbsnews.com,cbsnews.com,2026-09-24,https://www.cbsnews.com/newyork/news/protests-nyc-benjamin-netanyahu-israel-united-nations-speech/,en,2026-09-24,
"3 shot outside apartment complex in Waukegan, Illinois",CBS News,cbsnews.com,cbsnews.com,2026-09-24,https://www.cbsnews.com/chicago/video/3-shot-outside-apartment-complex-in-waukegan-illinois/,en,2026-09-24,
Nor'easter threatens East Coast with wind and rain,CBS News,cbsnews.com,cbsnews.com,2026-09-24,https://www.cbsnews.com/video/noreaster-threatens-east-coast-with-wind-and-rain/,en,2026-09-24,
"Watch: Exclusive first look at Taylor Swift's ""Patient Zero"" music video before its VMAs debut",CBS News,cbsnews.com,cbsnews.com,2026-09-24,https://www.cbsnews.com/video/watch-exclusive-first-look-at-taylor-swifts-patient-zero-music-video/,en,2026-09-24,
"NYPD officers hurt after crash in Brooklyn, police say",CBS News,cbsnews.com,cbsnews.com,2026-09-24,https://www.cbsnews.com/newyork/video/nypd-officers-hurt-after-crash-in-brooklyn-police-say/,en,2026-09-24,
"Atlanta weather: Cloudy, cool Thursday before a sunny weekend",CBS News,cbsnews.com,cbsnews.com,2026-09-24,https://www.cbsnews.com/atlanta/video/atlanta-weather-cloudy-cool-thursday-before-a-sunny-weekend/,en,2026-09-24,
Six Flags Magic Mountain faces number of lawsuits,CBS News,cbsnews.com,cbsnews.com,2026-09-24,https://www.cbsnews.com/detroit/video/six-flags-magic-mountain-faces-number-of-lawsuits/,en,2026-09-24,
Judge blocks Trump's ban on media outlets as Trump hosts Chinese President,CBS News,cbsnews.com,cbsnews.com,2026-09-24,https://www.cbsnews.com/detroit/video/judge-blocks-trumps-ban-on-media-outlets-as-trump-hosts-chinese-president/,en,2026-09-24,
"NEXT Weather: 6 a.m. report for Minnesota on Sept. 24, 2026",CBS News,cbsnews.com,cbsnews.com,2026-09-24,https://www.cbsnews.com/minnesota/video/next-weather-6-a-m-report-for-minnesota-on-sept-24-2026/,en,2026-09-24,
4 Your Weekend: Sept. 25,CBS News,cbsnews.com,cbsnews.com,2026-09-24,https://www.cbsnews.com/minnesota/video/4-your-weekend-sept-25-27-2026/,en,2026-09-24,
Family of stabbing victim will speak out in a press conference Thursday,CBS News,cbsnews.com,cbsnews.com,2026-09-24,https://www.cbsnews.com/detroit/video/family-of-stabbing-victim-will-speak-out-in-a-press-conference-thursday/,en,2026-09-24,
New immersive KPop Demon Hunters experience coming to Netflix House in King of Prussia,CBS News,cbsnews.com,cbsnews.com,2026-09-24,https://www.cbsnews.com/philadelphia/video/new-immersive-kpop-demon-hunters-experience-coming-to-netflix-house-in-king-of-prussia/,en,2026-09-24,
Varsity football season at Jenkintown High School canceled by district,CBS News,cbsnews.com,cbsnews.com,2026-09-24,https://www.cbsnews.com/philadelphia/video/varsity-football-season-at-jenkintown-high-school-canceled-by-district/,en,2026-09-24,
Police investigating after 3 people climb out of Manhattan sewer,CBS News,cbsnews.com,cbsnews.com,2026-09-24,https://www.cbsnews.com/newyork/video/police-investigating-after-3-people-climb-out-of-manhattan-sewer/,en,2026-09-24,
Video shows blaze break out at home in northwest Miami-Dade,CBS News,cbsnews.com,cbsnews.com,2026-09-24,https://www.cbsnews.com/miami/video/video-shows-blaze-break-out-at-home-in-northwest-miami-dade/,en,2026-09-24,
"Rabies cases in Harford County, Maryland top 2025 total, with 3 months left in year",CBS News,cbsnews.com,cbsnews.com,2026-09-24,https://www.cbsnews.com/baltimore/video/rabies-cases-in-harford-county-maryland-top-2025-total-with-3-months-left-in-year/,en,2026-09-24,
Denver Summit FC to break ground on stadium Oct. 1,CBS News,cbsnews.com,cbsnews.com,2026-09-24,https://www.cbsnews.com/colorado/video/denver-summit-fc-to-break-ground-on-stadium-oct-1/,en,2026-09-24,
"Judge blocks White House ban on CNN, MS NOW and Politico temporarily",CBS News,cbsnews.com,cbsnews.com,2026-09-24,https://www.cbsnews.com/video/judge-blocks-white-house-ban-on-cnn-ms-now-and-politico-for-now/,en,2026-09-24,
Clear Creek County Sheriff's deputies urge drivers to move over for emergency vehicles,CBS News,cbsnews.com,cbsnews.com,2026-09-24,https://www.cbsnews.com/colorado/video/clear-creek-county-sheriffs-deputies-urge-drivers-to-move-over-for-emergency-vehicles/,en,2026-09-24,
"Record diesel prices could cost Atlanta food bank an extra $100,000",CBS News,cbsnews.com,cbsnews.com,2026-09-24,https://www.cbsnews.com/atlanta/video/record-diesel-prices-could-cost-atlanta-food-bank-an-extra-100000/,en,2026-09-24,
"2 killed in early-morning crash in Davie, fire officials say",CBS News,cbsnews.com,cbsnews.com,2026-09-24,https://www.cbsnews.com/miami/video/2-killed-in-early-morning-crash-in-davie-fire-officials-say/,en,2026-09-24,
Chilly weather continues in NYC while area braces for nor'easter with coastal impacts,CBS News,cbsnews.com,cbsnews.com,2026-09-24,https://www.cbsnews.com/newyork/video/chilly-weather-continues-in-nyc-while-area-braces-for-nor-easter-with-coastal-impacts/,en,2026-09-24,
Fire tears through North Philadelphia rowhome,CBS News,cbsnews.com,cbsnews.com,2026-09-24,https://www.cbsnews.com/philadelphia/video/fire-tears-through-north-philadelphia-rowhome/,en,2026-09-24,
Colorado rural neighbors say trash collection changes are attracting bears,CBS News,cbsnews.com,cbsnews.com,2026-09-24,https://www.cbsnews.com/colorado/video/colorado-rural-neighbors-say-trash-collection-changes-are-attracting-bears/,en,2026-09-24,
AI and Taiwan: What to expect from Trump's meeting with China's Xi Jinping,CBS News,cbsnews.com,cbsnews.com,2026-09-24,https://www.cbsnews.com/video/ai-and-taiwan-what-to-expect-from-trumps-meeting-with-chinas-xi-jinping/,en,2026-09-24,
Explore Salem's public murals in an urban art museum,CBS News,cbsnews.com,cbsnews.com,2026-09-24,https://www.cbsnews.com/boston/video/explore-salems-public-murals-in-an-urban-art-museum/,en,2026-09-24,
Detroit Lions prepare for New York Jets,CBS News,cbsnews.com,cbsnews.com,2026-09-24,https://www.cbsnews.com/detroit/video/detroit-lions-prepare-for-new-york-jets/,en,2026-09-24,
Eastbound I-70 closed at Kipling for 83 hours over the weekend for bridge repair,CBS News,cbsnews.com,cbsnews.com,2026-09-24,https://www.cbsnews.com/colorado/video/eastbound-i-70-closed-at-kipling-for-83-hours-over-the-weekend-for-bridge-repair/,en,2026-09-24,
Take look inside Boston’s historic Gibson House Museum,CBS News,cbsnews.com,cbsnews.com,2026-09-24,https://www.cbsnews.com/boston/video/take-look-inside-bostons-historic-gibson-house-museum/,en,2026-09-24,
Slim storm chances ahead of warm opening weekend for the State Fair of Texas,CBS News,cbsnews.com,cbsnews.com,2026-09-24,https://www.cbsnews.com/texas/video/slim-storm-chances-ahead-of-warm-opening-weekend-for-the-state-fair-of-texas/,en,2026-09-24,
"Strong winds, coastal flooding continue through Saturday",CBS News,cbsnews.com,cbsnews.com,2026-09-24,https://www.cbsnews.com/philadelphia/video/strong-winds-coastal-flooding-continue-through-saturday-next-weather-alert/,en,2026-09-24,
"NYC transit system ranked No. 2 in the United States, study says",CBS News,cbsnews.com,cbsnews.com,2026-09-24,https://www.cbsnews.com/newyork/video/nyc-transit-system-ranked-no-2-in-the-united-states-study-says/,en,2026-09-24,
"Judge blocks Trump's ban on CNN, MS NOW and Politico from the White House",CBS News,cbsnews.com,cbsnews.com,2026-09-24,https://www.cbsnews.com/newyork/video/judge-blocks-trumps-ban-on-cnn-ms-now-and-politico-from-the-white-house/,en,2026-09-24,
"Chinese analysts say Trump should ""understand pressure doesn't work,"" as he and Xi tackle thorny issues",CBS News,cbsnews.com,cbsnews.com,2026-09-24,https://www.cbsnews.com/news/trump-xi-china-pressure-doesnt-work-analysts-say/,en,2026-09-24,
"3 shot outside apartment complex during gathering in Waukegan, Illinois",CBS News,cbsnews.com,cbsnews.com,2026-09-24,https://www.cbsnews.com/chicago/video/3-shot-outside-apartment-complex-during-gathering-in-waukegan-illinois/,en,2026-09-24,
St. Clair Shores pauses Flock camera use after residents voiced concerns,CBS News,cbsnews.com,cbsnews.com,2026-09-24,https://www.cbsnews.com/detroit/video/st-clair-shores-pauses-flock-camera-use-after-residents-voiced-concerns/,en,2026-09-24,
What to expect from Trump-Xi summit at White House,CBS News,cbsnews.com,cbsnews.com,2026-09-24,https://www.cbsnews.com/video/what-to-expect-from-trump-xi-summit-at-white-house/,en,2026-09-24,
"1 dead afters shooting in Astoria, Queens, police say",CBS News,cbsnews.com,cbsnews.com,2026-09-24,https://www.cbsnews.com/newyork/video/1-dead-afters-shooting-in-astoria-queens-police-say/,en,2026-09-24,
Cool and gusty in Maryland through Friday,CBS News,cbsnews.com,cbsnews.com,2026-09-24,https://www.cbsnews.com/baltimore/video/cool-and-gusty-in-maryland-through-friday/,en,2026-09-24,
Australia's prime minister slams OpenAI after its agent hacked government website,CBS News,cbsnews.com,cbsnews.com,2026-09-24,https://www.cbsnews.com/video/australias-prime-minister-slams-openai-after-its-agent-hacked-government-website/,en,2026-09-24,
Greek Fest returns to Atlanta with a drive-thru twist,CBS News,cbsnews.com,cbsnews.com,2026-09-24,https://www.cbsnews.com/atlanta/video/greek-fest-returns-to-atlanta-with-a-drive-thru-twist/,en,2026-09-24,
"Boston morning weather forecast for September 24, 2026",CBS News,cbsnews.com,cbsnews.com,2026-09-24,https://www.cbsnews.com/boston/video/boston-morning-weather-forecast-for-september-24-2026/,en,2026-09-24,
Potential nor'easter could impact NYC's Global Citizen Festival,CBS News,cbsnews.com,cbsnews.com,2026-09-24,https://www.cbsnews.com/newyork/video/potential-noreaster-could-impact-nycs-global-citizen-festival/,en,2026-09-24,
"Nor’easter concerns grow as rough surf, strong winds batter the Jersey Shore",CBS News,cbsnews.com,cbsnews.com,2026-09-24,https://www.cbsnews.com/philadelphia/video/noreaster-concerns-grow-as-rough-surf-strong-winds-batter-the-jersey-shore/,en,2026-09-24,
Atlanta Braves celebrate Latino heritage during Los Bravos Night,CBS News,cbsnews.com,cbsnews.com,2026-09-24,https://www.cbsnews.com/atlanta/video/atlanta-braves-celebrate-latino-heritage-during-los-bravos-night/,en,2026-09-24,
Judge blocks Trump's ban of some journalists from White House for now,CBS News,cbsnews.com,cbsnews.com,2026-09-24,https://www.cbsnews.com/video/judge-blocks-trumps-ban-of-some-journalists-from-white-house-for-now/,en,2026-09-24,
NYC's Rockettes to debut new dance number for Christmas shows,CBS News,cbsnews.com,cbsnews.com,2026-09-24,https://www.cbsnews.com/newyork/video/nycs-rockettes-to-debut-new-dance-number-for-christmas-shows/,en,2026-09-24,
"Chinese analysts say Trump should  understand pressure doesnt work , as he and Xi tackle thorny issues",CBS News,cbsnews.com,cbsnews.com,2026-09-24,http://www.cbsnews.com/news/trump-xi-china-pressure-doesnt-work-analysts-say/,en,2026-09-24,
Anderson Cooper asks Nvidia CEO about tech CEOs’ being worried about AI,CNN,cnn.com,cnn.com,2026-09-24,https://www.cnn.com/2026/09/24/us/video/achuangsot1,en,2026-09-24,
"Major cities brace for coastal flooding, wind, rain from weekend Nor’easter",CNN,cnn.com,cnn.com,2026-09-24,https://www.cnn.com/2026/09/24/weather/video/noreaster-rain-wind-floods-east-coast-lead-jake-tapper,en,2026-09-24,
‘Love Me’: White House airs government-funded ad praising Trump,CNN,cnn.com,cnn.com,2026-09-24,https://www.cnn.com/2026/09/24/politics/trump-ad-government-funded-love-me,en,2026-09-24,
"We aren’t trying to kill Trump, Iran’s president insists to reporters at New York hotel",CNN,cnn.com,cnn.com,2026-09-24,https://www.cnn.com/2026/09/24/middleeast/pezeshkian-iran-president-new-york-briefing-intl,en,2026-09-24,
CNN denied access to arrivals for White House state dinner,CNN,cnn.com,cnn.com,2026-09-24,https://www.cnn.com/2026/09/24/us/video/ebof-kristen-holmes-denied-access-white-house-state-dinner-xi-jinping,en,2026-09-24,
Attorney representing CNN reacts to judge temporarily blocking Trump’s media ban,CNN,cnn.com,cnn.com,2026-09-24,https://www.cnn.com/2026/09/24/politics/video/cnn-attorney-reacts-to-judge-temporarily-blocking-trump-media-ban-lead-jake-tapper,en,2026-09-24,
Agents involved in Mar-a-Lago search ask Judge Aileen Cannon whether gag order blocks testimony,CNN,cnn.com,cnn.com,2026-09-24,https://www.cnn.com/2026/09/24/politics/agents-trump-mar-a-lago-aileen-cannon-gag-order,en,2026-09-24,
Man wounded in the 2024 Trump assassination attempt dies,CNN,cnn.com,cnn.com,2026-09-24,https://www.cnn.com/2026/09/24/us/james-copenhaver-death-trump-rally,en,2026-09-24,
"Advisers urge Trump to declare national emergency, seize federal control of the midterms",CNN,cnn.com,cnn.com,2026-09-24,https://www.cnn.com/2026/09/24/politics/video/midterms-trump-elections-voting-national-emergency-lead-jake-tapper,en,2026-09-24,
"WSJ analyzes 70,000 hours of MAGA podcasts, Trump mentions at major low",CNN,cnn.com,cnn.com,2026-09-24,https://www.cnn.com/2026/09/24/us/video/ebof-wall-street-journal-maga-podcasts-trump-mentions-major-low,en,2026-09-24,
"Trump sought to ban CNN, MS NOW and Politico from the White House. Here’s what happens next",CNN,cnn.com,cnn.com,2026-09-24,https://www.cnn.com/2026/09/24/politics/whats-next-in-legal-case-trump-sought-to-ban-cnn-msnow-politico,en,2026-09-24,
"Grim mortgage milestone, brawling seniors, gut instinct: Catch up on the day’s stories",CNN,cnn.com,cnn.com,2026-09-24,https://www.cnn.com/2026/09/24/us/5-things-pm-september-24-trnd,en,2026-09-24,
"Dem leader dismay, Trump’s foreign policy fails and more",CNN,cnn.com,cnn.com,2026-09-24,https://www.cnn.com/2026/09/24/politics/video/enten-roundup-240926-ytc,en,2026-09-24,
A key Republican defends Alaska Senate candidate Mary Peltola after reports of abusive behavior,CNN,cnn.com,cnn.com,2026-09-24,https://www.cnn.com/2026/09/24/politics/a-republican-comes-to-alaska-senate-candidate-mary-peltolas-defense-after-reports-of-abusive-behavior,en,2026-09-24,
"At the White House, President Trump and Chinese leader Xi Jinping both stress the importance of discussing AI",CNN,cnn.com,cnn.com,2026-09-24,https://www.cnn.com/2026/09/24/politics/video/ac360xitrump,en,2026-09-24,
Dutch Prime Minister on pressuring Russia to end its war in Ukraine,CNN,cnn.com,cnn.com,2026-09-24,https://www.cnn.com/2026/09/24/us/video/dutch-prime-minister-intv-092404pseg2-cnni-us-fast,en,2026-09-24,
"Mortgage rates top 7%, dealing a further blow to the frozen housing market",CNN,cnn.com,cnn.com,2026-09-24,https://www.cnn.com/2026/09/24/economy/mortgage-rate-tops-7-percent,en,2026-09-24,
"Without international law, ‘it’s my colleagues on the front line that get killed,’ says UN Relief Chief",CNN,cnn.com,cnn.com,2026-09-24,https://www.cnn.com/2026/09/24/tv/video/amanpour-tom-fletcher-unga-humanitarian-relief,en,2026-09-24,
Trump administration plans to ignore historical preservation law to attempt to fast-track arch,CNN,cnn.com,cnn.com,2026-09-24,https://www.cnn.com/2026/09/24/politics/trump-arch-end-historical-preservation-review,en,2026-09-24,
"Beijing believes ‘U.S. is treating China with an equal status in the world,’ says former Australian PM",CNN,cnn.com,cnn.com,2026-09-24,https://www.cnn.com/2026/09/24/world/video/kevin-rudd-amanpour-2409aseg2-cnni-world-fast,en,2026-09-24,
See the moment White House reporter gets access,CNN,cnn.com,cnn.com,2026-09-24,https://www.cnn.com/2026/09/24/politics/video/cnn-reporter-granted-access-white-house-digvid,en,2026-09-24,
"‘We need multilateralism,’ says President of European Commission",CNN,cnn.com,cnn.com,2026-09-24,https://www.cnn.com/2026/09/24/world/video/von-der-leyen-amanpour-intv-2409aseg1-cnni-world-fast,en,2026-09-24,
"Republicans in tough races are suddenly concerned about ICE, too",CNN,cnn.com,cnn.com,2026-09-24,https://www.cnn.com/2026/09/24/politics/republicans-suddenly-concerned-about-ice,en,2026-09-24,
Netanyahu defends Israel’s actions in Gaza war as he brings feud with NYC Mayor Mamdani to UN,CNN,cnn.com,cnn.com,2026-09-24,https://www.cnn.com/2026/09/24/world/live-news/un-general-assembly-netanyahu,en,2026-09-24,
What can Democrats offer rural communities? This Wisconsin House candidate says ‘trust’,CNN,cnn.com,cnn.com,2026-09-24,https://www.cnn.com/2026/09/24/politics/video/inside-politics-rebecca-cooke-wisconsin-house-race-rural-democrats-trust,en,2026-09-24,
‘I want to stop and take in this extraordinary moment.’ Dana Bash on media ban during visit by Chinese President Xi,CNN,cnn.com,cnn.com,2026-09-24,https://www.cnn.com/2026/09/24/politics/video/inside-politics-dana-bash-chinese-media-allowed-cnn-banned,en,2026-09-24,
"Live updates: Trump hosts Xi for US-China summit in Washington, DC",CNN,cnn.com,cnn.com,2026-09-24,https://www.cnn.com/2026/09/24/politics/live-news/trump-meeting-china-xi-us-visit,en,2026-09-24,
"CNN, MS NOW and Politico request emergency hearing over White House access",CNN,cnn.com,cnn.com,2026-09-24,https://www.cnn.com/2026/09/24/politics/video/media-emergency-hearing-whitehouse-access-digvid,en,2026-09-24,
"CNN, MS NOW and Politico allowed back into the White House after judge orders Trump admin to restore access",CNN,cnn.com,cnn.com,2026-09-24,https://www.cnn.com/2026/09/24/politics/live-news/white-house-press-ban-lawsuit,en,2026-09-24,
"Trump’s nominee to lead FDA questioned on vaccines, abortion in Senate hearing",CNN,cnn.com,cnn.com,2026-09-24,https://www.cnn.com/2026/09/24/health/overton-senate-hearing-fda,en,2026-09-24,
The Odds: Clean Slate,CNN,cnn.com,cnn.com,2026-09-24,https://www.cnn.com/2026/09/24/us/video/the-odds-clean-slate-kalpar,en,2026-09-24,
Large number of diplomats walk out as Netanyahu begins address,CNN,cnn.com,cnn.com,2026-09-24,https://www.cnn.com/2026/09/24/world/video/cncpm-diplomats-walk-out-during-netanyahu-united-nations-speech,en,2026-09-24,
"The intricacies of press credentials, at the White House and beyond",CNN,cnn.com,cnn.com,2026-09-24,https://www.cnn.com/2026/09/24/us/word-of-week-white-house-credentials-cec,en,2026-09-24,
CNN’s Dana Bash lays out the stakes of Trump’s White House media ban,CNN,cnn.com,cnn.com,2026-09-24,https://www.cnn.com/2026/09/24/politics/video/bash-trump-white-house-media-ban-digvid,en,2026-09-24,
"‘The European Union is massively stepping up’: EU President on defense, trade and AI",CNN,cnn.com,cnn.com,2026-09-24,https://www.cnn.com/2026/09/24/tv/video/amanpour-von-der-leyen-unga-china-ukraine,en,2026-09-24,
Iranian president denies nuclear ambitions while blaming US for Middle East conflict and more top headlines,Fox News,foxnews.com,foxnews.com,2026-09-24,https://www.foxnews.com/us/iranian-president-denies-nuclear-ambitions-while-blaming-us-middle-east-conflict-more-top-headlines,en,2026-09-24,
Frontline NATO ally shares shocking take on Russian invasion threat,Fox News,foxnews.com,foxnews.com,2026-09-24,https://www.foxnews.com/politics/frontline-nato-ally-shares-shocking-take-russian-invasion-threat,en,2026-09-24,
GOP handed new lifeline on biggest pocketbook fight of midterms,Fox News,foxnews.com,foxnews.com,2026-09-24,https://www.foxnews.com/politics/gop-handed-new-lifeline-biggest-pocketbook-fight-midterms,en,2026-09-24,
Pope Leo XIV begins historic 4-day visit to France,Fox News,foxnews.com,foxnews.com,2026-09-24,https://www.foxnews.com/world/pope-leo-xiv-begins-historic-4-day-visit-france,en,2026-09-24,
Donalds rips opponent’s ‘complete 180’ as Dem’s own 2016 words come back to haunt him in tightening gov race,Fox News,foxnews.com,foxnews.com,2026-09-24,https://www.foxnews.com/politics/donalds-rips-opponents-complete-180-dems-2016-words-haunt-tightening-gov-race,en,2026-09-24,
WATCH: Mike Lee explodes on voting error that 'keeps happening' as huge number of noncitizens found on rolls,Fox News,foxnews.com,foxnews.com,2026-09-24,https://www.foxnews.com/politics/mike-lee-explodes-voting-error-keeps-happening-huge-number-noncitizens-found-rolls,en,2026-09-24,
"UMass Dartmouth football murder suspect overstayed tourist visa, received deferred action: federal sources",Fox News,foxnews.com,foxnews.com,2026-09-24,https://www.foxnews.com/politics/umass-dartmouth-football-murder-suspect-overstayed-tourist-visa-received-deferred-action-federal-sources,en,2026-09-24,
Is Therapy Making Us More Anxious? Jonathan Alpert Tyrus break it down,Fox News,foxnews.com,foxnews.com,2026-09-24,https://radio.foxnews.com/2026/09/24/is-therapy-making-us-more-anxious-jonathan-alpert-tyrus-break-it-down-planet-tyrus/,en,2026-09-24,
Secretary Bessent: China Trade Extension & Economic Pressure On Iran,Fox News,foxnews.com,foxnews.com,2026-09-24,https://radio.foxnews.com/2026/09/24/secretary-bessent-china-trade-extension-economic-pressure-on-iran/,en,2026-09-24,
"Federal Judge Blocks Trump Media Ban, Restores Access to 3 Outlets",Fox News,foxnews.com,foxnews.com,2026-09-24,https://radio.foxnews.com/2026/09/24/federal-judge-blocks-trump-media-ban-restores-access-to-3-outlets/,en,2026-09-24,
Evening Edition: Netanyahu Vows to Defeat Iran Because Israel 'Has No Other Choice',Fox News,foxnews.com,foxnews.com,2026-09-24,https://radio.foxnews.com/2026/09/24/evening-edition-netanyahu-vows-to-defeat-iran-because-israel-has-no-other-choice/,en,2026-09-24,
Charles Cooke: You Can't Say You Hate America and Call It Love,Fox News,foxnews.com,foxnews.com,2026-09-24,https://radio.foxnews.com/2026/09/24/charles-cooke-you-cant-say-you-hate-america-and-call-it-love/,en,2026-09-24,
New Jersey Gov Mikie Sherrill calls on lieutenant governor to resign after sexual harassment investigation,Fox News,foxnews.com,foxnews.com,2026-09-24,https://www.foxnews.com/politics/new-jersey-gov-mikie-sherrill-calls-lieutenant-governor-resign-sexual-harassment-investigation,en,2026-09-24,
"Iranian president blames US for Middle East conflict while denying nuclear ambitions, offers to dilute uranium",Fox News,foxnews.com,foxnews.com,2026-09-24,https://www.foxnews.com/world/iranian-president-blames-us-middle-east-conflict-denying-nuclear-ambitions-offers-dilute-uranium,en,2026-09-24,
Xi can’t escape protesters’ cries at deafening dinner demonstration,Fox News,foxnews.com,foxnews.com,2026-09-24,https://www.foxnews.com/politics/xi-escape-protesters-cries-deafening-dinner-demonstration,en,2026-09-24,
Reporter's Notebook: Call for for a free Iran echoes at the United Nations,Fox News,foxnews.com,foxnews.com,2026-09-24,https://www.foxnews.com/world/reporters-notebook-call-free-iran-echoes-united-nations,en,2026-09-24,
What's on the menu for Trump's state dinner with China's Xi? One American staple is notably missing,Fox News,foxnews.com,foxnews.com,2026-09-24,https://www.foxnews.com/politics/whats-menu-trumps-state-dinner-chinas-xi-american-staple-notably-missing,en,2026-09-24,
Saudi foreign minister warns Houthi threat goes global as Trump holds fire,Fox News,foxnews.com,foxnews.com,2026-09-24,https://www.foxnews.com/world/saudi-foreign-minister-warns-houthi-threat-goes-global-trump-holds-fire,en,2026-09-24,
"Donald Trump adds political stakes, anticipation and potential sideline chaos to Texas-Tennessee showdown",Fox News,foxnews.com,foxnews.com,2026-09-24,https://www.foxnews.com/outkick-sports/donald-trump-adds-political-stakes-anticipation-potential-sideline-chaos-texas-tennessee-showdown,en,2026-09-24,
Breaking up Troy Aikman and Joe Buck would be a big mistake for ESPN,Fox News,foxnews.com,foxnews.com,2026-09-24,https://www.foxnews.com/outkick-sports/breaking-up-troy-aikman-joe-buck-big-mistake-espn-bobby-burack,en,2026-09-24,
WATCH: Mass walkout before Netanyahu speech prompts fiery response from Israeli prime minister,Fox News,foxnews.com,foxnews.com,2026-09-24,https://www.foxnews.com/politics/watch-mass-walkout-before-netanyahu-speech-prompts-fiery-response-israeli-prime-minister,en,2026-09-24,
Trump FDA pick repeatedly sidesteps Sanders' universal healthcare demands in heated clash,Fox News,foxnews.com,foxnews.com,2026-09-24,https://www.foxnews.com/politics/trump-fda-pick-repeatedly-sidesteps-sanders-universal-healthcare-demands-heated-clash,en,2026-09-24,
California superintendent candidate ejected from sports league meeting for boisterous Title IX defense,Fox News,foxnews.com,foxnews.com,2026-09-24,https://www.foxnews.com/outkick-sports/california-superintendent-candidate-ejected-sports-league-meeting-boisterous-title-ix-defense,en,2026-09-24,
Canadian PM Carney says he was prepared for Trump ordering invasion,Fox News,foxnews.com,foxnews.com,2026-09-24,https://www.foxnews.com/politics/canadian-pm-carney-prepared-trump-ordering-invasion,en,2026-09-24,
"James Copenhaver, man shot at Trump Butler rally, dies of complications from injuries: report",Fox News,foxnews.com,foxnews.com,2026-09-24,https://www.foxnews.com/politics/james-copenhaver-man-shot-trump-butler-rally-dies-complications-from-injuries-report,en,2026-09-24,
"4 GOP senators rebel against Trump on Iran war, vote with Dems to rein in authority",Fox News,foxnews.com,foxnews.com,2026-09-24,https://www.foxnews.com/politics/4-gop-senators-rebel-against-trump-iran-war-vote-dems-rein-authority,en,2026-09-24,
EXCLUSIVE: DHS Secretary Mullin slams sanctuary politicians as attacks on ICE officers skyrocket,Fox News,foxnews.com,foxnews.com,2026-09-24,https://www.foxnews.com/politics/exclusive-dhs-secretary-mullin-slams-sanctuary-politicians-attacks-ice-officers-skyrocket,en,2026-09-24,
Ms Rachel defends her activism by pointing to Mister Rogers' political legacy on children's TV,Fox News,foxnews.com,foxnews.com,2026-09-24,https://www.foxnews.com/media/ms-rachel-defends-activism-pointing-mister-rogers-political-legacy-childrens-tv,en,2026-09-24,
"US allies need to shoot down Russian aircraft testing NATO boundaries, Czech president warns",Fox News,foxnews.com,foxnews.com,2026-09-24,https://www.foxnews.com/politics/us-allies-shoot-down-russian-aircraft-testing-nato-boundaries-czech-president-warns,en,2026-09-24,
Missouri's redistricting mess created an election problem Supreme Court has days to untangle,Fox News,foxnews.com,foxnews.com,2026-09-24,https://www.foxnews.com/politics/missouris-redistricting-mess-created-election-problem-supreme-court-has-days-untangle,en,2026-09-24,
Biden-appointed judge hands Letitia James setback in latest Trump legal clash,Fox News,foxnews.com,foxnews.com,2026-09-24,https://www.foxnews.com/politics/biden-appointed-judge-hands-letitia-james-setback-latest-trump-legal-clash,en,2026-09-24,
Susan Collins defies blue-state headwinds in crucial Senate battle as new poll reveals striking split,Fox News,foxnews.com,foxnews.com,2026-09-24,https://www.foxnews.com/politics/susan-collins-defies-blue-state-headwinds-crucial-senate-battle-new-poll-reveals-striking-split,en,2026-09-24,
UAP whistleblower makes stunning claim about secrets behind government’s recovered craft,Fox News,foxnews.com,foxnews.com,2026-09-24,https://www.foxnews.com/media/uap-whistleblower-stunning-claim-secrets-government-recovered-craft,en,2026-09-24,
"""They Think They Can Outlast Us"": Gen. Jack Keane's Stark Warning on Iran",Fox News,foxnews.com,foxnews.com,2026-09-24,https://radio.foxnews.com/2026/09/24/they-think-they-can-outlast-us-gen-jack-keanes-stark-warning-on-iran/,en,2026-09-24,
"Spying, AI, and War: The High-Stakes Trump-Xi Summit",Fox News,foxnews.com,foxnews.com,2026-09-24,https://radio.foxnews.com/2026/09/24/spying-ai-and-war-the-high-stakes-trump-xi-summit/,en,2026-09-24,
Federal Judge Rules Against Trump Administration Over Press Ban,Fox News,foxnews.com,foxnews.com,2026-09-24,https://radio.foxnews.com/2026/09/24/federal-judge-rules-against-trump-administration-over-press-ban/,en,2026-09-24,
Xi Arrives In Washington,Fox News,foxnews.com,foxnews.com,2026-09-24,https://radio.foxnews.com/2026/09/24/xi-arrives-in-washington/,en,2026-09-24,
Videos de cámaras corporales ofrecen inusual visión de redada migratoria en fábrica de NY,Los Angeles Times,latimes.com,latimes.com,2026-09-24,https://www.latimes.com/espanol/eeuu/articulo/2026-09-24/videos-de-camaras-corporales-ofrecen-inusual-vision-de-redada-migratoria-en-fabrica-de-ny,es,2026-09-24,
Senado de EEUU rechaza resolución para frenar la guerra con Irán,Los Angeles Times,latimes.com,latimes.com,2026-09-24,https://www.latimes.com/espanol/california/articulo/2026-09-24/senado-de-eeuu-rechaza-resolucion-para-frenar-la-guerra-con-iran,es,2026-09-24,
Man who was shot during 2024 Trump campaign rally in Pennsylvania has died,Los Angeles Times,latimes.com,latimes.com,2026-09-24,https://www.latimes.com/world-nation/story/2026-09-24/man-who-was-shot-during-2024-trump-campaign-rally-in-pennsylvania-has-died,en,2026-09-24,
Appeals court orders Trump administration to distribute homeless funds,Los Angeles Times,latimes.com,latimes.com,2026-09-24,https://www.latimes.com/california/story/2026-09-24/appeals-court-orders-trump-administration-to-distribute-homeless-funds,en,2026-09-24,
"Países del golfo hallan alternativas para envío de crudo pese a guerra con Irán, pero sube el costo",Los Angeles Times,latimes.com,latimes.com,2026-09-24,https://www.latimes.com/espanol/internacional/articulo/2026-09-24/paises-del-golfo-hallan-alternativas-para-envio-de-crudo-pese-guerra-con-iran-pero-sube-el-costo,es,2026-09-24,
"Infantino promete ""cultura de diálogo"" tras revuelo por plan secreto de venta del Mundial",Los Angeles Times,latimes.com,latimes.com,2026-09-24,https://www.latimes.com/espanol/deportes/articulo/2026-09-24/infantino-promete-cultura-de-dialogo-tras-revuelo-por-plan-secreto-de-venta-del-mundial,es,2026-09-24,
"Presidenta de Costa Rica despide a canciller por no informarle reunión de ""Escudo de las Américas""",Los Angeles Times,latimes.com,latimes.com,2026-09-24,https://www.latimes.com/espanol/internacional/articulo/2026-09-24/presidenta-de-costa-rica-despide-canciller-por-no-informarle-reunion-de-escudo-de-las-americas,es,2026-09-24,
"Netanyahu, en la ONU, califica las acusaciones de genocidio como “la mayor mentira del siglo”",Los Angeles Times,latimes.com,latimes.com,2026-09-24,https://www.latimes.com/espanol/eeuu/articulo/2026-09-24/netanyahu-en-la-onu-califica-las-acusaciones-de-genocidio-como-la-mayor-mentira-del-siglo,es,2026-09-24,
Trump elogia su “amistad verdaderamente grande” con Xi Jinping,Los Angeles Times,latimes.com,latimes.com,2026-09-24,https://www.latimes.com/espanol/eeuu/articulo/2026-09-24/trump-elogia-su-amistad-verdaderamente-grande-con-xi-jinping,es,2026-09-24,
3 medios de comunicación regresan a la Casa Blanca después que juez ordenara a Trump levantar veto,Los Angeles Times,latimes.com,latimes.com,2026-09-24,https://www.latimes.com/espanol/eeuu/articulo/2026-09-24/3-medios-de-comunicacion-regresan-la-casa-blanca-despues-que-juez-ordenara-trump-levantar-veto,es,2026-09-24,
Senate rejects resolution to halt the Iran war as gas prices upend midterms,Los Angeles Times,latimes.com,latimes.com,2026-09-24,https://www.latimes.com/world-nation/story/2026-09-24/senate-rejects-resolution-to-halt-iran-war-as-gas-prices-upend-midterms,en,2026-09-24,
"Xi, in lavish Trump summit, urges 'human control' over AI",Los Angeles Times,latimes.com,latimes.com,2026-09-24,https://www.latimes.com/politics/story/2026-09-24/xi-in-lavish-trump-summit-urges-human-control-over-ai,en,2026-09-24,
"Commentary: A decade after the leaked 'Access Hollywood' tape, Billy Bush joins Fox News. What took so long?",Los Angeles Times,latimes.com,latimes.com,2026-09-24,https://www.latimes.com/politics/story/2026-09-24/decade-after-debacle-billy-bush-joins-fox-news-what-took-so-long,en,2026-09-24,
FDA nominee voices support for vaccines at Senate hearing scrutinizing Trump administration efforts,Los Angeles Times,latimes.com,latimes.com,2026-09-24,https://www.latimes.com/world-nation/story/2026-09-24/fda-nominee-heidi-overton-support-vaccines-senate-hearing,en,2026-09-24,
An isolated Netanyahu takes U.N. stage as he seeks reelection at home,Los Angeles Times,latimes.com,latimes.com,2026-09-24,https://www.latimes.com/world-nation/story/2026-09-24/isolated-netanyahu-takes-u-n-stage-as-he-seeks-reelection-at-home,en,2026-09-24,
Hollywood would get 20% federal film tax credit under proposed new bill,Los Angeles Times,latimes.com,latimes.com,2026-09-24,https://www.latimes.com/entertainment-arts/business/story/2026-09-24/hollywood-to-get-20-federal-film-tax-credit-under-new-bill-trump-runaway-production,en,2026-09-24,
Can we get some clarity on the latest U.S. trade policy?,Los Angeles Times,latimes.com,latimes.com,2026-09-24,https://www.latimes.com/opinion/story/2026-09-24/us-trade-trump-xi-carney,en,2026-09-24,
Computer science grads face a brutal job market as AI reshapes entry-level work,Los Angeles Times,latimes.com,latimes.com,2026-09-24,https://www.latimes.com/business/story/2026-09-24/computer-science-grads-face-brutal-job-market-as-ai-reshapes-entry-level-work,en,2026-09-24,
AI agents are hacking companies. Who’s legally responsible?,Los Angeles Times,latimes.com,latimes.com,2026-09-24,https://www.latimes.com/business/story/2026-09-24/ai-agents-are-hacking-companies-whos-legally-responsible,en,2026-09-24,
"CNN, MS NOW and Politico return to White House after judge lifts Trump's press ban",Los Angeles Times,latimes.com,latimes.com,2026-09-24,https://www.latimes.com/entertainment-arts/business/story/2026-09-24/judge-lifts-white-house-press-ban-of-cnn-ms-now-politico,en,2026-09-24,
"8 sailors in USS Lincoln group attempted suicide on extended deployment, Navy leader says",Los Angeles Times,latimes.com,latimes.com,2026-09-24,https://www.latimes.com/world-nation/story/2026-09-24/8-sailors-in-uss-lincoln-group-attempted-suicide-on-extended-deployment-navy-leader-says,en,2026-09-24,
"Venezuela's acting leader, at U.N. for first address, promises elections at the 'right moment'",Los Angeles Times,latimes.com,latimes.com,2026-09-24,https://www.latimes.com/world-nation/story/2026-09-24/venezuelas-acting-leader-at-u-n-for-first-address-promises-elections-at-right-moment,en,2026-09-24,
"Scientists forecast 450,000 global heat deaths related to El Niño",Los Angeles Times,latimes.com,latimes.com,2026-09-24,https://www.latimes.com/california/newsletter/2026-09-24/scientists-forecast-450-000-global-heat-deaths-related-to-el-nino,en,2026-09-24,
Bill Gates says AI 'powerful enough' to cause 'a billion deaths',NBC News,nbcnews.com,nbcnews.com,2026-09-24,https://www.nbcnews.com/meet-the-press/video/bill-gates-says-ai-powerful-enough-to-cause-a-billion-deaths-270470213819,en,2026-09-24,
Lawmakers battle National Archives over plans to move historical Asian American records,NBC News,nbcnews.com,nbcnews.com,2026-09-24,https://www.nbcnews.com/politics/politics-news/lawmakers-battle-national-archives-plans-move-historical-asian-america-rcna599402,en,2026-09-24,
"Trump, Xi exchange praise at White House state dinner",NBC News,nbcnews.com,nbcnews.com,2026-09-24,https://www.nbcnews.com/politics/trump-administration/live-blog/trump-media-ban-xi-china-un-iran-congress-2026-midterm-live-updates-rcna599497,en,2026-09-24,
"As Trump and Xi meet, families of Americans detained in China hope for help",NBC News,nbcnews.com,nbcnews.com,2026-09-24,https://www.nbcnews.com/world/asia/trump-xi-meet-families-americans-detained-china-hope-help-rcna599140,en,2026-09-24,
"California Supreme Court orders GOP sheriff to return 650,000 seized ballots",NBC News,nbcnews.com,nbcnews.com,2026-09-24,https://www.nbcnews.com/politics/elections/california-supreme-court-orders-gop-sheriff-return-650000-ballots-rcna599695,en,2026-09-24,
"As Trump mulls building Chinese EVs in U.S., automakers point to Germany as a cautionary tale",NBC News,nbcnews.com,nbcnews.com,2026-09-24,https://www.nbcnews.com/world/asia/trump-china-electric-vehicles-germany-volkswagen-rcna598072,en,2026-09-24,
Federal judge pauses Trump’s media ban and a red-carpet welcome for Xi: Morning Rundown,NBC News,nbcnews.com,nbcnews.com,2026-09-24,https://www.nbcnews.com/news/us-news/white-house-access-news-mark-zuckerberg-ai-morning-rundown-rcna599573,en,2026-09-24,
Trump Approval Ratings 2026: Latest Approval and Disapproval Polls,NBC News,nbcnews.com,nbcnews.com,2026-09-24,https://www.nbcnews.com/politics/2026-elections/presidential-approval-polls,en,2026-09-24,
"Congressman says Venezuelan man shot by ICE, then taken into custody, told he needs surgery",NBC News,nbcnews.com,nbcnews.com,2026-09-24,https://www.nbcnews.com/news/us-news/congressman-says-venezuelan-man-shot-ice-taken-custody-told-needs-surg-rcna599627,en,2026-09-24,
The 2028 implications of Michigan’s Senate race: From the Politics Desk,NBC News,nbcnews.com,nbcnews.com,2026-09-24,https://www.nbcnews.com/politics/politics-news/2028-implications-michigans-senate-race-politics-desk-rcna599727,en,2026-09-24,
"CNN, MS NOW and Politico reporters regain entry to White House",NBC News,nbcnews.com,nbcnews.com,2026-09-24,https://www.nbcnews.com/now/video/cnn-ms-now-and-politico-reporters-regain-entry-to-white-house-270454341895,en,2026-09-24,
Iran’s president says Tehran wants a deal with U.S. before midterm elections,NBC News,nbcnews.com,nbcnews.com,2026-09-24,https://www.nbcnews.com/world/iran/irans-president-says-tehran-wants-deal-us-midterm-elections-rcna599638,en,2026-09-24,
"Jim Copenhaver, man shot in Trump assassination attempt, dies 2 years later",NBC News,nbcnews.com,nbcnews.com,2026-09-24,https://www.nbcnews.com/news/us-news/jim-copenhaver-man-shot-trump-assassination-attempt-dies-2-years-later-rcna599687,en,2026-09-24,
Senate rejects resolution calling to end the Iran war as most Republicans stick with Trump,NBC News,nbcnews.com,nbcnews.com,2026-09-24,https://www.nbcnews.com/politics/congress/senate-rejects-resolution-calling-end-iran-war-republicans-stick-trump-rcna599624,en,2026-09-24,
New data shows most women in the Marines passing toughened fitness tests for combat roles,NBC News,nbcnews.com,nbcnews.com,2026-09-24,https://www.nbcnews.com/video/new-data-shows-most-female-marines-passing-fitness-tests-for-combat-roles-270450245824,en,2026-09-24,
Bond yields surge to fresh two-decade highs but oil prices buffeted by Iran headlines,NBC News,nbcnews.com,nbcnews.com,2026-09-24,https://www.nbcnews.com/business/markets/bond-yields-oil-treasury-buyback-bessent-rcna599604,en,2026-09-24,
White House still turning away some media outlets despite order,NBC News,nbcnews.com,nbcnews.com,2026-09-24,https://www.nbcnews.com/video/white-house-still-turning-away-some-media-outlets-despite-order-270444613581,en,2026-09-24,
"Past presidents have invoked national security, but Trump takes it to new level",NPR,npr.org,npr.org,2026-09-24,https://www.npr.org/2026/09/24/nx-s1-5978067/past-presidents-have-invoked-national-security-but-trump-takes-it-to-new-level,en,2026-09-24,
White House allows banned journalists back onto grounds,NPR,npr.org,npr.org,2026-09-24,https://www.npr.org/2026/09/24/nx-s1-5980089/white-house-allows-banned-journalists-back-onto-grounds,en,2026-09-24,
The economic squeeze is pushing up poverty rates for older adults,NPR,npr.org,npr.org,2026-09-24,https://www.npr.org/2026/09/24/nx-s1-5979857/senior-adult-poverty-affordability,en,2026-09-24,
"Judge restores journalists' White House access. And, Tucker Carlson on his MAGA split",NPR,npr.org,npr.org,2026-09-24,https://www.npr.org/2026/09/24/g-s1-144850/up-first-newsletter-cnn-msnow-politico-iran-ukraine-unga-china-xi-jinping-trump,en,2026-09-24,
These 6 charts show how NIH research funding has been reshaped under Trump,NPR,npr.org,npr.org,2026-09-24,https://www.npr.org/2026/09/24/nx-s1-5931971/trump-nih-science-funding-disruptions-charts,en,2026-09-24,
F.D.A. Nominee Refuses to Say She Will Push Back if Trump Is Wrong,New York Times,nytimes.com,nytimes.com,2026-09-24,https://www.nytimes.com/2026/09/24/us/heidi-overton-fda.html,en,2026-09-24,
Trump’s Failure to Lead Is Costing America and the World,New York Times,nytimes.com,nytimes.com,2026-09-24,https://www.nytimes.com/2026/09/24/opinion/trump-xi-washington-summit.html,en,2026-09-24,
"From 16,000 to 185 to Zero: Trump’s Claims of Illegal Voting in Nevada Fizzle.",New York Times,nytimes.com,nytimes.com,2026-09-24,https://www.nytimes.com/2026/09/24/us/politics/nevada-voters-homeland-security-trump.html,en,2026-09-24,
"The court ordered Trump to restore access for CNN, MS Now and Politico last night.",New York Times,nytimes.com,nytimes.com,2026-09-24,https://www.nytimes.com/live/2026/09/24/business/trump-cnn-politico-msnow-white-house/the-court-ordered-trump-to-restore-access-for-cnn-ms-now-and-politico-last-night,en,2026-09-24,
Trump’s Retribution Campaign May Face Supreme Court Test,New York Times,nytimes.com,nytimes.com,2026-09-24,https://www.nytimes.com/2026/09/24/us/politics/the-docket-trump-vacancy-act.html,en,2026-09-24,
Trump Administration Scrambles to Stop Third-Country Deportations After Court Ruling,New York Times,nytimes.com,nytimes.com,2026-09-24,https://www.nytimes.com/2026/09/24/us/politics/trump-third-country-deportations.html,en,2026-09-24,
Trump Struggles to Find Leverage With Xi Over Chinese Exports,New York Times,nytimes.com,nytimes.com,2026-09-24,https://www.nytimes.com/2026/09/24/business/trump-xi-china-exports.html,en,2026-09-24,
Trump and Xi Are Expected to Discuss Accusations of Copying American A.I. Tech,New York Times,nytimes.com,nytimes.com,2026-09-24,https://www.nytimes.com/2026/09/24/us/politics/trump-xi-ai-copying-china.html,en,2026-09-24,
"In Trumpeting His Ballroom Project, Trump Has Used China as an Example",New York Times,nytimes.com,nytimes.com,2026-09-24,https://www.nytimes.com/2026/09/24/us/politics/trump-ballroom-china-great-hall-beijing.html,en,2026-09-24,
Haiti Turns to Roger Stone to Lobby Trump Administration,New York Times,nytimes.com,nytimes.com,2026-09-24,https://www.nytimes.com/2026/09/24/world/americas/haiti-roger-stone-migration.html,en,2026-09-24,
Conservative Outlets Offer Trump Feed While White House TV Pool Is Suspended,New York Times,nytimes.com,nytimes.com,2026-09-24,https://www.nytimes.com/2026/09/24/business/media/trump-white-house-press-ban-tv-pool-conservative-news.html,en,2026-09-24,
Who Is the Trump-Appointed Judge Who Blocked the White House Media Ban?,New York Times,nytimes.com,nytimes.com,2026-09-24,https://www.nytimes.com/2026/09/24/us/politics/who-is-tim-kelly-media-judge.html,en,2026-09-24,
‘Love Me’ Ad Promotes Trump With Public Money Ahead of the Midterms,New York Times,nytimes.com,nytimes.com,2026-09-24,https://www.nytimes.com/2026/09/24/us/trump-midterm-election-ad-government-funding.html,en,2026-09-24,
Senate Defeats Bid to Direct Trump to End Iran War or Seek Approval,New York Times,nytimes.com,nytimes.com,2026-09-24,https://www.nytimes.com/2026/09/24/us/politics/senate-iran-war-powers-trump.html,en,2026-09-24,
Trump Administration Asks Supreme Court to Allow Deportations to Third Countries,New York Times,nytimes.com,nytimes.com,2026-09-24,https://www.nytimes.com/2026/09/24/us/politics/trump-supreme-court-third-country-deportations.html,en,2026-09-24,
Tech Titans Mingle With Trump and Xi at State Dinner,New York Times,nytimes.com,nytimes.com,2026-09-24,https://www.nytimes.com/2026/09/24/business/economy/tech-executives-state-dinner-xi-trump.html,en,2026-09-24,
Trump Hosts China’s Leader for a State Visit,New York Times,nytimes.com,nytimes.com,2026-09-24,https://www.nytimes.com/2026/09/24/briefing/trump-xi-state-visit-mortgage-rates.html,en,2026-09-24,
Trump Is Hosting Xi for a State Dinner. It’s a Rarity for the U.S. President.,New York Times,nytimes.com,nytimes.com,2026-09-24,https://www.nytimes.com/2026/09/24/us/politics/trump-state-dinners-history-xi.html,en,2026-09-24,
Man Wounded in Trump Assassination Attempt Dies 2 Years Later,New York Times,nytimes.com,nytimes.com,2026-09-24,https://www.nytimes.com/2026/09/24/us/trump-butler-assassination-attempt-victim-dies.html,en,2026-09-24,
Trump eyes an October campaign rally — in Alabama,Politico,politico.com,politico.com,2026-09-24,https://www.politico.com/news/2026/09/24/trump-eyes-an-october-campaign-rally-in-alabama-01092853,en,2026-09-24,
"Johnson, Trump set meeting with AI executives",Politico,politico.com,politico.com,2026-09-24,https://www.politico.com/live-updates/2026/09/24/congress/white-house-ai-meeting-set-01092993,en,2026-09-24,
GOP holds the line on Iran despite growing midterm rift with Trump,Politico,politico.com,politico.com,2026-09-24,https://www.politico.com/news/2026/09/24/gop-iran-war-vote-01092071,en,2026-09-24,
Netanyahu uses UN address to highlight Trump ties — and harangue everyone else,Politico,politico.com,politico.com,2026-09-24,https://news.google.com/rss/articles/CBMixAFBVV95cUxOMWJfc3dZSDVvcF9neFdPNGhEQlV6Y2NiNERBTXJKUlNtV2p3LTRTbHptRHMwOGdXSGJUelpBNE1laFVqSHZZVGtNUDlOV2psb280UjJQQ2JJMTFjOUNtdWpORFFreXVhYUZ2VHk0LTBYemNQZmV6aWs5cUc1dzdyc0J0cEg0OERPODN6MW9YOVRkcXZxbi1FMlhTQW1YczVCY0ttYWYwd0FvT2RLZXNOYzJ1Z04xTE9ZeFlDRU1IeXI2WUZX?oc=5,en,2026-09-24,
"Europe grudgingly, gingerly moves toward Trump’s Board of Peace",Politico,politico.com,politico.com,2026-09-24,https://news.google.com/rss/articles/CBMiigFBVV95cUxNWUFZNGRYanRCMF9qdUx1NVhaX3pWSk1XU0FMRzYxd1hwNU1LQW1JY0NwYllHeTNsUVBBbDVnYkY2ZUE2a0J0NWotR19mVV9qaXNCS2xkc0xSSndtRl9uYTVKV2pWWHNBUE00WjlDTHp0Nm9CeTBoQll3eU56ZXBCWUFsb2FDa1I3elE?oc=5,en,2026-09-24,
Trump officials sideline local historians in arch review,Politico,politico.com,politico.com,2026-09-24,https://news.google.com/rss/articles/CBMinAFBVV95cUxPVjVFb3ZDUnl2b0x0SzlRV0I5dGJfSXp5NTREaS01aERuUTZMd1lTekRuMmJoTkJzNXQ5YWRFNkR3YWUxSDFDa3I0a202M1ExRzlpNms5cFdmVXRaOEM5WlhTUWd1Zkh5ZEk3LUc1SG44bFY2anRuSFZ0WGF0OWVRNjRmY3VjUV9sYVNzdkNuU3pVbGdoT0Y4U1FzVC0?oc=5,en,2026-09-24,
Trump administration launches pro-Trump TV ad ahead of midterms,Politico,politico.com,politico.com,2026-09-24,https://news.google.com/rss/articles/CBMijgFBVV95cUxOa0JaLUs0akZvT0xoS1NRZndVUlRVYWg3UFFWZEFNVkRDZlVUR1M0U3B0Tllhc0hibG1rUjZKODIwYTZvUzVUVXo1U0ZRalY2aFA1MWdOZnRCcWw2WXNkMVVnRkZYUVN4WFF0V2w5aVF3QWZjSXFwUlJVeVk2OU81WG9DZm9hQ1ZrdWNTZVdn?oc=5,en,2026-09-24,
Trump admin asks Supreme Court to lift limits on third-country deportations,Politico,politico.com,politico.com,2026-09-24,https://news.google.com/rss/articles/CBMinwFBVV95cUxNc0JFblpmeFd4bnROYkpxZU5JV0ljNWhoX3UxN0dWd2gzYWZFM295bE5UMEhxakt3eDBvN0I3MGczMk5KOHlXTkZHSzdiRDJiMVRWVk5kVTh4Sl9xejg0ZWNva3dXcS1wOVlwZy02NDd3MzBZRWZEVTdVYWhndUY4ME9mQnJ4elVwVnowU3U5c1I5ckpncm9meHdpZlpsMmM?oc=5,en,2026-09-24,
Iran war sparks niche business for Trump-connected K Street,Politico,politico.com,politico.com,2026-09-24,https://news.google.com/rss/articles/CBMiowFBVV95cUxQaDE3OUFFeGJIeDBYRFFBclFxMUc2cnVkd0ktd2lTUmIyMmRnd3UwT292azVRX2RtWDYzTmJuM2dmSGpDZVBaUVpUd3diaXY1NC1CY1Y2SW4wR2lLQ09hY01TWGZSaFNOMWZka25BRDdGdFVldGdMZmd2WHRRNGFSUERsaE8tZk5pZTNBeEtZb0FZYmlTNml3bXBDOEVyamhGMDNB?oc=5,en,2026-09-24,
"Trump to talk AI with Xi at White House, but wants to ‘leave it exactly where it is’",Politico,politico.com,politico.com,2026-09-24,https://news.google.com/rss/articles/CBMieEFVX3lxTE9meUtoMHhzNjNQanhmQjYzd3dURi1ReGx2MF91dDBPMEQxZnBsSVRCQXhNTGpaMkdKMDgwdVVOY19LTDlTVW9KdDlubjVqM0tGbnR5MzVaQ28zLWR2c3ZpdW1yQkVYdHd2cmhfVjZTeVQyeWo5Tmd6bQ?oc=5,en,2026-09-24,
Trump-Xi summit more pomp than payoff,Politico,politico.com,politico.com,2026-09-24,https://news.google.com/rss/articles/CBMiugFBVV95cUxPS21fMmVKWDl0dFJMRHQ5aHhRVDhQcmt3Yy1xM0Jicmx0OXV3NDFKdFNQSVFnY3Z1V2tzM1cwTE82ZDd5ZEg4TlFhUTBRTXZ5X3J0dHVWRW80bU5rZ1ptMHE1UTcxZTA5V0JpeGtzSVZ4OGM4R3pIZnVsZ3NfOVhlcTZDSGY3cGRicjdrVldTNGpoMW1LNnJLeW5za0F6dTRBbUl4eWJhWmxOaFJXcUYtdXBRQzBUZXZrOVE?oc=5,en,2026-09-24,
US Democrats criticize lavish Trump-Xi summit as lacking substance,Reuters,reuters.com,reuters.com,2026-09-24,https://news.google.com/rss/articles/CBMitwFBVV95cUxOTUZjSjY1VWloRVlHOGNncVhDOEktaDhRS213am9WcVFoQm5WazVBT09USEdTdy1vamlHQktXMmd2S3FwM2Y2eUhsd2FPWGxQNmR6cEJBcVZfcFBZbWlMQnFDWDQ3dGd6SjFyRlNoTDhxOU8tckZtblZOSzJPSG5IVTBqS0ptZlZtaUUtSkQ0MDVIaE5TUFowTUYzQXlfamk1UTdKTkp6OW0zd1NyTTBlclFlQzFzcVU?oc=5,en,2026-09-24,
Trump tells countries to quit ICC. Few follow his lead,Reuters,reuters.com,reuters.com,2026-09-24,https://news.google.com/rss/articles/CBMilwFBVV95cUxPQmRzbDZCUWFKX25NVDNJUkJTTWc1alZicDREU0JQYlk5NGlLRC03cWVBYXlpaU40d1lldDZEdXFqNjZ1NFl2LXdtQW1FVG1RWkduLUVtaHc2TEFkb1RZd2R3VTFKRkNRVGh2czh6cXdOd2hUNEJoSVRqdmV3ZlJGQ0I4ZmgyRGtxQkNibVc3YTFsckRFODM0?oc=5,en,2026-09-24,
Five takeaways from Trump's summit with Xi in Washington,Reuters,reuters.com,reuters.com,2026-09-24,https://news.google.com/rss/articles/CBMimwFBVV95cUxNZUZiUFVUOGt5dnNJYXpucXZQZ2NmbjlYdzZPV2ZDZFlUZ3AyZjJJNXNkVndsZ0dJSmgwZ3BlX2R3M1dYNWtILWhtdDh2aXFndHllTy1wa0RrU3M1ZW5tR1pvWEM4a1lMbXdyR2g1M2JQZlozNjVVLWZaYjBBYm1ZMEx5VW51eFlHQ01NNnZhNHlhVDBoMW4zU3VwOA?oc=5,en,2026-09-24,
US Senate rejects resolution curbing Trump's Iran war powers,Reuters,reuters.com,reuters.com,2026-09-24,https://news.google.com/rss/articles/CBMipwFBVV95cUxNODVQSjliMlBWTFZPaHV3aXY5Y3hMVGl0dWc0bTRDdGxOU1NhOXZJVmx1eWh2Q3VmX0h3UWZnOVZlODRXcEU1LVNtWHpVSDNVOGpmU3BWVVNzUzd1T1d5UlRLcktuVENkeGpMem1FcmJkUWVoR1dpMFY0QnZ1ZDZZV0pHczRpOWI4ZnZtRS1CdGUzQlZMUlRzazU5dk9yZUl6NjdlMlNFSQ?oc=5,en,2026-09-24,
Costa Rican Foreign Minister dismissed after attending a Trump security meeting,Reuters,reuters.com,reuters.com,2026-09-24,https://news.google.com/rss/articles/CBMixwFBVV95cUxQZk54X2U4NFlaUndUTlVSRzAyaTd5Vk83VWI2SHlxdUw3b2FWbVQ3ZmRicjFIaVR6bHV0ZHhtUUdsSEhYU1dpU2pPRW9La2ZzakpwYzNDV3p1WWd6TDFtLXZjUVgxeXk5aFVEUmFKXzNvT0xWbmJPU05BYi15QjZXUEZxdm9SYWoxM1hBSlhBWl9tLWp3aTBtUTJCNXJ2STFBakkzN1k1VEt3cHJSUzVqQjFTaUpwb19GWTFQNDNIYXlfTkRwZU1V?oc=5,en,2026-09-24,
Trump asks US Supreme Court to intervene to allow third-country deportations,Reuters,reuters.com,reuters.com,2026-09-24,https://news.google.com/rss/articles/CBMivgFBVV95cUxPaU9HOVEzYWlBVlFELWE0RlRmaUo1VjZnSUw1bnlLNmR4MkJMVmZJbzlnSjJ3bGdDUE1DMzNJY0otZ2hhUUw5bzdTVkd5QXR4cThRVjNTOWtablZNSlVZNXN2eWVOa1hBMlJXTWtnaGczZTZNUW9QalphTkQ1UXVNS3pTUlg0WDNMVnlzd2lnNzZ4RGh0Zm04WVVoRGI2NWw5Y19nM1VFWVpDZ3plczA3WDliQWtBZEMzUmVaQlBR?oc=5,en,2026-09-24,
"Trump and Xi agreed to support each other in hosting APEC, G20 summits, Xinhua reports",Reuters,reuters.com,reuters.com,2026-09-24,https://news.google.com/rss/articles/CBMivwFBVV95cUxQbF9xcXVfZktzc0RDOEJERVRPSFQtZHJyZTF3d3k5M3E0cDJjcGRDdE84UXhhY2pUYldfUGI4bENkVkpJOFpISmpSOGpIRWFMd3pVZGRxRDB0Wl8yZEh1WFhRem9KUVhCTVJ4WmgtUlR2SGo5dlhmSDhuU0xDWVUyODVyZlU1N29JRU9FeENublNzblNzdFJPOGUxakg0eDNLcWFGd0M5TWNhTXhtNmRMXzU2SXpvZW5kNzBYeWNJNA?oc=5,en,2026-09-24,
Trump says he'll discuss AI with Xi but wants to 'leave it exactly where it is',Reuters,reuters.com,reuters.com,2026-09-24,https://news.google.com/rss/articles/CBMixwFBVV95cUxQOWFPSF81d196aENvbnN5UkVvamNMbVhiUlBLLS1mcDBSYnJDV0poQkluYjhCTjhxODBtUFlJTnZLSjdCeHlQbEN5cFlzVWtzLW1QN2tKODR1MGdnalFiTFhoMFhkSFR5TGlFMDJVZ09oT01QZUc2azJYMG9GbTE1RE9IZDhXWTJyUmNjMmVQTTZlRjItWUJMOWViaGxEaVJCRGU1ODE4R0o3bFZNMllnbHc2THFlOXJoYXJDdHhuMlc3aHJHc0c0?oc=5,en,2026-09-24,
"Trump rolled back regulations for oil company campaign donors, Democrats say",Reuters,reuters.com,reuters.com,2026-09-24,https://news.google.com/rss/articles/CBMiwgFBVV95cUxOZ2xQaXlsZUNqdmhhanV2SmJrQVcxTUFZcVI5eHRRNXlFN3llQTc0dkRtTXlyTEN1RXg2TUVUUGloa1M0M2RUbGN6WHJUMDVnTnJzWFJ0VzlZSmcwUklibkdjNC1xTEc3UnJlWW1VX1hpYkRQcTdHNHRrZzJ0dXFFck16Z3hLTFhsdFFwMEpYNFRQVDdwSTdrOExvczc5T3Y3bXJURDk3cE1kcDVPYjUwbXc4RHBieE1ZNlpuS013d2V2UQ?oc=5,en,2026-09-24,
"Trump, US House speaker and tech CEOs to meet on AI on September 29, source says",Reuters,reuters.com,reuters.com,2026-09-24,https://news.google.com/rss/articles/CBMirwFBVV95cUxPSUNPVzNoNDJiWUNfY2hyZTNBT3pJS2kwUWk0Nk9UT0dTenZkTE5acXJaX0V4QXVMWXdwRVZEeVY3Y09HUTZqN2VPYUI0elhjY0RwRHFLTnFsSlNhdGgxUXJ2OE5pVHcyWUFBaWljNThLdUtqOFUzeHU2NjIyS3czT0hsVDdyQVFtemZIX0o2cTR5WGlTVXNnMUdOUUp0bm5PeFZQLXg5Uk81T3FJMmxn?oc=5,en,2026-09-24,
COMMENTARY: Dollar rally tells Trump Treasury that the ‘house’ is losing,Reuters,reuters.com,reuters.com,2026-09-24,https://news.google.com/rss/articles/CBMizAFBVV95cUxQS0J2SEdHUnZKRm5oQ1VIS2ZhaThTb3BOZWJFM0NaWklEWlJXb1A1Z2lpOXE0Q1lFdmt1RE5RWW5xblBQdEZKdHY1UUlLMm91T0tCRzVDbW83VTNnMXVKeHgyQmJNeG1Ic0MzSkxrR3NETlBTVWxEYVZVZjh2U2ZyUGROS2J3QTd4bm1Sd1hKX1N5ZWtfQU8zcWF0XzZYRmRyOEUxVW1sVFJnS0Z5dVgybGNGN1dRN1p4bUpMZW9rM1BHMl9hRGlRU1JjVm8?oc=5,en,2026-09-24,
Man killed in Michigan crash after ICE traffic stop was not target,USA Today,usatoday.com,usatoday.com,2026-09-24,https://www.usatoday.com/story/news/nation/2026/09/24/man-killed-in-michigan-crash-after-ice-traffic-stop-was-not-target/91923345007/,en,2026-09-24,
"James Copenhaver, man shot at Trump rally in Butler, dies at 76",USA Today,usatoday.com,usatoday.com,2026-09-24,https://www.usatoday.com/story/news/nation/2026/09/24/trump-rally-shooting-survivor-james-copenhaver-dies/91924408007/,en,2026-09-24,
"After Trump's Iran threat, can diplomacy survive?",USA Today,usatoday.com,usatoday.com,2026-09-24,https://www.usatoday.com/story/news/nation/2026/09/24/after-trumps-iran-threat-can-diplomacy-survive-the-excerpt/91925666007/,en,2026-09-24,
President Trump at Presidents Cup: What to know about Sunday visit,USA Today,usatoday.com,usatoday.com,2026-09-24,https://www.usatoday.com/story/sports/golf/2026/09/24/president-donald-trump-at-presidents-cup-sunday/91924326007/,en,2026-09-24,
Three 'foreign nationals' voted in federal elections from Georgia: DOJ,USA Today,usatoday.com,usatoday.com,2026-09-24,https://www.usatoday.com/story/news/state/georgia/2026/09/24/three-foreign-nationals-voted-in-federal-elections-from-georgia-doj/91921632007/,en,2026-09-24,
"Susan Sarandon, Hannah Einbinder arrested at protest against Netanyahu",USA Today,usatoday.com,usatoday.com,2026-09-24,https://www.usatoday.com/story/entertainment/celebrities/2026/09/24/susan-sarandon-hannah-einbinder-arrested-at-protest-against-netanyahu/91923003007/,en,2026-09-24,
¿Habrá elecciones en Venezuela? Delcy Rodríguez evita dar fecha,USA Today,usatoday.com,usatoday.com,2026-09-24,https://www.usatoday.com/story/news/world/2026/09/24/habra-elecciones-en-venezuela-delcy-rodriguez-responde/91918656007/,es,2026-09-24,
"Trump's attempted media ban, Kaitlan Collins and why CNN star makes waves",USA Today,usatoday.com,usatoday.com,2026-09-24,https://www.usatoday.com/story/life/health-wellness/2026/09/24/trump-media-ban-kaitlan-collins-moment/91919143007/,en,2026-09-24,
Senate won't rebuke Iran war before midterms despite GOP angst,USA Today,usatoday.com,usatoday.com,2026-09-24,https://www.usatoday.com/story/news/politics/2026/09/24/senate-congress-iran-war-powers-resolution-trump/91921439007/,en,2026-09-24,
'Unacceptable': Rogue OpenAI Agent Hacks Australian Government System,USA Today,usatoday.com,usatoday.com,2026-09-24,https://www.usatoday.com/story/tech/2026/09/24/openai-agent-hacks-australian-government/91922378007/,en,2026-09-24,
Trump judge just taught him a Nixon-era lesson on media bans,USA Today,usatoday.com,usatoday.com,2026-09-24,https://www.usatoday.com/story/opinion/columnist/2026/09/24/trump-white-house-media-ban-judge-kelly-ruling/91917571007/,en,2026-09-24,
China gifts Atlanta zoo two giant pandas as Xi meets with Trump,USA Today,usatoday.com,usatoday.com,2026-09-24,https://www.usatoday.com/story/news/politics/2026/09/24/china-giant-pandas-atlanta-zoo-trump-xi/91920000007/,en,2026-09-24,
Susan Collins leads Troy Jackson for Maine Senate race in new poll,USA Today,usatoday.com,usatoday.com,2026-09-24,https://www.usatoday.com/story/news/politics/elections/2026/09/24/susan-collins-troy-jackson-maine-senate-race-poll/91917164007/,en,2026-09-24,
Why Nissan's most popular car is getting a hybrid version,USA Today,usatoday.com,usatoday.com,2026-09-24,https://www.usatoday.com/story/cars/news/automotive-trends/2026/09/24/nissan-rogue-suv-hybrid-version/91919297007/,en,2026-09-24,
Trump at Texas-Tennessee football could affect headset communication,USA Today,usatoday.com,usatoday.com,2026-09-24,https://www.usatoday.com/story/sports/ncaaf/sec/2026/09/24/donald-trump-texas-tennessee-steve-sarkisian-communications/91922516007/,en,2026-09-24,
San Francisco Mayor asks feds to release California assembly staffer,USA Today,usatoday.com,usatoday.com,2026-09-24,https://www.usatoday.com/story/news/state/california/2026/09/24/san-francisco-mayor-asks-feds-to-release-california-assembly-staffer/91904163007/,en,2026-09-24,
3 news outlets allowed back in White House after judge lifts ban,USA Today,usatoday.com,usatoday.com,2026-09-24,https://www.usatoday.com/story/news/politics/2026/09/24/trump-white-house-ban-cnn-msnow-politico/91917244007/,en,2026-09-24,
Trump and Xi stress cooperation during Chinese White visit,USA Today,usatoday.com,usatoday.com,2026-09-24,https://www.usatoday.com/story/news/world/2026/09/24/trump-praises-xi-as-strong-vibrant-and-fit-amid-health-questions/91917061007/,en,2026-09-24,
See the menu for Trump's state dinner with Xi Jinping,USA Today,usatoday.com,usatoday.com,2026-09-24,https://www.usatoday.com/story/news/politics/2026/09/24/trump-xi-state-dinner-menu-white-house/91917237007/,en,2026-09-24,
"Trump White House ban on CNN MS NOW, Politico blocked by judge",USA Today,usatoday.com,usatoday.com,2026-09-24,https://www.usatoday.com/story/news/politics/2026/09/24/trump-white-house-ban-cnn-ms-now-politico/91915510007/,en,2026-09-24,
"George Santos on 'Special Forces,' addresses lies and fraud charges",USA Today,usatoday.com,usatoday.com,2026-09-24,https://www.usatoday.com/story/entertainment/tv-streaming/2026/09/24/george-santos-special-forces-season-5-premiere-lies-fraud/91904832007/,en,2026-09-24,
"Trump's US, Greenland, Denmark deal is an unwitting gift",USA Today,usatoday.com,usatoday.com,2026-09-24,https://www.usatoday.com/story/opinion/columnist/2026/09/24/trump-greenland-deal-leverage-denmark-eu/91890264007/,en,2026-09-24,
Dems hold big lead over GOP on new generic ballot poll before midterms,USA Today,usatoday.com,usatoday.com,2026-09-24,https://www.usatoday.com/story/news/politics/2026/09/24/democrats-lead-republicans-generic-ballot-poll-emerson/91918552007/,en,2026-09-24,
"Trump to attend Tennessee vs Texas football, ticket prices fall sharply",USA Today,usatoday.com,usatoday.com,2026-09-24,https://www.usatoday.com/story/shopping/sports/tickets/2026/09/24/trump-tennessee-texas-college-football-tickets/91917616007/,en,2026-09-24,
"What is on Georgia's midterm ballot? Statewide, district races included",USA Today,usatoday.com,usatoday.com,2026-09-24,https://www.usatoday.com/story/news/state/georgia/2026/09/24/what-is-on-georgias-midterm-ballot-statewide-district-races-included/91919287007/,en,2026-09-24,
Ban CNN? Claim pilots are furries? The GOP has lost the plot,USA Today,usatoday.com,usatoday.com,2026-09-24,https://www.usatoday.com/story/opinion/columnist/2026/09/24/trump-republicans-midterms-media-ban-gas-prices/91905826007/,en,2026-09-24,
Judge Judy Sheindlin comments on America – 'Go somewhere else',USA Today,usatoday.com,usatoday.com,2026-09-24,https://www.usatoday.com/story/entertainment/tv-streaming/2026/09/24/judge-judy-sheindlin-comments-on-america/91918809007/,en,2026-09-24,
"California beefs up election, voting security with new laws",USA Today,usatoday.com,usatoday.com,2026-09-24,https://www.usatoday.com/story/news/state/california/2026/09/24/california-new-voting-laws-midterm-elections-2026/91893524007/,en,2026-09-24,
I watched 24 hours of Trump TV. Buckle up.,Washington Post,washingtonpost.com,washingtonpost.com,2026-09-24,https://www.washingtonpost.com/style/2026/09/24/i-watched-24-hours-trump-tv-buckle-up/,en,2026-09-24,
Trump administration asks Supreme Court to allow ‘third country’ deportations for now,Washington Post,washingtonpost.com,washingtonpost.com,2026-09-24,https://www.washingtonpost.com/politics/2026/09/24/trump-administration-asks-supreme-court-allow-third-country-deportations-now/,en,2026-09-24,
Trump ad airing with government funding despite law against ‘propaganda’,Washington Post,washingtonpost.com,washingtonpost.com,2026-09-24,https://www.washingtonpost.com/politics/2026/09/24/ad-boosting-trump-paid-by-taxpayers-airing-la-chicago/,en,2026-09-24,
Trump is plowing ahead with an unpopular arch,Washington Post,washingtonpost.com,washingtonpost.com,2026-09-24,https://www.washingtonpost.com/politics/2026/09/24/trump-is-plowing-ahead-with-an-unpopular-arch/,en,2026-09-24,
"Trump shows off helipad to Xi Jinping, calls him an ‘expert on stone’",Washington Post,washingtonpost.com,washingtonpost.com,2026-09-24,https://www.washingtonpost.com/politics/2026/09/24/trump-shows-off-helipad-xi-jinping-calls-him-an-expert-stone/,en,2026-09-24,
Republicans are breaking from Trump on Iran. So what will they do about it?,Washington Post,washingtonpost.com,washingtonpost.com,2026-09-24,https://www.washingtonpost.com/politics/2026/09/24/republicans-are-breaking-trump-iran-so-what-will-they-do-about-it/,en,2026-09-24,
Senate rejects measure to block Trump from ordering more strikes on Iran,Washington Post,washingtonpost.com,washingtonpost.com,2026-09-24,https://www.washingtonpost.com/politics/2026/09/24/senate-rejects-measure-block-trump-ordering-more-strikes-iran/,en,2026-09-24,
Trump officials end review of how arch could harm historic sites,Washington Post,washingtonpost.com,washingtonpost.com,2026-09-24,https://www.washingtonpost.com/politics/2026/09/24/trump-officials-end-review-how-arch-could-harm-historic-sites/,en,2026-09-24,
Trump-backed Nevada Republican exaggerated Bronze Star award in two campaigns,Washington Post,washingtonpost.com,washingtonpost.com,2026-09-24,https://www.washingtonpost.com/politics/2026/09/24/trump-backed-nevada-republican-exaggerated-bronze-star-award-two-campaigns/,en,2026-09-24,
"Iowa court rules against Trump, citing First Amendment protections",Washington Post,washingtonpost.com,washingtonpost.com,2026-09-24,https://www.washingtonpost.com/politics/2026/09/24/court-dismisses-trump-lawsuit-against-iowa-pollster-des-moines-register/,en,2026-09-24,
"If Mamdani can play nice with Trump, why can’t Schumer and Jeffries?",Washington Post,washingtonpost.com,washingtonpost.com,2026-09-24,https://www.washingtonpost.com/opinions/2026/09/24/what-schumer-jeffries-could-learn-mamdani/,en,2026-09-24,
Not even Trump could sell Trump TV,Washington Post,washingtonpost.com,washingtonpost.com,2026-09-24,https://www.washingtonpost.com/opinions/2026/09/24/trump-cant-replace-media-he-is-trying-silence/,en,2026-09-24,
See the menu for Trump’s state dinner with China’s Xi Jinping,Washington Post,washingtonpost.com,washingtonpost.com,2026-09-24,https://news.google.com/rss/articles/CBMirwFBVV95cUxNcUlfNFJLQXFYOWxjbWFFRDdST3N2N2tXN2dWaVJQakNKVzRLYURQQXN1Q2d0Q01nUkxaTVNnejBOemU2RmJTbWl1a1lyZUd6a1FpSzMtc2VnWkFvY0FOY1ptYWxjbmk2T0c3NzFNN2Vydjk0bEpQemJkQjlkMV9tRm04VXN0cU5yZHE2NWhicl90SWVYSjNDb2ZxcEpUcERDeTVCRURCbGxnV1l0WVhV?oc=5,en,2026-09-24,
"State dinners were once grand public moments. Under Trump, they’re private affairs.",Washington Post,washingtonpost.com,washingtonpost.com,2026-09-24,https://news.google.com/rss/articles/CBMikwFBVV95cUxOYmNWN0tzV1dnZjZpZzJVX0MtV2poQlI1LUJ1bjd5a0lZZ2JYQ01wWWpDLWgwbkpKOUZ3NDFnelh6UlpFVVpTZEdSSEdJVXlMb3BJczl3SWxORkxDQ0lFSDA3bEhJX0tjeGc0SkZHZV9RdDRvTjRTZXVTZ3FaUHVpZXJLeDJxU0tXTXFpTC1iTFRXTkk?oc=5,en,2026-09-24,
Asylum seekers thought they had a haven in the U.S. Then Trump returned.,Washington Post,washingtonpost.com,washingtonpost.com,2026-09-24,https://news.google.com/rss/articles/CBMisAFBVV95cUxOV1ZURHJNeHhpanpJc2RoTHJJd1FnR3IwSHdlclh6U3p1OGVZZGNySW5JNE9XY3RZeWVHdFF0UW1xTnBSTFNNWVB1dEkzWF96N2dmajBfZ1Z2bU5jQnFyZ1k3Ty1mVzBRblNuWUdTeGFzNWVEQlllT1lrVGtGcU92Z3hzVndHZ0Z3V3piS24xVk1ROXpXYzFiNFpILWd4QTExYXBNbDV0U1c2U0pLQTVpcA?oc=5,en,2026-09-24,
Opinion | Bond markets are a canary. Trump isn’t listening.,Washington Post,washingtonpost.com,washingtonpost.com,2026-09-24,https://news.google.com/rss/articles/CBMingFBVV95cUxPaVRJeHRYWXdaQVM3T29FZ0lfWmFMcUZHWEpBWDhGQ2dfQzdXOWc4UXN4WWxsZ0xoYXhDdXI3WlVPSW1wbHhjbGJBZFdVZ3lmMFpLTWtWVEpLMmVIMTlUMEdWbjNGRURpVmJqOEw1Y3Jud3lFMDktcS1EZ3ZHZ05KUmRxQ2Q5Nno5YjZsa2Ixa3pNdHlwN04ybE5yYm41UQ?oc=5,en,2026-09-24,
Trump welcomes Xi to White House for state dinner,ABC News,abcnews.go.com,abcnews.go.com,2026-09-25,https://abcnews.com/Politics/trump-greets-xi-white-house-high-stakes-state/story?id=136717468,en,2026-09-25,
Administration's pro-Trump TV ad is taxpayer-funded,ABC News,abcnews.go.com,abcnews.go.com,2026-09-25,https://abcnews.com/Politics/trump-administrations-campaign-style-ad-fox-news-taxpayer/story?id=136723829,en,2026-09-25,
Trump administration moves to limit fixes for systemic racism in schools,ABC News,abcnews.go.com,abcnews.go.com,2026-09-25,https://abcnews.com/Politics/wireStory/trump-administration-moves-limit-fixes-systemic-racism-schools-136743667,en,2026-09-25,
"Man who was shot during 2024 Trump campaign rally in Butler, Pennsylvania, has died",ABC News,abcnews.go.com,abcnews.go.com,2026-09-25,https://abcnews.com/Politics/wireStory/man-shot-2024-trump-campaign-rally-butler-pennsylvania-136737523,en,2026-09-25,
Trump relishes showing Xi his Marine One chopper and new White House helipad,ABC News,abcnews.go.com,abcnews.go.com,2026-09-25,https://abcnews.com/Politics/wireStory/trump-relishes-showing-xi-marine-chopper-new-white-136734173,en,2026-09-25,
FBI employees in Trump Mar-a-Lago case seek clarity on subpoenas in Florida 'grand conspiracy' probe,ABC News,abcnews.go.com,abcnews.go.com,2026-09-25,https://abcnews.com/Politics/wireStory/fbi-employees-trump-mar-lago-case-seek-clarity-136735755,en,2026-09-25,
Protesters of Xi's policies push for change in earshot of White House visit with Trump,ABC News,abcnews.go.com,abcnews.go.com,2026-09-25,https://abcnews.com/US/wireStory/protesters-xis-policies-push-change-earshot-white-house-136742287,en,2026-09-25,
Trump administration turns to Supreme Court as third-country deportations are thrown into question,ABC News,abcnews.go.com,abcnews.go.com,2026-09-25,https://abcnews.com/US/wireStory/trump-administration-turns-supreme-court-country-deportations-thrown-136734206,en,2026-09-25,
Trump administration asks the Supreme Court to allow quick third-country deportations,ABC News,abcnews.go.com,abcnews.go.com,2026-09-25,https://abcnews.com/US/wireStory/trump-administration-asks-supreme-court-quick-country-deportations-136734022,en,2026-09-25,
"In China, the Xi-Trump summit is seen as projecting image of the country’s rise",ABC News,abcnews.go.com,abcnews.go.com,2026-09-25,https://news.google.com/rss/articles/CBMiqgFBVV95cUxNazB1SGVUS21CWkV4alE4eUM3OE9uOXFhNzhfbnlzQ3FkZEs2UURVQzZXUDFUY2RGbklmNWlpUEVEMWJtb0FybzJBSUd2V0swZDNiX1hDbENwYmhNMVlxdF9YOW1fT1RaUlh2aVZzWlBUcl9RZVVtQjBHT3A5TFJBcWFOOWZieEV3T1FSZHQ1RDZsTlkyMVF2SWktTHBsLXg2Q19WSDQ4UVU5d9IBrwFBVV95cUxPZ1NKa05IbTV2RHJOaGtkR0plYTllaFRwSzQ4QkhHR21KQ2IzUm1KMkppbnhveGtWMTRjZGh5QVJuRmVwWEsyTFB3TlpZakQxdFlKUDIwR0ltNzdkN1hVdURDSE9wMFJYYzlFbThSQ0c2dWtvYU1fWDA0UWNkS09NRlVXckx6eEZyZFVxMWd6M1pfWXF5bUF4NTRqQ05pNmZid3piaFlNeEY4QnJQOGhV?oc=5,en,2026-09-25,
'Let Data Reign': Trump goes all in on controversial data centers,ABC News,abcnews.go.com,abcnews.go.com,2026-09-25,https://news.google.com/rss/articles/CBMiqAFBVV95cUxOb1VtazEtTTZBendJOWNnaTQ5b2E5Z003aHQ4eC1QYS1hSWNBYndPX2lPcklQZ0NleW9mSzY0U2tKWnNUQTZlS0ZLbVV6bDUtd2ZiZG5KQ0dJOHpWYzI2dnBQM0RfNGpRVmtzLXJBTGVWX3M2N0xwSlBNNTFuWUhCX2JhbDF2R3RGUGY2eS03U25Gd1pYTExUdFV4LVROcm1UWlA5ME9wc3jSAa4BQVVfeXFMTkw1dmlnQjdGa0hPUDVoeEJjWTNrWEQtSVlrbWYxOFNES3ZnVGxDYTdhR1VqNUVXZ080dzhsX1NfMFpjSnQxaFItdUtINjBjM2Fjc0NSazlubE9zYmppbTZHOUpnb0dENlRieVlQQVRpXzdrS3F5TmhiMmNBSkdOYXpCQl9IZXhYZW9GcVhDNTBmZS12YnJNZjdLWjNGMGZBRHduZXYwTXhvWHVIQ2RB?oc=5,en,2026-09-25,
President Trump hosts Chinese President Xi at White House,ABC News,abcnews.go.com,abcnews.go.com,2026-09-25,https://news.google.com/rss/articles/CBMimAFBVV95cUxOTjVNRl9YV1U5eVF0dXoyTmwzOW9pck9RczU5d2ZDNkVyN0U3bHl4Z05jZENPRkVQOU5Rd3dJMVpHVnVpMGNCZWpscEtzRmdyNWRiaV9xVXM3S1dPb1VMd1JEM2RYQ2FtcEZ6Zko0X0RCWDhXblVDVDE3aXNLRlA2YTVZb3ZoZkRHZk9YYTZ3OU9tQW9mLXl2Qw?oc=5,en,2026-09-25,
Pope Leo XIV affirms need for media to cover public figures when asked about Trump ban,ABC News,abcnews.go.com,abcnews.go.com,2026-09-25,https://news.google.com/rss/articles/CBMilgFBVV95cUxPN1EyVEhGbG1RamtRQmZCOUw1dHFNb2w1YnUxZjJ6bWhxNXNDWnBQZV95d2xKbXFsbFdmaEtiM2luUUFqclZoLXZJRExpaU1mcWNoanhGZjFodUFaM3poUzZBNW44aDcyLU9yY3IyUkl6elMzNWNpT2h2UzRnTzZnSERLeWcwZ2lWR0NNVjd3VUl6emxmSGfSAZsBQVVfeXFMTXhDMHI0c1dUQl9WSGJJS1VEeTZEeThBSG02cVNBTFdUcGZxdUs2RjUzekZhcnE4Y1ZvY1NtaWN2ZWdvRzBZVEZVV3pGVU5URjd3ellzdXhEMEE3eklic2doczgyZ0JHcFlGUERUTjlZQ0R1NHN2LTN5SlRKMUR3X3h1S2lXcEE3YlRwbDBxMFFOUnBRMDB4bFlZdUU?oc=5,en,2026-09-25,
"Video Trump welcomes Xi, tech CEOs for state dinner",ABC News,abcnews.go.com,abcnews.go.com,2026-09-25,https://news.google.com/rss/articles/CBMiTEFVX3lxTE50SGpNYkdHYU82endWQzBnbjdFSzNOaW1odldhRFNoMVluUXlRV3pkU0xqSGhYLVdIR3d5SHk5TmxncVpBUFFRZFVMdS0?oc=5,en,2026-09-25,
"Trump, House Speaker Johnson expected to meet with tech CEOs on AI next week: Sources",ABC News,abcnews.go.com,abcnews.go.com,2026-09-25,https://news.google.com/rss/articles/CBMioAFBVV95cUxOWkRhLW5PNURmT29reDJxTE9ndXNPNmN4N1hwUlYxNFdmbmtuYUJTTTZ5MWNZUHNZS0xLUHFfTDlvQlV3OFgyTklPams0VVhzMlhhdE5SV2tkTlZ3MUR3bzlwZHR1VGd2ZXBXbjVtMkNoRmVFdGVQa0F1SFh6THZNWV9VYjl4Q0JqSXpMSzFiVzQ2S2RQQ2x0VmVNVEVJbF9I0gGmAUFVX3lxTE9fWnJIYk1qeG5LUUVscGcwTmdGWG5YWW9nNWFYcHdmS1RvcUdZcWd1c2hVcld6b0NSUk02SmtCVk50Rk1JUUxHeWJ3X0xwVTl1ajR0ZHc0QmxNSjdFQ1JpSnVsaVdvOEdqS1hUVnkwa1VSUnl3dTJJMWFqb216ckNKRGZucFQzYzRvdVFFX19zZ2VWOTJGd2xxb1FJMlRiN2Npb0wzTlE?oc=5,en,2026-09-25,
Man shot during Trump assassination attempt at 2024 campaign rally dies,ABC News,abcnews.go.com,abcnews.go.com,2026-09-25,https://news.google.com/rss/articles/CBMinwFBVV95cUxQdVlGbWxZVU1YLTJmdm02cW93UTM0dFJITXpxRTVjbUZnQVlnNno4ZG4tUFRrdThFQmxER1BZcG1ndUxmajBMVFVaVnFtdnhvQXpIX0QwTURmZTMxS3FrdlliQzRkcXQ2dHVpbXRxbWd3TFE3U2NoVmNjdG92Wm8zcGtpb242MDVIbEgxZHRRZTNndDc1SkRISVN1ZWp4RUHSAaQBQVVfeXFMT1k2SWxTVEZnSTJWbDZLTmlQRGZhWmtKcVMyNUxYMG8xZnE1NkpGV3QyZDgyWHMyWnJsNEljN2tKSExpN0dUa1BqcncycDJvUDRJODlrQVhfcHQycW9rVUFvV096Z1ZEZy1ITVAyVzVFSW00anQ0SHhEcmNvZDhFR293M1p1RVZYRXVnb1Rrbk1UMkJ1M1FPeEp2dThqemNXUDJ5ZnA?oc=5,en,2026-09-25,
Video Trump administration asks SCOTUS to allow swift deportations to 3rd countries,ABC News,abcnews.go.com,abcnews.go.com,2026-09-25,https://news.google.com/rss/articles/CBMiTEFVX3lxTE40V2NJMUdCMHpGLU44b3Q2Zi1BLW9IUmZOZWM4NTlUT2ZaVFBpZ2NlQzUyQ0xlRWZZT3JVV2NDZlFfcmRLYUp1WmJLTjg?oc=5,en,2026-09-25,
Video President Trump hosts Xi for state dinner amid press battle,ABC News,abcnews.go.com,abcnews.go.com,2026-09-25,https://news.google.com/rss/articles/CBMiTEFVX3lxTE5KN3p0bGkyVGQ1MDNtWnkwOTZHbXhZMmMtdUlHSFlCaGJBOUFGVEhMcW1DSGlZVE82OUFORGxVWGctVF8xRklHR0xZWF8?oc=5,en,2026-09-25,
"Video Trump, House Speaker Johnson to meet with AI leaders",ABC News,abcnews.go.com,abcnews.go.com,2026-09-25,https://news.google.com/rss/articles/CBMiTEFVX3lxTE4xb0w4RXVJTm1aOXBCWnBlLWxPZ1QzNWE0dGsxczhXdi1MWGFuQjJ0WnZIZ0kxbF8xOFYwSDJqU2Y4bGE4dlZycFdfNmY?oc=5,en,2026-09-25,
US government foots bill for television advertisement featuring Trump's midterm messaging,ABC News,abcnews.go.com,abcnews.go.com,2026-09-25,https://news.google.com/rss/articles/CBMivAFBVV95cUxPVXpBWWQzb0xrZWwwdjFzNW9MT0V3X0hEV212VmZRYk5kUVhUSkpFRjhsQTJfTUp6TGlpR2ZtZFNlcXdBbzZGUmxnTERZRUtWR2YzZFJydzZYTnB1UE4yRWNOZVh1azBvd2RmZG5IZzZSSm5qU202UENoV3pLakpRSHpvUGIyYl96Y3VxVWlYSFctajBmT3hUemlMVWVhMUJkRElhMzctSEZHeTVBUTV6d0FIbmFRc3h5MWh0UNIBwgFBVV95cUxOclR2ZUx0eXNfazJDNVFUNVpOUEstR3luUkNXcXd5NFE0SGZycmxpa1NGUlhDa3dZS29lUUQzbjdtMWdQcHZTaEQ2eUd0WDJuVFJIc3BjaW0wNzYybGdmRFc3cm1ycUlNLWlPc3gzcjFrWEhvZk0tWXZwTWlReDZwNTBrcC12S0I3bzlZTzFkMERyM1pQS0JzZFhmWXVwcmRSNGktdEhPWjY5QU5jZmVDUENPaG1QaGVRWk5LX1AyUzZaZw?oc=5,en,2026-09-25,
Trump takes down image from his social media platform that depicted him as a Jesus-like figure,ABC News,abcnews.go.com,abcnews.go.com,2026-09-25,https://news.google.com/rss/articles/CBMipAFBVV95cUxNYXNiOEgwd3JrMjlEeFlzTDNqTXA3SGd4MGZuRTRBaWpuYlN5cUxCVDB0Ulh4THJTYzFjRUh0TmZLcFp5T1l1bFdCam5VZ0hIb09zVlF3dC1aWmZON3dVanlna2hydFJRVDA0SmczdlctRlVSMjcyZnMyN2ZqYndCNUZqQnR0N2lZSEJ4SFhnVjZ6dEx5emVOUDRvQzB4R2UyQ3p3ddIBqgFBVV95cUxPVHVOdk1raXZfc2JQQjJVYk9GTUxNWDMybmowbHBraDFGV2xwMzFlemdYcFdDSmdkVDVqUE83SmxYSk83MV9qZU9oQWk5cU1DNlhnZG5oQXFwX2pfem1OelhxU0UyTGZMc0h1c0tRVGxJRzVfYXpNdkx5RzBJRGlweDdvLTh0WU1HMkh3VV9qOFBuWFFkVlhGMlVGXy1GSENsWGpFRzE1SFlxQQ?oc=5,en,2026-09-25,
US weighs new limits on Cuban travel at the UN as Havana decries Trump's economic squeeze,ABC News,abcnews.go.com,abcnews.go.com,2026-09-25,https://news.google.com/rss/articles/CBMilgFBVV95cUxPMnFPc0RzTHVIZTNJWllheHNvZ1dUcnVyV1FDQ2t6MHdVdFNEMFV1aVFPMWF1dU9RSk43S2xNYnpDOFlZeXBjX0Rzb2RfMkwtdWtTLUhiRG5GRXpnalJiSnhMMEV3YWlkZ0RuUkJ3NnY4MHZvUlZZZ0NfUk1NNVZfcUM1Vm52Nm9fdV90NEZRT2d6YUc3cFHSAZsBQVVfeXFMT0hqMjc1bXdzYWRUZkxuVXZ3YWFkdkpqRmVKODhZV0ZyWVRxQnFja2JtSXlCenpiYTI5V252REUyVlVfRmtPZDFNVHhPaW9Ndy1ETXgwX0NWaE5najlVWW9FcThkMnBzX21OS1BKbk5mQmlEbk05TTZKbGdPdmllQVFmazM5NnRSekI3Z0lZVVpEZDM3VTdzOVlOVTA?oc=5,en,2026-09-25,
"India Allows Portfolio Managers to Invest Overseas, Short Equity Options",Bloomberg,bloomberg.com,bloomberg.com,2026-09-25,https://www.bloomberg.com/news/newsletters/2026-09-25/sebi-allows-portfolio-managers-to-invest-overseas-short-equity-options,en,2026-09-25,
Qatar Has a Message for the ‘Troublemakers’ and ‘Saboteurs’ Blocking Peace,Bloomberg,bloomberg.com,bloomberg.com,2026-09-25,https://www.bloomberg.com/features/2026-qatar-mohammed-abdulrahman-al-thani-weekend-interview/,en,2026-09-25,
Yen Heads for Best Day in Two Weeks After Katayama Jawboning,Bloomberg,bloomberg.com,bloomberg.com,2026-09-25,https://www.bloomberg.com/news/articles/2026-09-25/yen-heads-for-best-day-in-two-weeks-after-katayama-jawboning,en,2026-09-25,
Tech Titans Join Trump to Fete China’s Xi at Lavish State Dinner,Bloomberg,bloomberg.com,bloomberg.com,2026-09-25,https://www.bloomberg.com/news/articles/2026-09-25/tech-titans-join-trump-to-fete-china-s-xi-at-lavish-state-dinner,en,2026-09-25,
What Is The Thucydides Trap and Why Did Xi Raise It With Trump?,Bloomberg,bloomberg.com,bloomberg.com,2026-09-25,https://www.bloomberg.com/news/articles/2026-09-25/what-is-the-thucydides-trap-and-why-did-xi-raise-it-with-trump,en,2026-09-25,
Grains Drop With Trump-Xi Summit Yet to Offer Farm Trade Details,Bloomberg,bloomberg.com,bloomberg.com,2026-09-25,https://www.bloomberg.com/news/articles/2026-09-25/grains-drop-with-trump-xi-summit-yet-to-offer-farm-trade-details,en,2026-09-25,
Trump Versus Xi: How Their High-Stakes Summits Compare,Bloomberg,bloomberg.com,bloomberg.com,2026-09-25,https://www.bloomberg.com/graphics/2026-xi-trump-state-visits/,en,2026-09-25,
Oil Prices Decline on Hopes of a Hormuz Deal,Bloomberg,bloomberg.com,bloomberg.com,2026-09-25,https://www.bloomberg.com/news/newsletters/2026-09-25/oil-prices-decline-on-hopes-of-a-hormuz-deal,en,2026-09-25,
Why Taiwan Is Such a Thorny Issue Between the US and China,Bloomberg,bloomberg.com,bloomberg.com,2026-09-25,https://www.bloomberg.com/news/articles/2026-09-25/why-taiwan-is-the-most-volatile-issue-for-us-china-relations,en,2026-09-25,
Japan’s Katayama Says Trump Shared Yen Concerns With Takaichi,Bloomberg,bloomberg.com,bloomberg.com,2026-09-25,https://www.bloomberg.com/news/articles/2026-09-25/japan-s-katayama-says-trump-shared-yen-concerns-with-takaichi-mugc3g4o,en,2026-09-25,
Trump-Xi Summit Goes Big on Pomp But Small on Substance,Bloomberg,bloomberg.com,bloomberg.com,2026-09-25,https://www.bloomberg.com/news/articles/2026-09-25/trump-xi-summit-goes-big-on-pomp-but-small-on-substance,en,2026-09-25,
Vietnam Is Golf’s New Bucket-List Destination,Bloomberg,bloomberg.com,bloomberg.com,2026-09-25,https://www.bloomberg.com/news/features/2026-09-25/vietnam-golf-tourism-boom-includes-trump-resort-tiger-woods-designed-course,en,2026-09-25,
"Trump to Campaign in Oklahoma, Alabama as Midterms Near",Bloomberg,bloomberg.com,bloomberg.com,2026-09-25,https://www.bloomberg.com/news/articles/2026-09-25/trump-to-campaign-in-oklahoma-alabama-as-midterms-creep-closer,en,2026-09-25,
Trump Claims Productive Meeting With Xi But Offers No Details,Bloomberg,bloomberg.com,bloomberg.com,2026-09-25,https://www.bloomberg.com/news/articles/2026-09-25/trump-claims-productive-meeting-with-xi-but-offers-no-details,en,2026-09-25,
Republicans Have a Tough Sell Convincing Voters on Breaks With Trump,Bloomberg,bloomberg.com,bloomberg.com,2026-09-25,https://www.bloomberg.com/news/newsletters/2026-09-25/republicans-have-a-tough-sell-convincing-voters-on-breaks-with-trump,en,2026-09-25,
"Trump, Xi Keep Great-Power Diplomacy on Track",Bloomberg,bloomberg.com,bloomberg.com,2026-09-25,https://www.bloomberg.com/news/newsletters/2026-09-25/trump-xi-keep-great-power-diplomacy-on-track,en,2026-09-25,
"Trump: 'Productive' Xi Meeting, Consumer Sentiment Falls, More",Bloomberg,bloomberg.com,bloomberg.com,2026-09-25,https://www.bloomberg.com/news/audio/2026-09-25/trump-productive-xi-meeting-consumer-sentiment-falls-more,en,2026-09-25,
Trump’s English-Language Order Spurs Agency Guidance,Bloomberg,bloomberg.com,bloomberg.com,2026-09-25,https://www.bloomberg.com/news/newsletters/2026-09-25/trump-s-english-language-order-spurs-agency-guidance,en,2026-09-25,
Here’s the Invite List for Trump’s State Dinner With China’s Xi,Bloomberg,bloomberg.com,bloomberg.com,2026-09-25,https://news.google.com/rss/articles/CBMitAFBVV95cUxQcnhkSVVneUVNTUROWWFnN0dIel9oTHFubHJQUE1CeThOV1BneGRGUTFUcUZFN1dtSUpVVmg0cUl0aE5aWXpaVzBETVRYcEJWY0E0c0FyVDBSa2J3Q3BKUUZ2di1MNktJUjl2TFNITURKaDZmOGlYd1Q1NDJNZ1RxRk1fNENNeHNHa0kwb0d4VlVHbTdIQkF0U1d0VnU0U3FBSGNrajdzeEVqenFoMkExNGpyYmk?oc=5,en,2026-09-25,
"Tech Titans, Trump Fete China’s Xi at Lavish State Dinner",Bloomberg,bloomberg.com,bloomberg.com,2026-09-25,https://news.google.com/rss/articles/CBMitgFBVV95cUxNQmEtSmJMdVJnYll6OTBhQ3NvV1FmX195dWhZUDVsUVRHYTJmbG9BM3E4eXV5VXItMlN5SnZZcFdTb3Y3OFNHSFRPdjlvSkR6QkgwR1lQM21BVWhOdmp3a1BIUHRTc2h6dGN4REdoU21CbWY0WFd3Z2M1T09kZ2N2dDkxeE5pNWhDeFRXSXRybTFBQ3M5REpqSGxRMzVmN0JQNWhLY3J4djhQNHRMZjZJZC13am50QQ?oc=5,en,2026-09-25,
US Container Shipping to Cuba Surges Despite Trump’s Ever-Tighter Sanctions,Bloomberg,bloomberg.com,bloomberg.com,2026-09-25,https://news.google.com/rss/articles/CBMic0FVX3lxTE44UUp2Q244ZDBHeUhaUXdPQWRmVzdFRkNadmpGb21RTF94ZDNya0JoalJqU0s5bWRid181Wlo2WmRGd2Z2ZDJlWUJmOFFRMnRNMmw5NHhESnRySlFFNVEzMFVTT0cxMEVmb0tCNXhuMThJMEk?oc=5,en,2026-09-25,
Trump Shared Concerns Over Weak Yen With Japan’s Takaichi,Bloomberg,bloomberg.com,bloomberg.com,2026-09-25,https://news.google.com/rss/articles/CBMivgFBVV95cUxNU0hfc29WMHZEUmpVSk0xOHVKeEkzSGV3cHpWMmsxVFhYM1NZQXpxOWpNZDZKRmk3eGszYzlIQlB5dXRNU2ZNR0t4UkEtWHlHUkVmLWt6ZThuOFdlR291T2M0R2dRcWpab3Joc3d1VWFOYXZhNUlOYzlZd1JOU0VXRzdaamRoTDNweThxaVd3dTR2SnZMTFVOb29Ea0hhc0FFdV9KR0NNSVZrTXVqXzgycHlUTVpMQ2YtWVk1TEh3?oc=5,en,2026-09-25,
"Trump to Campaign in Oklahoma, Alabama as Midterms Creep Closer",Bloomberg,bloomberg.com,bloomberg.com,2026-09-25,https://news.google.com/rss/articles/CBMiswFBVV95cUxPVDQyTFJEVjZCLUFzY3paYWlwRlRaaC1sXzRFenB2NjNrSGpTeTE2eU1Zc2x1blFUbEtLTlNQYXN0cF9WR1NjTTgycmVKNVRfRV9vem1UcVcxbFBrS0doNXdwT2RfWFAxTkQwdkNNbjlBNmtlUTZXTzJOLTE5SGVxQVlfdWU0WUcyRDNPZ2JLN2F2RWlPZUxVdUNQWHY3R3hETnJUcV9pMHprSkU1eTh1R2NwWQ?oc=5,en,2026-09-25,
"Sen. Duckworth slams Trump's ""foolhardy plan"" to make triumphal arch a military complex",CBS News,cbsnews.com,cbsnews.com,2026-09-25,https://www.cbsnews.com/news/sen-duckworth-slams-plan-triumphal-arch-military-complex-trump/,en,2026-09-25,
"Trump highlights friendship with Xi during state visit, puzzling some Republicans",CBS News,cbsnews.com,cbsnews.com,2026-09-25,https://www.cbsnews.com/video/trump-highlights-friendship-with-xi-during-state-visit-puzzling-some-republicans/,en,2026-09-25,
Iran War Updates: Tehran proposes 7-day plan to reopen Strait of Hormuz as it seeks deal before U.S. midterms,CBS News,cbsnews.com,cbsnews.com,2026-09-25,https://www.cbsnews.com/live-updates/iran-war-us-trump-strait-of-hormuz-7-day-proposal/,en,2026-09-25,
U.S. military lays groundwork for potential action around Cuba,CBS News,cbsnews.com,cbsnews.com,2026-09-25,https://www.cbsnews.com/texas/news/u-s-groundwork-potential-action-cuba-trump/,en,2026-09-25,
Trump welcomes China's Xi for White House state dinner,CBS News,cbsnews.com,cbsnews.com,2026-09-25,https://www.cbsnews.com/texas/video/trump-welcomes-chinas-xi-for-white-house-state-dinner/,en,2026-09-25,
KFile: Mike Rogers’ Iran shift,CNN,cnn.com,cnn.com,2026-09-25,https://www.cnn.com/2026/09/25/politics/kfile-mike-rogers-ad-war-with-iran-oil-prices,en,2026-09-25,
Trump wants to take a page out of the Biden energy playbook,CNN,cnn.com,cnn.com,2026-09-25,https://www.cnn.com/2026/09/25/economy/diesel-gas-trump-biden,en,2026-09-25,
"Iran’s Pezeshkian says Iran will respond “strongly, resolutely” if war continues",CNN,cnn.com,cnn.com,2026-09-25,https://www.cnn.com/2026/09/25/world/video/iran-pezeshkian-war-fox-news-intldsk,en,2026-09-25,
How Trump and his GOP allies are mobilizing to send monitors to the polls on Election Day,CNN,cnn.com,cnn.com,2026-09-25,https://www.cnn.com/2026/09/25/politics/trump-election-monitors-voting-machines-vis,en,2026-09-25,
"Intelligence from Chinese groups aiding in Iran’s increasingly effective targeting of US sites, sources say",CNN,cnn.com,cnn.com,2026-09-25,https://www.cnn.com/2026/09/25/politics/china-intelligence-iran-targeting-hormuz,en,2026-09-25,
"The Trump-Xi meeting was heavy on pomp, light on substance. China is just fine with that",CNN,cnn.com,cnn.com,2026-09-25,https://www.cnn.com/2026/09/25/world/xi-dc-trump-analysis-intl-hnk,en,2026-09-25,
Author of America’s tariff statute: Trump’s tariffs are illegal,CNN,cnn.com,cnn.com,2026-09-25,https://www.cnn.com/2026/09/25/economy/tariffs-trump-section-301-case,en,2026-09-25,
Senate Republicans plan a last-ditch effort to lower costs ahead of midterms,CNN,cnn.com,cnn.com,2026-09-25,https://www.cnn.com/2026/09/25/politics/senate-republicans-affordability-data-centers,en,2026-09-25,
Nepal PM demands climate justice during UN speech,CNN,cnn.com,cnn.com,2026-09-25,https://www.cnn.com/2026/09/25/world/video/nepal-pm-demands-climate-justice-during-un-speech-hanako-montgomery-hnk-digvid,en,2026-09-25,
Paid creators flood the web with dubious political content,CNN,cnn.com,cnn.com,2026-09-25,https://www.cnn.com/2026/09/25/politics/video/political-influencer-campaign-foreman-pkg-tsi-092512aseg1-cnni-politics-fast,en,2026-09-25,
Trump’s odd midterm strategy: Give voters the opposite of what they want,CNN,cnn.com,cnn.com,2026-09-25,https://www.cnn.com/2026/09/25/politics/trump-republicans-midterms-iran-economy,en,2026-09-25,
Liberal justice hammers Supreme Court for fast-tracking emergency docket cases,Fox News,foxnews.com,foxnews.com,2026-09-25,https://www.foxnews.com/politics/liberal-justice-hammers-supreme-court-fast-tracking-emergency-docket-cases,en,2026-09-25,
Democrat politicians are betraying their own voters on trans sports issue,Fox News,foxnews.com,foxnews.com,2026-09-25,https://www.foxnews.com/outkick-sports/democrat-politicians-betraying-voters-trans-sports-issue,en,2026-09-25,
Xi caps Trump state visit with symbolic final stop before leaving Washington,Fox News,foxnews.com,foxnews.com,2026-09-25,https://www.foxnews.com/politics/xi-caps-trump-state-visit-symbolic-final-stop-before-leaving-washington,en,2026-09-25,
Letters to the Editor: Making Head Start English-only would deprive children of cognitive benefits,Los Angeles Times,latimes.com,latimes.com,2026-09-25,https://www.latimes.com/opinion/letters-to-the-editor/story/2026-09-25/head-start-english-only,en,2026-09-25,
Trump's trade war with Canada adds a challenge in Senate races,Los Angeles Times,latimes.com,latimes.com,2026-09-25,https://www.latimes.com/politics/story/2026-09-25/trumps-trade-war-with-canada-could-swing-senate,en,2026-09-25,
"Heads up, Latino men: The future of democracy hangs on your vote",Los Angeles Times,latimes.com,latimes.com,2026-09-25,https://www.latimes.com/california/story/2026-09-25/heads-up-latino-men-future-of-democracy-hangs-on-your-vote,en,2026-09-25,
Column: Republican candidates can't escape the stink of Trumpism,Los Angeles Times,latimes.com,latimes.com,2026-09-25,https://www.latimes.com/opinion/story/2026-09-25/republican-candidate-midterms-trump-popularity-inflation-iran-war,en,2026-09-25,
"Commentary: Court reminds sheriff he's not above the law, even when pursuing conspiracies",Los Angeles Times,latimes.com,latimes.com,2026-09-25,https://www.latimes.com/california/newsletter/2026-09-25/chabria-column-bianco-seized-ballots-supreme-court-decision,en,2026-09-25,
"Tax the rich? California voters are divided, according to new poll",Los Angeles Times,latimes.com,latimes.com,2026-09-25,https://www.latimes.com/california/story/2026-09-25/la-me-berkeley-poll-september-propositions-billionaires-wealth-tax,en,2026-09-25,
Can Democrats flip the House? Here's the latest in key races,Los Angeles Times,latimes.com,latimes.com,2026-09-25,https://www.latimes.com/politics/story/2026-09-25/can-democrats-flip-house-heres-latest-in-key-races,en,2026-09-25,
Trump seeks to impress Xi Jinping and Bill Gates calls for AI oversight: Morning Rundown,NBC News,nbcnews.com,nbcnews.com,2026-09-25,https://www.nbcnews.com/news/us-news/trump-xi-jinping-summit-bill-gates-ai-oversight-morning-rundown-rcna599789,en,2026-09-25,
Inside NBC News’ polling averages: Democrats enjoy biggest lead yet in the race for Congress,NBC News,nbcnews.com,nbcnews.com,2026-09-25,https://www.nbcnews.com/politics/2026-election/nbc-news-polling-averages-democrats-enjoy-biggest-lead-yet-race-congre-rcna599378,en,2026-09-25,
White House says new pro-Trump ad funded by the ‘U.S. government’ is a ‘public service announcement’,NBC News,nbcnews.com,nbcnews.com,2026-09-25,https://www.nbcnews.com/politics/donald-trump/white-house-trump-ad-public-service-announcement-rcna599730,en,2026-09-25,
"CNN, MS Now turned away from state dinner event despite court order to restore access",NBC News,nbcnews.com,nbcnews.com,2026-09-25,https://www.nbcnews.com/video/cnn-ms-now-turned-away-from-state-dinner-event-despite-court-order-to-restore-access-270489669793,en,2026-09-25,
"Trump rolls out red carpets for Xi Jinping, though he has portrayed China as a global menace",NBC News,nbcnews.com,nbcnews.com,2026-09-25,https://www.nbcnews.com/politics/donald-trump/trump-rolls-red-carpets-xi-jinping-though-portrayed-china-global-menac-rcna599250,en,2026-09-25,
"Trump and Xi strike cordial tone at summit. And, Netanyahu gives defiant UNGA speech",NPR,npr.org,npr.org,2026-09-25,https://www.npr.org/2026/09/25/g-s1-144994/up-first-newsletter-trump-xi-netanyahu-united-nations-mortgage-rates,en,2026-09-25,
American farmers are hurting -- and worried about their futures,NPR,npr.org,npr.org,2026-09-25,https://www.npr.org/2026/09/25/nx-s1-5979886/farmers-crops-economy-diesel-fertilizer,en,2026-09-25,
The U.S. Strategic Petroleum Reserve is low. Here's why you should care,NPR,npr.org,npr.org,2026-09-25,https://www.npr.org/2026/09/25/nx-s1-5965797/strategic-petroleum-reserve-low-level-venezuela,en,2026-09-25,
Americans are confused and worried about elections. Will that impact turnout?,NPR,npr.org,npr.org,2026-09-25,https://www.npr.org/2026/09/25/nx-s1-5946736/voting-confusion-turnout,en,2026-09-25,
Trump's state dinner for Xi features sea bass and a long list of tech titans,NPR,npr.org,npr.org,2026-09-25,https://www.npr.org/2026/09/25/g-s1-144973/trump-state-dinner-xi,en,2026-09-25,
Full Guest List for Trump’s State Dinner With Xi,New York Times,nytimes.com,nytimes.com,2026-09-25,https://www.nytimes.com/2026/09/24/us/politics/full-guest-list-trump-state-dinner-xi.html,en,2026-09-25,
"In Trump’s White House, China’s Dictator Is Welcome. American Media, Less So.",New York Times,nytimes.com,nytimes.com,2026-09-25,https://www.nytimes.com/2026/09/24/us/politics/trump-xi-press-pool-boycott-media.html,en,2026-09-25,
Trump and Xi Exchange Symbolic Gifts Ahead of State Dinner,New York Times,nytimes.com,nytimes.com,2026-09-25,https://www.nytimes.com/2026/09/24/us/politics/trump-xi-gift-exchange.html,en,2026-09-25,
"Pandas and Eagles and A.I., Oh My! Trump Throws a State Dinner for Xi",New York Times,nytimes.com,nytimes.com,2026-09-25,https://www.nytimes.com/2026/09/24/us/politics/state-dinner-scene.html,en,2026-09-25,
Desi Lydic Roasts Trump for Pulling Out All the Stops for Xi,New York Times,nytimes.com,nytimes.com,2026-09-25,https://www.nytimes.com/2026/09/25/arts/television/desi-lydic-roasts-trump-xi.html,en,2026-09-25,
A Republican Under Pressure Sticks by Trump: ‘I Am Still With That Guy’,New York Times,nytimes.com,nytimes.com,2026-09-25,https://www.nytimes.com/2026/09/25/us/politics/north-carolina-senate-roy-cooper-michael-whatley.html,en,2026-09-25,
Pope Leo Signals Support for Journalists Targeted by Trump,New York Times,nytimes.com,nytimes.com,2026-09-25,https://www.nytimes.com/2026/09/25/world/europe/pope-leo-media-trump.html,en,2026-09-25,
"Trump’s Standoff With White House Reporters, and the Rise and Fall of ‘Pervert Glasses’",New York Times,nytimes.com,nytimes.com,2026-09-25,https://www.nytimes.com/2026/09/25/podcasts/the-headlines/trump-white-house-reporters-meta-glasses.html,en,2026-09-25,
Missing From the Trump-Xi State Dinner: China’s Business Leaders,New York Times,nytimes.com,nytimes.com,2026-09-25,https://www.nytimes.com/2026/09/25/business/trump-xi-jinping-chinese-executives.html,en,2026-09-25,
"Trump, Xi and the Tech Moguls",New York Times,nytimes.com,nytimes.com,2026-09-25,https://www.nytimes.com/2026/09/25/business/dealbook/trump-xi-tech-ceos-state-dinner.html,en,2026-09-25,
"For China, a Truce With Trump Buys Valuable Time",New York Times,nytimes.com,nytimes.com,2026-09-25,https://www.nytimes.com/2026/09/25/business/china-trump-xi-truce.html,en,2026-09-25,
Trump to Appear at Events in Oklahoma and Alabama,New York Times,nytimes.com,nytimes.com,2026-09-25,https://www.nytimes.com/2026/09/25/us/politics/trump-rally-tennessee-oklahoma-alabama-republicans.html,en,2026-09-25,
Trump Gave Xi His Go-To Gift: A Bald Eagle Statue,New York Times,nytimes.com,nytimes.com,2026-09-25,https://www.nytimes.com/2026/09/25/world/americas/trump-bald-eagle-gift-xi.html,en,2026-09-25,
Poll: A crack is emerging in Trump’s coalition over deportations,Politico,politico.com,politico.com,2026-09-25,https://www.politico.com/news/2026/09/25/poll-trump-immigration-voter-cracks-maga-01091767,en,2026-09-25,
"With Republicans under pressure, Trump’s White House starts bending",Politico,politico.com,politico.com,2026-09-25,https://news.google.com/rss/articles/CBMi7AFBVV95cUxOQXhLQ2J1V2VsTVlmSXpKYTNBeWpubThGcnFqSm5xRXBoSnBHSUEzSGVvSG8ySHJDTWNLN2ctU1lJdjREcEtfaUliMVhya29lNzBqc1NPRXBoYnZlMnlfT0YwbDhpcFpSa19iLTlEY01MTTlWdFRodnpxWC1BaVQyaFVEYzYwQ2t1Z3R0SUFDVHFmb1FZME1mRW1oQ1dtR25ZMXRjQ1QwejI2RjM2OHMxZndWZEtPRkg5Q3daUndNSDZCMlhOWVBrVHFubWNFVTlHTWc1SEk1MW56amZCYUQ5X2dreHFQSkNCal9sYQ?oc=5,en,2026-09-25,
"Hurt by Trump, Senate Republicans plan to bolster affordability credentials before midterms",Reuters,reuters.com,reuters.com,2026-09-25,https://news.google.com/rss/articles/CBMiywFBVV95cUxNLVpEek9KREFnOGlnd1c3RldyaGpVZ3BJUjdWemtCekdlWG5Qem9jXzJpbFpSTHNNTUFIYWtJM1JwdEgyTUFJTWYtZnBQWTJGZHJUS0tQX080Y1ZtS2Z6VHZOX1NiY2h0ZU5iWW9ZMk1yR2QyNGRGYUxMNzdRbzZ1VkFKaDVfM3ZZXzFVLWxMdFNIWG0wS01WN0xJY3VNQUFxaTFLZFp0dkdCTlowcXFSWklJem5HOU1FeDhXSjFuZzRWREpJWWI0MlExdw?oc=5,en,2026-09-25,
Trump continues voter data push despite repeated setbacks,Reuters,reuters.com,reuters.com,2026-09-25,https://news.google.com/rss/articles/CBMirwFBVV95cUxNbVZiWktFVUhWdXFMUk5CTlM4SzVVeUltT3RJeUM0T2FQQjl0NTV3Rm1vQ2p6czZkQzBLTk5Sck93NGFSeDNJdHVWR0NoUURpTk1YMkk2TTRjeTNhb1U0LURJQ0Y5LUNLdzVXUWxlU1NlODIxa2k0cGRGVGxLRmlXRjFtNXZCTmd0eDlGNF9NRU4yeExRangweG9XS2dRMXpFWFRvRzQ0THpkSjJ2WVdN?oc=5,en,2026-09-25,
Taiwan cries foul after Xi presses Trump to change stance on island,Reuters,reuters.com,reuters.com,2026-09-25,https://news.google.com/rss/articles/CBMiogFBVV95cUxNU0p6QjJuZ2NGTk1tTkxHNnVfTF9OV00tU3U3enkybVJTcDgxVVpLVjl3Ym5McTRSdGU4QXItQmUya0VEX1hXeS1VUmZIaEJRa0ViSlZBVktPRVI1bG81dGpyV3pyakV3ZVdWTUNaTUVnRFFCNHdEQVI3U1NvbmctZkUyb1VDQW9ZRlFvR2w5aVBMcUhteUJVby1oWHEwQXlyMkE?oc=5,en,2026-09-25,
Trump to wrap up Xi summit with a tour of US archives,Reuters,reuters.com,reuters.com,2026-09-25,https://news.google.com/rss/articles/CBMimAFBVV95cUxOS2g5SEdmb21zU080SVhXaVRfd2FrV3NUMk1aN2NfU2lLM2dyUHVObV85c1Q1MkF3YUZFaWZPeTNlSlBhdDFTa21MRFhncUdkUGVpVENrUGt1UHhTWk80dkIyMk9Vd1d3TlVYZUdIazMycnhialg5VGVUdVY4QXJVbzFiWXpnTGhuUHF0ZU1VSjIwQnhsajFuSw?oc=5,en,2026-09-25,
How Trump's diplomatic week exposed the limits of his power,Reuters,reuters.com,reuters.com,2026-09-25,https://news.google.com/rss/articles/CBMioAFBVV95cUxNWUNJQ25mYi11NFg0WjVHdEZaSjVqMHhQS0NIT2tfQjc5UF9EZUpGWUNWZW40VGlmZjlhRFVZTkRicnh3UTlERy1vcU9majF6em4wYlRVN1V5S0RaTnpmR0VDdDV5VzBqNHY5dWNuWEJtdkF3VWNfQlVLbDc4S19Zb1Y1MzYxN2kwNGhVRF9uVUF0RTZPaVoyX1NvRmRkeFVG?oc=5,en,2026-09-25,
"Trump-Xi state dinner guest list includes SpaceX’s Musk, Nvidia’s Huang and LVMH’s Arnault",Reuters,reuters.com,reuters.com,2026-09-25,https://news.google.com/rss/articles/CBMixgFBVV95cUxQODQxZlQtOHZFRC1GeGc0ZzhtVjI4bHNjX1F4TEd4NWJZTlk0UmRCQndWT2NmQXhwdlNVWmRYZXA4Q0tvbEtNZ1BsY3haY2k1YUpnU2s2T1lseFVGR1VHZFpaUEYxUGxvT2pqOThaUDlxa18tUmk5ZjJ1QmdIYm1rY29VLTE2WHNrdXNqVWxHc0pYVWJlbWtmbEtwTVRaVUI2aWRIcTdmVDI1MExEbFVDRHU2aHFaVkdxMEJndHcxZU9PSU1Ec0E?oc=5,en,2026-09-25,
Explainer: What is 'Taiwan independence' and what does that mean for Trump and Xi?,Reuters,reuters.com,reuters.com,2026-09-25,https://news.google.com/rss/articles/CBMiqAFBVV95cUxQbnJ5Z0xxdjNSS0pSTWVDakMwOVA3a0hjNTBEOU8yY3hDVTRNUS1scklvUkxQRm44Rmw2WFFVTHlVWHdKU0ZJdWVvWVlpNUVCazJvcWhUYW00emhkV3N4NlVDS2JWWS1mUDJEdFBNeVphN1VNMXY5d0xuUnEyR08wS3pvUzV0TDlfNGJTRzA0Q3M1TkRZMVBxamMzcHptcWd0QmtJZGpRaTc?oc=5,en,2026-09-25,
Fear of democratic socialists drives November turnout plans for some Trump voters,Reuters,reuters.com,reuters.com,2026-09-25,https://news.google.com/rss/articles/CBMiuwFBVV95cUxPRTNzOF9OZ29MVF8zU25jSXRjZDY3ZUNDcU9rd19nNTVlVzlhSHpzdmRXXy0yV0VUS2gxYU5ScmE0cG1jY2hMbzJ2TWc0R2U3dTYyak5pLXh1QVRTSVpiUmRkWkQxZW9kaDRyRDBzZHBRU1RLMEZnOFVrWk16cS1nNmgtNVM3Y3FmaGNuT1FYSnJyX3dXVzQxYlJHaGpXT05PazRDeTJHTTlIUEpoSGoxcFFzQjM3UnJGTTVz?oc=5,en,2026-09-25,
Japan says Trump voiced concern over weak yen in summit with PM Takaichi,Reuters,reuters.com,reuters.com,2026-09-25,https://news.google.com/rss/articles/CBMiwgFBVV95cUxQSzlNWHVRbGxFNkdTTmJJX3NEOUhKVmhwNlp2SElTSHlfbjJRdDlISU9GR0NXYTNFU3FnZUJXSEJBMHpHM1JGckFFajhjYmN1enZWTHh3Zldhc0xZZ21kRk9XMkhoU2tkeGp3SzBkTGJkelppX3h3TXJITjJ5cU14eFkySkV0LXNEeDFVdU9KelhIaW5rcnoyLTNnSTJpZEZLc3ZSZGxNelpIdklkNy1tOFBJMUpKcTZKZUhUSnlrTUt2dw?oc=5,en,2026-09-25,
Trump to campaign in deep-red states as GOP plays defense,Washington Post,washingtonpost.com,washingtonpost.com,2026-09-25,https://www.washingtonpost.com/politics/2026/09/25/trump-campaign-alabama-oklahoma-gop-plays-defense/,en,2026-09-25,
What does Trump want with the U.N.?,Washington Post,washingtonpost.com,washingtonpost.com,2026-09-25,https://www.washingtonpost.com/politics/2026/09/25/early-brief-what-does-trump-want-with-un/,en,2026-09-25,
Iran says it has given Trump administration new proposal for peace talks,Washington Post,washingtonpost.com,washingtonpost.com,2026-09-25,https://www.washingtonpost.com/world/2026/09/24/iran-says-it-has-given-trump-administration-new-proposal-peace-talks/,en,2026-09-25,
Trump and Xi could learn something from Darwin,Washington Post,washingtonpost.com,washingtonpost.com,2026-09-25,https://www.washingtonpost.com/opinions/2026/09/25/china-us-can-coexist-prosper/,en,2026-09-25,
Xi acknowledges risks of AI even as Trump dismisses them,Washington Post,washingtonpost.com,washingtonpost.com,2026-09-25,https://news.google.com/rss/articles/CBMiswFBVV95cUxNQ0dJTXZpNXNuRzB3OGUxWUFJMjB0bWt5UHgyTFJJdWNCMUpSdkdncnA3XzZ1T1p3S2Y3Y1R0UEdyS1dFX2s0eFNqYjVaMFc1Sy0tZzZoMUtqTW14bTZJNW9fRXZhX0NSZlVVNHJxM3dlQ21JUEVOTGE0d1piMFFDVFFZcGtRRlBVMG00a3p2MjRPYVhBQnBuQWtyMEJIeEhmOE1MZm5MdWFvTC1UN3U1VXBuOA?oc=5,en,2026-09-25,
Opinion | Trump and Xi could learn something from Darwin,Washington Post,washingtonpost.com,washingtonpost.com,2026-09-25,https://news.google.com/rss/articles/CBMihwFBVV95cUxQaGVtT3NPYkFZSlh5NWw4Sng0YzNieHlCRTJKZUJsX2t3SHV5ZjRVOFJ2U3lDS2ozZ2Q0WW5aaXR0dFMyLVpadk1MUHBzNmFERnNKaDRmeEw0RVFla0VHcWtoYW5adUt2VEZieXFQUFVCLU1pTjNWRktqN3dYZEJPNGVmbnZiVEE?oc=5,en,2026-09-25,
Column | First ladies Melania Trump and Peng Liyuan dress for different roles at state dinner,Washington Post,washingtonpost.com,washingtonpost.com,2026-09-25,https://news.google.com/rss/articles/CBMiygFBVV95cUxQdl8yWng0S3ZWSnlkWGgzRVpxRm9Sbkt6UHl4amZHeWYxVC1Ka2JpWVNxakN4TDRka3RWUEVUR2NkMnlqU0U1S21tRFJTZGlTek9aRWJJaDdQTm9NLWIxYzBMVzBTVDBSSFZhWXpMcktCbXdrclN2dGJZVXJEUTRmMEd0SVVNVVBaMzVROVdDQVllNXo2QjRKR1I3d2hpMnhsckJOODN2UmtPVWRuVnkzdmhqMGswNWpkZHZCWE1kSkNWSEMtellHVWJB?oc=5,en,2026-09-25,
Column | I watched 24 hours of Trump TV. Buckle up.,Washington Post,washingtonpost.com,washingtonpost.com,2026-09-25,https://news.google.com/rss/articles/CBMijwFBVV95cUxQSjZxRjZ4Y2w0cXhkZldiMjBOS21XNVczQVdQYmlHejM0em9NNlFBZlJ0TmRBNXhtdEMzd3RmejdUVUEzYmZzcEV2eHhuVFpJTlBIRXV1N2VzQWZta3YycWVWSmJ5aktSSG9USjNpSjZkSTNNaDZUZFpRWHNISklta2hyVEZ4eElrTlo4bEZKOA?oc=5,en,2026-09-25,
Trump administration asks Supreme Court to allow ‘third country’ deportations for now,Washington Post,washingtonpost.com,washingtonpost.com,2026-09-25,https://news.google.com/rss/articles/CBMixwFBVV95cUxPT3RIalBIdzRtNVg4b19HRm93MlVqWHhJYlZmTE05NjVyUTNHdmNwcHdiZmJwMk1NNWdZY0dUZ2pjU0l1VlhuMEVVUVZJYjlIMnNUbV9WOU9NeXA4cW9uQmt5MXBHclNkdnZKdGVDY2JrX2FPVGFCb21rY0lHd2lIVzE2N3dQdV9EdHF6bVo2OFRPU1BwSXFaVFl4a3pJQzJVWkFPa0tEZlJiVUlpVmpESWJaTE82bTZBakdlTUgzTmVLSUpsVUxv?oc=5,en,2026-09-25,
Senate rejects measure to block Trump from ordering more strikes on Iran,Washington Post,washingtonpost.com,washingtonpost.com,2026-09-25,https://news.google.com/rss/articles/CBMiswFBVV95cUxNME9ERHJpUjN5al9WcXpBN2swOXk5RWVLM3hQRkRxWVpnMVlyODlwYThYZG96eGlZbzhkSU91UDhZWFo5ajRjWHQ0NE9GQTFVYkpKMThKaDg4aVFFZGprbHc5UHlIOW10WkVaQlh1MlhJTGJDSjB2ZFJPTndTaU9TbWhMN213TUphMmZxc0hobFRkdExIUFVQZk9DRm1BR0NwU0p6WFBwdFo5WDFNMDFyTTVjNA?oc=5,en,2026-09-25,
"Opinion | If Mamdani can play nice with Trump, why can’t Schumer and Jeffries?",Washington Post,washingtonpost.com,washingtonpost.com,2026-09-25,https://news.google.com/rss/articles/CBMimAFBVV95cUxPSTNxazFwaGpuLS1RUVBrV1RIYkhNaGlKX2RvNlEweHVLdFRvd3U0RTRERzd1N01kRzFnVi1UMXc2OHhWczhpMWJQQ0s5MFdVbm45Mng3OE1QVzdzQ1pWS1EwWkpDTkV5alJpbWR3LTl5Wm9WZXo5Y1VHcjYzNG55SXhJY2FSXzYzU2s2d2NfQ0ZITktLUlhtRQ?oc=5,en,2026-09-25,
Trump ad airing with government funding despite law against ‘propaganda’,Washington Post,washingtonpost.com,washingtonpost.com,2026-09-25,https://news.google.com/rss/articles/CBMiqAFBVV95cUxOQndJMmZKMHRFamRnbDV6SEtqMnNXZnFfcnFDUUxYN2kxUklZN1k1ckNPMnhkc2VibE8xOXZVZ2IyWWcwMW9tYlJaZWh0MlVRcTRWNk1zZXpiVUxmZGNfY2FxUXJwVnl1aVNnUjhuRnNsOXVjRmY1OXVHVVUzeDZsQlpLNWpDbGVjYWNTc0hwWXhZaE9OTnd0MDczRVpvV0lHUUhrVDMxSlY?oc=5,en,2026-09-25,
Opinion | Not even Trump could sell Trump TV,Washington Post,washingtonpost.com,washingtonpost.com,2026-09-25,https://news.google.com/rss/articles/CBMingFBVV95cUxPS2FmU2F3Um90NlVjQklqbkRkNmJ2dHJ0SXZYcGI4d1cxbXhESHBrQ2F4SGs3cEtlUlJPbmVFMEItdF94VkhDT1lJb2dQOXp6QVVsTmZqTnRneFpnemxaQTBwSUVuUU1Jd2VRNXBuWmdlSG83ZzdlUjVDa0hoc2JwY1JSLVJkR1ljZEtzeWFTV0ZPOFRXNGxsS3N4cGJ4QQ?oc=5,en,2026-09-25,
"The Latest: Trump-Xi state dinner includes tech titans, sea bass and glitzy diplomacy",Washington Post,washingtonpost.com,washingtonpost.com,2026-09-25,https://news.google.com/rss/articles/CBMi1AFBVV95cUxQSnZ3TmE5N3Y3dUF3RmJCTEFiNkJCMElHY2NwMHEyOXVqWmZTQzNZaEowV0VqWjMwX0N4amJHbUJhQ3BRUDNnMHdvcnFrTzVKeG9EX3p0bTBETzROaWdySmpqVU1KYlF3OWRFYzRUWWZPZzhHZXpZRnZaTWpkNkNFWlctdjJJRTB3alFaUVY2LVVpeWw3NkhDQzhyVmx0RXprSmdZTEtybVpWZEdJaWU4QUdzT0UzLXh2VEU3VnZyeFpYVWp4UFlReWsxbVJ6emZ1TXIxSA?oc=5,en,2026-09-25,
Analysis | Republicans are breaking from Trump on Iran. So what will they do about it?,Washington Post,washingtonpost.com,washingtonpost.com,2026-09-25,https://news.google.com/rss/articles/CBMiuAFBVV95cUxQTV9PRTdZUGxsdEpaVmk5b1BkaERFcFd1REU4TEJRamNSdWxLWXNGWFAtSE92ZjVRU1hFTDdlSHNSbUJBdGZNbUc4WWg0NW91MzI2d2tUbGpYUHl0WEI0a1BMVTNsVkNERE5UTVZwX3EtcTRQVGVseEhLRXRYU056bFVrWEdlbHZsRkxOQnkxYWE3QVFfU0tSOFo2X2NJT1J0dUlnUmJ6bGdUZTRfNFl1X09jbUdjTlI2?oc=5,en,2026-09-25,
Analysis | Trump is plowing ahead with an unpopular arch,Washington Post,washingtonpost.com,washingtonpost.com,2026-09-25,https://news.google.com/rss/articles/CBMingFBVV95cUxQQXNtRVVPaHZVYmJCc2Q5Mk53R0NUZEx1dUFlNDU3c2wzb1pLMUlMTGo2bjNLNlFOUVFuNTdueV9kelFOemFpMmRnR1d0ZmlqMnB2clJsdUVnWXdWempHUUNVd3g4WkFFQllLZTBuTEp3WDQtNUE2U0Zma2pmbnIxbFZ2UHhBZ0VDLUduS3BvaTc4MTN3Q2QwWlp3T3RVUQ?oc=5,en,2026-09-25,
Trump called the MMR vaccine potentially lethal. His FDA pick says it’s safe.,Washington Post,washingtonpost.com,washingtonpost.com,2026-09-25,https://news.google.com/rss/articles/CBMipAFBVV95cUxQbkExTS1rdFhXX19aRmE3aEItQk0ycFgtdjBqRzcwNEtmdmNCZEczZGZXekdlZEpWclUyUURPTXBVaWpqeEl6Y2tBLUd3VkVzVGVGbzN2QTUwTTAzelBEZ1lVWFV3d0d0THBzUGJDSzBBbDliVm1CSGJlU2JmME9fYXQ3R3Y2cWd6dk85LXl4aFRYc3dEYmpuc3BIS0lqRGU1M0pwVw?oc=5,en,2026-09-25,
"Trump shows off helipad to Xi Jinping, calls him an ‘expert on stone’",Washington Post,washingtonpost.com,washingtonpost.com,2026-09-25,https://news.google.com/rss/articles/CBMisgFBVV95cUxPSEozelJYaDdYejh2SFhLNmg0NXBFTW00WHVoTDNZYWgtUHRJTUtPLWx6UFdsbzdaNFBvMmlOQTA2RHd4OVpjVUVUSHM0WTI0WkI0N2tWZG5VZ1JYZ0MzdnJlNTdzS0lJZDRZTTFsVmVpa1EwWjRuUmliaDVxV0xLQ0dsdVBwbVh6aXlBRGUwNnZwRk9KcjRtZ1QyZWQ3YmlUdG5fTEVZak04NlRscnFGZFRB?oc=5,en,2026-09-25,
