title,outlet,media_url,media_name,publish_date,url,language,date,debate_performance
Trump Cuts Tariffs on Some Ground Beef Imports to Lower Prices,Bloomberg,bloomberg.com,bloomberg.com,2026-08-21,https://www.bloomberg.com/news/videos/2026-08-21/trump-allows-tariff-relief-for-some-ground-beef-imports-video,en,2026-08-21,
"Iran says it's ready for new sanctions U.S. describes as ""economic D-Day""",CBS News,cbsnews.com,cbsnews.com,2026-08-24,https://www.cbsnews.com/sanfrancisco/live-updates/iran-war-us-trump-sanctions-strait-of-hormuz/,en,2026-08-24,
Watchdog demands apology after UN memorial erroneously honors Hamas terrorist,Fox News,foxnews.com,foxnews.com,2026-08-24,https://www.foxnews.com/world/watchdog-demands-apology-after-un-memorial-erroneously-honors-hamas-terrorist,en,2026-08-24,
Trump's new economic squeeze on Iran has a big challenge: China,ABC News,abcnews.go.com,abcnews.go.com,2026-08-25,https://news.google.com/rss/articles/CBMiowFBVV95cUxPdmdYejlYdDdQczNDYl8zd09HS0k3VmZWd2M3TVNoeHRnZ0c2dlVUUVp4YW9tc29JemlGQWdqU19XckVqOTFlbXJjTWs2RzhJNWxrS2RzWXFDM19vN1lUc0lMX0l4S3p3d3IzcUMzejFRNklweV9UcnhOVDc3RHFNYlZfdE5FMm5GcXVNaVpjSjdCd0JaRzNvMS1HNUhOU29ISGUw0gGoAUFVX3lxTFBNZWtpR1lWTGc1RDliN1lHYUJzamZFQWtsd2d5RS01RHR6Tk43cjdtOHU2Tmt5Tkh4aFM2US1pN2dFTlB2TXlocDdZODVENk96Wjh6YTVOM1liWlpyTy1yZzVkZy1oMEhDbEhzRmhVbFF0VUFYQjlrdjFuSF9TZHd4eENQdTBxUkJTYi1BRDRwMVM0RG41ZDJKRHYtNEtlZkdSU1Bua2RXQg?oc=5,en,2026-08-25,
Video Supreme Court gives Trump early win on mail-in voting order,ABC News,abcnews.go.com,abcnews.go.com,2026-08-25,https://news.google.com/rss/articles/CBMiTEFVX3lxTE5ReG1BMm9fNkh4ajVfTERWb2hCRWJVNnZ0c1NGX2JNV3NSdV9ENXNkMGUzUndjOHItTXRQX091NVVlNVpwUXhpWGVZV1c?oc=5,en,2026-08-25,
What Canada's retaliatory tariffs could mean for Minnesotans,CBS News,cbsnews.com,cbsnews.com,2026-08-25,https://www.cbsnews.com/minnesota/news/canada-tariffs-minnesota/,en,2026-08-25,
Election officials in Colorado assure voters that mail-in balloting will continue after Supreme Court ruling,CBS News,cbsnews.com,cbsnews.com,2026-08-25,https://www.cbsnews.com/colorado/news/mail-in-ballot-colorado-midterm-election/,en,2026-08-25,
"Eminem shares letter from Dolly Parton in tribute to music icon: ""Thank you for the kind words""",CBS News,cbsnews.com,cbsnews.com,2026-08-25,https://www.cbsnews.com/detroit/news/eminen-pays-tribute-to-dolly-parton/,en,2026-08-25,
How can new tariffs on U.S. and Canada impact prices for Michiganders?,CBS News,cbsnews.com,cbsnews.com,2026-08-25,https://www.cbsnews.com/detroit/news/tariffs-u-s-canada-prices-michiganders/,en,2026-08-25,
"Minnesota voters will not be affected by Supreme Court ruling on mail voting, Secretary of State says",CBS News,cbsnews.com,cbsnews.com,2026-08-25,https://www.cbsnews.com/minnesota/news/mail-voting-minnesota-supreme-court-ruling/,en,2026-08-25,
Howard County to appeal ruling reinstating permits for proposed ICE facility,CBS News,cbsnews.com,cbsnews.com,2026-08-25,https://www.cbsnews.com/baltimore/news/howard-county-plans-appeal-ruling-reinstating-permits-elkridge-proposed-ice-facility/,en,2026-08-25,
Canada hits back with tariffs as Trump trade war escalates,CBS News,cbsnews.com,cbsnews.com,2026-08-25,https://www.cbsnews.com/boston/video/canada-hits-back-with-tariffs-as-trump-trade-war-escalates/,en,2026-08-25,
Trump administration announces new guideline for school lunches,CBS News,cbsnews.com,cbsnews.com,2026-08-25,https://www.cbsnews.com/atlanta/video/trump-administration-announces-new-guideline-for-school-lunches/,en,2026-08-25,
"Trump floats renaming Lake Ontario ""Lake America"" as U.S.-Canada trade war intensifies",CBS News,cbsnews.com,cbsnews.com,2026-08-25,https://www.cbsnews.com/chicago/video/trump-floats-renaming-lake-ontario-lake-america-as-u-s-canada-trade-war-intensifies/,en,2026-08-25,
How tariffs on U.S. and Canada impact prices for Michiganders,CBS News,cbsnews.com,cbsnews.com,2026-08-25,https://www.cbsnews.com/detroit/video/how-tariffs-on-u-s-and-canada-impact-prices-for-michiganders/,en,2026-08-25,
"Trump threatens to change Lake Ontario's name to ""Lake America""",CBS News,cbsnews.com,cbsnews.com,2026-08-25,https://www.cbsnews.com/detroit/video/trump-threatens-to-change-lake-ontarios-name-to-lake-america/,en,2026-08-25,
Supreme Court allows Trump's order overhauling mail-in voting to take effect,CBS News,cbsnews.com,cbsnews.com,2026-08-25,https://www.cbsnews.com/detroit/video/supreme-court-allows-trumps-order-overhauling-mail-in-voting-to-take-effect/,en,2026-08-25,
Trump gets his way on mail-in voting for now,CBS News,cbsnews.com,cbsnews.com,2026-08-25,https://www.cbsnews.com/video/trump-gets-his-way-on-mail-in-voting-for-now/,en,2026-08-25,
Why mass visa revocation is trending,CNN,cnn.com,cnn.com,2026-08-25,https://www.cnn.com/2026/08/25/politics/video/mass-visa-revocation-trump-administration-immigration-trending-cli-hrzn,en,2026-08-25,
Dolly Parton was the one person who could unite a deeply divided country,CNN,cnn.com,cnn.com,2026-08-25,https://www.cnn.com/2026/08/25/politics/dolly-parton-politics-division,en,2026-08-25,
‘She really meant a lot to me’: Country star Mickey Guyton gets emotional remembering her hero Dolly Parton,CNN,cnn.com,cnn.com,2026-08-25,https://www.cnn.com/2026/08/25/us/video/she-really-meant-a-lot-to-me-country-star-mickey-guyton-remembers-her-hero-dolly-parton-lcl,en,2026-08-25,
Trump will need China for his new economic war against Iran. Good luck getting Xi on side,CNN,cnn.com,cnn.com,2026-08-25,https://www.cnn.com/2026/08/25/china/trump-china-iran-economic-war-intl-hnk,en,2026-08-25,
"Dolly Parton’s legacy, growing trade war, epic hiking trail: Catch up on the day’s stories",CNN,cnn.com,cnn.com,2026-08-25,https://www.cnn.com/2026/08/25/us/5-things-pm-august-25-trnd,en,2026-08-25,
Dolly Parton’s former personal assistant on what the iconic entertainer was really like,CNN,cnn.com,cnn.com,2026-08-25,https://www.cnn.com/2026/08/25/entertainment/video/dolly-parton-death-music-assistant-lead-tapper,en,2026-08-25,
‘She was the funniest woman I have ever met’: Dionne Warwick remembers duet partner Dolly Parton,CNN,cnn.com,cnn.com,2026-08-25,https://www.cnn.com/2026/08/25/us/video/cncpm-dolly-parton-dionne-warwick,en,2026-08-25,
What to know about the Canada trade war,CNN,cnn.com,cnn.com,2026-08-25,https://www.cnn.com/2026/08/25/business/video/us-canada-trade-war-retaliatory-tariffs-trending-cli-hrzn,en,2026-08-25,
3 Secret Service officials placed on leave amid misconduct investigation,CNN,cnn.com,cnn.com,2026-08-25,https://www.cnn.com/2026/08/25/politics/secret-service-officials-on-leave-misconduct-investigation,en,2026-08-25,
Trump gets a much-needed South Carolina win and other takeaways from Tuesday’s elections,CNN,cnn.com,cnn.com,2026-08-25,https://www.cnn.com/2026/08/25/politics/south-carolina-georgia-oklahoma-takeaways,en,2026-08-25,
When Dolly Parton gave Jake Tapper a special tour of her Nashville music studio,CNN,cnn.com,cnn.com,2026-08-25,https://www.cnn.com/2026/08/25/entertainment/video/dolly-parton-nashville-music-studio-lead-jake-tapper,en,2026-08-25,
CNN’s Jean Casarez with the latest on the Lindsay Clancy trial,CNN,cnn.com,cnn.com,2026-08-25,https://www.cnn.com/2026/08/25/us/video/casarez-clancy-trial-latest,en,2026-08-25,
Dolly Parton remembers first time hearing Whitney Houston sing her song,CNN,cnn.com,cnn.com,2026-08-25,https://www.cnn.com/2026/08/25/entertainment/video/dolly-parton-i-will-always-love-you-whitney-houston-porter-lkl-digvid,en,2026-08-25,
Andy Cohen remembers music icon Dolly Parton,CNN,cnn.com,cnn.com,2026-08-25,https://www.cnn.com/2026/08/25/entertainment/video/ac360-dolly-parton-andy-cohen,en,2026-08-25,
Dolly Parton’s six-decade love story with Carl Dean began at a laundromat,Fox News,foxnews.com,foxnews.com,2026-08-25,https://www.foxnews.com/entertainment/dolly-parton-six-decade-love-story-carl-dean-began-laundromat,en,2026-08-25,
US counters China as Beijing’s ‘shock wave’ hits African economies,Fox News,foxnews.com,foxnews.com,2026-08-25,https://www.foxnews.com/world/us-counters-china-beijings-shock-wave-hits-african-economies,en,2026-08-25,
JONATHAN TURLEY: Abdul El-Sayed’s wealth-tax fantasy could wreck the Michigan economy,Fox News,foxnews.com,foxnews.com,2026-08-25,https://www.foxnews.com/opinion/jonathan-turley-abdul-el-sayed-wealth-tax-fantasy-wreck-michigan-economy,en,2026-08-25,
$50 trillion in debt is not a distant threat. America is speeding towards it,Fox News,foxnews.com,foxnews.com,2026-08-25,https://www.foxnews.com/opinion/50-trillion-debt-not-distant-threat-america-speeding-towards-it,en,2026-08-25,
‘Captain Canada’ firebrand unloads on Trump with profane one-liner as trade war escalates,Fox News,foxnews.com,foxnews.com,2026-08-25,https://www.foxnews.com/politics/captain-canada-firebrand-unloads-trump-profane-one-liner-trade-war-escalates,en,2026-08-25,
Dolly Parton's cause of death revealed and more top headlines,Fox News,foxnews.com,foxnews.com,2026-08-25,https://www.foxnews.com/us/dolly-parton-cause-of-death-revealed-more-top-headlines,en,2026-08-25,
FBI wraps up cybercrime operation targeting global networks preying on Americans,Fox News,foxnews.com,foxnews.com,2026-08-25,https://www.foxnews.com/us/fbi-wraps-cybercrime-operation-targeting-global-networks-preying-americans,en,2026-08-25,
The Left’s constitutional hypocrisy is on full display in its war on Trump,Fox News,foxnews.com,foxnews.com,2026-08-25,https://www.foxnews.com/opinion/lefts-constitutional-hypocrisy-full-display-war-trump,en,2026-08-25,
"Trump’s Economic D-Day can hammer Iran, but will Tehran ever surrender?",Fox News,foxnews.com,foxnews.com,2026-08-25,https://www.foxnews.com/opinion/trumps-economic-d-day-hammer-iran-tehran-surrender,en,2026-08-25,
Michigan GOP lawmaker casts doubt on El-Sayed’s socialist denial as policies tell another story: ‘Sharp odds’,Fox News,foxnews.com,foxnews.com,2026-08-25,https://www.foxnews.com/politics/michigan-gop-lawmaker-casts-doubt-el-sayeds-socialist-denial-policies-tell-another-story-sharp-odds,en,2026-08-25,
Caída del precio del petróleo ayuda a calmar los mercados de acciones y bonos,Los Angeles Times,latimes.com,latimes.com,2026-08-25,https://www.latimes.com/espanol/eeuu/articulo/2026-08-25/caida-del-precio-del-petroleo-ayuda-calmar-los-mercados-de-acciones-y-bonos,es,2026-08-25,
"Details on Darline Graham's family, children, more after primary win",USA Today,usatoday.com,usatoday.com,2026-08-25,https://www.usatoday.com/story/news/politics/elections/2026/08/25/darline-graham-family-husband-children-hometown-education/91458117007/,en,2026-08-25,
"Graham Rahal slams Congressman Mark Pocan for IndyCar, Formula 1 flub",USA Today,usatoday.com,usatoday.com,2026-08-25,https://www.usatoday.com/story/sports/motor/indycar/2026/08/25/graham-rahal-corrects-congressman-indycar-race-washington/91464931007/,en,2026-08-25,
Mamdani offers 1k 'affordable' US Open tickets,USA Today,usatoday.com,usatoday.com,2026-08-25,https://www.usatoday.com/story/news/politics/2026/08/25/mamdani-offers-1k-affordable-us-open-tickets/91466603007/,en,2026-08-25,
Deloitte to pay $21.5 million to end DOJ DEI investigation,USA Today,usatoday.com,usatoday.com,2026-08-25,https://www.usatoday.com/story/money/2026/08/25/deloitte-dei-doj-settlement/91466307007/,en,2026-08-25,
Who is Ralph Norman? Meet the congressman who lost to Darline Graham,USA Today,usatoday.com,usatoday.com,2026-08-25,https://www.usatoday.com/story/news/politics/elections/2026/08/25/who-is-ralph-norman-darline-graham-trump/91465453007/,en,2026-08-25,
Canada’s Carney makes rare show of open defiance against Trump,Washington Post,washingtonpost.com,washingtonpost.com,2026-08-25,https://news.google.com/rss/articles/CBMitwFBVV95cUxPejN5MV95d19QNkhROTR0UHNhMTRaamo5ZWpoVm8wOHF6dVpKdzBnZnJjMVVvV3RBX0tuNzdZNkZFQUh3dlQwQVpXODV5TnVXbkV1dXJHX2JWNDExYjdFSEk3Z0kzX3RNcHBiTk5YMjlBOHBqLTFfemdSRVRvYTMzVFN6VWp3SUdFaFNpUFV3VlB6WFFjM21ralBhaVNXT3F6ZlZyLVh4bVZyQ3h5WHRaa0Rpc2xFWDg?oc=5,en,2026-08-25,
Democratic states file new lawsuit seeking to block Trump’s order limiting mail voting in midterms,ABC News,abcnews.go.com,abcnews.go.com,2026-08-26,https://abcnews.com/Politics/wireStory/democratic-states-file-new-lawsuit-seeking-block-trumps-135974009,en,2026-08-26,
Federal judge lifts all blocks on Trump mail-in ballots executive order,ABC News,abcnews.go.com,abcnews.go.com,2026-08-26,https://news.google.com/rss/articles/CBMipgFBVV95cUxNRy04Q2xhT2NLTnYwZ3c5UTlQZUhjejc5WTN0U2F1TEpFdm0wOHJ3WHZmQ3lZbG5jdV9ISkZucmMxUHdvZnczMHBydGV6OUNVUU9yRVI3YzZuUkF6UTA4MjlwRWdpTDZfZ3B6ZjZldHYzWjQ2T0NNcmt2c0pEdWtUQ0k3R09VNXBRSHh3b1VyYnZrODVxaDE1aXpWak5hd1Rja0I2Zlp30gGrAUFVX3lxTE14RXJENTlqSkFXc3Qycmd5YnBZNkFVVjRmWTBuN1NWVXQ3d3kwcjd5LUhRY2xWQ25qWS1BVDNHM0YzeXJhRmFuMV96elpWakMxVmtyUUlEdXlpejhXTW5wUmljWXV1LUpxZVMyU0dDQTdNb2tjdVN6eGZYZlpyX21UbVNia3U4UzhSUzlfWGk3YktncnBTWEZLclhOOUxWWk5vVFlPWmRqMW8xRQ?oc=5,en,2026-08-26,
Trump calls Canada 'one of the worst countries' to deal with amid ongoing trade war,ABC News,abcnews.go.com,abcnews.go.com,2026-08-26,https://news.google.com/rss/articles/CBMiogFBVV95cUxPLXZUWUFvemlEUEVXeWo4NGZPZHpWZWJsdE4tVUktcktVQS1ZMzhiVFVkTV9QTmM2OUh5Tm5ia1Z6ZjlTQnhQN3ZjcVd6M0tpc2xibkZ0R3VYN1pEdG9hR0xBel9XTk5LNURIMnEyb21oR3ZVUnhyWmI5cTFsQmlwSkpLM2kzQ0Fsa0tvaWlqVGhLaWJsZTgyTE1KZmRaT2tieWfSAacBQVVfeXFMUFNrcWRzamxmMW9pMXJUcC1CWDgyUVdiWkRuSE5ZdjFudVROS0lLOGp3Z1NuQUZkZFRXR0lKQjlNMW9kbXdsUEQ4MjR5UEE5SHNNVlYyTkoyZ2pKaEJFUXlFM0dfaWM5Nmw5RHNITmMxUXFIOXBUbER3QURYT3ROTUV0TVkwWXVmUGZGX0owc21GMi16QW1FaXd1eV9WNW4wQVdoc3N3SXM?oc=5,en,2026-08-26,
Video Trump administration threatens Kennedy Center demolition,ABC News,abcnews.go.com,abcnews.go.com,2026-08-26,https://news.google.com/rss/articles/CBMimwFBVV95cUxOTTBhdW1PNnRCb3RWbU81RzQxbXUtWWFSdUs0WjllZzhGMzFHWmp3YXZsRHNYWW93Q1Q5YjI0Vm02cURqLXpUZGVtdHhaTUhmajJVcEVURXFtc2RDalp5cDRHb1NpZjkxampxOWROSmRabnpveUNpUWFqRVkxT3JCMHlnLXdKbEhsbExoRG5feDlFb2lHSk9nVkdOdw?oc=5,en,2026-08-26,
"Wave energy testing site opens off Oregon, a green energy milestone in the Trump administration",ABC News,abcnews.go.com,abcnews.go.com,2026-08-26,https://news.google.com/rss/articles/CBMinwFBVV95cUxPVEtZdE9aZGxFTFZpZldDeWtNN1AtOVlTZUlaWWVxWjExZG9uU0Rrd1g3VVdwc2JmcDU4QmkxYi01T0ZEeTQ2d1FaQ2RmWlNJRDl5OHZfZ0c0ZnQ4SnpCV3Axb29KbmVJMHVMaXhIUzl1Sjk3RW5LaEVDZmprZlBnM1k4MF9rbGZEQjk3RVVmUUNENFBwM1JXbFctVEtMWlXSAaQBQVVfeXFMUE8wWHpSY0puS3hKRzJzcUtNMHFSRzNQOTZ5dkdROFVFdFNrem1LVGc1M0I3aEZIcHdFbURTZFBLR3hrbGxSeWJmdXZScTAtOWNDR2JSUEVYZ2pUdHpXbFZXN2tNTjVJUWNWc1FpRE5DdWFrcGhyWWZxVWY3djIydWFlVEhuTFRBTXVucjM4WWRXVHlyNGQ1bGZ0djdja1NTaFM3ZEw?oc=5,en,2026-08-26,
Alaska Oil Pipeline Aims to Renew Land Rights Early Under Trump,Bloomberg,bloomberg.com,bloomberg.com,2026-08-26,https://www.bloomberg.com/news/articles/2026-08-26/alaska-oil-pipeline-aims-to-renew-land-rights-early-under-trump,en,2026-08-26,
Trump Eases Tariffs on Some Ground Beef Products to Lower Prices,Bloomberg,bloomberg.com,bloomberg.com,2026-08-26,https://www.bloomberg.com/news/articles/2026-08-26/trump-eases-tariffs-on-some-ground-beef-products-to-lower-prices,en,2026-08-26,
SEC Drops Ex-Congressman Insider Trading Case After Trump Pardon,Bloomberg,bloomberg.com,bloomberg.com,2026-08-26,https://www.bloomberg.com/news/articles/2026-08-26/sec-drops-ex-congressman-insider-trading-case-after-trump-pardon,en,2026-08-26,
Fed’s Cook Denies Wrongdoing as Trump Renews Bid to Fire Her,Bloomberg,bloomberg.com,bloomberg.com,2026-08-26,https://www.bloomberg.com/news/articles/2026-08-26/fed-s-cook-denies-wrongdoing-as-trump-revives-push-to-fire-her,en,2026-08-26,
DOJ Fails to Get Steve Bannon’s Contempt Indictment Dismissed,Bloomberg,bloomberg.com,bloomberg.com,2026-08-26,https://www.bloomberg.com/news/articles/2026-08-26/doj-fails-to-get-steve-bannon-s-contempt-indictment-dismissed,en,2026-08-26,
Trump Signs Order to Ban Some Foreign Energy Equipment From Grid,Bloomberg,bloomberg.com,bloomberg.com,2026-08-26,https://news.google.com/rss/articles/CBMitgFBVV95cUxQMDN0SEFGTlk0MURYdzdyVEpwWnZySUFYV3MtQWxpM3cwQ3BGVTVIdW1mNWJMa1RNNkFSOXRILWZPUm9iNlVPTVBtcVlyVmtxRWU4VXNveWVnSldsU1hTX0Z4aFBmTXNqV3Y2RUxqbUkwblZQMXROSEVHWDI0eUEtQmdxQmxnOVBVVjhtQTBqdVdOZkZ4TEhxbmVTcWo5NGtSNnJDYjZycEpRcm5ZclAxamJFRDdZQQ?oc=5,en,2026-08-26,
US Allies Warn Hormuz Is Still Mined Despite Trump Claim,Bloomberg,bloomberg.com,bloomberg.com,2026-08-26,https://news.google.com/rss/articles/CBMisgFBVV95cUxQbmV6N2NMVTdXb0VlTXBiSVExNlFtN0xhR2NKUHFnakFlNktzeVQxVUkxSHVYMU9Zck81cmJfWml1SnRZXzdDRVFjeW96eklUN21kVWM3SjlYOHo0Tm5LZTF5eElSeTNPMzlKMGN4eUFTTmxFTVhMRXZIZVpKaFktQ2NyVEc3WHExZl9MYXlBeFNxcWdJd1c2RjJRSmVQMmxzSmUzdDZScmRBaktlYXZLaTl3?oc=5,en,2026-08-26,
Trump’s Policies Find an Unlikely Beneficiary: Canadian Stocks,Bloomberg,bloomberg.com,bloomberg.com,2026-08-26,https://news.google.com/rss/articles/CBMisgFBVV95cUxNSTdJLWxXOHo2QTVnanBFLWZoN1Z6YjQ4b04yOV9Cd0dFVzIyUi1LcnNxVTNzQUFKY1phNWZMQ196dTdKbHdpbzAyb0hLY3VqU1hwbVdUQzk4OGdKU3hrd2JTcklQQXFaTXZ3Zlo1b0llb2lmVVFKdGpwVlR4NEVQVmdKbjVENDVtemNYRHYxREdlRktWZnpzWDRIQlR2d3Y5LWhFUkkxN0E5VWRPVldVRWNn?oc=5,en,2026-08-26,
Trump-Backed Candidates Are Costing the GOP Its Future,Bloomberg,bloomberg.com,bloomberg.com,2026-08-26,https://news.google.com/rss/articles/CBMitAFBVV95cUxPRlBvbnlRdjJTOTJYa0RDSHpueFJ1LUVXLVJwYUp3QTFDQ19vQVBVZ29Cb1Q1UXk4TUVSajV0VURkZjVodUc3cEFrcTQxQ2FpV29kZnY2MnVDVDNiMERCWUlKa1A5dkI1OUVaNDBkT3BUNnNWbVZjZkZieEJSR1dTWGhIZ0pSSnZ3MVVLZ29RZnB2OFQ0ZnlJN19sWG1MckticC1PdVhlTnRNLUl1X1Bza0FBQjM?oc=5,en,2026-08-26,
Alaska Pipeline Aims to Renew Land Rights Early Under Trump,Bloomberg,bloomberg.com,bloomberg.com,2026-08-26,https://news.google.com/rss/articles/CBMitAFBVV95cUxNTE5NblZ6LU1nbVBzX29kWlpPT1NKN0VtTjhmZDJGVmJodDNBMjJrSDNSSlJENlNWQUhVTVdQZU1QMWluNVB4TXVnYkFCNlUwOHdxcmpZaGJvVG16aFhOcGVsUURwcFI0dzZHN2w4UGNwcUdYOTVzRDdMX2tlbjByS1ZLTXNodDF1eXE2cTVXMmdYWHViWHNrQ3NZT0s5Y0psX1hULUlJbkdTM2lYQzhBak1aTmo?oc=5,en,2026-08-26,
"Trump’s Canada, Beef Trade Actions Add to GOP Midterm Worries",Bloomberg,bloomberg.com,bloomberg.com,2026-08-26,https://news.google.com/rss/articles/CBMisAFBVV95cUxPbVpJVUxXNW5FV1gtQ25WeTg0SjZ6UEhUa2dFTXJVZk5MMjUtejJNbzJYZFVXbVhLWmdlRkVLaEJwU25uMVJHYWVHMVpZRGhJWjZwOUtUc3FhRGZ2UGVtcFhvbXJzUHhGeW5LOW9WeFNZSWQ5Zi0tdFB6bHgtS3Q5M0hQcGp4WjhXVXU5YzUxeWtxUzBZMndnMTA0Z0o3NzhydEp0RUFJcG9PNDZ6c2QzVg?oc=5,en,2026-08-26,
Trump Floats Looking Into US Beef Processing Regulations,Bloomberg,bloomberg.com,bloomberg.com,2026-08-26,https://news.google.com/rss/articles/CBMiqwFBVV95cUxPSHl3MENkanBBWF81ajZiSGpzZGxvWU5vMUptdzMyVUNtNVAzX0FxQkFITE9jXzRkaGx2Y05ZRGk2R19xc25WOW1peUMzWW5LR2ltZFN2TE8zbDlGeFlSZjRvM3NQMWhvZEN2UmNNTm5zdy1hMHhEdGtWMzJzNWxfM0hremloTEdKYjlDNzdRSVkzYVBrMTJyNXVDeEFKT0Jid3lZd1YzZWpkeEU?oc=5,en,2026-08-26,
Canada’s Carney to Address EU Allies Amid Pressure From Trump,Bloomberg,bloomberg.com,bloomberg.com,2026-08-26,https://news.google.com/rss/articles/CBMisgFBVV95cUxQaVdTLXBWa3J3NWVIV1VJWFNVQ0pxc2NjRWJLVGtXTEF0emc2LXhEYU93YzZHSWhjWE5Hb1hZRDRnYTk0TDdtSm1uTDdlVktZa19BMGNtTHVtVnc0V3Bkd3BHU3JDSnpUWHhSbzBuVFVmVkNISmtTclZrWUZvb1lxRlE2U29FaEhyaWR5WE1vMEFFc3RDUk1xd0poQWs3WHlXcllybXYtaGw5Mll4OGxJSVpR?oc=5,en,2026-08-26,
Trump Pushes Maritime Bills as Threats Grow on High Seas,Bloomberg,bloomberg.com,bloomberg.com,2026-08-26,https://news.google.com/rss/articles/CBMitAFBVV95cUxNaTZraE1Vam9jc3lwUjltVzRWQTlDRzItX3hMUUsxSTBrU25ZVW1UQXB1X2NaMWVodzk4SFN6N0ZXQ2QzNHNBcGlNYWJxcWN6ZEhHQW1ETVZLSVpvR1doNmZlSUxvckdyWHdPTHNJay05Sk5OOUgybHdPZ2xxNXJSMW9jS1F4YzF6UkQ1NV9zdHlXVTF6eTc1b1dyeFJkU2dlZ2NZN3lVTy1TWUE0akNsNl9iSm4?oc=5,en,2026-08-26,
Trump administration threatens to demolish Kennedy Center if renovations don't move forward,CBS News,cbsnews.com,cbsnews.com,2026-08-26,https://www.cbsnews.com/video/trump-administration-threatens-demolish-kennedy-center-renovations-dont-move-forward/,en,2026-08-26,
Trump knocks Ralph Norman for Nikki Haley endorsement after Darline Graham wins GOP runoff,CBS News,cbsnews.com,cbsnews.com,2026-08-26,https://www.cbsnews.com/video/trump-knocks-ralph-norman-nikki-haley-endorsement-darline-graham-wins-gop-runoff/,en,2026-08-26,
"Trump says Iran war will ""continue for as long as necessary"" but will be over ""very soon""",CBS News,cbsnews.com,cbsnews.com,2026-08-26,https://www.cbsnews.com/video/trump-iran-war-continue-as-long-as-necessary-will-be-over-very-soon/,en,2026-08-26,
"CIA Director John Ratcliffe, during secretive trip, warned Russia not to attack NATO",CBS News,cbsnews.com,cbsnews.com,2026-08-26,https://www.cbsnews.com/miami/news/cia-john-ratcliffe-warned-russia-not-to-attack-nato-moscow-trip/,en,2026-08-26,
"Iran War Updates: Tehran engages in renewed diplomatic push, touts proposal to reopen Strait of Hormuz",CBS News,cbsnews.com,cbsnews.com,2026-08-26,https://www.cbsnews.com/newyork/live-updates/iran-war-us-strait-of-hormuz-sanctions/,en,2026-08-26,
DOJ warns Kennedy Center could be knocked down if renovations blocked,CBS News,cbsnews.com,cbsnews.com,2026-08-26,https://www.cbsnews.com/newyork/video/doj-warns-kennedy-center-could-be-knocked-down-if-renovations-blocked/,en,2026-08-26,
8/26: The Takeout with Major Garrett,CBS News,cbsnews.com,cbsnews.com,2026-08-26,https://www.cbsnews.com/video/082626-the-takeout-with-major-garrett/,en,2026-08-26,
Court battle escalates over adding Trump's name to Kennedy Center renovations,CBS News,cbsnews.com,cbsnews.com,2026-08-26,https://www.cbsnews.com/texas/video/court-battle-escalates-over-adding-trumps-name-to-kennedy-center-renovations/,en,2026-08-26,
"Trump fights to keep name on Kennedy Center, warning demolition if renovations don't continue",CBS News,cbsnews.com,cbsnews.com,2026-08-26,https://www.cbsnews.com/video/trump-fights-name-kennedy-center-warning-demolition-renovations/,en,2026-08-26,
Immigration judge in Chicago orders 6 children deported after courts deemed them abandoned,CBS News,cbsnews.com,cbsnews.com,2026-08-26,https://www.cbsnews.com/chicago/news/immigration-judge-deports-abandoned-children/,en,2026-08-26,
CIA Director John Ratcliffe warned Russia not to attack NATO during secretive trip,CBS News,cbsnews.com,cbsnews.com,2026-08-26,https://www.cbsnews.com/news/cia-john-ratcliffe-warned-russia-not-to-attack-nato-moscow-trip/,en,2026-08-26,
"Trump says he expects big victory in Iran ""soon"" but is ""not in a hurry"" to resume negotiations",CBS News,cbsnews.com,cbsnews.com,2026-08-26,https://www.cbsnews.com/video/trump-expecting-big-victory-in-iran-soon/,en,2026-08-26,
Canada's tariffs target certain U.S. states. See which regions are most vulnerable.,CBS News,cbsnews.com,cbsnews.com,2026-08-26,https://www.cbsnews.com/chicago/news/canada-retaliatory-tariffs-michigan-indiana-impact/,en,2026-08-26,
"Grand jury finds DeSantis administration ""misappropriated"" $10 million in taxpayer money to Hope Florida",CBS News,cbsnews.com,cbsnews.com,2026-08-26,https://www.cbsnews.com/news/grand-jury-report-hope-florida/,en,2026-08-26,
"Man charged with carrying ammunition near Trump National Golf Club in Southern California unable to assist in proceedings, attorney says",CBS News,cbsnews.com,cbsnews.com,2026-08-26,https://www.cbsnews.com/losangeles/news/presidnet-trump-southern-california-golf-club-armer-suspect-unfit-court-proceedings/,en,2026-08-26,
Illinois attorney general joins suit against Postal Service over mail voting rules,CBS News,cbsnews.com,cbsnews.com,2026-08-26,https://www.cbsnews.com/chicago/news/illinois-joins-lawsuit-postal-service-mail-voting-rules/,en,2026-08-26,
President Trump's tariffs fuel midday concerns,CBS News,cbsnews.com,cbsnews.com,2026-08-26,https://www.cbsnews.com/chicago/video/president-trumps-tariffs-fuel-midday-concerns/,en,2026-08-26,
"Grand jury finds taxpayer dollars ""misappropriated"" to Hope Florida, complains ""nobody will take responsibility""",CBS News,cbsnews.com,cbsnews.com,2026-08-26,https://www.cbsnews.com/miami/news/grand-jury-report-hope-florida/,en,2026-08-26,
"Iran War Updates: Trump says U.S. ""achieving a very big victory,"" war ""will continue for as long as necessary""",CBS News,cbsnews.com,cbsnews.com,2026-08-26,https://www.cbsnews.com/texas/live-updates/iran-war-us-strait-of-hormuz-sanctions/,en,2026-08-26,
"Trump calls Canada ""one of the worst countries"" to work with after Ottawa lays on tariffs",CBS News,cbsnews.com,cbsnews.com,2026-08-26,https://www.cbsnews.com/video/trump-calls-canda-one-of-the-worst-countries-to-work-with/,en,2026-08-26,
24 states sue to block new Postal Service rules for mail voting ahead of midterms,CBS News,cbsnews.com,cbsnews.com,2026-08-26,https://www.cbsnews.com/news/states-sue-postal-service-mail-voting-rules/,en,2026-08-26,
"Trump calls Canada ""one of the worst countries in the world to deal with""",CBS News,cbsnews.com,cbsnews.com,2026-08-26,https://www.cbsnews.com/video/trump-calls-canada-one-of-the-worst-countries-in-the-world-to-deal-with/,en,2026-08-26,
"Trump hasn't decided on Leavitt's replacement as White House press secretary, sources say",CBS News,cbsnews.com,cbsnews.com,2026-08-26,https://www.cbsnews.com/news/trump-karoline-leavitt-replacement-white-house-press-secretary/,en,2026-08-26,
"Top cattle rancher says ""we do not agree"" with Trump's plan to lower beef prices with foreign meat",CBS News,cbsnews.com,cbsnews.com,2026-08-26,https://www.cbsnews.com/video/cattle-rancher-reacts-to-trumps-plan-to-lower-beef-prices/,en,2026-08-26,
Darline Graham thanks Trump in her primary victory speech,CBS News,cbsnews.com,cbsnews.com,2026-08-26,https://www.cbsnews.com/video/breaking-down-darline-grahams-victory/,en,2026-08-26,
"U.S. military attacks alleged drug-smuggling boat in Caribbean, killing 4 people",CBS News,cbsnews.com,cbsnews.com,2026-08-26,https://www.cbsnews.com/miami/news/us-military-attacks-alleged-drug-smuggling-boat-caribbean-deaths/,en,2026-08-26,
"Live Updates: Iran and Oman edge toward temporary Strait of Hormuz reopening plan, but Tehran insists U.S. lift blockade",CBS News,cbsnews.com,cbsnews.com,2026-08-26,https://www.cbsnews.com/miami/live-updates/iran-war-us-strait-of-hormuz-sanctions/,en,2026-08-26,
Federal judge blocks enforcement of Ohio proof-of-citizenship requirement for voter registration,CBS News,cbsnews.com,cbsnews.com,2026-08-26,https://www.cbsnews.com/pittsburgh/news/federal-judge-blocks-enforcement-of-ohio-proof-of-citizenship-requirement-for-voter-registration/,en,2026-08-26,
Man with same name as Sen. Dan Sullivan advances from Alaska U.S. Senate primary,CBS News,cbsnews.com,cbsnews.com,2026-08-26,https://www.cbsnews.com/news/dan-sullivan-same-name-advances-alaska-us-senate-primary/,en,2026-08-26,
Bonta: Meta was lying to parents,CNN,cnn.com,cnn.com,2026-08-26,https://www.cnn.com/2026/08/26/us/video/california-ag-meta-lawsuit-bonta-intv-082604pseg1-cnni-u-s-fast,en,2026-08-26,
A judge suspends charges against an ex-Marine arrested on Trump’s golf course with ammunition,CNN,cnn.com,cnn.com,2026-08-26,https://www.cnn.com/2026/08/26/us/trump-golf-course-arrest-charges-suspended-hnk,en,2026-08-26,
Army Sgt. speaks to CNN after wife is deported by Trump admin: ‘We did everything the right way’,CNN,cnn.com,cnn.com,2026-08-26,https://www.cnn.com/2026/08/26/us/video/ebof-army-sergeant-turcios-wife-deported-honduras-trump-ice,en,2026-08-26,
Bonta: Paramount is on the back foot in court,CNN,cnn.com,cnn.com,2026-08-26,https://www.cnn.com/2026/08/26/us/video/california-attorney-general-paramount-bonta-intv-082604pseg2-cnni-u-s-fast,en,2026-08-26,
Ohio Rep. running for reelection comes face-to-face in court with the senator whose daughter he’s accused of abusing,CNN,cnn.com,cnn.com,2026-08-26,https://www.cnn.com/2026/08/26/politics/max-miller-emily-moreno-court,en,2026-08-26,
Federal judge won’t intervene in Minnesota extradition fight over ICE agent being detained in Texas,CNN,cnn.com,cnn.com,2026-08-26,https://www.cnn.com/2026/08/26/politics/judge-extradition-christian-castro-texas,en,2026-08-26,
A visual analysis into how the Nepal flash flooding unfolded,CNN,cnn.com,cnn.com,2026-08-26,https://www.cnn.com/2026/08/26/world/video/nepal-flash-floods-landslide-visual-digvid-invs,en,2026-08-26,
Bill Gates: I was ‘foolish’ to spend time with Jeffrey Epstein,CNN,cnn.com,cnn.com,2026-08-26,https://www.cnn.com/2026/08/26/us/video/ac360gatesepstein,en,2026-08-26,
‘She made everything look so easy’: Margo Price on Dolly Parton,CNN,cnn.com,cnn.com,2026-08-26,https://www.cnn.com/2026/08/26/tv/video/amanpour-golodryga-margo-price-dolly-parton,en,2026-08-26,
Former US archivists warn that Trump’s effort to ignore records law jeopardizes national security and government continuity,CNN,cnn.com,cnn.com,2026-08-26,https://www.cnn.com/2026/08/26/politics/former-archivists-briefing-presidential-records-act,en,2026-08-26,
"‘At least 10,000 families have lost their homes,’ Humanitarian worker in Nepal estimates",CNN,cnn.com,cnn.com,2026-08-26,https://www.cnn.com/2026/08/26/world/video/the-source-boris-sanchez-david-fisher-nepal-floods-flash-flood,en,2026-08-26,
Meta Whistleblower: For them ‘safety is theater’,CNN,cnn.com,cnn.com,2026-08-26,https://www.cnn.com/2026/08/26/us/video/meta-whistleblower-for-them-safety-is-theater-lcl,en,2026-08-26,
Bill Gates warns ‘the turbulent AI era is here’,CNN,cnn.com,cnn.com,2026-08-26,https://www.cnn.com/2026/08/26/us/video/ac360gatesai,en,2026-08-26,
Testimony wraps in Lindsay Clancy’s triple-murder trial,CNN,cnn.com,cnn.com,2026-08-26,https://www.cnn.com/2026/08/26/us/video/lindsay-clancy-trial-testimony-lead-tapper,en,2026-08-26,
"Catastrophic flooding, Tim Curry’s iconic career, health beyond BMI: Catch up on the day’s stories",CNN,cnn.com,cnn.com,2026-08-26,https://www.cnn.com/2026/08/26/us/5-things-pm-august-26-trnd,en,2026-08-26,
Unstoppable floodwaters in Nepal China kill more than 150 people,CNN,cnn.com,cnn.com,2026-08-26,https://www.cnn.com/2026/08/26/world/video/china-nepal-flood-deadly-landslide-ripley-pkg-latam-intl,en,2026-08-26,
Meta settles landmark lawsuit accusing the platform purposely hurting kids,CNN,cnn.com,cnn.com,2026-08-26,https://www.cnn.com/2026/08/26/us/video/cnn-sitroom-wolf-blizter-clare-duffy-meta-facebook-instagram-social-media,en,2026-08-26,
TN Fire Chief: Dolly Parton ‘tried take care of her people in the area that she came from’,CNN,cnn.com,cnn.com,2026-08-26,https://www.cnn.com/2026/08/26/us/video/cnn-sitroom-blitzer-dolly-parton-tennessee-fire-chief-donations,en,2026-08-26,
Earthquake and landslide trigger Nepal deadly floods,CNN,cnn.com,cnn.com,2026-08-26,https://www.cnn.com/2026/08/26/world/video/nepal-flood-regmi-intv-ctw-082609aseg1-cnni-world-fast,en,2026-08-26,
Flash flood kills many on Nepal-China border,CNN,cnn.com,cnn.com,2026-08-26,https://www.cnn.com/2026/08/26/world/video/flash-flood-kills-many-on-nepal-china-border-digvid,en,2026-08-26,
Reports: Duke and Duchess of Sussex arrive back in the UK,CNN,cnn.com,cnn.com,2026-08-26,https://www.cnn.com/2026/08/26/world/video/harry-meghan-uk-return-stewart-live-ctw-082609aseg2-cnni-world-fast,en,2026-08-26,
‘She made everybody’s life brighter’: Judy Collins remembers Dolly Parton,CNN,cnn.com,cnn.com,2026-08-26,https://www.cnn.com/2026/08/26/tv/video/amanpour-golodryga-judy-collins-dolly-parton,en,2026-08-26,
Man arrested near US Capitol after driving from California with a guillotine in his truckbed,CNN,cnn.com,cnn.com,2026-08-26,https://www.cnn.com/2026/08/26/politics/guillotine-near-us-capitol-philan-tam-duy-le,en,2026-08-26,
A look back at actor Tim Curry’s iconic career,CNN,cnn.com,cnn.com,2026-08-26,https://www.cnn.com/2026/08/26/entertainment/video/tim-curry-dead-at-80-digvid,en,2026-08-26,
People flee as huge wave of floodwater engulfs Nepal-China border crossing,CNN,cnn.com,cnn.com,2026-08-26,https://www.cnn.com/2026/08/26/world/video/people-flee-as-huge-wave-of-floodwater-engulfs-nepal-china-border-crossing-digvid,en,2026-08-26,
Trump admin sends Saudi nuclear deal that includes enrichment pathway to Congress,CNN,cnn.com,cnn.com,2026-08-26,https://www.cnn.com/2026/08/26/politics/trump-saudi-arabia-nuclear-deal,en,2026-08-26,
‘Every day it should get better’: Rep. Gimenez responds to poll showing 8 in 10 Americans see Iran war dragging on,CNN,cnn.com,cnn.com,2026-08-26,https://www.cnn.com/2026/08/26/politics/video/rep-carlos-gimenez-economy-war-ip,en,2026-08-26,
‘Maine has been through a lot’: Democrats sharpen pitch to women after turmoil in must-win Senate race,CNN,cnn.com,cnn.com,2026-08-26,https://www.cnn.com/2026/08/26/politics/maine-democrats-troy-jackson-women,en,2026-08-26,
Meta settles landmark state child harm claims for $18 billion and promises changes to its platforms,CNN,cnn.com,cnn.com,2026-08-26,https://www.cnn.com/2026/08/26/us/video/cncpm-meta-settlement-states-lawsuit,en,2026-08-26,
Michigan Democratic Rep. Debbie Dingell calls tariff conflict between U.S. and Canada ‘simply outrageous’,CNN,cnn.com,cnn.com,2026-08-26,https://www.cnn.com/2026/08/26/politics/video/cnn-sitroom-blitzer-debbie-dingell-michigan-canada-tariff-conflict-economy,en,2026-08-26,
"US says Chinese hackers hit hospitals, NASA, Senate and more",CNN,cnn.com,cnn.com,2026-08-26,https://www.cnn.com/2026/08/26/politics/us-alleged-chinese-cyber-spying-campaign,en,2026-08-26,
The Odds: The Trump Endorsement,CNN,cnn.com,cnn.com,2026-08-26,https://www.cnn.com/2026/08/26/politics/video/the-odds-the-trump-endorsement-cnc-kalpar,en,2026-08-26,
"Pakistani government trying to ‘crush his spirit,’ says Imran Khan’s lawyer",CNN,cnn.com,cnn.com,2026-08-26,https://www.cnn.com/2026/08/26/tv/video/amanpour-genser,en,2026-08-26,
Family kept me determined ‘to survive’: Evyatar David on enduring Hamas captivity,CNN,cnn.com,cnn.com,2026-08-26,https://www.cnn.com/2026/08/26/tv/video/amanpour-bianna-golodryga-evyatar-david-former-israeli-hostage-hamas-captivity-exclusive,en,2026-08-26,
‘Kiss my a**’: Canada reacts to Trump’s new tariffs,CNN,cnn.com,cnn.com,2026-08-26,https://www.cnn.com/2026/08/26/politics/video/canada-reacts-to-new-tariffs-ytc,en,2026-08-26,
Trump needs to get tough on China to get tough on Iran’s economy. He’s been reluctant to do that,CNN,cnn.com,cnn.com,2026-08-26,https://www.cnn.com/2026/08/26/politics/iran-sanctions-china,en,2026-08-26,
Oil prices fall on hopes of Iran-Oman deal to reopen Strait of Hormuz,CNN,cnn.com,cnn.com,2026-08-26,https://www.cnn.com/2026/08/26/world/live-news/iran-war-trump,en,2026-08-26,
Trump’s Cabinet joins TikTok. What could go wrong?,CNN,cnn.com,cnn.com,2026-08-26,https://www.cnn.com/2026/08/26/politics/tiktok-trump-cabinet-secretaries-videos,en,2026-08-26,
"‘We’re prepared to take pain,’ says former ambassador on US-Canada trade war",CNN,cnn.com,cnn.com,2026-08-26,https://www.cnn.com/2026/08/26/tv/video/canada-us-trade-war-frank-mckenna-amanpour,en,2026-08-26,
Republicans are furious that Trump has revived tariff drama — just in time for the midterms,CNN,cnn.com,cnn.com,2026-08-26,https://www.cnn.com/2026/08/26/politics/republicans-trump-tariffs-midterms,en,2026-08-26,
"Alaska’s Senate race will feature two Dan Sullivans and Mary Peltola, CNN projects",CNN,cnn.com,cnn.com,2026-08-26,https://www.cnn.com/2026/08/26/politics/dan-sullivan-mary-peltola-alaska-senate,en,2026-08-26,
How the spike in global bond yields creates more risk for the stock market,CNN,cnn.com,cnn.com,2026-08-26,https://www.cnn.com/2026/08/26/business/us-stocks-bond-market,en,2026-08-26,
Trump targets a Great Lake and a great American in his latest quest for power,CNN,cnn.com,cnn.com,2026-08-26,https://www.cnn.com/2026/08/26/politics/trump-renaming-lake-ontario-kennedy-center,en,2026-08-26,
Sen. Darline Graham wins her first election,CNN,cnn.com,cnn.com,2026-08-26,https://www.cnn.com/2026/08/26/politics/video/sen-darline-graham-wins-her-first-election-hnk-digvid-hori-dirty,en,2026-08-26,
Iran sanctions: How to make an outcast of a pariah,CNN,cnn.com,cnn.com,2026-08-26,https://www.cnn.com/2026/08/26/business/iran-sanctions-treasury-economic-outcast,en,2026-08-26,
EXCLUSIVE: House committee probes Chicago Public Schools over hiding 'gender affirmation' from parents,Fox News,foxnews.com,foxnews.com,2026-08-26,https://www.foxnews.com/media/house-committee-probes-chicago-public-schools-hiding-gender-affirmation-parents,en,2026-08-26,
"Florida becomes first state to block welfare cash for tattoos, vapes and more",Fox News,foxnews.com,foxnews.com,2026-08-26,https://www.foxnews.com/politics/florida-becomes-first-state-block-welfare-cash-tattoos-vapes-more,en,2026-08-26,
Michigan Democrat demands reporters stop asking 'about Hasan Piker' ahead of Senate race,Fox News,foxnews.com,foxnews.com,2026-08-26,https://www.foxnews.com/media/michigan-democrat-demands-reporters-stop-asking-hasan-piker-ahead-senate-race,en,2026-08-26,
Karoline Leavitt heads for White House exit as speculation builds over replacement and more top headlines,Fox News,foxnews.com,foxnews.com,2026-08-26,https://www.foxnews.com/us/karoline-leavitt-heads-white-house-exit-speculation-builds-replacement-more-top-headlines,en,2026-08-26,
WATCH: El-Sayed praised ‘beautiful’ sense of community abroad while trashing US as 'White supremacy',Fox News,foxnews.com,foxnews.com,2026-08-26,https://www.foxnews.com/politics/watch-el-sayed-praised-beautiful-sense-community-abroad-blasted-white-supremacy-racism-us,en,2026-08-26,
Dominican Republic joins global fight against antisemitism with landmark move,Fox News,foxnews.com,foxnews.com,2026-08-26,https://www.foxnews.com/world/dominican-republic-joins-global-fight-against-antisemitism-landmark-move,en,2026-08-26,
Spanberger AG draws fire over two-front fight against Trump enforcement agenda,Fox News,foxnews.com,foxnews.com,2026-08-26,https://www.foxnews.com/politics/spanberger-ag-draws-fire-two-front-fight-against-trump-enforcement-agenda,en,2026-08-26,
"Gender equity, DEI, climate action: How the Smithsonian’s woke push ‘infiltrated’ America's most beloved Zoo",Fox News,foxnews.com,foxnews.com,2026-08-26,https://www.foxnews.com/politics/gender-equity-dei-climate-action-smithsonian-woke-push-infiltrated-americas-beloved-zoo,en,2026-08-26,
Trump gives every nation an easy choice: Do business with America or terrorist Iran,Fox News,foxnews.com,foxnews.com,2026-08-26,https://www.foxnews.com/opinion/trump-gives-every-nation-easy-choice-do-business-america-terrorist-iran,en,2026-08-26,
Was Dolly Parton the Most Universally Loved American? (ft. Nerdrotic),Fox News,foxnews.com,foxnews.com,2026-08-26,https://radio.foxnews.com/2026/08/26/was-dolly-parton-the-most-universally-loved-american-ft-nerdrotic/,en,2026-08-26,
Rocha Deja el Cargo Tras Tensión con Sheinbaum,Fox News,foxnews.com,foxnews.com,2026-08-26,https://radio.foxnews.com/2026/08/26/rocha-deja-el-cargo-tras-tension-con-sheinbaum/,es,2026-08-26,
"Armed man arrested at Trump golf course allegedly had first lady's schedule, notes on Secret Service: reports",Fox News,foxnews.com,foxnews.com,2026-08-26,https://www.foxnews.com/politics/armed-man-arrested-trump-golf-course-allegedly-first-ladys-schedule-notes-secret-service,en,2026-08-26,
Trump questions state of MLB while renewing push for Roger Clemens' Hall of Fame induction,Fox News,foxnews.com,foxnews.com,2026-08-26,https://www.foxnews.com/outkick-sports/trump-questions-state-mlb-renewing-push-roger-clemens-hall-fame-induction,en,2026-08-26,
'View' host Ana Navarro rejects Hunter Biden's assertion that Trump is 'already' a 'dictator',Fox News,foxnews.com,foxnews.com,2026-08-26,https://www.foxnews.com/media/view-host-ana-navarro-rejects-hunter-biden-assertion-trump-already-dictator,en,2026-08-26,
Trump's lawyers put Dem AG on notice for targeting his family in NY fraud fight: 'Cannot stand',Fox News,foxnews.com,foxnews.com,2026-08-26,https://www.foxnews.com/politics/trumps-lawyers-put-dem-ag-notice-targeting-his-family-ny-fraud-fight,en,2026-08-26,
Jon Stewart asks whether 'The Daily Show' is like high-sugar food giving US 'political diabetes',Fox News,foxnews.com,foxnews.com,2026-08-26,https://www.foxnews.com/media/jon-stewart-asks-whether-the-daily-show-like-high-sugar-food-giving-us-political-diabetes,en,2026-08-26,
"Rockstar finally releases statement regarding ‘Grand Theft Auto VI’ leaks, leaving fans even more confused",Fox News,foxnews.com,foxnews.com,2026-08-26,https://www.foxnews.com/outkick-culture/rockstar-releases-statement-grand-theft-auto-vi-leaks-leaving-fans-confused,en,2026-08-26,
Massachusetts high court blocks city from displaying Catholic saint statues honoring first responders,Fox News,foxnews.com,foxnews.com,2026-08-26,https://www.foxnews.com/media/massachusetts-high-court-blocks-city-displaying-catholic-saint-statues-honoring-first-responders,en,2026-08-26,
2028 Dem hopeful slaps Trump admin with lawsuit over mail-in-voting after major SCOTUS victory,Fox News,foxnews.com,foxnews.com,2026-08-26,https://www.foxnews.com/politics/2028-dem-hopeful-trump-admin-lawsuit-over-mail-in-voting-scotus-victory,en,2026-08-26,
Judge clears path for ICE agent accused in Minnesota shooting case to leave Texas jail,Fox News,foxnews.com,foxnews.com,2026-08-26,https://www.foxnews.com/us/judge-clears-path-ice-agent-accused-minnesota-shooting-case-leave-texas-jail,en,2026-08-26,
Millions of barrels of Iranian oil sit beyond Trump blockade as he vows ‘zero leakage’,Fox News,foxnews.com,foxnews.com,2026-08-26,https://www.foxnews.com/politics/millions-barrels-iranian-oil-sit-beyond-trump-blockade-vows-zero-leakage,en,2026-08-26,
Dem senator turns ‘leader of the free world’ title on its head with Zelenskyy remarks,Fox News,foxnews.com,foxnews.com,2026-08-26,https://www.foxnews.com/politics/dem-senator-turns-leader-free-world-title-its-head-zelenskyy-remarks,en,2026-08-26,
"CIA Director John Ratcliffe met with Russian intelligence officials in visit to Moscow, Kremlin says",Fox News,foxnews.com,foxnews.com,2026-08-26,https://www.foxnews.com/politics/cia-director-john-ratcliffe-met-russian-intelligence-officials-visit-moscow-kremlin-says,en,2026-08-26,
LIV Golf lays off many of its employees as it prepares for second iteration with new investors,Fox News,foxnews.com,foxnews.com,2026-08-26,https://www.foxnews.com/outkick-sports/liv-golf-lays-off-employees-prepares-second-iteration-new-investors,en,2026-08-26,
Philadelphia DA says he'll keep piece of Trump's White House ballroom 'after we all blow it up',Fox News,foxnews.com,foxnews.com,2026-08-26,https://www.foxnews.com/politics/philadelphia-da-keep-piece-trump-white-house-ballroom-after-we-all-blow-it-up,en,2026-08-26,
"Jelly Roll unleashes crude jokes about Trump's weight on Kimmel, 'from one fat pig to another'",Fox News,foxnews.com,foxnews.com,2026-08-26,https://www.foxnews.com/media/jelly-roll-unleashes-crude-jokes-trump-weight-kimmel-fat-pig,en,2026-08-26,
Second lady Usha Vance keeps 'open mind' amid JD Vance 2028 speculation,Fox News,foxnews.com,foxnews.com,2026-08-26,https://www.foxnews.com/media/second-lady-usha-vance-keeps-open-mind-amid-jd-vance-2028-speculation,en,2026-08-26,
Trump scores federal court win against House progressive accused of assaulting ICE,Fox News,foxnews.com,foxnews.com,2026-08-26,https://www.foxnews.com/politics/trump-scores-federal-court-win-against-house-progressive-accused-assaulting-ice,en,2026-08-26,
"Maverick Democrat surges with Republicans as his own party turns on him, stoking talk of GOP switch",Fox News,foxnews.com,foxnews.com,2026-08-26,https://www.foxnews.com/politics/maverick-democrat-surges-republicans-party-turns-stoking-talk-gop-switch,en,2026-08-26,
Green New Dodge: El-Sayed runs from policy as newly surfaced deleted posts show years of support,Fox News,foxnews.com,foxnews.com,2026-08-26,https://www.foxnews.com/politics/green-new-dodge-el-sayed-runs-from-policy-newly-surfaced-deleted-posts-show-years-support,en,2026-08-26,
Terrifying video captures people fleeing incoming mudslide at Nepal-China border,Fox News,foxnews.com,foxnews.com,2026-08-26,https://www.foxnews.com/world/terrifying-video-captures-people-fleeing-incoming-mudslide-nepal-china-border,en,2026-08-26,
'He's so thirsty': Newsom's 'enthusiastic' praise for Trump policy turns heads,Fox News,foxnews.com,foxnews.com,2026-08-26,https://www.foxnews.com/politics/hes-so-thirsty-newsoms-enthusiastic-praise-trump-policy-turns-heads,en,2026-08-26,
"Rutgers research dean accused of secretly recording 'upskirt' videos with cellphone, prosecutors say",Fox News,foxnews.com,foxnews.com,2026-08-26,https://www.foxnews.com/us/rutgers-research-dean-accused-secretly-recording-upskirt-videos-cellphone-prosecutors-say,en,2026-08-26,
"Towering 6-foot-4 11-year-old football player stuns the Internet, Paige Spiranac cooks up content & Slim Luka",Fox News,foxnews.com,foxnews.com,2026-08-26,https://www.foxnews.com/outkick-sports/towering-6-foot-4-11-year-old-football-player-stuns-internet-paige-spiranac-cooks-content-slim-luka,en,2026-08-26,
"EXCLUSIVE: State Dept reveals Portland Antifa connection to Hamas, Iran’s IRGC in sweeping terror action",Fox News,foxnews.com,foxnews.com,2026-08-26,https://www.foxnews.com/politics/exclusive-state-dept-reveals-portland-antifa-connection-hamas-irans-irgc-sweeping-terror-action,en,2026-08-26,
SEE IT: LA Dem candidates torched by disgusted residents after ‘disgraceful’ debate: ‘Both bad’,Fox News,foxnews.com,foxnews.com,2026-08-26,https://www.foxnews.com/politics/la-dem-candidates-torched-disgusted-residents-disgraceful-debate-both-bad,en,2026-08-26,
3 Secret Service officials under internal investigation for potential misconduct,Fox News,foxnews.com,foxnews.com,2026-08-26,https://www.foxnews.com/us/3-secret-service-officials-internal-investigation-potential-misconduct,en,2026-08-26,
"US kills 4 alleged drug smugglers on boat in Caribbean, bringing total to 227 in 68 strikes",Fox News,foxnews.com,foxnews.com,2026-08-26,https://www.foxnews.com/politics/us-kills-4-alleged-drug-smugglers-boat-caribbean-bringing-total-227-68-strikes,en,2026-08-26,
Federal wildfire crews are stretched thin. California is stepping in to help,Los Angeles Times,latimes.com,latimes.com,2026-08-26,https://www.latimes.com/california/story/2026-08-26/federal-wildfire-crews-are-stretched-thin-california-is-stepping-in-to-help,en,2026-08-26,
Three Secret Service officials have been put on administrative leave pending investigation,Los Angeles Times,latimes.com,latimes.com,2026-08-26,https://www.latimes.com/world-nation/story/2026-08-26/three-secret-service-officials-have-been-put-on-administrative-leave-pending-investigation,en,2026-08-26,
L.A.-area lawmakers urge Trump to fund transit fixes for 2028 Summer Olympics,Los Angeles Times,latimes.com,latimes.com,2026-08-26,https://www.latimes.com/california/story/2026-08-26/five-democrats-urge-trump-transit-fixes-for-2028-la-olympics,en,2026-08-26,
"Judge denies Minnesota bid to extradite ICE officer from Texas, paving way for his release",Los Angeles Times,latimes.com,latimes.com,2026-08-26,https://www.latimes.com/world-nation/story/2026-08-26/judge-denies-minnesota-bid-to-extradite-ice-officer-from-texas-paving-way-for-his-release,en,2026-08-26,
"Three state senators press UC to restore SAT test requirements, backing faculty outcry",Los Angeles Times,latimes.com,latimes.com,2026-08-26,https://www.latimes.com/california/story/2026-08-26/gop-senators-uc-sat-testing-legislation,en,2026-08-26,
"Trump administration wage cuts for seasonal farmworkers unlawful, federal judge in California rules",Los Angeles Times,latimes.com,latimes.com,2026-08-26,https://www.latimes.com/california/story/2026-08-26/farmworkers-wage-cuts-unlawful,en,2026-08-26,
Canadá contraataca a EEUU con aranceles mientras se intensifica la guerra comercial,Los Angeles Times,latimes.com,latimes.com,2026-08-26,https://www.latimes.com/espanol/eeuu/articulo/2026-08-26/canada-contraataca-eeuu-con-aranceles-mientras-se-intensifica-la-guerra-comercial,es,2026-08-26,
Judge removes one hurdle for Trump mail voting order as states file new challenge before midterms,Los Angeles Times,latimes.com,latimes.com,2026-08-26,https://www.latimes.com/world-nation/story/2026-08-26/judge-removes-one-hurdle-for-trump-mail-voting-order-as-states-file-new-challenge-before-midterms,en,2026-08-26,
California county's election drama worsens as official locks up contested ballots,Los Angeles Times,latimes.com,latimes.com,2026-08-26,https://www.latimes.com/california/story/2026-08-26/la-me-shasta-county-election-denying-registrar,en,2026-08-26,
Commentary: Could Transportation Secretary Sean Duffy's new travel show be making travel less safe?,Los Angeles Times,latimes.com,latimes.com,2026-08-26,https://www.latimes.com/entertainment-arts/story/2026-08-26/transportation-secretary-sean-duffys-show-may-make-travel-less-safe,en,2026-08-26,
The countdown is on: Energy and environment battles to watch before Sacramento closes out its session,Los Angeles Times,latimes.com,latimes.com,2026-08-26,https://www.latimes.com/environment/story/2026-08-26/countdown-is-on-energy-environment-battles-to-watch-before-sacramento-closes-out-its-session,en,2026-08-26,
Letters to the Editor: The Roberts Supreme Court isn’t just calling balls and strikes,Los Angeles Times,latimes.com,latimes.com,2026-08-26,https://www.latimes.com/opinion/letters-to-the-editor/story/2026-08-26/mail-ballots-supreme-court,en,2026-08-26,
Dolly Parton stood up for undocumented immigrants when few others would,Los Angeles Times,latimes.com,latimes.com,2026-08-26,https://www.latimes.com/california/story/2026-08-26/dolly-parton-deportee-cover,en,2026-08-26,
Maryland court rules Democratic-backed redistricting amendment cannot go on November ballot,Los Angeles Times,latimes.com,latimes.com,2026-08-26,https://www.latimes.com/world-nation/story/2026-08-26/maryland-court-rules-democratic-backed-redistricting-amendment-cannot-go-on-november-ballot,en,2026-08-26,
"California, other states sue again to block new U.S. Postal Service rules for mail ballots",Los Angeles Times,latimes.com,latimes.com,2026-08-26,https://www.latimes.com/politics/story/2026-08-26/california-other-states-sue-again-to-block-new-u-s-postal-service-rules-for-mail-ballots,en,2026-08-26,
"With gas above $4, consumer confidence sinks to a 7-month low",Los Angeles Times,latimes.com,latimes.com,2026-08-26,https://www.latimes.com/business/story/2026-08-26/with-gas-above-4-consumer-confidence-sinks-to-7-month-low,en,2026-08-26,
Economic growth slows to 1.5% as shoppers keep spending and AI imports bite,Los Angeles Times,latimes.com,latimes.com,2026-08-26,https://www.latimes.com/business/story/2026-08-26/economic-growth-slows-to-1-5-as-shoppers-keep-spending-ai-imports-bite,en,2026-08-26,
Zelensky gives award to Elon Musk for Starlink's role in Ukraine,Los Angeles Times,latimes.com,latimes.com,2026-08-26,https://www.latimes.com/world-nation/story/2026-08-26/zelensky-gives-award-to-elon-musk-for-starlinks-role-in-ukraine,en,2026-08-26,
"Surveillance or security: Flock, personal security cameras and the databases tracking every move",Los Angeles Times,latimes.com,latimes.com,2026-08-26,https://www.latimes.com/california/newsletter/2026-08-26/surveillance-or-security-flock-personal-security-cameras-databases-tracking-every-move,en,2026-08-26,
The Kremlin says the CIA director held talks in Moscow with his intelligence counterparts,Los Angeles Times,latimes.com,latimes.com,2026-08-26,https://www.latimes.com/world-nation/story/2026-08-26/kremlin-says-cia-director-held-talks-in-moscow-with-his-intelligence-counterparts,en,2026-08-26,
Letters to the Editor: Trump knows what he’s doing when he allows corporate negligence to go unpunished,Los Angeles Times,latimes.com,latimes.com,2026-08-26,https://www.latimes.com/opinion/letters-to-the-editor/story/2026-08-26/freefall-boeing-corporate-negligence,en,2026-08-26,
Republican with same name as incumbent Dan Sullivan advances from Alaska U.S. Senate primary,Los Angeles Times,latimes.com,latimes.com,2026-08-26,https://www.latimes.com/world-nation/story/2026-08-26/republican-with-same-name-as-incumbent-dan-sullivan-advances-from-alaska-u-s-senate-primary,en,2026-08-26,
"Letters to the Editor: The Catholic way would be to embrace our neighbors, not punish them",Los Angeles Times,latimes.com,latimes.com,2026-08-26,https://www.latimes.com/opinion/letters-to-the-editor/story/2026-08-26/catholic-voters-trump-midterms,en,2026-08-26,
California wine exposed again as U.S.-Canada trade fight flares,Los Angeles Times,latimes.com,latimes.com,2026-08-26,https://www.latimes.com/business/story/2026-08-26/california-wine-exposed-again-as-u-s-canada-trade-fight-flares,en,2026-08-26,
FCC review could scale back or end internet discounts for school districts,Los Angeles Times,latimes.com,latimes.com,2026-08-26,https://www.latimes.com/world-nation/story/2026-08-26/fcc-review-could-scale-back-or-end-internet-discounts-for-school-districts,en,2026-08-26,
New hearing in Idaho college murders case,NBC News,nbcnews.com,nbcnews.com,2026-08-26,https://www.nbcnews.com/nightly-news/video/new-hearing-in-idaho-college-murders-case-268919877652,en,2026-08-26,
Dolly Parton’s life and legacy and Darline Graham wins GOP primary runoff: Morning Rundown,NBC News,nbcnews.com,nbcnews.com,2026-08-26,https://www.nbcnews.com/news/us-news/dolly-parton-life-legacy-darline-graham-morning-rundown-rcna594467,en,2026-08-26,
Judge suspends charges against ex-Marine arrested with ammo on Trump’s L.A.-area golf course,NBC News,nbcnews.com,nbcnews.com,2026-08-26,https://www.nbcnews.com/politics/politics-news/judge-suspends-charges-ex-marine-arrested-ammo-trump-golf-course-rcna594624,en,2026-08-26,
GOP nominee for Maine governor calls for ICE agents at state polling places,NBC News,nbcnews.com,nbcnews.com,2026-08-26,https://www.nbcnews.com/politics/2026-election/gop-nominee-maine-governor-calls-ice-agents-state-polling-places-rcna594589,en,2026-08-26,
"Trumpâs mail-in ballot requirements can proceed for now, judge rules",NBC News,nbcnews.com,nbcnews.com,2026-08-26,https://www.nbcnews.com/politics/trump-administration/live-blog/trump-graham-south-carolina-primary-2026-congress-iran-live-updates-rcna594433,en,2026-08-26,
Maryland court blocks Democrats’ redistricting amendment from November ballot,NBC News,nbcnews.com,nbcnews.com,2026-08-26,https://www.nbcnews.com/politics/2026-election/maryland-court-blocks-democrats-redistricting-amendment-november-ballo-rcna594579,en,2026-08-26,
Judge denies Minnesota’s bid to compel the extradition of an ICE officer from Texas,NBC News,nbcnews.com,nbcnews.com,2026-08-26,https://www.nbcnews.com/news/us-news/judge-denies-minnesotas-bid-compel-extradition-ice-officer-texas-rcna594618,en,2026-08-26,
"Gary, Indiana, nears full power restoration more than 2 weeks after violent storms",NBC News,nbcnews.com,nbcnews.com,2026-08-26,https://www.nbcnews.com/news/us-news/gary-indiana-nears-full-power-restoration-2-weeks-violent-storms-rcna594456,en,2026-08-26,
New details on Dolly Parton’s death as tributes pour in,NBC News,nbcnews.com,nbcnews.com,2026-08-26,https://www.nbcnews.com/nightly-news/video/new-details-on-dolly-parton-s-death-as-tributes-pour-in-268918853634,en,2026-08-26,
American tourists among hundreds missing after deadly floods in Nepal,NBC News,nbcnews.com,nbcnews.com,2026-08-26,https://www.nbcnews.com/nightly-news/video/american-tourists-among-hundreds-missing-after-deadly-floods-in-nepal-268918341825,en,2026-08-26,
"Tim Curry, star of ‘Rocky Horror Picture Show,’ dies at 80",NBC News,nbcnews.com,nbcnews.com,2026-08-26,https://www.nbcnews.com/nightly-news/video/tim-curry-star-of-rocky-horror-picture-show-dies-at-80-268918341754,en,2026-08-26,
Trump flexes as the Freedom Caucus fades: From the Politics Desk,NBC News,nbcnews.com,nbcnews.com,2026-08-26,https://www.nbcnews.com/politics/politics-news/trump-flexes-freedom-caucus-fades-politics-desk-rcna594593,en,2026-08-26,
"Judge allows Trump’s mail-in ballots plan to proceed, at least for now",NBC News,nbcnews.com,nbcnews.com,2026-08-26,https://www.nbcnews.com/politics/elections/judge-allows-trumps-mail-ballots-plan-proceed-least-now-rcna594365,en,2026-08-26,
Actor Tim Curry dead at 80: Looking back on his life and legacy,NBC News,nbcnews.com,nbcnews.com,2026-08-26,https://www.nbcnews.com/video/actor-tim-curry-dead-at-80-looking-back-on-his-life-and-legacy-268892741763,en,2026-08-26,
Meta agrees to pay $18 billion to settle social media addiction lawsuit,NBC News,nbcnews.com,nbcnews.com,2026-08-26,https://www.nbcnews.com/video/meta-agrees-to-pay-18-billion-to-settle-social-media-addiction-lawsuit-268885061976,en,2026-08-26,
Oil prices tumble amid renewed optimism over the Strait of Hormuz,NBC News,nbcnews.com,nbcnews.com,2026-08-26,https://www.nbcnews.com/business/energy/oil-prices-inflation-trump-strait-hormuz-rcna594477,en,2026-08-26,
Graham survives runoff with help from Trump's super PAC,NPR,npr.org,npr.org,2026-08-26,https://www.npr.org/2026/08/26/nx-s1-5944908/graham-survives-runoff-with-help-from-trumps-super-pac,en,2026-08-26,
"Dolly Parton Remembered, Canada Hits US With Tariffs, US Visa Revocations",NPR,npr.org,npr.org,2026-08-26,https://www.npr.org/2026/08/26/nx-s1-5944801/dolly-parton-remembered-canada-hits-us-with-tariffs-us-visa-revocations,en,2026-08-26,
The White House's preferred economic tools are hitting snags,NPR,npr.org,npr.org,2026-08-26,https://www.npr.org/2026/08/26/nx-s1-5928351/the-white-houses-preferred-economic-tools-are-hitting-snags,en,2026-08-26,
3 states are testing out drones as a way to stop school shootings,NPR,npr.org,npr.org,2026-08-26,https://www.npr.org/2026/08/26/nx-s1-5927299/3-states-are-testing-out-drones-as-a-way-to-stop-school-shootings,en,2026-08-26,
Sen. Darline Graham wins GOP nomination for U.S. Senate in South Carolina,NPR,npr.org,npr.org,2026-08-26,https://www.npr.org/2026/08/26/nx-s1-5944289/sen-darline-graham-wins-gop-nomination-for-u-s-senate-in-south-carolina,en,2026-08-26,
Trump touts power of his endorsement following South Sen. Darline Graham's primary win,NPR,npr.org,npr.org,2026-08-26,https://www.npr.org/2026/08/26/nx-s1-5945088/trump-touts-power-of-his-endorsement-following-south-sen-darline-grahams-primary-win,en,2026-08-26,
"Immigration arrests soar, hitting 50,000 in July",NPR,npr.org,npr.org,2026-08-26,https://www.npr.org/2026/08/26/nx-s1-5945127/immigration-arrests-record,en,2026-08-26,
"Will Trump's latest beef plan make your hamburger cheaper? Not much, experts say",NPR,npr.org,npr.org,2026-08-26,https://www.npr.org/2026/08/26/nx-s1-5944265/ground-beef-trump-tariffs,en,2026-08-26,
Judge clears the way for Postal Service work on Trump's mail-in voting order for now,NPR,npr.org,npr.org,2026-08-26,https://www.npr.org/2026/08/26/nx-s1-5945260/trump-mail-in-voting-ballots,en,2026-08-26,
"Canada to hit U.S. with retaliatory tariffs. And, remembering music legend Dolly Parton",NPR,npr.org,npr.org,2026-08-26,https://www.npr.org/2026/08/26/g-s1-140207/up-first-newsletter-canada-tariffs-visa-revocations-dolly-parton-nevada-voters,en,2026-08-26,
"Trump administration plans to revoke up to 200,000 visas, official says",NPR,npr.org,npr.org,2026-08-26,https://www.npr.org/2026/08/26/nx-s1-5944287/trump-administration-plans-to-revoke-up-to-200-000-visas-official-says,en,2026-08-26,
Secret Service aware of Iranian state media video threatening Barron Trump,NPR,npr.org,npr.org,2026-08-26,https://www.npr.org/2026/08/26/nx-s1-5944398/secret-service-aware-of-iranian-state-media-video-threatening-barron-trump,en,2026-08-26,
State Department spokesperson discusses plan to revoke U.S. visas for asylum seekers,NPR,npr.org,npr.org,2026-08-26,https://www.npr.org/2026/08/26/nx-s1-5944302/state-department-spokesperson-discusses-plan-to-revoke-u-s-visas-for-asylum-seekers,en,2026-08-26,
Judge clears the way for Postal Service work on Trump mail - in voting order for now,NPR,npr.org,npr.org,2026-08-26,https://knpr.org/npr/2026-08-26/judge-clears-the-way-for-postal-service-work-on-trumps-mail-in-voting-order-for-now,en,2026-08-26,
"After IndyCar’s Freedom 250, could street racing get a foothold in Washington, D.C.?",New York Times,nytimes.com,nytimes.com,2026-08-26,https://www.nytimes.com/athletic/7537837/2026/08/26/indycar-freedom-250-washington-dc-street-race-future/,en,2026-08-26,
"Colin Kaepernick knelt quietly. Ten years later, everyone just performs",New York Times,nytimes.com,nytimes.com,2026-08-26,https://www.nytimes.com/athletic/7539484/2026/08/26/colin-kaepernick-10th-anniversary-athlete-activism/,en,2026-08-26,
It Was Inevitable That Trump Would Come to This,New York Times,nytimes.com,nytimes.com,2026-08-26,https://www.nytimes.com/2026/08/26/opinion/trump-king-canada-trade-war.html,en,2026-08-26,
They’re Done With Trump,New York Times,nytimes.com,nytimes.com,2026-08-26,https://www.nytimes.com/2026/08/26/briefing/theyre-done-with-trump.html,en,2026-08-26,
Trump’s Top Gaza Official Says Israel Is Jeopardizing the Cease-Fire,New York Times,nytimes.com,nytimes.com,2026-08-26,https://www.nytimes.com/2026/08/26/world/middleeast/trump-official-israel-jeopardizing-gaza-cease-fire.html,en,2026-08-26,
How Trump Folded the Graham Family Dynasty Into His Own,New York Times,nytimes.com,nytimes.com,2026-08-26,https://www.nytimes.com/2026/08/26/us/politics/trump-lindsey-graham-darline-graham.html,en,2026-08-26,
Trump Administration Wants Billion-Dollar Businesses to Qualify as ‘Small’,New York Times,nytimes.com,nytimes.com,2026-08-26,https://www.nytimes.com/2026/08/26/business/economy/trump-small-business-administration.html,en,2026-08-26,
Trump Loves to Pick Winners. He Also Plays It Safe.,New York Times,nytimes.com,nytimes.com,2026-08-26,https://www.nytimes.com/interactive/2026/08/26/us/politics/trump-primary-midterms-endorsements.html,en,2026-08-26,
Armed Man Arrested Near Trump Golf Course Is Sent to Mental Health Court,New York Times,nytimes.com,nytimes.com,2026-08-26,https://www.nytimes.com/2026/08/26/us/trump-golf-course-man-gun-arrest.html,en,2026-08-26,
State Department Advances Trump Crackdown on ‘Far-Left Terrorism’,New York Times,nytimes.com,nytimes.com,2026-08-26,https://www.nytimes.com/2026/08/26/us/politics/trump-crackdown-far-left.html,en,2026-08-26,
Administration Lawyer Chosen to Lead Panel Considering Trump Construction Projects,New York Times,nytimes.com,nytimes.com,2026-08-26,https://www.nytimes.com/2026/08/26/us/politics/paoletta-lawyer-ncpc.html,en,2026-08-26,
Fed Governor Targeted by Trump Issues Defense Against Attempted Ouster,New York Times,nytimes.com,nytimes.com,2026-08-26,https://www.nytimes.com/2026/08/26/business/trump-lisa-cook-fed.html,en,2026-08-26,
Trump’s all-about-me midterms,Politico,politico.com,politico.com,2026-08-26,https://www.politico.com/newsletters/playbook/2026/08/26/trumps-all-about-me-midterms-01050424,en,2026-08-26,
Trump signs controversial beef import plan despite ranchers' backlash,Politico,politico.com,politico.com,2026-08-26,https://news.google.com/rss/articles/CBMiugFBVV95cUxPcGR6bnBjRU9aUkFESWc5bEU1RWllcTZ6R0huR0NSaUZTNnlOVW84SEdyWTRoMzBsc2xvVUI2UUFWbkF5ZGJMeE9LTU0yUElpelBubkp3WF9iY0ZVbDFhX044VzlQYjA3c3M5YTc0QVAyZFJMX3hZMTVhVnVvT2NzMWNVTHhHYVpuRWRlc1JOdlhaWnpOVm5UOVZhMlZWeWd3WjBTZGxUV1A2SWFJc05CQ2tZU1dXaTJveHc?oc=5,en,2026-08-26,
Trump’s mail-in voting plan can proceed — for now — after judge lifts last block,Politico,politico.com,politico.com,2026-08-26,https://news.google.com/rss/articles/CBMif0FVX3lxTE51bUdxVV9uSzVWc0hPMC1POElyQ0dndzhuRGhNbThBalZNejBjcHVYaW9mdWpuVmZHT25mSDV6aEVjSTg3b1ZOLTZJUzBKS1RmZnlSVVRDMWNLcm4ySTJ4dVNDdkFScEl4VTVjdHYweTdkOXhEQkJ2X3RsV3oxaEk?oc=5,en,2026-08-26,
Trump to declare Palestine Action a global terror group,Politico,politico.com,politico.com,2026-08-26,https://news.google.com/rss/articles/CBMiqAFBVV95cUxNYWJVc3doRkRGWWtNZzhkd0NzWG5xVkFrRHo4NWpBUTZXQzd3NDRPRkpvRWhpLVQwNmhyMFhTZEFPcHE4dG00ZVUxdkN6aHBiQ0NncWxBaTdyQ3VfWVpCbzRna3NOeDd3UDB0cWU1SDVVMk0zcHZpbWgxMHhfaFZUQ1Vnc2UzN3pCeDZHRm5UNTM2OW1zaml1WUhQZVBvdUIzU2VISWRjcTM?oc=5,en,2026-08-26,
Trump signs order banning some foreign equipment from US energy grid,Reuters,reuters.com,reuters.com,2026-08-26,https://news.google.com/rss/articles/CBMitwFBVV95cUxOZ0lmRVJRM3gxdGY5ZklCUEJPam5pS0dERFJ1a3ZkYUpKang1bF9rMkxhSV9qcFA4WlRaMVM2eUhvWjdKLVlqbWZHdUpPRmtlQTdLT1FvY0h0Q3VQRGlOUF9QbVQ3RXZmMV93d0hKVTBpbkZjQW9TQVJwMmhwREFzOHktTFVMc0RxV2ZGZlZiOGlVZEdVZ3dBck1aejlzVDBGaEFvN2lxc3F3Ty04dkJfalZBY1pYX2s?oc=5,en,2026-08-26,
"States, voting rights groups renew challenges to Trump plans to restrict mail-in voting",Reuters,reuters.com,reuters.com,2026-08-26,https://news.google.com/rss/articles/CBMixAFBVV95cUxPRlVaM19mSUFlcXpoeEZrVkR2WlZzT3ZQUFNScmdZcVoySWt5UmxjZGhSUlVxN21DcGJ1aGtUamszWENIQmRuR0lEcVl1SU9GdUxXeWhTSVR0NFc4MzFjN2xUQUcydGcydW1lMTQwZWtLUml3eTdCUElMZ2NHREZDN1RYc3RNeDNYMTQ5QmdiZzVqY3J1NmJmN3E1YlZoczc2NkcxXzMwU3dJMVJQaGVVS0RXVVh2VnozMC1oU1ZKa3o0QTA0?oc=5,en,2026-08-26,
Trump: 'Time to teach Canada you can't do this anymore',Reuters,reuters.com,reuters.com,2026-08-26,https://news.google.com/rss/articles/CBMimAFBVV95cUxOb01ZMXBPNXRTVGlLcUFQbEZ2c2JXSHl6X21tTGpLbVZBcWFxSmplWkdFUW1XWENLVkFyNTBDVEJzR1lQd0RwUjVnTjhfZDZvN1JERUNXTEFtbG4wS0N0MTZCUHBCSVU1Qkd0TS1FeEJldkt5eFFialVxQy1sbHpfZm1BQmFwUjhEVld6TVBnYlNEam4zbGlPVA?oc=5,en,2026-08-26,
Carney faces ticking clock on Canadian support for tough tactics with Trump,Reuters,reuters.com,reuters.com,2026-08-26,https://news.google.com/rss/articles/CBMiswFBVV95cUxQN1VaNFFkRDUyOHhMTzZ5aFJGZ3pZOHlqc0plM2d2NEVCdzZfd1pJUE5sOHJ4UmphODZiV09YVUVEa2tzeTdzVElGMmJSbUtxVHplT2hVLTRsdHRNOEdLQmE3NWxoY1RIZUZoVHM2YUJhR1Z2WGVOV3k5RGM2STdnRGhsa1hkVXBhcGRPZ1lZREhibGROLTZfQko1X0R5Y3lJSVJtelY4QnZKVlFqeU5hTXVzQQ?oc=5,en,2026-08-26,
Saskatchewan sets 50% tariff on US alcohol after new Trump tariffs on Canadian goods,Reuters,reuters.com,reuters.com,2026-08-26,https://news.google.com/rss/articles/CBMivwFBVV95cUxQZDIzVFFiRldta09ZLVlHRXQ1WHdZNXItd0VhOTc2TXVoZTlzWDRLakdJVDZrSkFqWVNkUGtQS05MS2VZX2xqLTBtS2FVSDVYNi1lZDFOd2pQZUdEeFBmMWUxMWtQM05TLWFSTDItMHQ5SUFaWkdXMzBmMHNKMTVHM2xKdVZBajhQU2lCZXYxbzh5R2VON242QmtmRXZmeFFMcGFQYnFZZzI3WXp3NUJ3NmtkdjdRV2Z5TVVXYkQ1dw?oc=5,en,2026-08-26,
"Lawyer for Fed's Cook, targeted by Trump, says there are no grounds for dismissal",Reuters,reuters.com,reuters.com,2026-08-26,https://news.google.com/rss/articles/CBMivwFBVV95cUxOODA2VVdpOTRHa29OS3pHeW9HR2RBUkJ4a0RaNTNmb1UzRzhsVE1obnRaMEc2WklJdFJyUlowcTlXVmo2UmRIZTZIUk9WSkVZVUtEdWJPTGkwQmlKeXVOTjU3Rm9uZHFFSW84em9GREtYYUk0c3dUSVFRVzFVb01YNy1BaHpLZ2xyQlk1LV9oSTRzV3NyU0hPVUVBVndMUUlqRWVzNDFrcTFvTF9vQS1YWlpvN2tpRXU5RXB1YnBFRQ?oc=5,en,2026-08-26,
Trump says he signed proclamation to address 'unreasonably' high beef prices,Reuters,reuters.com,reuters.com,2026-08-26,https://news.google.com/rss/articles/CBMitwFBVV95cUxOZ2FMV0pDTUw5OG5UNHBxQlFGZXpPcU5SVzE2T1dPOFFOUEhyaEk5cWxjR081UVZjNS1mNmJfd3VJVGxxOXptallrZ3o5OXBWdnVvdW93cnYyaFRSV2dmbmRpQWZEUGlVdWVxbFlPNDlOdm0tbnVfaHUwNWVHNW1CR1M0ZDVJM2lWNkFYR0VVaVQ1bHZ1TUh0REh1T0pYWXZ1UWVHN0NsTTk0MklRZHRFQnpId2xGWDQ?oc=5,en,2026-08-26,
US judge blocks Trump overhaul of funding for fair housing groups,Reuters,reuters.com,reuters.com,2026-08-26,https://news.google.com/rss/articles/CBMisAFBVV95cUxNQXlreDEyTXhWWXV5Tjc1ZUcxSTRYV2FtRG5uNGVmR1MtRGxJREdyRnVUTzdrNENYWXk1eWlZeFJkQmJwRjNhaDhfSFRXMHBNd1JhQk01QlNkRm1XSWZUWlhrRVdjQW0tempPdms4dHd3TDhtZ01VNXRBbEozMGVIeTZSaGdBTk5nQWU2RE1ZNzBxZDluZzMwcy1ieC1SM0hSZm9QWFpoc0s0SnRVbjZBag?oc=5,en,2026-08-26,
"As Cook case smolders, Trump has other paths to shape Fed policy team",Reuters,reuters.com,reuters.com,2026-08-26,https://news.google.com/rss/articles/CBMiqwFBVV95cUxQNEJmbThtbExoV3BPMVVSOU9FMzNRSEVXX01palo1S2VHNExZYXpDSGFsUU5lU3c5UEo5X3M0TFpGSXR1RUNLZXY5X3BvN0Y0Rjg5dVhXYTc4V1Exb3c1M3pTUlNqT1NVSXNFc2tTQ19GbTUzU2RsUWF5bmFwR1dFN2NxaWlneEdUUk53ejVOc3NCQ19waFNVdlh3aG9VN3Z6WDVhR001bFVSZjQ?oc=5,en,2026-08-26,
Kentucky GOP candidate removes mentions of Trump from website,USA Today,usatoday.com,usatoday.com,2026-08-26,https://www.usatoday.com/story/news/politics/2026/08/26/kentucky-republican-candidate-removes-trump-campaign-website/91465172007/,en,2026-08-26,
"In this red state, cattle ranchers are fuming. They blame Trump.",USA Today,usatoday.com,usatoday.com,2026-08-26,https://www.usatoday.com/story/news/politics/2026/08/26/cattle-ranchers-montana-reel-trump-foreign-beef/91440529007/,en,2026-08-26,
Trump and Vance to headline GOP midterm convention in Dallas,USA Today,usatoday.com,usatoday.com,2026-08-26,https://www.usatoday.com/story/news/politics/2026/08/26/donald-trump-jd-vance-republican-midterm-convention-dallas/91482468007/,en,2026-08-26,
Confirmed diarrhea parasite cases now in 48 states. See map,USA Today,usatoday.com,usatoday.com,2026-08-26,https://www.usatoday.com/story/news/health/2026/08/26/confirmed-cyclospora-diarrhea-parasite-cases-affected-states-map/91479134007/,en,2026-08-26,
Francesca Hong lost WI primary; supporters rally behind Crowley now,USA Today,usatoday.com,usatoday.com,2026-08-26,https://www.usatoday.com/story/news/politics/elections/2026/08/26/francesca-hong-lost-wi-primary-her-supporters-rally-behind-crowley/91479647007/,en,2026-08-26,
Usha Vance said this about potential JD Vance presidential run,USA Today,usatoday.com,usatoday.com,2026-08-26,https://www.usatoday.com/story/news/politics/2026/08/26/usha-vance-interview-jd-vance-2028-presidential-run/91479678007/,en,2026-08-26,
Data shows Trump's 2026 primary endorsement power over GOP voters,USA Today,usatoday.com,usatoday.com,2026-08-26,https://www.usatoday.com/story/news/politics/elections/2026/08/26/trump-2026-primary-gop-republican-endorsements-data/91445969007/,en,2026-08-26,
Six charts explain how 6 months of war in Iran has affected you,USA Today,usatoday.com,usatoday.com,2026-08-26,https://www.usatoday.com/story/graphics/2026/08/26/how-iran-war-has-affected-you-charts/91351896007/,en,2026-08-26,
What a US trade war with Canada and new tariffs mean for prices,USA Today,usatoday.com,usatoday.com,2026-08-26,https://www.usatoday.com/story/money/economy/2026/08/26/us-tariff-trade-war-canada-means-prices/91474410007/,en,2026-08-26,
Stephen Colbert backs Jimmy Kimmel to win Emmy,USA Today,usatoday.com,usatoday.com,2026-08-26,https://www.usatoday.com/story/entertainment/tv/2026/08/26/stephen-colbert-jimmy-kimmel-emmys/91470732007/,en,2026-08-26,
Trump to headline RNC fundraiser in Texas as Paxton race approaches,USA Today,usatoday.com,usatoday.com,2026-08-26,https://www.usatoday.com/story/news/politics/2026/08/26/trump-texas-rnc-fundraiser-ken-paxton/91471519007/,en,2026-08-26,
How Dolly Parton became a rare cultural unifier,USA Today,usatoday.com,usatoday.com,2026-08-26,https://www.usatoday.com/story/entertainment/music/2026/08/26/dolly-parton-influence-country-music/91469341007/,en,2026-08-26,
Dolly Parton declined awards including Presidential Medal of Freedom,USA Today,usatoday.com,usatoday.com,2026-08-26,https://www.usatoday.com/story/entertainment/celebrities/2026/08/26/dolly-parton-awards-presidential-medal-of-freedom/91471344007/,en,2026-08-26,
Are Trump and Jackson on the same page about Georgia elections?,USA Today,usatoday.com,usatoday.com,2026-08-26,https://www.usatoday.com/story/news/state/georgia/2026/08/26/are-trump-and-jackson-on-the-same-page-about-georgia-elections/91471452007/,en,2026-08-26,
'Shenanigans.' Canadian official rejects Trump renaming Lake Ontario,USA Today,usatoday.com,usatoday.com,2026-08-26,https://www.usatoday.com/story/news/politics/2026/08/26/canada-trump-rename-lake-ontario/91473236007/,en,2026-08-26,
Trump approval is down in 47 states. A convention won't help,USA Today,usatoday.com,usatoday.com,2026-08-26,https://www.usatoday.com/story/opinion/columnist/2026/08/26/dallas-convention-trump-polls-republicans-midterms/91392020007/,en,2026-08-26,
James Talarico is pressing to release Ken Paxton's sealed depositions,USA Today,usatoday.com,usatoday.com,2026-08-26,https://www.usatoday.com/story/news/politics/elections/2026/08/26/talarico-paxton-texas-sealed-depositions-attorney-client/91465823007/,en,2026-08-26,
Dan J. Sullivan advances to next round in Alaska Senate race,USA Today,usatoday.com,usatoday.com,2026-08-26,https://www.usatoday.com/story/news/politics/2026/08/26/dan-sullivan-alaska-us-senate-race/91469534007/,en,2026-08-26,
Trump says 'maybe I wasn't' kidding about renaming Lake Ontario,USA Today,usatoday.com,usatoday.com,2026-08-26,https://www.usatoday.com/story/news/politics/2026/08/26/trump-renaming-lake-ontario-trade-war-canada/91472205007/,en,2026-08-26,
California man arrested with guillotine in truck at Supreme Court,USA Today,usatoday.com,usatoday.com,2026-08-26,https://www.usatoday.com/story/news/crime/2026/08/26/california-man-arrested-guillotine-supreme-court-capitol/91471859007/,en,2026-08-26,
See SC Senate election results as Darline Graham wins GOP nomination,USA Today,usatoday.com,usatoday.com,2026-08-26,https://www.usatoday.com/story/news/politics/elections/2026/08/26/darline-graham-south-caroline-senate-primary-election-results/91454206007/,en,2026-08-26,
Trump believes Iran Supreme Leader Mojtaba Khamenei is still alive,USA Today,usatoday.com,usatoday.com,2026-08-26,https://www.usatoday.com/story/news/politics/2026/08/26/donald-trump-iran-supreme-leader-mojtaba-khamenei-dead/91473141007/,en,2026-08-26,
"Trump says Dolly Parton 'really liked me,' not a 'political person'",USA Today,usatoday.com,usatoday.com,2026-08-26,https://www.usatoday.com/story/news/politics/2026/08/26/trump-reacts-flags-lowered-dolly-parton-death/91471501007/,en,2026-08-26,
Trump calls CIA Director John Ratcliffe's trip to Russia 'semi-routine',USA Today,usatoday.com,usatoday.com,2026-08-26,https://www.usatoday.com/story/news/politics/2026/08/26/donald-trump-john-ratcliffe-cia-moscow-russia/91471785007/,en,2026-08-26,
Trump admin pauses immigrant visa appointments worldwide,USA Today,usatoday.com,usatoday.com,2026-08-26,https://www.usatoday.com/story/news/politics/2026/08/26/trump-admin-pauses-immigrant-visa-appointments-worldwide/91470318007/,en,2026-08-26,
"Dolly Parton dead at 80 after cancer battle: Miley Cyrus post, updates",USA Today,usatoday.com,usatoday.com,2026-08-26,https://www.usatoday.com/story/entertainment/music/2026/08/26/dolly-parton-death-cause-today-live-updates/91470760007/,en,2026-08-26,
"Trump's troubles tighten Iowa races for Senate, governor: Poll",USA Today,usatoday.com,usatoday.com,2026-08-26,https://www.usatoday.com/story/news/politics/elections/2026/08/26/trump-iowa-poll-senate-governor/91452491007/,en,2026-08-26,
Families describe the toll of the USS Lincoln’s long deployment,USA Today,usatoday.com,usatoday.com,2026-08-26,https://www.usatoday.com/story/news/nation/2026/08/26/families-describe-the-toll-of-the-uss-lincolns-long-deployment-the-excerpt/91464061007/,en,2026-08-26,
States prepare to fight Trump mail ballot rules,USA Today,usatoday.com,usatoday.com,2026-08-26,https://www.usatoday.com/story/news/politics/2026/08/26/states-prepare-to-fight-trump-mail-ballot-rules/91446413007/,en,2026-08-26,
How NYC Mayor Zohran Mamdani paid tribute to Dolly Parton,USA Today,usatoday.com,usatoday.com,2026-08-26,https://www.usatoday.com/story/news/state/new-york/new-york-city/2026/08/26/how-nyc-mayor-zohran-mamdani-paid-tribute-to-dolly-parton/91471479007/,en,2026-08-26,
Trump's endorsement pivotal in Darline Graham's SC Senate primary win,USA Today,usatoday.com,usatoday.com,2026-08-26,https://www.usatoday.com/story/news/politics/elections/2026/08/26/darline-graham-donald-trump-south-carolina-senate-runoff/91466177007/,en,2026-08-26,
College football's power brokers: Ranking 25 most influential figures,USA Today,usatoday.com,usatoday.com,2026-08-26,https://www.usatoday.com/story/sports/ncaaf/2026/08/26/college-football-most-powerful-people-ranking-2026/91194911007/,en,2026-08-26,
Will the US-Canada trade war affect your trip?,USA Today,usatoday.com,usatoday.com,2026-08-26,https://www.usatoday.com/story/travel/news/2026/08/26/canada-trade-war-travel-cost/91461706007/,en,2026-08-26,
States sue over new Trump mail ballot rules,USA Today,usatoday.com,usatoday.com,2026-08-26,https://www.usatoday.com/story/news/politics/elections/2026/08/26/states-sue-over-new-trump-mail-ballot-rules/91472494007/,en,2026-08-26,
Fired FEMA crew leader defends skipping homes with Trump campaign signs,Washington Post,washingtonpost.com,washingtonpost.com,2026-08-26,https://www.washingtonpost.com/weather/2026/08/26/fired-fema-crew-leader-defends-skipping-homes-with-trump-campaign-signs/,en,2026-08-26,
"Judge lifts block on Trump changes to mail voting, though legal fights continue",Washington Post,washingtonpost.com,washingtonpost.com,2026-08-26,https://www.washingtonpost.com/politics/2026/08/26/judge-lifts-block-trump-changes-mail-voting-though-legal-fights-continue/,en,2026-08-26,
"Trump visa restrictions will worsen strains on the economy, experts say",Washington Post,washingtonpost.com,washingtonpost.com,2026-08-26,https://www.washingtonpost.com/politics/2026/08/26/trump-visa-restrictions-will-worsen-strains-economy-experts-say/,en,2026-08-26,
Lawyers gear up as Trump administration threatens election officials with arrest,Washington Post,washingtonpost.com,washingtonpost.com,2026-08-26,https://www.washingtonpost.com/politics/2026/08/26/lawyers-gear-up-trump-administration-threatens-election-officials-with-arrest/,en,2026-08-26,
Trump’s plan to rebuild Navy ships has major holes,Washington Post,washingtonpost.com,washingtonpost.com,2026-08-26,https://www.washingtonpost.com/opinions/2026/08/26/trump-navy-memo-has-bold-reforms-flawed-design-choices/,en,2026-08-26,
A rift over a weed killer is dividing a pro-Trump alliance,Washington Post,washingtonpost.com,washingtonpost.com,2026-08-26,https://news.google.com/rss/articles/CBMitAFBVV95cUxPaXFyOHFqbkNJVXMwcll0aHpvWW9YSlBoQ1RrUzRGY3d3VnlEYUQzV3FxNThRbmF5VjlOZFpva2UxaXpWNDFJd3A1Q2ltQXRWdV9LUnAycFQxOGFuM3RvVFNNek5Tem1DTnJjeXZ3dkp2MHMxWE13N2JlVHpIQ3NfcUd0Smp0REc3VTlKc29iR1FSYlhVcVl5cXg4SHlaZ3JrMWN3V0tYeFpxTHZ5c0FkWGlSNWc?oc=5,en,2026-08-26,
Opinion | Trump’s plan to rebuild Navy ships has major holes,Washington Post,washingtonpost.com,washingtonpost.com,2026-08-26,https://news.google.com/rss/articles/CBMiqgFBVV95cUxQcHpNd2JHOHVjOVdjNlBWbVRWTmxGcGpnMEZKT0V2QXNkNTVkNFVaZ3ZCQ2RBZkxwNzNOazlFRXJaR2E2eEpJTGRLbHY0T1pqcjR2OHF0ZzBNelpQdHRzZ0l5VHFHdGZ5aWYtSUdnRGxvaFp1QUR2WUxWak1fYjRIWjIzYUxYTWNmc3B6Q0lUcHgxQkIyMjlzaE1tQUtHbTJHeEtSZlA4SWtCUQ?oc=5,en,2026-08-26,
Trump signs executive order renaming Lake Ontario to 'Lake America',ABC News,abcnews.go.com,abcnews.go.com,2026-08-27,https://abcnews.com/Politics/trump-signs-executive-order-renaming-lake-ontario-lake/story?id=136009323,en,2026-08-27,
Republicans face midterm verdict as Iran war drags on longer than Trump promised,ABC News,abcnews.go.com,abcnews.go.com,2026-08-27,https://abcnews.com/Politics/wireStory/republicans-face-midterm-verdict-iran-war-drags-months-135998199,en,2026-08-27,
Republicans face a midterm verdict as Iran war drags on months longer than Trump promised,ABC News,abcnews.go.com,abcnews.go.com,2026-08-27,https://news.google.com/rss/articles/CBMipgFBVV95cUxNeEttU0hfMGVEalg5SWJOOE1rSDBZMDd6X0ttRjc2YVlXdnhLbG9Sd0hocjkxZ3pNS3hmMlVxdDdHTGI2U3l6MWVhZzlZOExIRzR1QjBwODZDRldZTnZUY2x4NTVvMU5BNjMwZjdrTzJrQ3lPWHlndzRVOGtINl9ra1Y4azhXUFhsMkRxdl9iM1FhR3RNZEtRMndKd0dnNWRaY2MzNFB30gGrAUFVX3lxTE5hMGM4R0YydXdxVFJxNVY5bUhFbnRyTE9HOXpVM3Z6cmdMYjNUZU92OGQwMkgzSDdaR2NVbldsdE1JMGlNZGppMUd4T0JDdXlFMWdxckpqWGtSMV9Fc1Jyb0pWQ1UwOUdMNms0WTdpWEc0LVdYSk1qNDBWLTkyTDFjNHk2cDBMOFNVNVM4MEVWRUMxcTFyaFdJOFVLRjltbUg0V2pHZGJjenc0TQ?oc=5,en,2026-08-27,
President Trump signs executive order renaming Lake Ontario to 'Lake America',ABC News,abcnews.go.com,abcnews.go.com,2026-08-27,https://news.google.com/rss/articles/CBMiTEFVX3lxTFBvdko1M3VSTWNhZWY5TWJndDRXQWxrQWpEZWJhell0LXN6bGRQdzBvN2pnLXJzdVV5c3pRSXNjRjRwdTUyWUVaS2FNQzc?oc=5,en,2026-08-27,
Fed governor Lisa Cook slams Trump's renewed threat to fire her,ABC News,abcnews.go.com,abcnews.go.com,2026-08-27,https://news.google.com/rss/articles/CBMioAFBVV95cUxONHV0Qk12Wm82Z09ReEFOUEttWWpUWnhhQnZYU0p2Wk5OWC1RcGt3b3NEWWxKWlZ6YW82Ukk1aFAzNUlMRERmaTBTMTZnV3RDU1pCTlFXVUpuOVZsdTZOdW92dk1hcGRCdW56OF9peDd0VzUtUDkyLVpubTdOM0M5YUg2cU9xa3dmZDFQdXBJcGNSSFpFZE5vaFpWcnNoS0x10gGmAUFVX3lxTE41RC1LRnc1SVplMVVTY2ExMUQ2NzJCa1VHR0lVSTBady14c2lLZzVpMGlzZXByRlF4VGFLWVRVSmc3cnJSNV9NQWEyTDBHX3NQSFZoSGFRQ0UwMzFGTlNETG93UVh0VkpQNGcwU0gyUm90cEQ0ZnRyeUVpZUtSLVZQc3UtUzQtTVhwREZBUmlHeEVWdnZqZWR4anZ3WlE5bDVaZVF2V3c?oc=5,en,2026-08-27,
Carney to address European Parliament as Canada deepens ties after break with Trump,ABC News,abcnews.go.com,abcnews.go.com,2026-08-27,https://news.google.com/rss/articles/CBMirgFBVV95cUxNdlhEb0hIT1VvdjI4Uk9jT0VzV095SEJHUVFfRG9rNmR4c3FDbHNzdkgzNlNxZUw5c0JMTGZZbERGeU5WY280TVZjakUzblhUZGhhSnVGclZGbWJxMTFzaGNYbmo4S3Y0Y1IxbmlfbFJKcW1RYk9reGtNSEJVM1ppelgxUDVTTXFPWHJKVUZqdDBGcVU1YzNvbnN5YVpuMXY2Qy1PMTZNWEpvR1hxdVHSAbMBQVVfeXFMTllwbW9wRWdIWkNieHRrS2xqa20ydXlwYjJJZzZQSWhjLU1Obktod2FoTHFmRXowcWh0RFFZaTQwMG11RzlOZWNCSk5WNFVPNVYzaFlBam5JbHNoMWtfaU04V3gyTE5FNm5ITHNHYzZxOGduX2FHcC1vZHhfTmdmLXJQU3ViQ2VRd2NaSk1Eb2xzN0VUQjBjZ0lKVTBIcDBkVlA5TlpVdHJJMTRXV1RGaGxaUjQ?oc=5,en,2026-08-27,
"The Panama Canal’s Real Challenge Is Water, Not Geopolitics",Bloomberg,bloomberg.com,bloomberg.com,2026-08-27,https://www.bloomberg.com/opinion/articles/2026-08-27/panama-canal-s-real-challenge-is-water-not-geopolitics,en,2026-08-27,
Greer Suggests US Needs to Consider Bans on Canadian Goods,Bloomberg,bloomberg.com,bloomberg.com,2026-08-27,https://www.bloomberg.com/news/articles/2026-08-27/greer-suggests-us-needs-to-consider-bans-on-canadian-goods,en,2026-08-27,
Top House Democrat Probes 1789 Capital on Trump Family Ties,Bloomberg,bloomberg.com,bloomberg.com,2026-08-27,https://www.bloomberg.com/news/articles/2026-08-27/top-house-democrat-probes-1789-capital-over-trump-family-ties,en,2026-08-27,
"Trump Renames Lake Ontario as Lake America, Fans Canada Spat",Bloomberg,bloomberg.com,bloomberg.com,2026-08-27,https://www.bloomberg.com/news/articles/2026-08-27/trump-renames-lake-ontario-as-lake-america-stoking-canada-spat,en,2026-08-27,
Trump Says Putin Will Not Be Attacking NATO Territory,Bloomberg,bloomberg.com,bloomberg.com,2026-08-27,https://www.bloomberg.com/news/articles/2026-08-27/trump-says-putin-will-not-be-attacking-nato-territory,en,2026-08-27,
Trump Renames Lake Ontario as Lake America,Bloomberg,bloomberg.com,bloomberg.com,2026-08-27,https://www.bloomberg.com/news/videos/2026-08-27/trump-renames-lake-ontario-as-lake-america-video,en,2026-08-27,
Trump Renames Lake Ontario as Lake America (Remarks),Bloomberg,bloomberg.com,bloomberg.com,2026-08-27,https://www.bloomberg.com/news/videos/2026-08-27/trump-renames-lake-ontario-as-lake-america-remarks-video,en,2026-08-27,
Trump Presses Mexico’s Sheinbaum to Stop Migrants at US Border,Bloomberg,bloomberg.com,bloomberg.com,2026-08-27,https://www.bloomberg.com/news/articles/2026-08-27/trump-presses-mexico-s-sheinbaum-to-stop-migrants-at-us-border,en,2026-08-27,
"Trump Renames Lake Ontario, Lutnick: Canada Left Trade Talks",Bloomberg,bloomberg.com,bloomberg.com,2026-08-27,https://www.bloomberg.com/news/audio/2026-08-27/trump-renames-lake-ontario-lutnick-canada-left-trade-talks,en,2026-08-27,
Fed’s Cook Denies Wrongdoing as Trump Renews Bid to Fire Her,Bloomberg,bloomberg.com,bloomberg.com,2026-08-27,https://news.google.com/rss/articles/CBMiswFBVV95cUxNYVF6MWZ0c2x1dmxWYlVYT1BWR2ZfdDlTUXdYVzlHYm41ODhZM1Rsc1lEaXpPc1RsS0taY1RUSE5YaTl3TzM1Z1oxemRTQXp4MThJSl9DUHBLVEpPaTkxQ2lMLTdTMDNBVm9zREYtdURONXJiTXBaMXZDYzQ2OUFsMVRmd0xDSzVGeVVjRFpyY09nSVJHd0NrVDVhMV9xWFVJQU5lQmRXYlh1VVRhdkpPVFdRSQ?oc=5,en,2026-08-27,
Trump Eases Tariffs on Some Ground Beef Products to Lower Prices,Bloomberg,bloomberg.com,bloomberg.com,2026-08-27,https://news.google.com/rss/articles/CBMitgFBVV95cUxPSGc4U1o0Szg1SUpkMWMtX2xCcHFUN292RVdreWtUMjdEOVJMQkRONkxkNHI2ZmM3S0ZrYTU3d1RMNHREVFdaVUd0dDJjZlhkc09RcGRWbXg4X1htZFlsbE04ZkhIZmZ3NkFZWi1TYnRlODZBc0JxVnVSaE8wbUlEX2xHcm1rc3dJRy0td0drdmlPamUyS19vX1ZHUlRmVVBHX1JpbnNUaDFyblNfNFpxSnRKTzJxZw?oc=5,en,2026-08-27,
"Trump $103,000 H-1B Charge Tests Bounds of Fee-Setting Authority",Bloomberg,bloomberg.com,bloomberg.com,2026-08-27,https://news.google.com/rss/articles/CBMitAFBVV95cUxOdVd2NnJzZDIwSDVLeWRxYk1IaXdybzhvWnUyY1haNEg5ZHZnbDMxT0FQakZBS1JwdWcxX2VvbEVPamJmVzhLWEdLRW9SWndKX3FPOUNtaGx4aWNCb3FrWlhKNmRYU3ZjWklzblJWQ19sNm9DTXRDNVB1a0duVFc1Rm9PdGczWUZJdVFZUEJCZGxMLTdRMlVTTTVneXZDdHlpaTJiZERGMzBQc1V5SjgwamN4QTE?oc=5,en,2026-08-27,
"Trump touts ""very big victory"" in Iran but says the war ""will continue for as long as necessary""",CBS News,cbsnews.com,cbsnews.com,2026-08-27,https://www.cbsnews.com/video/trump-touts-very-big-victory-in-iran-but-says-the-war-will-continue-for-as-long-as-necessary/,en,2026-08-27,
"Fed's Lisa Cook pushes back on Trump firing threat, says she ""never committed mortgage fraud""",CBS News,cbsnews.com,cbsnews.com,2026-08-27,https://www.cbsnews.com/news/lisa-cook-denies-trump-mortgage-fraud-allegations/,en,2026-08-27,
"Trump insists U.S. is winning against Iran but war will continue ""as long as necessary""",CBS News,cbsnews.com,cbsnews.com,2026-08-27,https://www.cbsnews.com/video/trump-insists-us-is-winning-against-iran/,en,2026-08-27,
Judge to consider whether influencer brothers Andrew and Tristan Tate should be released during extradition fight,CBS News,cbsnews.com,cbsnews.com,2026-08-27,https://www.cbsnews.com/miami/news/andrew-tristan-tate-brothers-sex-trafficking-rape-charges-miami-extradition/,en,2026-08-27,
"Trump's oil and gas stock trades continued during Iran war, filings show",CBS News,cbsnews.com,cbsnews.com,2026-08-27,https://www.cbsnews.com/miami/news/trumps-oil-gas-stock-trades-iran-war/,en,2026-08-27,
"Trump oil and gas stock trades continued during Iran war , filings show",CBS News,cbsnews.com,cbsnews.com,2026-08-27,https://www.cbsnews.com/news/trumps-oil-gas-stock-trades-iran-war/,en,2026-08-27,
Trump signs executive order to rename Lake Ontario  Lake America,CBS News,cbsnews.com,cbsnews.com,2026-08-27,https://www.cbsnews.com/news/trump-executive-order-lake-ontario-lake-america/,en,2026-08-27,
Republicans worry Trump’s midterms convention will flop,CNN,cnn.com,cnn.com,2026-08-27,https://www.cnn.com/2026/08/27/politics/trump-midterms-convention-flop,en,2026-08-27,
Trump’s ambassador to Italy is cruising the Med on a $450M yacht,CNN,cnn.com,cnn.com,2026-08-27,https://www.cnn.com/2026/08/27/style/tilman-fertitta-yacht-italy,en,2026-08-27,
USS Theodore Roosevelt set to sail to the Middle East as Trump claims US sanctions will win war,CNN,cnn.com,cnn.com,2026-08-27,https://www.cnn.com/2026/08/27/world/live-news/iran-war-trump,en,2026-08-27,
"Trump, Facing a Tough Midterm Landscape, Says Voters Are Angry at Republicans--But Not At Him",Fox News,foxnews.com,foxnews.com,2026-08-27,https://radio.foxnews.com/2026/08/27/trump-facing-a-tough-midterm-landscape-says-voters-are-angry-at-republicans-but-not-at-him/,en,2026-08-27,
Pipko: The Midterms Will Be A Clear Choice Between People Who Love Our Country And Those Who Don't,Fox News,foxnews.com,foxnews.com,2026-08-27,https://radio.foxnews.com/2026/08/27/pipko-the-midterms-will-be-a-clear-choice-between-people-who-love-our-country-and-those-who-dont/,en,2026-08-27,
Jon Ossoff condemns Hasan Piker's rhetoric as streamer declares mainstream media 'crisis of credibility',Fox News,foxnews.com,foxnews.com,2026-08-27,https://www.foxnews.com/media/jon-ossoff-condemns-hasan-pikers-rhetoric-streamer-declares-mainstream-media-crisis-credibility,en,2026-08-27,
12 races scramble Senate battlefield as Democrats eye comeback,Fox News,foxnews.com,foxnews.com,2026-08-27,https://www.foxnews.com/politics/12-races-scramble-senate-battlefield-democrats-eye-comeback,en,2026-08-27,
Campus antisemitism is an America First issue. Alumni must stay in the fight.,Fox News,foxnews.com,foxnews.com,2026-08-27,https://www.foxnews.com/opinion/campus-antisemitism-america-first-issue-alumni-must-stay-fight,en,2026-08-27,
Democrats hand Trump one power they spent years fighting,Fox News,foxnews.com,foxnews.com,2026-08-27,https://www.foxnews.com/politics/democrats-hand-trump-one-power-spent-years-fighting,en,2026-08-27,
Trump administration designates three far-left groups as violent terrorist networks under new sanctions,Fox News,foxnews.com,foxnews.com,2026-08-27,https://www.foxnews.com/politics/trump-administration-designates-three-far-left-groups-violent-terrorist-networks-new-sanctions,en,2026-08-27,
DOJ announces 81 alleged gang members indicted after Puerto Rico drug trafficking takedown,Fox News,foxnews.com,foxnews.com,2026-08-27,https://www.foxnews.com/politics/doj-announces-81-alleged-gang-members-indicted-puerto-rico-drug-trafficking-takedown,en,2026-08-27,
Trump renames Lake Ontario ‘Lake America’ amid intensifying US-Canada trade dispute,Fox News,foxnews.com,foxnews.com,2026-08-27,https://www.foxnews.com/politics/trump-renames-lake-ontario-lake-america-amid-intensifying-us-canada-trade-dispute,en,2026-08-27,
DHS fires 3 more FEMA workers after IG report finds crew skipped homes with pro-Trump signs,Fox News,foxnews.com,foxnews.com,2026-08-27,https://www.foxnews.com/politics/dhs-fires-fema-workers-ig-report-crew-skipped-homes-pro-trump-signs,en,2026-08-27,
Former MLB and NFL stars Mark Teixeira and Jay Feely credit Sean Hannity for congressional runs,Fox News,foxnews.com,foxnews.com,2026-08-27,https://www.foxnews.com/media/former-mlb-nfl-stars-mark-teixeira-jay-feely-credit-sean-hannity-congressional-runs,en,2026-08-27,
Judge sentences Feeding Our Future fraudsters who faked running child nutrition site,Fox News,foxnews.com,foxnews.com,2026-08-27,https://www.foxnews.com/politics/judge-sentences-feeding-our-future-fraudsters-faked-running-child-nutrition-site,en,2026-08-27,
House GOP subpoenas doctor behind 'Have My Baby in Miami' birth tourism business,Fox News,foxnews.com,foxnews.com,2026-08-27,https://www.foxnews.com/politics/house-gop-subpoenas-doctor-behind-have-my-baby-miami-birth-tourism-business,en,2026-08-27,
Karoline Leavitt reveals she’s advised Trump on White House replacement in final interview as press secretary,Fox News,foxnews.com,foxnews.com,2026-08-27,https://www.foxnews.com/media/karoline-leavitt-reveals-advised-trump-white-house-replacement-final-interview-press-secretary,en,2026-08-27,
One unexpected price surge most Americans don’t see is raising the stakes for Trump before November,Fox News,foxnews.com,foxnews.com,2026-08-27,https://www.foxnews.com/politics/unexpected-price-surge-americans-dont-see-raising-stakes-trump-november,en,2026-08-27,
"Governor Landry backs Lane Kiffin, LSU in fight with SEC: ‘Don’t hate the player, hate the game’",Fox News,foxnews.com,foxnews.com,2026-08-27,https://www.foxnews.com/outkick-sports/governor-landry-backs-lane-kiffin-lsu-fight-sec-dont-hate-player-hate-game,en,2026-08-27,
Iowa Dem gubernatorial candidate says he would not want Biden or Harris to campaign for him,Fox News,foxnews.com,foxnews.com,2026-08-27,https://www.foxnews.com/politics/rob-sand-biden-harris-iowa-governor,en,2026-08-27,
Trump signs order renaming Lake Ontario as 'Lake America' in the United States,Los Angeles Times,latimes.com,latimes.com,2026-08-27,https://www.latimes.com/world-nation/story/2026-08-27/trump-signs-order-renaming-lake-ontario-as-lake-america-in-united-states,en,2026-08-27,
3 L.A. night hikes to watch the 'blood moon' eclipse,Los Angeles Times,latimes.com,latimes.com,2026-08-27,https://www.latimes.com/travel/newsletter/2026-08-27/the-wild-los-angeles-full-moon-blood-moon-eclipse-night-hikes-for-heat,en,2026-08-27,
USS Abraham Lincoln will stop in Thailand on its way home from lengthy deployment in Middle East,Los Angeles Times,latimes.com,latimes.com,2026-08-27,https://www.latimes.com/world-nation/story/2026-08-27/uss-abraham-lincoln-will-stop-in-thailand-on-its-way-home-from-lengthy-deployment-in-middle-east,en,2026-08-27,
Iran scrambles to sustain trade as U.S. threatens to sanction countries that refuse to break ties,Los Angeles Times,latimes.com,latimes.com,2026-08-27,https://www.latimes.com/world-nation/story/2026-08-27/iran-scrambles-to-sustain-trade-as-u-s-threatens-to-sanction-countries-that-refuse-to-break-ties,en,2026-08-27,
"U.S. Patriot missile stocks in Europe are 'beyond critical' due to Iran war, officials say",Los Angeles Times,latimes.com,latimes.com,2026-08-27,https://www.latimes.com/world-nation/story/2026-08-27/u-s-patriot-missile-stocks-in-europe-are-beyond-critical-due-to-iran-war-officials-say,en,2026-08-27,
Republicans face a midterm verdict as Iran war drags on months longer than Trump promised,Los Angeles Times,latimes.com,latimes.com,2026-08-27,https://www.latimes.com/world-nation/story/2026-08-27/republicans-face-midterm-verdict-as-iran-war-drags-on-months-longer-than-trump-promised,en,2026-08-27,
"Letters to the Editor: In global conflict, it’s always the poorest who suffer the most",Los Angeles Times,latimes.com,latimes.com,2026-08-27,https://www.latimes.com/opinion/letters-to-the-editor/story/2026-08-27/in-global-conflict-its-always-poorest-who-suffer-most,en,2026-08-27,
ICE officer charged in Minneapolis shooting released in Texas after immediate extradition rejected,Los Angeles Times,latimes.com,latimes.com,2026-08-27,https://www.latimes.com/world-nation/story/2026-08-27/ice-officer-charged-in-minneapolis-shooting-released-in-texas-after-immediate-extradition-rejected,en,2026-08-27,
"Letters to the Editor: After multiple losses, of course Trump starts a trade war with an ally",Los Angeles Times,latimes.com,latimes.com,2026-08-27,https://www.latimes.com/opinion/letters-to-the-editor/story/2026-08-27/canada-trade-war-trump,en,2026-08-27,
"Ukraine's president coos over a puppy, starting a new volley in his war of visuals against Russia",Los Angeles Times,latimes.com,latimes.com,2026-08-27,https://www.latimes.com/world-nation/story/2026-08-27/ukraines-president-coos-over-puppy-starting-new-volley-in-his-war-of-visuals-against-russia,en,2026-08-27,
Is Big Brother working retail? How the algorithm prices your groceries,Los Angeles Times,latimes.com,latimes.com,2026-08-27,https://www.latimes.com/california/newsletter/2026-08-27/how-algorithm-prices-your-groceries,en,2026-08-27,
California's new fire-safe landscaping rules are strongest in the country,Los Angeles Times,latimes.com,latimes.com,2026-08-27,https://www.latimes.com/environment/newsletter/2026-08-27/californias-new-fire-safe-landscaping-rules-are-strongest-in-the-country,en,2026-08-27,
‘Too many cases’: Mexico confronts U.S. over deaths of its citizens in ICE custody,Los Angeles Times,latimes.com,latimes.com,2026-08-27,https://www.latimes.com/world-nation/story/2026-08-27/too-many-cases-mexico-confronts-u-s-over-deaths-of-its-citizens-in-ice-custody,en,2026-08-27,
"Electric heavy-duty trucks will be able to run from Baja to Canada, West Coast leaders pledge",Los Angeles Times,latimes.com,latimes.com,2026-08-27,https://www.latimes.com/environment/story/2026-08-27/electric-heavy-duty-trucks-will-be-able-to-run-from-baja-to-canada,en,2026-08-27,
Olivia Rodrigo's Daisy Chain Fields is a festival-scale roar for abortion rights and women's health,Los Angeles Times,latimes.com,latimes.com,2026-08-27,https://www.latimes.com/entertainment-arts/story/2026-08-27/olivia-rodrigos-daisy-chain-fields-is-festival-scale-roar-for-abortion-rights-womens-health,en,2026-08-27,
Tons of planet-warming gases are bubbling up from reservoirs. California is going to keep track,Los Angeles Times,latimes.com,latimes.com,2026-08-27,https://www.latimes.com/environment/story/2026-08-27/california-methane-reservoirs,en,2026-08-27,
What would Dolly do? Trump should learn from her life and legacy,Los Angeles Times,latimes.com,latimes.com,2026-08-27,https://www.latimes.com/opinion/story/2026-08-27/dolly-parton-politics-donald-trump,en,2026-08-27,
"Commentary: 'An endless amount of corruption.' In a Democratic House, Trump would face a reckoning",Los Angeles Times,latimes.com,latimes.com,2026-08-27,https://www.latimes.com/politics/newsletter/2026-08-27/trump-accountabilty-midterm-election-democrats-congress-robert-garcia,en,2026-08-27,
Father pushes for change after Meta's $18 billion settlement,NBC News,nbcnews.com,nbcnews.com,2026-08-27,https://www.nbcnews.com/video/father-pushes-for-change-after-meta-s-18-billion-settlement-268923973624,en,2026-08-27,
"Meta reaches $17B settlement. And, nuclear regulator to abandon radiation safety rule",NPR,npr.org,npr.org,2026-08-27,https://www.npr.org/2026/08/27/g-s1-140414/up-first-newsletter-meta-settlement-mail-in-voting-nrc-regulations-nepal-tibet-flooding,en,2026-08-27,
A look at Trump's inner circle and the increased resistance from some of his allies,NPR,npr.org,npr.org,2026-08-27,https://www.npr.org/2026/08/27/nx-s1-5945134/a-look-at-trumps-inner-circle-and-the-increased-resistance-from-some-of-his-allies,en,2026-08-27,
Some states are allowing lawsuits against federal agents. Is it a viable option?,NPR,npr.org,npr.org,2026-08-27,https://www.npr.org/2026/08/27/nx-s1-5928518/some-states-are-allowing-lawsuits-against-federal-agents-is-it-a-viable-option,en,2026-08-27,
Trump under pressure at home and abroad as midterms approach,NPR,npr.org,npr.org,2026-08-27,https://www.npr.org/2026/08/27/nx-s1-5945291/trump-under-pressure-at-home-and-abroad-as-midterms-approach,en,2026-08-27,
Andrew Tate is seeking bail in his extradition fight. Here's why that's unlikely,NPR,npr.org,npr.org,2026-08-27,https://www.npr.org/2026/08/27/nx-s1-5918058/andrew-tate-extradition,en,2026-08-27,
"Jon Ossoff, usually a head down senator, has found a formula to excite Democrats",NPR,npr.org,npr.org,2026-08-27,https://www.npr.org/2026/08/27/nx-s1-5935282/jon-ossoff-georgia-senate-race,en,2026-08-27,
"Before an emergency hearing, the Kennedy Center's board threatens to demolish it",NPR,npr.org,npr.org,2026-08-27,https://www.npr.org/2026/08/27/nx-s1-5945238/emergency-hearing-kennedy-center-demolish-threat,en,2026-08-27,
Nuclear regulator prepares to abandon decades-old radiation safety rule,NPR,npr.org,npr.org,2026-08-27,https://www.npr.org/2026/08/27/nx-s1-5920368/nrc-nuclear-radiation-safety-rules-alara-update,en,2026-08-27,
Official leading Trump's Gaza ceasefire effort criticizes Israel for its attacks,NPR,npr.org,npr.org,2026-08-27,https://www.npr.org/2026/08/27/g-s1-140400/israel-gaza-ceasefire,en,2026-08-27,
Official leading Trump Gaza ceasefire effort criticizes Israel for its attacks,NPR,npr.org,npr.org,2026-08-27,https://knpr.org/npr/2026-08-26/official-leading-trumps-gaza-ceasefire-effort-criticizes-israel-for-its-attacks,en,2026-08-27,
How to handle Donald Trump – and other World Cup lessons for the L.A. Olympics,New York Times,nytimes.com,nytimes.com,2026-08-27,https://www.nytimes.com/athletic/7537740/2026/08/27/los-angeles-2028-olympics-trump/,en,2026-08-27,
"Roy Cohn, Robert Mapplethorpe and a Trump-Era Dilemma Over Free Speech",New York Times,nytimes.com,nytimes.com,2026-08-27,https://www.nytimes.com/2026/08/27/business/media/roy-cohn-robert-mapplethorpe-american-scoundrel.html,en,2026-08-27,
Republicans Caught in a Bind With Trump as Midterms Near,New York Times,nytimes.com,nytimes.com,2026-08-27,https://www.nytimes.com/2026/08/27/us/politics/trump-midterm-election-republicans.html,en,2026-08-27,
U.S. to Withdraw 200 Troops Sent to Nigeria Under Trump,New York Times,nytimes.com,nytimes.com,2026-08-27,https://www.nytimes.com/2026/08/27/us/politics/nigeria-trump-troops-terror-attacks.html,en,2026-08-27,
Trump Raises Money in Texas With Control of the Senate in the Balance,New York Times,nytimes.com,nytimes.com,2026-08-27,https://www.nytimes.com/2026/08/27/us/politics/trump-texas-senate-fund-raiser.html,en,2026-08-27,
Trump Administration to Expand Deportation Flights to Haiti,New York Times,nytimes.com,nytimes.com,2026-08-27,https://www.nytimes.com/2026/08/27/us/politics/haiti-deportation-flights.html,en,2026-08-27,
The Last Thing We Need Is a Bad Nuclear Deal From Trump,New York Times,nytimes.com,nytimes.com,2026-08-27,https://www.nytimes.com/2026/08/27/opinion/international-world/saudi-nuclear-deal-congress-trump.html,en,2026-08-27,
How a Trendy Canadian Retailer Is Grappling With Trump’s Tariffs,New York Times,nytimes.com,nytimes.com,2026-08-27,https://www.nytimes.com/2026/08/27/business/ssense-canada-tariffs-trump.html,en,2026-08-27,
Trump Orders the Government to Rename Lake Ontario to Lake America,New York Times,nytimes.com,nytimes.com,2026-08-27,https://www.nytimes.com/2026/08/27/us/politics/trump-lake-america-executive-order.html,en,2026-08-27,
"In Trump’s Washington, Ballooning National Debt Stirs Little Action",New York Times,nytimes.com,nytimes.com,2026-08-27,https://www.nytimes.com/2026/08/27/us/politics/national-debt-trump-reaction.html,en,2026-08-27,
Alerts from Trump’s helicopter went unheard at Reagan National,Politico,politico.com,politico.com,2026-08-27,https://news.google.com/rss/articles/CBMihwFBVV95cUxNa0Ruc05lb0RqX1B2RnNtY0JGQjNnejNOc29TUzk3Mk9GdlNLNkFjX0x3NS1uYVU4Uk95bldWdFZFelNyZnV3MkhlMzlKVGdzQ2V1UFIyM3lBYllob1FxUTF2NjZoTldqTm9KNzVuSmdSNmtiOVpHMVgzVEdVYkY3Y09zMnBjRnc?oc=5,en,2026-08-27,
Trump signs executive order renaming Lake Ontario as 'Lake America',Politico,politico.com,politico.com,2026-08-27,https://news.google.com/rss/articles/CBMiiAFBVV95cUxOMm5IeVgyX24yVURkRzF1ZUh6WjZ2Yy03SWNnWkxGamh2LU56dlBwZXBuRkllM0tCdXdVZ1RwWEN0aWpQdjlsTUZ0OGdFREg0eWtvZFBmYzJ2cnNFZ0VmTTRCeVNWcVZWeGdQNHUxZEg2U2VleW5Zbk1SMkRYQ2dkRVlxNXpSZWZK?oc=5,en,2026-08-27,
Republicans are breaking with Donald Trump on data centers,Politico,politico.com,politico.com,2026-08-27,https://news.google.com/rss/articles/CBMimgFBVV95cUxOWFhRVkFiNVllQ0dTWFE3N2xhRUI2Z0Z5QXNmeFZoampQWGgyRnAxUDhLNHVOWTBKR0MxN1Vqa1A1b3hQOGctVHZHZFRKaDJubUVEa3paS3hqQmZGbDR2MmY4QThUX3JGXzBtbjBoMGpXRldzcFJsWUE0c29oQnVkZVM5RnctWnlud1Z6Q2dPMGxmWGY0MGNua0dB?oc=5,en,2026-08-27,
Trump wants to bring an obscure crypto platform to the US. Wall Street will be watching.,Politico,politico.com,politico.com,2026-08-27,https://news.google.com/rss/articles/CBMiugFBVV95cUxNaDRpQ2FxdUdQc3U0VmpfWHlUQjJTX1BRN1BibnF6dFhnRlhYbHFOLUktU3loYzhFYk54a2RYRm5YTS1RNThwd1JzZ094Q3o2b3ZXa2lOczZQVGVKN1VUT3NFUjZJb0pKaHRSZmNfR3hSQ3Flak0teWxCc2pTYmFudFh5dTJpZXBjSW1UMUh4QUk2ZndRdTRueGNnMi1Ld0s0cG51NzRZY1MxZWhGMFpRazdFR2hORGlCV3c?oc=5,en,2026-08-27,
Another potential headache for US data centers — Trump tariffs,Politico,politico.com,politico.com,2026-08-27,https://news.google.com/rss/articles/CBMiiwFBVV95cUxNdFRMNlNMVUdZcnBvbXI3cURKYmxzLXpUaGx2MFZHVGUzOHpIWXhVSkJ6RXE0VVJpeGJUakFUVUtyUDBKV0Zrd2VjUUZiN0pUd050Rk1QNVF0LWVSTVIzOEpGa2xPUWNtT29nUWU3eWlHeWY3Mzh0b19BdjdhcldDYzZHS25UMTBzOWJB?oc=5,en,2026-08-27,
President Donald Trump,Politico,politico.com,politico.com,2026-08-27,https://news.google.com/rss/articles/CBMiZEFVX3lxTE5MQlRhLU5STU1EQjZfbU1VdWtpb1ZuZXlpaUlyT3RNWVRXeXpDVy1BV2MtTkJsZnJjeExlSG10SHFQd3huZVh2blRpTml4OVNzUERVcDZFTzNXaTNvZ0RmXzNDV3Y?oc=5,en,2026-08-27,
Trump signs order to rename Lake Ontario as Lake America,Reuters,reuters.com,reuters.com,2026-08-27,https://news.google.com/rss/articles/CBMimwFBVV95cUxNSDBsNDZLOG1YRlpTLTNmdXpEZkhpTzh4NHB5RGh1MzMtQm8tUGFROC02SXFmN2szQ3VIOW14MFV3aENsQ2JJdTNxTFFGNy1BRDljWkh6NTUxd2piM3NLWXdLR3JKQ2RLWVkwU3dzRlV1ME9DS1JPSGNFblppeG05Nl9jdDV5LUI1RWdET3VBUzB1eUdCM0F3RXoySQ?oc=5,en,2026-08-27,
"Trump says Putin will not attack NATO territory, downplays Ratcliffe trip",Reuters,reuters.com,reuters.com,2026-08-27,https://news.google.com/rss/articles/CBMitAFBVV95cUxObk1VbmRKMmJJSmtVNm84ajk2QXBHc1ZSUGpia1ptRndKVTNsaHlOUHBLdTJsSmtYUC1URUdsSkxKMlJHaE9OZHJUWVpMX3JvWXJYaDNSZjdsZGQ0S3VQdXhZWlZ0WkxyOXByd2UzenJGakZsdEdlZWtkakRORmN3WkFDdTVWejlIT0xWVEwtMXpWeGVJVW9iX0ZHVGw1elZIQ29aVWJQaGpJWmhrVElZaWtibG4?oc=5,en,2026-08-27,
"Trump to meet refiners, fuel retailers as Iran war boosts gas prices ahead of midterms, sources say",Reuters,reuters.com,reuters.com,2026-08-27,https://news.google.com/rss/articles/CBMiywFBVV95cUxQUTVfLVZrNnM2eTJJcmZaVjN5Ym83a094ZUYxR3RqenVKVUxyWGpIaldFZTJpZUVaRFJ4TkpJUkctd0VIc1Nzb05qamt6cnZVU3lqSkw3NUdUYmE3WXpXNTUyTjNnLUFUZERfYXp6SjMzV2hrOV9nN1FDWTI4QUxSWGpIMnhwUURoeWRoOUNsYVRMOGx3d1BwdFF1LVNYejhVSjJpT201YWxKTWNBeEdJNm5nZjEyNE1zMWg4TTN4QXNORzN1akNuVEgyWQ?oc=5,en,2026-08-27,
"Trump, officials discuss expanded refinery waivers as farm backlash grows, sources say",Reuters,reuters.com,reuters.com,2026-08-27,https://news.google.com/rss/articles/CBMitwFBVV95cUxQTk9aaDNITHZ1ajlMOHZmVUdIcFYtMHZoN3gzY05oenBQSlIxOEFYdmNpT0RSSTlEMjREQmxyWnptU2wwTWV6ZWNzSnR2UlFEVjZpRG9kNDlMUHp4V2lTakRYcU5IbXhnM1NrWkZoZXNFeGN5NkhVbWJZbkZRbFQzSERSVU9MNjJydENueldxaVJodksxWWdZeDY1VjdOS1JFRkJXN0NfYmEzbUZYYUd2eWlnZ3VDZXc?oc=5,en,2026-08-27,
US judge weighs challenge to restore Trump's name to Kennedy Center,Reuters,reuters.com,reuters.com,2026-08-27,https://news.google.com/rss/articles/CBMiswFBVV95cUxPV3pNS0didGl4Q3I4Z3AyTUg3cFJOSFBhaTlRYVZ3NUI5VGFQaDZrSUVZeFYyeXFHcmRTeHhfY3FEbmdWaGJySEI5dHBDMHBnUFdreXkwTERfb0tkakt1czVEV29uNmlaV1Q3QVZ2Q3JNY29wTU1vdHJQcDFnN0toVzJLazRNVjFXSGhDMU81VFJVSk10aElNZFZic0xSVjR4VGxkWDZuVk80aFdZSlhFRGhGTQ?oc=5,en,2026-08-27,
Oil settles up 2% after Trump rejects return to Iran ceasefire deal terms,Reuters,reuters.com,reuters.com,2026-08-27,https://news.google.com/rss/articles/CBMiwgFBVV95cUxQS3BzVVdsbG9iUHJoaGxwVFYzR256VFBDQnlQRlh1YVZfVnZmUE1jeXQzRXFHRDhuSnpyanlNZ1NHR0RHUy1TSm8teHRiVHJ1cTZSMDRJaW1MMFJXQ2ZpTmZrN081Y3V4OUM0Qk9lRXJMY2ZONzVZN0J4eWtZT1d4TTR1Uzg1bjR5NU9TRGFQdmpZb2RPQUpYbWI4NzdyVVhsczZkOWVjTzV1ZTRKbHV3RDMwcUJ5U2xTT1M2VFhrMlVpQQ?oc=5,en,2026-08-27,
"US news today: Cattle Ranchers, Tim Curry, PSL in Daily Briefing",USA Today,usatoday.com,usatoday.com,2026-08-27,https://www.usatoday.com/story/news/2026/08/27/cattle-ranchers-nepal-floods-tim-curry-psl/91453176007/,en,2026-08-27,
El-Sayed's Vance comments are latest in left's ugly fixation,USA Today,usatoday.com,usatoday.com,2026-08-27,https://www.usatoday.com/story/opinion/columnist/2026/08/27/el-sayed-attacks-usha-vance/91371711007/,en,2026-08-27,
"3 Americans rescued, at least 64 still missing in Nepal after floods",USA Today,usatoday.com,usatoday.com,2026-08-27,https://www.usatoday.com/story/news/world/2026/08/27/nepal-flash-floods-missing-rescued/91487252007/,en,2026-08-27,
"Alone 2' actors die – Tim Curry, 'bird lady,' more die in 2026",USA Today,usatoday.com,usatoday.com,2026-08-27,https://www.usatoday.com/story/entertainment/movies/2026/08/27/home-alone-2-cast-tim-curry-catherine-ohara-2026-deaths/91487409007/,en,2026-08-27,
What made Dolly Parton impossible to dislike?,USA Today,usatoday.com,usatoday.com,2026-08-27,https://www.usatoday.com/story/news/nation/2026/08/27/what-made-dolly-parton-impossible-to-dislike-the-excerpt/91481640007/,en,2026-08-27,
Why the US and Iran war has no clear winner,USA Today,usatoday.com,usatoday.com,2026-08-27,https://www.usatoday.com/story/news/world/2026/08/27/epic-fury-iran-war-6-months/91438993007/,en,2026-08-27,
"Lisa Cook denies wrongdoing, fights removal from Federal Reserve bank",USA Today,usatoday.com,usatoday.com,2026-08-27,https://www.usatoday.com/story/news/politics/2026/08/27/lisa-cook-trump-federal-reserve-bank/91486756007/,en,2026-08-27,
"I sued Hegseth, Pentagon over Scouting America. They folded",USA Today,usatoday.com,usatoday.com,2026-08-27,https://www.usatoday.com/story/opinion/voices/2026/08/27/hegseth-scouting-america-memo-dei-boy-scouts/91368819007/,en,2026-08-27,
The State Department paused immigrant visa appointments. What to know,USA Today,usatoday.com,usatoday.com,2026-08-27,https://www.usatoday.com/story/news/nation/2026/08/27/the-state-department-paused-immigrant-visa-appointments-what-to-know/91473156007/,en,2026-08-27,
Why Mayor Zohran Mamdani is urging CEOs to join city business council,USA Today,usatoday.com,usatoday.com,2026-08-27,https://www.usatoday.com/story/news/state/new-york/new-york-city/2026/08/27/zohran-mamdani-calls-on-ceos-to-join-business-council-new-york-city/91488186007/,en,2026-08-27,
"Trump, Tuberville's anti-Muslim drivel is more lazy bigotry",USA Today,usatoday.com,usatoday.com,2026-08-27,https://www.usatoday.com/story/opinion/columnist/2026/08/27/republicans-attack-el-sayed-islamophobia-midterms/91455004007/,en,2026-08-27,
See how average gas prices during Iran war compare to last year,USA Today,usatoday.com,usatoday.com,2026-08-27,https://www.usatoday.com/story/news/politics/2026/08/27/donald-trump-iran-gas-prices/91453794007/,en,2026-08-27,
See Trump's midterm election record in Texas as he heads to Houston,USA Today,usatoday.com,usatoday.com,2026-08-27,https://www.usatoday.com/story/news/politics/2026/08/27/donald-trump-houston-texas-midterms/91470949007/,en,2026-08-27,
"Trump's threat to demolish Kennedy Center 'delusional,' opponents say",USA Today,usatoday.com,usatoday.com,2026-08-27,https://www.usatoday.com/story/news/politics/2026/08/27/trump-kennedy-center-demolition-threat-backlash/91487203007/,en,2026-08-27,
"Trump signs order renaming Lake Ontario as Lake America, escalating Canada feud",Washington Post,washingtonpost.com,washingtonpost.com,2026-08-27,https://www.washingtonpost.com/politics/2026/08/27/trump-signs-order-changing-name-lake-ontario/,en,2026-08-27,
New coalition fights Trump’s efforts to weaken protections for historic sites,Washington Post,washingtonpost.com,washingtonpost.com,2026-08-27,https://www.washingtonpost.com/politics/2026/08/27/600-groups-urge-congress-block-trump-overhaul-historic-reviews/,en,2026-08-27,
World’s nuclear watchdog endorses Trump’s push for Kim Jong Un meeting,Washington Post,washingtonpost.com,washingtonpost.com,2026-08-27,https://www.washingtonpost.com/politics/2026/08/27/worlds-nuclear-watchdog-endorses-trumps-push-kim-jong-un-meeting/,en,2026-08-27,
"Trump keeps boosting data centers, even as other Republicans grow critical",Washington Post,washingtonpost.com,washingtonpost.com,2026-08-27,https://www.washingtonpost.com/politics/2026/08/27/trump-champions-data-centers-republicans-turn-against-them/,en,2026-08-27,
Trump administration’s pay cuts for migrant farmworkers ruled illegal,Washington Post,washingtonpost.com,washingtonpost.com,2026-08-27,https://www.washingtonpost.com/business/2026/08/26/trump-administrations-pay-cuts-migrant-farmworkers-ruled-illegal/,en,2026-08-27,
"Canada, pressured by Trump, wants new trade partners. Here’s why it’s hard.",Washington Post,washingtonpost.com,washingtonpost.com,2026-08-27,https://www.washingtonpost.com/world/2026/08/26/canada-pressured-by-trump-wants-new-trade-partners-heres-why-its-hard/,en,2026-08-27,
What the disloyal leaks about Iran prove about Trump,Washington Post,washingtonpost.com,washingtonpost.com,2026-08-27,https://www.washingtonpost.com/opinions/2026/08/27/iran-trump-took-an-enemy-its-word-if-only-past-leaders-had/,en,2026-08-27,
$900 million from a canceled wind deal will benefit a Trump donor,Washington Post,washingtonpost.com,washingtonpost.com,2026-08-27,https://news.google.com/rss/articles/CBMivwFBVV95cUxNcEs4MmFwMzdwSEpfcWtjcmNJSHgzQlh0TU9lUkpmX0FZMVdzYVFaT0NtYVc5aGE0ZkFwUmo4WEpndGY3MDJSMDBSLXVyQ0YwcjhLTzBpVzJqeTNJdXBCNi1PNk16aDFGdjZBNThUckRfN25nUTVYaUY4bVFiS1pWOWZVZWczRFpKb0E1QXhjTldyT3ZIWm1rNHQ2RDliWTAwLTdCR2pzRmZmd1FQT0NCSWk0QXc0YnRfVm1mQWZ5UQ?oc=5,en,2026-08-27,
Opinion | What the disloyal leaks about Iran prove about Trump,Washington Post,washingtonpost.com,washingtonpost.com,2026-08-27,https://news.google.com/rss/articles/CBMirwFBVV95cUxOYWk1SC1kOFJHLWc4YW5ZY2Vlb3VnZFY4cTZQNUpZV0V3UjR0QUlFT0VuOFZXYzZHUFNham9FRXN4WGcxb19IRV9JMm5MMlRCSmxaeEZyVVVlM01DQVpQOGdQd0JldVYzNER6QWNJTVVjakREa1dwcFV1MW9uVENXQzQ5SDhTTXZKQ29ZSWtUeWs2azRqclA2S2VBV096dFBUajZibFctcEhPM0w2S3dn?oc=5,en,2026-08-27,
Lawmaker accuses Kennedy Center board of demolition ‘threat’ over Trump’s name,Washington Post,washingtonpost.com,washingtonpost.com,2026-08-27,https://news.google.com/rss/articles/CBMivgFBVV95cUxNWkZtNWFFTWRCcmUyQXlxUUlhR000b012Rjk2MTM2SjY2U3B1LTVCODJ3b3NycTdfNFZFZE0xZ1dLeE9GRUVENHBqWXhJM1JoTzFzcXY4NXJUMG1WOGVtdVg2QTFpcHgwcVEwalRRSEhzaEN4YURycDREV2lTazA0Nkk2c0dYUnRYdGRjVGtLQjNNb3ZEOGRDRkNLX3IteHU4NEF5TmNGQlBKYjBpVzNYMmtlRFNrVzQxRHpzcTNR?oc=5,en,2026-08-27,
Fired FEMA crew leader defends skipping homes with Trump campaign signs,Washington Post,washingtonpost.com,washingtonpost.com,2026-08-27,https://news.google.com/rss/articles/CBMivwFBVV95cUxQamdNNGlreThFUWF4cWk3ejB4YVB1VVcyRVBYSFBhUXdNcktHellmZVZkQ3N3LUZEd1h1MlIzeGJMcURvYXV6MTh3Qm1hTmNvWVVOOWNNZzJab2JpSW8tMy1nN1V2WjNfajdYT0xNVmRqdjJuMUk0WlJNV3h0TUEtbEtZaWt1a1NxeW5fVVJuR2NwLWJsVEdRcElnYkZQRjM4Y3UtMVcyd2UzbExVRk5XQ2VUZmZFUzVKdnpMbjJ5SQ?oc=5,en,2026-08-27,
"Trump visa restrictions will worsen strains on the economy, experts say",Washington Post,washingtonpost.com,washingtonpost.com,2026-08-27,https://news.google.com/rss/articles/CBMitgFBVV95cUxQNTRnUkVIYlJqZ2dCVjczbm5ZOUhBdS1ITDZ3VXFpV0RBcnJZemFQUGVYR21YYkFEc0p2WGRxZUlJbVhoanA4VGx0M3VXcTJqaWZvWTlwSE5scGc5RkJULWN4MWdJOU5UcUlISG9tUzBLYlRZQzI2SUNpN084X1V0aVN3bFJkR05Ba3d2NWNrWWQtMjRqSmlSVVdvejloWjltbkJmYS1uTUdzaXVtSEdydGxmWUQ4dw?oc=5,en,2026-08-27,
"Judge lifts block on Trump changes to mail voting, though legal fights continue",Washington Post,washingtonpost.com,washingtonpost.com,2026-08-27,https://news.google.com/rss/articles/CBMiwgFBVV95cUxOVjIyX1gwdWxnVDJqczJIakcwRDFibUNBMV9EQktuYUQyUlJqa1VIbl9lbDQ5U0lfZWFKT2JWTmFtOUJsTUpCZ0VRWnpJZlpOMmNVZXF0eHZobVVNWGVKVEltSl9yNnQ1LUt6ajNIS1FVVHVrUEVCeUNIY3BTQ2N0M3RqbFIyaFp3dko1SkQ1bjZMRWlmclY1OVR5ZGp0MzcxbUdtQU1ZZlo4OW9WMVIwQ3hoVmFwSjVMdjhIZnRNT2FHdw?oc=5,en,2026-08-27,
