title,outlet,media_url,media_name,publish_date,url,language,date,debate_performance
Trump administration begins building border wall in Texa Big Bend region,Los Angeles Times,latimes.com,latimes.com,2026-09-21,https://www.latimes.com/world-nation/story/2026-09-18/trump-administration-begins-building-border-wall-in-texas-big-bend-region,en,2026-09-21,
Watch Trump Says He Has Big Decision to Make on Iran,Bloomberg,bloomberg.com,bloomberg.com,2026-09-22,https://news.google.com/rss/articles/CBMiowFBVV95cUxQTnczUTdzN1F0T0tBV1VLU0lxNkR6Vk5ldENRQzBGdEtpVEN6M3JEbVg1STBYd09ZSEh6cjV1MFZYc2toa2c4Y1BTRTJzeUwzRWFiOTY0MEJaWC1iQ2dBeWxvRGlnTUo0a05yM2lvTnI2blNWNks5NDJOUXc0WE5wSHhJV2pYODBiMndWV2FXUm5IX3FlS2RnQllzbVVDVUQ4TGww?oc=5,en,2026-09-22,
Newsom Says China Is ‘Cleaning Our Clock’ in Green Tech Thanks to Trump,Bloomberg,bloomberg.com,bloomberg.com,2026-09-22,https://news.google.com/rss/articles/CBMivAFBVV95cUxOaUpwcmxOY05MVkZGdmJrOEI0cUJQdWpXUjJwMUphck1PQVQxRXVkMWNkUktQRVJrdE54RERzRWN2aW5XYS1LakZ1SWlNbGdJY0xUSXRSenZlWHZqRDJhUUx3OTBWd3ZldURGQnhTeDR4ZV9oR0xjNzB6N1lSSWhXZG1MSzRIN0pxclpfdVdTSEM1OTJWSjJqdjVCUWxqNmtTbWFET1NmcUNYZktOT1hXblBQd0RRMW94b3h0Ng?oc=5,en,2026-09-22,
"President Trump says in U.N. speech he could ""annihilate"" Iran",CBS News,cbsnews.com,cbsnews.com,2026-09-22,https://www.cbsnews.com/boston/video/president-trump-says-in-u-n-speech-he-could-annihilate-iran/,en,2026-09-22,
"President Trump threatens to ""annihilate"" Iran in U.N. speech",CBS News,cbsnews.com,cbsnews.com,2026-09-22,https://www.cbsnews.com/atlanta/video/president-trump-threatens-to-annihilate-iran-in-u-n-speech/,en,2026-09-22,
"Trump rejects calls to rein in AI: ""We're gonna encourage it""",CBS News,cbsnews.com,cbsnews.com,2026-09-22,https://www.cbsnews.com/video/trump-rejects-calls-rein-in-ai-gonna-encourage-it/,en,2026-09-22,
President Trump warns Iran while holding out hope for deal,CBS News,cbsnews.com,cbsnews.com,2026-09-22,https://www.cbsnews.com/boston/video/president-trump-warns-iran-while-holding-out-hope-for-deal/,en,2026-09-22,
What to know about Trump's U.N. address and his annihilation threat for Iran,CBS News,cbsnews.com,cbsnews.com,2026-09-22,https://www.cbsnews.com/video/trump-threatens-iran-annihilation-body-meant-promote-world-peace/,en,2026-09-22,
Watch: Trump's U.N. General Assembly address to world leaders,CBS News,cbsnews.com,cbsnews.com,2026-09-22,https://www.cbsnews.com/video/watch-trump-un-general-assembly-address-to-world-leaders/,en,2026-09-22,
"Trump defends war with Iran during U.N. speech, predicts deal will be made after midterm elections",CBS News,cbsnews.com,cbsnews.com,2026-09-22,https://www.cbsnews.com/chicago/video/trump-defends-war-with-iran-during-u-n-speech-predicts-deal-will-be-made-after-midterm-elections/,en,2026-09-22,
"Trump says he faces a decision to make a deal with Iran or ""annihilate the Islamic Republic""",CBS News,cbsnews.com,cbsnews.com,2026-09-22,https://www.cbsnews.com/video/trump-says-he-faces-decision-to-make-deal-with-iran-or-annihilate-islamic-republic/,en,2026-09-22,
Boston Globe op-ed says violence against transgender people is 'going down' despite activist claims,Fox News,foxnews.com,foxnews.com,2026-09-22,https://www.foxnews.com/media/boston-globe-op-ed-concedes-violence-against-transgender-people-going-down-despite-activist-claims,en,2026-09-22,
"Lost in translation: Israel, Huckabee blast Macron over Hamas comments as France clarifies wording",Fox News,foxnews.com,foxnews.com,2026-09-22,https://www.foxnews.com/politics/lost-translation-israel-huckabee-blast-macron-over-hamas-comments-france-clarifies-wording,en,2026-09-22,
"""No deberías estar aquí"", dice Trump a CNN en la ONU mientras mantiene su disputa con los medios",Los Angeles Times,latimes.com,latimes.com,2026-09-22,https://www.latimes.com/espanol/california/articulo/2026-09-22/no-deberias-estar-aqui-dice-trump-cnn-en-la-onu-mientras-mantiene-su-disputa-con-los-medios,es,2026-09-22,
Trump solía atacar a China. ¿Por qué ahora extiende la alfombra roja para Xi?,Los Angeles Times,latimes.com,latimes.com,2026-09-22,https://www.latimes.com/espanol/eeuu/articulo/2026-09-22/trump-solia-atacar-china-por-que-ahora-extiende-la-alfombra-roja-para-xi,es,2026-09-22,
"Líderes mundiales reunidos en NY abordan el clima, precios del combustible, IA y desastres naturales",Los Angeles Times,latimes.com,latimes.com,2026-09-22,https://www.latimes.com/espanol/eeuu/articulo/2026-09-22/lideres-mundiales-reunidos-en-ny-abordan-el-clima-precios-del-combustible-ia-y-desastres-naturales,es,2026-09-22,
"¿""Robots asesinos"" o ""superinteligencia""? En la ONU, los mandatarios ven ambas cosas",Los Angeles Times,latimes.com,latimes.com,2026-09-22,https://www.latimes.com/espanol/california/articulo/2026-09-22/robots-asesinos-o-superinteligencia-en-la-onu-los-mandatarios-ven-ambas-cosas,es,2026-09-22,
FBI probed Susan Collins campaign illegal donation allegation: reports,USA Today,usatoday.com,usatoday.com,2026-09-22,https://www.usatoday.com/story/news/politics/elections/2026/09/22/maine-susan-collins-campaign-propublica-investigation/91885844007/,en,2026-09-22,
White House press pool embroiled in Trump ban. What is it?,USA Today,usatoday.com,usatoday.com,2026-09-22,https://www.usatoday.com/story/news/politics/2026/09/22/white-house-press-pool-trump-ban/91885525007/,en,2026-09-22,
See which 19 states passed permanent daylight saving laws,USA Today,usatoday.com,usatoday.com,2026-09-22,https://www.usatoday.com/story/news/nation/2026/09/22/daylight-saving-time-state-map/91892711007/,en,2026-09-22,
Trump threatens Iran but talks US diplomacy. Key UN takeaways,USA Today,usatoday.com,usatoday.com,2026-09-22,https://www.usatoday.com/story/news/world/2026/09/22/trump-un-iran-cuba-ukraine-takeaways/91895275007/?gnt-cfr=1&gca-cat=p,en,2026-09-22,
Kid Rock Freedom Fest canceled after just 6 VIP tickets sell,USA Today,usatoday.com,usatoday.com,2026-09-22,https://www.usatoday.com/story/entertainment/music/2026/09/22/freedom-fest-cancelled-low-vip-ticket-sales/91894276007/,en,2026-09-22,
"Trump to address U.N., sign Greenland deal as annual session opens",Washington Post,washingtonpost.com,washingtonpost.com,2026-09-22,https://news.google.com/rss/articles/CBMisgFBVV95cUxNaTdPVFFzNnBTQloxRGxySUlMRkQ5S0JxNU15cDZSLWdqMVM2UnZSbFJSQTRuT3dJNXhKTF84d1dtaEpUcDEtQXUyOGRud3VuSkdyamJuNkt4MXVuWFd5MXZWWVlJajhOM1EyajZMbHJhaFNlOW5zREltMjRxSGY0cnF4dGZSamdyMUFMdDBVcFlJTDlCTjBSZl9hSW1yZTd1NmNPeFBTOTBXZVdJVS1JdlpB?oc=5,en,2026-09-22,
Trump is giving China's Xi a warm welcome. But criticism is loud on Capitol Hill,ABC News,abcnews.go.com,abcnews.go.com,2026-09-23,https://abcnews.com/US/wireStory/trump-giving-chinas-xi-warm-criticism-loud-capitol-136701419,en,2026-09-23,
Iowa judge dismisses Trump’s lawsuit against Des Moines Register and pollster,ABC News,abcnews.go.com,abcnews.go.com,2026-09-23,https://abcnews.com/US/wireStory/iowa-judge-dismisses-trumps-lawsuit-des-moines-register-136699173,en,2026-09-23,
US diplomats told to say ‘super intelligence’ — not ‘artificial intelligence' — after Trump's call,ABC News,abcnews.go.com,abcnews.go.com,2026-09-23,https://abcnews.com/US/wireStory/us-diplomats-told-term-super-intelligence-artificial-intelligence-136698441,en,2026-09-23,
"Newsom talks climate with world leaders in New York, accuses Trump of abdicating that responsibility",ABC News,abcnews.go.com,abcnews.go.com,2026-09-23,https://abcnews.com/US/wireStory/newsom-talks-climate-world-leaders-new-york-accuses-136698219,en,2026-09-23,
Preservation group launches legal defense fund as it battles Trump over ballroom and other projects,ABC News,abcnews.go.com,abcnews.go.com,2026-09-23,https://abcnews.com/US/wireStory/preservation-group-launches-legal-defense-fund-battles-trump-136696953,en,2026-09-23,
Xi heads into Trump visit after making China into a global force since 2015,ABC News,abcnews.go.com,abcnews.go.com,2026-09-23,https://abcnews.com/US/wireStory/xi-heads-trump-visit-after-making-china-global-136695450,en,2026-09-23,
Melania Trump rings NYSE opening bell to launch new women's initiative Imperia,ABC News,abcnews.go.com,abcnews.go.com,2026-09-23,https://abcnews.com/US/wireStory/melania-trump-rings-new-york-stock-exchange-opening-136691193,en,2026-09-23,
Judge concludes Trump's White House media ban hearing with no ruling,ABC News,abcnews.go.com,abcnews.go.com,2026-09-23,https://news.google.com/rss/articles/CBMiogFBVV95cUxQQUo0Y3pKalJBa2RMbWxvRkZIYXo5bUxkRmtYMGd3TEl6SzNQWlpSMUpXdHNlZWVFWmRCSG9RbXdBQ1MtS2h6RDByS2VRQWlnb09SbWotVnJEVVExSUotenlNakxiUE9UbDVldjZBZ3dOUGd6ZVV6a0xqYlJHaURaLWZram9ENTdSbm84c3JfcnBFR1pWYUdwTVlhU20zdkdjcUHSAacBQVVfeXFMUHFZNXFiekRIVENDY1dqcWNuZ3FPT19mN2hWSGVONXpHdUJ5X0l3aXhEQ2RENTNzLUVlb2Z5YVgyeFJfcnFSbFduWHZqaUltbEoxaUpYMWx5Q2pYaTJFZWVxbjVoZ3FjZGswVkRTU2V0UVhnZDBJRGNzdExzR3hRRWE2elQ4QnhOcGdDRl9XUnNTcGEwUnR6S2JqQVB1YUgyN2tTRWxfSjQ?oc=5,en,2026-09-23,
Federal immigration agents have shot at least 21 people during Trump's 2nd term,ABC News,abcnews.go.com,abcnews.go.com,2026-09-23,https://news.google.com/rss/articles/CBMiogFBVV95cUxPN2E3WEJvbmQzOGZWSHFIOEFLd1pLbFZ6bXJzblJtYnhhMlRYT0ZuVEUzTWZ3ZFhOYzdMZmVYYVlMMmRRLU5uVEdwNDdZdmt4X3NlOW5oYmt0UHhabC0zbno0RkJLc1RKUmZyVUc4U0llRFQ3aS11YTVCbDU4WG9CdC0zRk44YVVzbWVudzZSNnhzRGNnTmUzRkd0aWtlTXlxTHfSAacBQVVfeXFMUHZnTEpkMTVucTBndHVFQjI5OFo4Z3d5UmhkSk5wS19VbXM2Vzkxa2xhZlNLOWltbXM5YkNrSmJ1NTNoaXVVTHdhSDhLcDF2S0lraUxiNDhiQktQRi1hVHZlVmlNUFo4aWdaTWZodlQ5WUlRQU93eGlQa0pZc243YmlSSFFfYS1Cb3hHV3ZaZEEtZ3NZR1lGVkZERDNwRzFXSy14MEV4VjA?oc=5,en,2026-09-23,
Trump rolls out the red carpet for China's Xi,ABC News,abcnews.go.com,abcnews.go.com,2026-09-23,https://news.google.com/rss/articles/CBMijAFBVV95cUxNMzNPT0hWWl9rSTBtOEFsZV9Cb1g5Rnlud2I5Z0dwZnJOT0RVWnNEcjB0U05LTFNOMnlSdTk1Y20xMnl3Z19NaF9remNhUWd5ejlqZzZEc3lfWXVBbnZFT1lucDFVeEpqSUFqQjVTTkJ5UWI1bTkyWTBvU0paM1RHN01jWHJjYVQ4dFFNQ9IBjAFBVV95cUxNMzNPT0hWWl9rSTBtOEFsZV9Cb1g5Rnlud2I5Z0dwZnJOT0RVWnNEcjB0U05LTFNOMnlSdTk1Y20xMnl3Z19NaF9remNhUWd5ejlqZzZEc3lfWXVBbnZFT1lucDFVeEpqSUFqQjVTTkJ5UWI1bTkyWTBvU0paM1RHN01jWHJjYVQ4dFFNQw?oc=5,en,2026-09-23,
Video Trump’s UN address raises questions about America’s global role,ABC News,abcnews.go.com,abcnews.go.com,2026-09-23,https://news.google.com/rss/articles/CBMiTEFVX3lxTE90Y05iZkJqY1NfbjNLVEtVakRLNmVpYnoycFI5eGx3ZmppRnZnbTlrU0NmTlAwTzlhOWhpbmFibjl5Q0lnMmlpUVBZaWE?oc=5,en,2026-09-23,
Video AI leaders share urgent warning with UN ahead of Trump-Xi meeting,ABC News,abcnews.go.com,abcnews.go.com,2026-09-23,https://news.google.com/rss/articles/CBMiTEFVX3lxTE1xbnRmWGVQZGtyZkplR05NZkZzU2gyQnBfMk52ZGpSTkwwNEtSSjVCMk5IeUhZdkpWeGU2MGJyRWZaVjFobThxa3QzWHQ?oc=5,en,2026-09-23,
Trump's Board of Peace proposes $2.45 billion blueprint to begin Gaza reconstruction,ABC News,abcnews.go.com,abcnews.go.com,2026-09-23,https://news.google.com/rss/articles/CBMinwFBVV95cUxPN3U5dXZCLW5odFpJcS01M1dpNXZxYzhxdUttNk5IYy0zMjhhYURVd01FMlNlXzc1OERFbmh2a1NYV0FKb3dFbTh4azNEZjdlSTFpVG03bW1vblpzV3A0cnprdmdiNnpoNkFrVWxfQmhuYndxa0p2eHhkYy0yM1lCTVZ5Q0tGMmdNTDQ3aVhvdzExTUpRUlA2LVlnWlk1X0XSAaQBQVVfeXFMT29oTkMyMUlaM2tHX05uSXJneW81SVBTV0FWTEhCenNGREhRN1lWSGd6dkRoREl1R3FIQzBjYVdPRUNiYTFjSW1ObUVSWV95RlN4Vy1MQVF2dHEyZ3BtZ1B1TWRWSWNobXJQSWRYeTFjSC1fV240Z2p1MS1iTkx5UUVRXzRDTkdsY1V5SXNraG82cXNZUFpCZXRjazVGSUxDYnlWQmc?oc=5,en,2026-09-23,
Jimmy Lai's family advocates for his release before Xi-Trump meeting,ABC News,abcnews.go.com,abcnews.go.com,2026-09-23,https://news.google.com/rss/articles/CBMiTEFVX3lxTE53Z1ZtZU5oR2pfTWlMZTFwM29zbnAtMkJjaHAxcHMwTGtOdlNNNEFUMGpXSFVTeG9xcVNnVHZrNFpNclFQbkUxS1FrcFY?oc=5,en,2026-09-23,
"Video Trump-Xi meeting comes amid tensions on Iran, Taiwan and trade",ABC News,abcnews.go.com,abcnews.go.com,2026-09-23,https://news.google.com/rss/articles/CBMiTEFVX3lxTE10MGJDeXpnV1J5aE52Y05VcXNGT2o0Tm9PX296SDQ3anVIT21BRGxmOXVqY1NQYnE2MkQtYVRJU2lPZFRTdDZQRWtIWkM?oc=5,en,2026-09-23,
"Video Republican senator calls for investigation of Donald Trump Jr., Hunter Biden",ABC News,abcnews.go.com,abcnews.go.com,2026-09-23,https://news.google.com/rss/articles/CBMiTEFVX3lxTFBTMzk5WXpYMGNfV05sMk5RMDdPdHBWbjZwd29zcEt4UnVwTGlCWmhDaWtMeTl6Wm1BRGtzRl9oYTY5NXhOT00tMGx2ajU?oc=5,en,2026-09-23,
Canada Hits a Post-WWI Low in Population Growth as Immigration Policy Stays Tight,Bloomberg,bloomberg.com,bloomberg.com,2026-09-23,https://www.bloomberg.com/news/newsletters/2026-09-23/canada-adds-just-189-000-people-as-immigration-policy-stays-tight,en,2026-09-23,
"Trump Ties Hurt GOP Senate Candidates in North Carolina, Georgia",Bloomberg,bloomberg.com,bloomberg.com,2026-09-23,https://www.bloomberg.com/news/articles/2026-09-23/trump-ties-hurt-gop-senate-candidates-in-north-carolina-georgia,en,2026-09-23,
Hassett Blasts Fed Officials Calling for Hikes in Recent Days,Bloomberg,bloomberg.com,bloomberg.com,2026-09-23,https://www.bloomberg.com/news/articles/2026-09-23/hassett-blasts-fed-officials-calling-for-hikes-in-recent-days,en,2026-09-23,
A Diesel Export Ban Is a Bad Idea. Trump Needs It Anyway,Bloomberg,bloomberg.com,bloomberg.com,2026-09-23,https://www.bloomberg.com/opinion/articles/2026-09-23/a-diesel-export-ban-is-a-bad-idea-trump-needs-it-anyway,en,2026-09-23,
"Trump’s Aid Overhaul Risks Africa HIV Gains, Ex-Pepfar Head Says",Bloomberg,bloomberg.com,bloomberg.com,2026-09-23,https://www.bloomberg.com/news/articles/2026-09-23/trump-s-aid-overhaul-risks-africa-hiv-gains-ex-pepfar-head-says,en,2026-09-23,
Un veto de Trump al diésel de EE.UU. dejaría expuestas a América Latina y Europa,Bloomberg,bloomberg.com,bloomberg.com,2026-09-23,https://www.bloomberg.com/news/articles/2026-09-23/trump-evalua-prohibir-exportaciones-de-diesel-de-ee-uu,es,2026-09-23,
US Weighs Initiative to Promote Dollar-Backed Stablecoin Abroad,Bloomberg,bloomberg.com,bloomberg.com,2026-09-23,https://www.bloomberg.com/news/articles/2026-09-23/us-weighs-initiative-to-promote-dollar-backed-stablecoin-abroad,en,2026-09-23,
Why Trump’s Ban on Media Outlets Faces Constitutional Hurdles,Bloomberg,bloomberg.com,bloomberg.com,2026-09-23,https://www.bloomberg.com/news/articles/2026-09-23/why-trump-s-ban-on-media-outlets-faces-constitutional-hurdles,en,2026-09-23,
Midterm Pressure Has Some Republicans Breaking With Trump,Bloomberg,bloomberg.com,bloomberg.com,2026-09-23,https://www.bloomberg.com/news/newsletters/2026-09-23/midterm-pressure-has-some-republicans-breaking-with-trump,en,2026-09-23,
Burnham Seeks `Sweet Spot’ in AI Regulation,Bloomberg,bloomberg.com,bloomberg.com,2026-09-23,https://www.bloomberg.com/news/newsletters/2026-09-23/burnham-tries-to-keep-trump-europe-happy-on-ai-regulation,en,2026-09-23,
Ofensiva migratoria de Trump aleja a inmigrantes de los bancos y cae acceso al crédito en EE.UU.,Bloomberg,bloomberg.com,bloomberg.com,2026-09-23,https://www.bloomberg.com/news/articles/2026-09-23/credito-a-inmigrantes-cae-mas-de-70-por-ofensiva-de-trump,es,2026-09-23,
Trump y Delcy Rodríguez abordan deuda y elecciones en su primera reunión,Bloomberg,bloomberg.com,bloomberg.com,2026-09-23,https://www.bloomberg.com/news/articles/2026-09-23/trump-y-rodriguez-hablaron-sobre-deuda-y-elecciones-en-venezuela,es,2026-09-23,
The Candidates to Lead the UN Are Tiptoeing Around Trump,Bloomberg,bloomberg.com,bloomberg.com,2026-09-23,https://www.bloomberg.com/news/newsletters/2026-09-23/un-general-assembly-gets-another-dose-of-trump-in-nyc,en,2026-09-23,
Former EPA Chief Whitman Condemns Agency’s Recent Climate Rollbacks,Bloomberg,bloomberg.com,bloomberg.com,2026-09-23,https://www.bloomberg.com/news/articles/2026-09-23/former-epa-chief-whitman-condemns-agency-s-recent-climate-rollbacks,en,2026-09-23,
Soybeans and Corn Are Slumping With Xi’s Arrival in US Awaited,Bloomberg,bloomberg.com,bloomberg.com,2026-09-23,https://www.bloomberg.com/news/articles/2026-09-23/soybeans-and-corn-are-slumping-with-xi-s-arrival-in-us-awaited,en,2026-09-23,
"Rubio, Jaishankar Discuss Fallout From Russia-Linked Sanctions",Bloomberg,bloomberg.com,bloomberg.com,2026-09-23,https://www.bloomberg.com/news/articles/2026-09-23/rubio-jaishankar-discuss-fallout-from-russia-linked-sanctions,en,2026-09-23,
"US Prepares Plan for 90-Day Diesel Export Ban, Report Says",Bloomberg,bloomberg.com,bloomberg.com,2026-09-23,https://www.bloomberg.com/news/articles/2026-09-23/us-prepares-plan-for-90-day-diesel-export-ban-politico-reports,en,2026-09-23,
"Diesel Prices Are Spiking. In Battleground States, Voters Are Noticing",Bloomberg,bloomberg.com,bloomberg.com,2026-09-23,https://www.bloomberg.com/news/articles/2026-09-23/diesel-price-spike-hits-farms-food-prices-battleground-states,en,2026-09-23,
Bessent Meets China’s He for Further Talks on ‘Unfinished’ Work,Bloomberg,bloomberg.com,bloomberg.com,2026-09-23,https://www.bloomberg.com/news/articles/2026-09-23/bessent-meets-china-s-he-for-further-talks-on-unfinished-work,en,2026-09-23,
Trump Jr.’s 1789 Capital in Talks to Raise $3 Billion in New Funds,Bloomberg,bloomberg.com,bloomberg.com,2026-09-23,https://www.bloomberg.com/news/articles/2026-09-23/trump-jr-s-1789-capital-in-talks-to-raise-3-billion-in-new-funds,en,2026-09-23,
"Trump and Rodríguez Talked Venezuela Debt, Path to Elections",Bloomberg,bloomberg.com,bloomberg.com,2026-09-23,https://www.bloomberg.com/news/articles/2026-09-23/trump-and-rodriguez-talked-venezuelan-debt-return-to-democracy,en,2026-09-23,
US-British Military Base in Chagos Risks Staying in Limbo for Years,Bloomberg,bloomberg.com,bloomberg.com,2026-09-23,https://www.bloomberg.com/news/articles/2026-09-23/us-british-military-base-in-chagos-risks-staying-in-limbo-for-years,en,2026-09-23,
Wright Warns Industry of Diesel Export Cuts as Debate Heats Up,Bloomberg,bloomberg.com,bloomberg.com,2026-09-23,https://www.bloomberg.com/news/articles/2026-09-23/wright-warns-industry-of-diesel-export-cuts-as-debate-heats-up,en,2026-09-23,
Trump’s Push for a Diesel Export Ban Threatens to Squeeze Key US Allies,Bloomberg,bloomberg.com,bloomberg.com,2026-09-23,https://www.bloomberg.com/news/articles/2026-09-23/trump-s-diesel-export-ban-push-would-threaten-fuel-supply-in-uk-brazil,en,2026-09-23,
"Trump Offering Solar Projects for Permitting Deal, Senator Says",Bloomberg,bloomberg.com,bloomberg.com,2026-09-23,https://www.bloomberg.com/news/articles/2026-09-23/trump-offering-solar-projects-for-permitting-deal-senator-says,en,2026-09-23,
Donald Trump’s Shock Factor on the Global Stage Is Wearing Thin,Bloomberg,bloomberg.com,bloomberg.com,2026-09-23,https://www.bloomberg.com/news/articles/2026-09-23/trump-un-speech-played-familiar-tone-on-iran-war,en,2026-09-23,
"Judge Weighs Trump Ban of CNN, MS NOW, Politico From White House",Bloomberg,bloomberg.com,bloomberg.com,2026-09-23,https://www.bloomberg.com/news/articles/2026-09-23/judge-weighs-trump-ban-of-cnn-ms-now-politico-from-white-house,en,2026-09-23,
"Judge Weighs Trump White House Ban of CNN, MS NOW, Politico",Bloomberg,bloomberg.com,bloomberg.com,2026-09-23,https://news.google.com/rss/articles/CBMiswFBVV95cUxQYnI4N21xNGlNdFNYSTlWTnItM0NDVnl2NlNHTW12LWQtejVZU09YZUwwQzh1ZUlPWlFyZDgtYjRXdTB1dk81UWhQbVZKemQtQXhXQTg0Rm80bFJ0cHBVSUV4ZktPc2h4ZlZQVk1vTjllbDl5Xy00N0RIeGFFWnlHNV83R0p6eUdNelhEWW9vZEluU0thd054bGJKdFFqM09BdTYwdXVVUW1Vbl9ha09KOHd6aw?oc=5,en,2026-09-23,
Watch Xi Unlikely To Bring CEOs to Summit With Trump,Bloomberg,bloomberg.com,bloomberg.com,2026-09-23,https://news.google.com/rss/articles/CBMiowFBVV95cUxPdVdELXdZV0Y3REEtZlVieUFZejlsMGRkTGs0RzFyWFJUc2dBTi0wNmk3UEZ5TkZ0SFhxQjlUcjIwbENXb3FaMEtsYUxLcV9kMzVpWk5YZGNYX2RZSnZUS2NzRXhWa1lvYUJYN3dabVNURzJ5bUxPUHowRzFpOHMzODdxOGpJZzRBQ0dxX0p1UE1MMmVUVExnLW5HSF9aaGd3LXE0?oc=5,en,2026-09-23,
New poll shows Raman surging past Bass in LA mayoral race,CBS News,cbsnews.com,cbsnews.com,2026-09-23,https://www.cbsnews.com/losangeles/video/new-poll-shows-raman-surging-past-bass-in-la-mayoral-race/,en,2026-09-23,
Tracking Hurricane Polo and its potential impact on Southern California,CBS News,cbsnews.com,cbsnews.com,2026-09-23,https://www.cbsnews.com/losangeles/video/tracking-hurricane-polo-and-its-potential-impact-on-southern-california/,en,2026-09-23,
"Judge blocks Trump's ban on CNN, MS NOW and Politico, restoring White House access for now",CBS News,cbsnews.com,cbsnews.com,2026-09-23,https://www.cbsnews.com/losangeles/news/judge-blocks-trump-ban-cnn-ms-now-politico-restoring-white-house-access/,en,2026-09-23,
"Teen killed, sister hospitalized after hit-and-run crash in South LA",CBS News,cbsnews.com,cbsnews.com,2026-09-23,https://www.cbsnews.com/losangeles/video/teen-killed-sister-hospitalized-after-hit-and-run-crash-in-south-la/,en,2026-09-23,
"Iran War Updates: Iran's president calls U.S. attacks ""cowardly"" as Trump threatens annihilation",CBS News,cbsnews.com,cbsnews.com,2026-09-23,https://www.cbsnews.com/newyork/live-updates/iran-war-trump-un-speech-annihilate-threat-talks-resume/,en,2026-09-23,
"Senate GOP campaign chief privately says party is in ""fight for our lives,"" but sees path to midterm win",CBS News,cbsnews.com,cbsnews.com,2026-09-23,https://www.cbsnews.com/news/tim-scott-republican-midterm-senate-fight-of-our-lives/,en,2026-09-23,
Florida governor candidate Byron Donalds stands by Trump after some mentions of the president removed from website,CBS News,cbsnews.com,cbsnews.com,2026-09-23,https://www.cbsnews.com/news/florida-governor-candidate-byron-donalds-trump-mentions-disappear-from-website/,en,2026-09-23,
Navy reports 8 suicide attempts on carrier group that faced monthslong deployment amid Iran war,CBS News,cbsnews.com,cbsnews.com,2026-09-23,https://www.cbsnews.com/losangeles/news/navy-8-suicide-attempts-uss-lincoln-carrier-group-iran-war/,en,2026-09-23,
9/23: The Takeout with Major Garrett,CBS News,cbsnews.com,cbsnews.com,2026-09-23,https://www.cbsnews.com/video/092326-the-takeout-with-major-garrett/,en,2026-09-23,
"Byron Donalds, David Jolly outline differences on property taxes, insurance at Fort Lauderdale summit",CBS News,cbsnews.com,cbsnews.com,2026-09-23,https://www.cbsnews.com/miami/news/florida-governor-byron-donalds-david-jolly-fort-lauderdale-summit/,en,2026-09-23,
9/23: CBS Evening News,CBS News,cbsnews.com,cbsnews.com,2026-09-23,https://www.cbsnews.com/video/092326-cbs-evening-news/,en,2026-09-23,
"Hochul plays Trump card, Blakeman plays Mamdani card as new polls shed light on N.Y. gov race",CBS News,cbsnews.com,cbsnews.com,2026-09-23,https://www.cbsnews.com/newyork/video/hochul-plays-trump-card-blakeman-plays-mamdani-card-as-new-polls-shed-light-on-n-y-gov-race/,en,2026-09-23,
"Judge skeptical of Trump's White House ban on CNN, MS NOW and Politico",CBS News,cbsnews.com,cbsnews.com,2026-09-23,https://www.cbsnews.com/newyork/news/trump-white-house-ban-cnn-ms-now-politico-judge-court-hearing/,en,2026-09-23,
What do Trump and Xi hope to accomplish with summit?,CBS News,cbsnews.com,cbsnews.com,2026-09-23,https://www.cbsnews.com/video/what-do-trump-xi-hope-accomplish-summit/,en,2026-09-23,
Judge dismisses Trump's 2024 lawsuit against Des Moines Register over poll results,CBS News,cbsnews.com,cbsnews.com,2026-09-23,https://www.cbsnews.com/news/trump-2024-lawsuit-des-moines-register-poll-results/,en,2026-09-23,
"Trump welcomes Chinese President Xi Jinping for state visit as tensions build over AI, Iran",CBS News,cbsnews.com,cbsnews.com,2026-09-23,https://www.cbsnews.com/video/trump-welcomes-chinese-president-xi-jinping-for-state-visit-as-tensions-build-over-ai-iran/,en,2026-09-23,
Trump rolls out the red carpet for Chinese President Xi Jinping despite U.S.-China tensions,CBS News,cbsnews.com,cbsnews.com,2026-09-23,https://www.cbsnews.com/news/trump-rolls-out-the-red-carpet-for-xi-despite-us-china-tensions/,en,2026-09-23,
Harvard professor breaks down Trump's upcoming talks with China's Xi amid AI race,CBS News,cbsnews.com,cbsnews.com,2026-09-23,https://www.cbsnews.com/video/harvard-government-professor-breaks-down-trumps-expected-talks-with-xi-jinping/,en,2026-09-23,
Examining China-Iran relations amid Trump-Xi summit,CBS News,cbsnews.com,cbsnews.com,2026-09-23,https://www.cbsnews.com/video/examining-china-iran-relations-amid-trump-xi-summit/,en,2026-09-23,
"Republican candidates in tight races distance themselves from Trump, Iran war ahead of midterms",CBS News,cbsnews.com,cbsnews.com,2026-09-23,https://www.cbsnews.com/video/republican-candidates-tight-races-distance-themselves-trump-iran-war-midterms/,en,2026-09-23,
"Trump is using summit to improve his relationship with Xi, former White House Asia adviser says",CBS News,cbsnews.com,cbsnews.com,2026-09-23,https://www.cbsnews.com/video/trump-using-summit-improve-relationship-xi-former-white-house-asia-adviser/,en,2026-09-23,
"Pennsylvania planners rush to ready townships for data center proposals: ""We're nonstop""",CBS News,cbsnews.com,cbsnews.com,2026-09-23,https://www.cbsnews.com/pittsburgh/news/pennsylvania-data-center-proposals/,en,2026-09-23,
How President Trump's influence has changed Texas politics,CBS News,cbsnews.com,cbsnews.com,2026-09-23,https://www.cbsnews.com/texas/news/tracking-president-trumps-influence-on-texas-politics/,en,2026-09-23,
Trump welcomes Chinese President Xi Jinping to Washington,CBS News,cbsnews.com,cbsnews.com,2026-09-23,https://www.cbsnews.com/texas/video/trump-welcomes-chinese-president-xi-jinping-to-washington/,en,2026-09-23,
Federal judge weighing lawsuit challenging Trump's White House media ban,CBS News,cbsnews.com,cbsnews.com,2026-09-23,https://www.cbsnews.com/chicago/video/federal-judge-weighing-lawsuit-challenging-trumps-white-house-media-ban/,en,2026-09-23,
"Trump to meet with China’s president over AI, Iran war",CBS News,cbsnews.com,cbsnews.com,2026-09-23,https://www.cbsnews.com/chicago/video/trump-to-meet-with-chinas-president-over-ai-iran-war/,en,2026-09-23,
Trump press ban hearing wraps without ruling,CBS News,cbsnews.com,cbsnews.com,2026-09-23,https://www.cbsnews.com/video/trump-press-ban-hearing-wraps-without-ruling/,en,2026-09-23,
"Kamala Harris tells Michigan crowd Democrats have ""got to be too big to rig""",CBS News,cbsnews.com,cbsnews.com,2026-09-23,https://www.cbsnews.com/detroit/news/harris-el-sayed-michigan-senate-campaign/,en,2026-09-23,
N.Y. Gov. Kathy Hochul's lead over Republican challenger Bruce Blakeman slips to single digits in new poll,CBS News,cbsnews.com,cbsnews.com,2026-09-23,https://www.cbsnews.com/newyork/news/kathy-hochul-bruce-blakeman-siena-poll/,en,2026-09-23,
"Ossoff, Collins trade words over Republican lawmaker's former aide ahead of midterm election",CBS News,cbsnews.com,cbsnews.com,2026-09-23,https://www.cbsnews.com/atlanta/news/ossoff-collins-trade-blows-over-republican-lawmakers-former-aide-ahead-of-midterm-election/,en,2026-09-23,
These GOP candidates in tight races are calling for a quick end to Iran war,CBS News,cbsnews.com,cbsnews.com,2026-09-23,https://www.cbsnews.com/news/gop-candidates-end-iran-war-midterm-elections/,en,2026-09-23,
San Francisco Assemblymember Catherine Stefani says staffer detained by ICE in Nevada,CBS News,cbsnews.com,cbsnews.com,2026-09-23,https://www.cbsnews.com/sanfrancisco/news/ho-yin-mo-assemblymember-catherine-stefani-aide-detained-ice-nevada/,en,2026-09-23,
How Trump and Xi's personal relationship impacts foreign policy between the U.S. and China,CBS News,cbsnews.com,cbsnews.com,2026-09-23,https://www.cbsnews.com/video/how-trump-and-xis-personal-relationship-impacts-foreign-policy/,en,2026-09-23,
Trump's legal fight to block some journalists from covering him,CBS News,cbsnews.com,cbsnews.com,2026-09-23,https://www.cbsnews.com/video/trumps-legal-fight-to-block-some-journalists-from-covering-him/,en,2026-09-23,
Trump banned part of the White House press pool. Here's what that means.,CBS News,cbsnews.com,cbsnews.com,2026-09-23,https://www.cbsnews.com/video/trump-banned-part-of-the-white-house-press-pool-heres-what-that-means/,en,2026-09-23,
"Democratic U.S. rep. for Chicago Delia Ramirez introduces bill to dismantle DHS, abolish ICE",CBS News,cbsnews.com,cbsnews.com,2026-09-23,https://www.cbsnews.com/chicago/news/chicago-delia-ramirez-bill-dismantle-dhs-abolish-ice/,en,2026-09-23,
GOP senator calls for investigation into Trump Jr. and Hunter Biden,CBS News,cbsnews.com,cbsnews.com,2026-09-23,https://www.cbsnews.com/chicago/video/gop-senator-calls-for-investigation-into-trump-jr-and-hunter-biden/,en,2026-09-23,
War with Iran takes center stage as President Trump addresses U.N.G.A.,CBS News,cbsnews.com,cbsnews.com,2026-09-23,https://www.cbsnews.com/chicago/video/war-with-iran-takes-center-stage-as-president-trump-addresses-u-n-g-a/,en,2026-09-23,
"DOJ defends Trump White House media ban, citing national security and ""professionalism and decorum""",CBS News,cbsnews.com,cbsnews.com,2026-09-23,https://www.cbsnews.com/chicago/news/doj-defends-trump-white-house-media-ban/,en,2026-09-23,
"Trump threats Iran during U.N. speech while Mamdani, Netanyahu feud continues",CBS News,cbsnews.com,cbsnews.com,2026-09-23,https://www.cbsnews.com/newyork/video/trump-threats-iran-during-u-n-speech-while-mamdani-netanyahu-feud-continues/,en,2026-09-23,
Speeches at the U.N. amid international discussions,CBS News,cbsnews.com,cbsnews.com,2026-09-23,https://www.cbsnews.com/detroit/video/speeches-at-the-u-n-amid-international-discussions/,en,2026-09-23,
"Trump to host China’s Xi Jinping amid talks on Iran, trade and foreign affairs",CBS News,cbsnews.com,cbsnews.com,2026-09-23,https://www.cbsnews.com/texas/video/trump-to-host-chinas-xi-jinping-amid-talks-on-iran-trade-and-foreign-affairs/,en,2026-09-23,
Key takeaways from Trump's day at the U.N. General Assembly,CBS News,cbsnews.com,cbsnews.com,2026-09-23,https://www.cbsnews.com/video/key-takeaways-from-trumps-day-at-the-un-general-assembly/,en,2026-09-23,
Trump to meet with China's Xi Jinping as calls for AI regulation get louder,CBS News,cbsnews.com,cbsnews.com,2026-09-23,https://www.cbsnews.com/video/trump-to-meet-with-chinas-xi-as-calls-for-ai-regulation-get-louder/,en,2026-09-23,
Republicans push for investigation into Donald Trump Jr. amid wedding party controversy,CBS News,cbsnews.com,cbsnews.com,2026-09-23,https://www.cbsnews.com/video/republicans-push-for-investigation-into-donald-trump-jr-amid-wedding-party-controversy/,en,2026-09-23,
"Judge skeptical of Trump White House ban on CNN , MS NOW and Politico",CBS News,cbsnews.com,cbsnews.com,2026-09-23,https://www.cbsnews.com/news/trump-white-house-ban-cnn-ms-now-politico-judge-court-hearing/,en,2026-09-23,
Judge says he’ll make a ruling on Trump’s media ban as soon as he can,CNN,cnn.com,cnn.com,2026-09-23,https://www.cnn.com/2026/09/23/politics/video/white-house-band-judge-no-ruling-yet-digvid,en,2026-09-23,
Ukrainian students flee Russian drone attack,CNN,cnn.com,cnn.com,2026-09-23,https://www.cnn.com/2026/09/23/world/video/ukrainian-students-flee-russian-drone-attack-digvid,en,2026-09-23,
"Key moments from hearing on White House ban of CNN, MS NOW and Politico",CNN,cnn.com,cnn.com,2026-09-23,https://www.cnn.com/2026/09/23/politics/white-house-ban-cnn-msnow-politico-access-judge-kelly,en,2026-09-23,
Kansas becomes the latest headache for Republicans,CNN,cnn.com,cnn.com,2026-09-23,https://www.cnn.com/2026/09/23/politics/video/aczelenykansas,en,2026-09-23,
"DOJ’s national security argument ‘doesn’t fit the American system,’ historian says",CNN,cnn.com,cnn.com,2026-09-23,https://www.cnn.com/2026/09/23/politics/video/media-ban-trump-cnn,en,2026-09-23,
Awaiting judge’s ruling after hearing in Trump’s White House press ban case,CNN,cnn.com,cnn.com,2026-09-23,https://www.cnn.com/2026/09/23/politics/video/ac360banupdate,en,2026-09-23,
Iran’s President in defiant UN speech: ‘We will never bow our head’,CNN,cnn.com,cnn.com,2026-09-23,https://www.cnn.com/2026/09/23/world/video/ebof-trump-iran-war-united-nations,en,2026-09-23,
"In an unusual move, President Trump greets Chinese leader on the tarmac at Joint Base Andrews",CNN,cnn.com,cnn.com,2026-09-23,https://www.cnn.com/2026/09/23/politics/video/ac360xijba,en,2026-09-23,
New documentary examines the political and personal divides in swing Pennsylvania county,CNN,cnn.com,cnn.com,2026-09-23,https://www.cnn.com/2026/09/23/politics/video/pennsylvania-election-midterm-vote-lead-jake-tapper,en,2026-09-23,
CNN reporters discuss hearing over press ban,CNN,cnn.com,cnn.com,2026-09-23,https://www.cnn.com/2026/09/23/politics/video/cnn-media-ban-trump,en,2026-09-23,
Ana Navarro: Hispanic voters feel ‘betrayed’ by Trump,CNN,cnn.com,cnn.com,2026-09-23,https://www.cnn.com/2026/09/23/politics/video/ana-navarro-hispanic-voters-feel-betrayed-by-trump,en,2026-09-23,
Judge dismisses Trump’s lawsuit against Des Moines Register and pollster J. Ann Selzer,CNN,cnn.com,cnn.com,2026-09-23,https://www.cnn.com/2026/09/23/media/trump-j-ann-selzer-des-moines-register-lawsuit-dismissed,en,2026-09-23,
"Kansas becomes the latest headache for Republicans, with Democrats eyeing a ‘miracle’ in Senate race",CNN,cnn.com,cnn.com,2026-09-23,https://www.cnn.com/2026/09/23/politics/kansas-senate-adam-hamilton-democrats-roger-marshall-republicans,en,2026-09-23,
Sen Warren: Trump’s message to Xi seems to be ‘don’t hurt me’,CNN,cnn.com,cnn.com,2026-09-23,https://www.cnn.com/2026/09/23/politics/video/president-donald-trump-xi-jinping-state-visit-senator-elizabeth-warren-joint-base-andrews-white-house,en,2026-09-23,
Elizabeth Holmes approved to move to halfway house next year,CNN,cnn.com,cnn.com,2026-09-23,https://www.cnn.com/2026/09/23/us/elizabeth-holmes-halfway-house-approved,en,2026-09-23,
"Alcohol use, hot garbage, ‘Primetime’: Catch up on the day’s stories",CNN,cnn.com,cnn.com,2026-09-23,https://www.cnn.com/2026/09/23/us/5-things-pm-september-23-trnd,en,2026-09-23,
AI leaders Sam Altman and Dario Amodei address United Nations Security Council,CNN,cnn.com,cnn.com,2026-09-23,https://www.cnn.com/2026/09/23/world/video/cncpm-ai-leaders-altman-amodei-address-un-security-council,en,2026-09-23,
"Eight sailors assigned to US carrier group that fought in Iran war attempted suicide, Navy secretary tells Congress",CNN,cnn.com,cnn.com,2026-09-23,https://www.cnn.com/2026/09/23/politics/eight-sailors-lincoln-carrier-group-iran-war-attempted-suicide,en,2026-09-23,
"AI, Trade, Iran to dominate White House meeting with President Xi",CNN,cnn.com,cnn.com,2026-09-23,https://www.cnn.com/2026/09/23/us/video/berman-sciutto-trump-xi-china-cnc,en,2026-09-23,
Wilber Garcés Pérez’s mother describes phone call with son,CNN,cnn.com,cnn.com,2026-09-23,https://www.cnn.com/2026/09/23/us/video/ice-shooting-austin-texas-wilber-garces-perez-ldn-digvid,en,2026-09-23,
"Iran’s president laid out Tehran’s demands to the world, from a podium in New York",CNN,cnn.com,cnn.com,2026-09-23,https://www.cnn.com/2026/09/23/middleeast/iran-president-unga-speech-intl,en,2026-09-23,
Russian drones attack Kyiv during daytime hours Wednesday,CNN,cnn.com,cnn.com,2026-09-23,https://www.cnn.com/2026/09/23/world/video/russian-drones-attack-kyiv-daytime-hours-wednesday-intldsk,en,2026-09-23,
Prince Harry warns of AI’s encroachment into personal relationships,CNN,cnn.com,cnn.com,2026-09-23,https://www.cnn.com/2026/09/23/world/video/princeharry-ai-speech-newyork-intldsk,en,2026-09-23,
‘We are gaining momentum.’ Montana Independent Senate candidate thinks he can beat a Democrat and a Republican,CNN,cnn.com,cnn.com,2026-09-23,https://www.cnn.com/2026/09/23/politics/video/inside-politics-seth-bodnar-independent-montana-senate-race,en,2026-09-23,
Trump has skirted concerns about corruption. Donald Trump Jr.’s wedding could change that.,CNN,cnn.com,cnn.com,2026-09-23,https://www.cnn.com/2026/09/23/politics/trump-jr-wedding-gift,en,2026-09-23,
Maine Democrats criticize Susan Collins over reported allegations of pay-to-play scheme,CNN,cnn.com,cnn.com,2026-09-23,https://www.cnn.com/2026/09/23/politics/susan-collins-propublica-maine-democrats-senate,en,2026-09-23,
US citizen mistakenly targeted by ICE agents,CNN,cnn.com,cnn.com,2026-09-23,https://www.cnn.com/2026/09/23/us/video/cncpm-us-citizen-mistakenly-targeted-by-ice,en,2026-09-23,
"Judge hears CNN, MS NOW and Politico lawsuit against Trump administration",CNN,cnn.com,cnn.com,2026-09-23,https://www.cnn.com/2026/09/23/politics/live-news/press-lawsuit-trump-cnn,en,2026-09-23,
"Obama ‘not surprised’ by Trump’s media ban, calls issue of press freedom ‘foundational’",CNN,cnn.com,cnn.com,2026-09-23,https://www.cnn.com/2026/09/23/politics/barack-obama-press-ban,en,2026-09-23,
What to know about Hurricane Polo,CNN,cnn.com,cnn.com,2026-09-23,https://www.cnn.com/2026/09/23/weather/video/hurricane-polo-cli-hrzn,en,2026-09-23,
Caleb Flynn’s 911 call is played at his murder trial,CNN,cnn.com,cnn.com,2026-09-23,https://www.cnn.com/2026/09/23/us/video/flynn-trial-911-call-court,en,2026-09-23,
"Ex-colonel on Trump’s Greenland deal, AI force, Saudi F-35 sale and more",CNN,cnn.com,cnn.com,2026-09-23,https://www.cnn.com/2026/09/23/politics/video/leightons-thoughts-230926-ytc,en,2026-09-23,
"NYPD, Secret Service investigate as three people seen exiting sewer near Netanyahu’s hotel",CNN,cnn.com,cnn.com,2026-09-23,https://www.cnn.com/2026/09/23/us/video/cncpm-three-people-seen-exiting-sewer-near-netanyahu-hotel,en,2026-09-23,
"Trump hits lowest rating across his two terms. So, what’s driving this?",CNN,cnn.com,cnn.com,2026-09-23,https://www.cnn.com/2026/09/23/politics/video/trump-hits-lowest-rating-across-his-two-terms,en,2026-09-23,
"‘Putin is playing with our fears,’ says Estonian FM",CNN,cnn.com,cnn.com,2026-09-23,https://www.cnn.com/2026/09/23/tv/video/amanpour-tsahkna,en,2026-09-23,
"‘Migrants are not cattle, they’re human’: Spanish PM defends Ceuta response",CNN,cnn.com,cnn.com,2026-09-23,https://www.cnn.com/2026/09/23/tv/video/amanpour-sanchez-unga-ceuta,en,2026-09-23,
Trump administration uncovers $1.2B in suspected COVID contract fraud tied to Biden-era spending,Fox News,foxnews.com,foxnews.com,2026-09-23,https://www.foxnews.com/politics/trump-administration-uncovers-1-2b-suspected-covid-contract-fraud-tied-biden-era-spending,en,2026-09-23,
"Trump-Xi summit could hold key to lower gas prices, GOP chairman says",Fox News,foxnews.com,foxnews.com,2026-09-23,https://www.foxnews.com/politics/trump-xi-summit-could-hold-key-lower-gas-prices-gop-chairman-says,en,2026-09-23,
Daughter of Chinese Uyghur prisoner makes emotional plea to Trump during spotlight Xi summit,Fox News,foxnews.com,foxnews.com,2026-09-23,https://www.foxnews.com/politics/daughter-chinese-uyghur-prisoner-emotional-plea-trump-spotlight-xi-summit,en,2026-09-23,
President Trump to hold high-stakes summit with China's Xi and more top headlines,Fox News,foxnews.com,foxnews.com,2026-09-23,https://www.foxnews.com/us/trump-hold-high-stakes-summit-chinas-xi-more-top-headlines,en,2026-09-23,
Major pro-life group threatens to sue Trump FDA over abortion pill's alleged environmental risks,Fox News,foxnews.com,foxnews.com,2026-09-23,https://www.foxnews.com/politics/major-pro-life-group-threatens-sue-trump-fda-abortion-pill-alleged-environmental-risks,en,2026-09-23,
"Team USA golfers welcome Trump’s expected Presidents Cup visit, share pride in representing America",Fox News,foxnews.com,foxnews.com,2026-09-23,https://www.foxnews.com/outkick-sports/team-usa-golfers-welcome-trumps-expected-presidents-cup-visit-share-pride-representing-america,en,2026-09-23,
Dem Senate hopeful dished out thousands to radical staffer who glorified Hamas: 'Freedom fighters',Fox News,foxnews.com,foxnews.com,2026-09-23,https://www.foxnews.com/politics/dem-senate-hopeful-dished-out-thousands-radical-staffer-glorified-hamas-freedom-fighters,en,2026-09-23,
The unlikely South American ally helping lead Trump's drug cartel crackdown,Fox News,foxnews.com,foxnews.com,2026-09-23,https://www.foxnews.com/politics/unlikely-south-american-ally-helping-lead-trumps-drug-cartel-crackdown,en,2026-09-23,
Trump-Xi reunion comes with unfinished business — and a bigger battle looming,Fox News,foxnews.com,foxnews.com,2026-09-23,https://www.foxnews.com/politics/trump-xi-reunion-unfinished-business-bigger-battle-looming,en,2026-09-23,
Bishop Barron warns communism ‘making a comeback’ in America ahead of Fulton Sheen beatification,Fox News,foxnews.com,foxnews.com,2026-09-23,https://www.foxnews.com/politics/bishop-barron-warns-communism-making-comeback-america-ahead-fulton-sheen-beatification,en,2026-09-23,
Melania Trump’s home-country leader rips UN ‘double standards’ as Trump promise is revealed,Fox News,foxnews.com,foxnews.com,2026-09-23,https://www.foxnews.com/world/melania-trumps-home-country-leader-rips-un-double-standards-trump-promise-revealed,en,2026-09-23,
MORNING GLORY: El-Sayed might have a problem with the Black vote in Michigan,Fox News,foxnews.com,foxnews.com,2026-09-23,https://www.foxnews.com/opinion/morning-glory-el-sayed-problem-black-vote-michigan,en,2026-09-23,
Republicans face brutal midterm headwinds. Six forces could help them defy history.,Fox News,foxnews.com,foxnews.com,2026-09-23,https://www.foxnews.com/politics/republicans-face-brutal-midterm-headwinds-six-forces-could-help-them-defy-history,en,2026-09-23,
Trump UN Showdown: Can Sanctions Stop Iran?,Fox News,foxnews.com,foxnews.com,2026-09-23,https://radio.foxnews.com/2026/09/23/trump-un-showdown-can-sanctions-stop-iran-brian-kilmeade-show/,en,2026-09-23,
Trump quiere que México arreste narcopolíticos,Fox News,foxnews.com,foxnews.com,2026-09-23,https://radio.foxnews.com/2026/09/23/trump-quiere-que-mexico-arreste-narcopoliticos/,es,2026-09-23,
Michigan student confronts El-Sayed over Iran stance in tense exchange: ‘Do you stand with us?’,Fox News,foxnews.com,foxnews.com,2026-09-23,https://www.foxnews.com/politics/michigan-student-confronts-el-sayed-over-iran-stance-tense-exchange-do-you-stand-us,en,2026-09-23,
Democrat Senators flee or no-show Judiciary Committee hearing on protecting women's sports,Fox News,foxnews.com,foxnews.com,2026-09-23,https://www.foxnews.com/outkick-sports/democrat-senators-flee-no-show-judiciary-committee-hearing-protecting-womens-sports,en,2026-09-23,
English soccer star Harry Kane wants to play in the MLS and kick in the NFL at the same time,Fox News,foxnews.com,foxnews.com,2026-09-23,https://www.foxnews.com/outkick-sports/english-soccer-star-harry-kane-wants-play-mls-kick-nfl-same-time,en,2026-09-23,
Trump likely ‘smirked’ as 'crass' Iranian president lashed out at US in UN speech: expert,Fox News,foxnews.com,foxnews.com,2026-09-23,https://www.foxnews.com/world/trump-smirked-iranian-president-lashed-us-fiery-un-speech-expert,en,2026-09-23,
Bessent reveals extension to Busan agreement with China until January,Fox News,foxnews.com,foxnews.com,2026-09-23,https://www.foxnews.com/media/bessent-reveals-extension-busan-agreement-china-january,en,2026-09-23,
Newsom denies pressuring California AG into Paramount settlement after liberal backlash,Fox News,foxnews.com,foxnews.com,2026-09-23,https://www.foxnews.com/media/newsom-denies-pressuring-california-ag-paramount-settlement-liberal-backlash,en,2026-09-23,
Local Virginia GOP chair says Arlington County officials prioritize illegal immigrants over public safety,Fox News,foxnews.com,foxnews.com,2026-09-23,https://www.foxnews.com/us/local-virginia-gop-chair-says-arlington-county-officials-prioritize-illegal-immigrants-over-public-safety,en,2026-09-23,
"Kansas Democrat begs Kamala Harris not to campaign with him, ‘Please do not come to my state’",Fox News,foxnews.com,foxnews.com,2026-09-23,https://www.foxnews.com/media/kansas-democrat-begs-kamala-harris-not-campaign-please-do-not-come-my-state,en,2026-09-23,
New York Times faces shareholder lawsuit over alleged anti-Israel bias,Fox News,foxnews.com,foxnews.com,2026-09-23,https://www.foxnews.com/media/new-york-times-faces-shareholder-lawsuit-over-alleged-anti-israel-bias,en,2026-09-23,
Mamdani roasted for staying tight-lipped on 'war criminal' Pezeshkian after raging about Netanyahu,Fox News,foxnews.com,foxnews.com,2026-09-23,https://www.foxnews.com/politics/mamdani-roasted-staying-tight-lipped-war-criminal-pezeshkian-raging-netanyahu,en,2026-09-23,
NATO ally pushes ‘Fort Trump’ US military base as Russian helicopter penetrates airspace,Fox News,foxnews.com,foxnews.com,2026-09-23,https://www.foxnews.com/world/nato-ally-pushes-fort-trump-us-military-base-russian-helicopter-penetrates-airspace,en,2026-09-23,
Trump to attend Texas vs Tennessee in high-stakes college football showdown,Fox News,foxnews.com,foxnews.com,2026-09-23,https://www.foxnews.com/outkick-sports/trump-attend-texas-vs-tennessee-high-stakes-college-football-showdown,en,2026-09-23,
Mike Florio thinks the New York Giants should consider replacing Jaxson Dart with–wait for it–Colin Kaepernick,Fox News,foxnews.com,foxnews.com,2026-09-23,https://www.foxnews.com/outkick-sports/mike-florio-thinks-new-york-giants-should-consider-replacing-jaxson-dart-colin-kaepernick,en,2026-09-23,
Trump's diesel idea could unleashed a problem Americans never saw coming,Fox News,foxnews.com,foxnews.com,2026-09-23,https://www.foxnews.com/politics/trumps-diesel-idea-could-unleash-problem-americans-never-saw-coming,en,2026-09-23,
"Sophie Cunningham's shirt has a message for the haters, Arch Manning neutralized & Cowboys WAG Haley Cavinder!",Fox News,foxnews.com,foxnews.com,2026-09-23,https://www.foxnews.com/outkick-sports/sophie-cunningham-shirt-message-haters-arch-manning-neutralized-cowboys-wag-haley-cavinder,en,2026-09-23,
Javier Milei shreds ‘useless’ UN to its face in fiery speech to 'fatally arrogant parasites',Fox News,foxnews.com,foxnews.com,2026-09-23,https://www.foxnews.com/politics/javier-milei-shreds-useless-un-fiery-speech-fatally-arrogant-parasites,en,2026-09-23,
Paxton’s estranged wife breaks silence on Texas Senate race after 'biblical grounds' divorce,Fox News,foxnews.com,foxnews.com,2026-09-23,https://www.foxnews.com/politics/paxton-estranged-wife-breaks-silence-texas-senate-race-biblical-grounds-divorce,en,2026-09-23,
"Bipartisan duo wants to remind Congress, Trump of China's 'atrocities' ahead of Xi visit",Fox News,foxnews.com,foxnews.com,2026-09-23,https://www.foxnews.com/politics/bipartisan-duo-wants-remind-congress-trump-chinas-atrocities-ahead-xi-visit,en,2026-09-23,
Canadians Nick Taylor and Corey Conners laugh off Lake Ontario renaming ahead of Presidents Cup,Fox News,foxnews.com,foxnews.com,2026-09-23,https://www.foxnews.com/outkick-sports/canadians-nick-taylor-corey-conners-laugh-off-lake-ontario-renaming-ahead-presidents-cup,en,2026-09-23,
EXCLUSIVE: Trump’s CBP axes Biden-era policy allowing private gifts for illegal immigrants in federal custody,Fox News,foxnews.com,foxnews.com,2026-09-23,https://www.foxnews.com/us/exclusive-trumps-cbp-axes-biden-era-policy-allowing-private-gifts-illegal-immigrants-federal-custody,en,2026-09-23,
The top moments from Iran president’s tense visit to US soil as war rages,Fox News,foxnews.com,foxnews.com,2026-09-23,https://www.foxnews.com/politics/top-moments-from-iran-presidents-tense-visit-us-soil-war-rages,en,2026-09-23,
STEVE MOORE: The IRS went after honest landowners. It's time to end this tax nightmare,Fox News,foxnews.com,foxnews.com,2026-09-23,https://www.foxnews.com/opinion/steve-moore-irs-honest-landowners-time-end-tax-nightmare,en,2026-09-23,
Melania Trump reveals 'the world's biggest untapped economic force' to kick off landmark NYSE summit,Fox News,foxnews.com,foxnews.com,2026-09-23,https://www.foxnews.com/politics/melania-trump-reveals-worlds-biggest-untapped-economic-force-kick-off-landmark-nyse-summit,en,2026-09-23,
DAVID MARCUS: Minnesota GOP candidates keep Trump at arm's length as they eye a post-Trump party future,Fox News,foxnews.com,foxnews.com,2026-09-23,https://www.foxnews.com/opinion/david-marcus-minnesota-gop-candidates-keep-trump-arms-length-eye-post-trump-party-future,en,2026-09-23,
Trump to ask Xi to free wrongfully detained US citizen as wife speaks out,Fox News,foxnews.com,foxnews.com,2026-09-23,https://www.foxnews.com/politics/trump-ask-xi-free-wrongfully-detained-us-citizen-wife-speaks-out,en,2026-09-23,
Supreme Court to hear Missouri redistricting case for third time,Fox News,foxnews.com,foxnews.com,2026-09-23,https://www.foxnews.com/politics/supreme-court-hear-missouri-redistricting-case-third-time,en,2026-09-23,
Kamala Harris’ Detroit speech sets internet ablaze as critics zero in on noticeable change: ‘It’s so bad’,Fox News,foxnews.com,foxnews.com,2026-09-23,https://www.foxnews.com/politics/kamala-harris-detroit-speech-sets-internet-ablaze-critics-zero-noticeable-change-its-so-bad,en,2026-09-23,
Explosive new report puts Jack Smith back in hot seat as Jim Jordan alleges he tried to 'sway' 2024 election,Fox News,foxnews.com,foxnews.com,2026-09-23,https://www.foxnews.com/politics/explosive-new-report-puts-jack-smith-back-hot-seat-jim-jordan-alleges-he-tried-sway-2024-election,en,2026-09-23,
"GOP cracks widen over Iran war as vulnerable candidates break with Trump, demand its end",Fox News,foxnews.com,foxnews.com,2026-09-23,https://www.foxnews.com/politics/gop-cracks-widen-over-iran-war-vulnerable-candidates-break-trump-demand-its-end,en,2026-09-23,
"Stanford admits breaking own policy after race-, gender-swapped student photos emerge",Fox News,foxnews.com,foxnews.com,2026-09-23,https://www.foxnews.com/politics/stanford-admits-breaking-own-policy-after-race-gender-swapped-student-photos-emerge,en,2026-09-23,
Letitia James’ re-election cushion shrinks as little-known challenger starts turning heads,Fox News,foxnews.com,foxnews.com,2026-09-23,https://www.foxnews.com/politics/letitia-james-re-election-cushion-shrinks-little-known-challenger-starts-turning-heads,en,2026-09-23,
Trump-Xi summit should make sure American strength delivers American results,Fox News,foxnews.com,foxnews.com,2026-09-23,https://www.foxnews.com/opinion/trump-xi-summit-should-make-sure-american-strength-delivers-american-results,en,2026-09-23,
GOP challenger gets within single digits of blue-state gov despite Dem's massive advantage,Fox News,foxnews.com,foxnews.com,2026-09-23,https://www.foxnews.com/politics/gop-challenger-within-single-digits-blue-state-gov-despite-dem-massive-advantage,en,2026-09-23,
"China ‘throwing gasoline on the fire’ in AI data centers race, say lawmakers",Fox News,foxnews.com,foxnews.com,2026-09-23,https://www.foxnews.com/politics/china-throwing-gasoline-fire-ai-data-centers-race-say-lawmakers,en,2026-09-23,
FIRST ON FOX: Rubio ramps up birth tourism crackdown hours before Xi touches down in US,Fox News,foxnews.com,foxnews.com,2026-09-23,https://www.foxnews.com/politics/first-fox-rubio-ramps-up-birth-tourism-crackdown-hours-before-xi-touches-down-us,en,2026-09-23,
"SENS SHAHEEN, CURTIS: China is Putin’s arsenal and ATM. Shut both down",Fox News,foxnews.com,foxnews.com,2026-09-23,https://www.foxnews.com/opinion/sens-shaheen-curtis-china-putins-arsenal-atm-shut-down,en,2026-09-23,
Pro-life leader sounds alarm after doctor gets 6 months for forcing abortion pills on girlfriend,Fox News,foxnews.com,foxnews.com,2026-09-23,https://www.foxnews.com/politics/pro-life-leader-sounds-alarm-doctor-gets-6-months-forcing-abortion-pills-girlfriend,en,2026-09-23,
Líder sirio arremete contra Israel en la ONU y dice que el Golán es parte inseparable de Siria,Los Angeles Times,latimes.com,latimes.com,2026-09-23,https://www.latimes.com/espanol/internacional/articulo/2026-09-23/lider-sirio-arremete-contra-israel-en-la-onu-y-dice-que-el-golan-es-parte-inseparable-de-siria,es,2026-09-23,
"If 'Melania' movie left you wanting more, first lady reveals new docuseries is on the way",Los Angeles Times,latimes.com,latimes.com,2026-09-23,https://www.latimes.com/entertainment-arts/tv/story/2026-09-23/melania-trump-2-part-docuseries-expected-2026,en,2026-09-23,
Judge orders White House to restore access to news outlets Trump banned,Los Angeles Times,latimes.com,latimes.com,2026-09-23,https://www.latimes.com/world-nation/story/2026-09-23/judge-orders-white-house-to-restore-access-to-news-outlets-trump-banned,en,2026-09-23,
Ciudadano de EEUU es herido en Illinois por agentes del ICE que intentaron arrestarlo,Los Angeles Times,latimes.com,latimes.com,2026-09-23,https://www.latimes.com/espanol/eeuu/articulo/2026-09-23/ciudadano-de-eeuu-es-herido-en-illinois-por-agentes-del-ice-que-intentaron-arrestarlo,es,2026-09-23,
Congresista dice que venezolano baleado por agente del ICE en Texas le indicó que necesita cirugía,Los Angeles Times,latimes.com,latimes.com,2026-09-23,https://www.latimes.com/espanol/eeuu/articulo/2026-09-23/congresista-dice-que-venezolano-baleado-por-agente-del-ice-en-texas-le-indico-que-necesita-cirugia,es,2026-09-23,
Presidente de Irán pronuncia un desafiante discurso ante la ONU y otras noticias de Oriente Medio,Los Angeles Times,latimes.com,latimes.com,2026-09-23,https://www.latimes.com/espanol/eeuu/articulo/2026-09-23/presidente-de-iran-pronuncia-un-desafiante-discurso-ante-la-onu-y-otras-noticias-de-oriente-medio,es,2026-09-23,
"Ante la ONU, Delcy Rodríguez promete elecciones en Venezuela y agradece a Trump por retomar lazos",Los Angeles Times,latimes.com,latimes.com,2026-09-23,https://www.latimes.com/espanol/eeuu/articulo/2026-09-23/ante-la-onu-delcy-rodriguez-promete-elecciones-en-venezuela-y-agradece-trump-por-retomar-lazos,es,2026-09-23,
Wildfire and water research grants saved as Trump EPA permanently restores $19 million to UC,Los Angeles Times,latimes.com,latimes.com,2026-09-23,https://www.latimes.com/california/story/2026-09-23/epa-uc-19-million-research-grant-settlement,en,2026-09-23,
"Rural voters still back Trump, but rising costs threaten his standing, poll finds",Los Angeles Times,latimes.com,latimes.com,2026-09-23,https://www.latimes.com/business/story/2026-09-23/rural-voters-still-back-trump-but-rising-costs-threaten-his-standing-poll-finds,en,2026-09-23,
Junta de Paz de Trump propone plan de $2.450 millones para comenzar la reconstrucción de Gaza,Los Angeles Times,latimes.com,latimes.com,2026-09-23,https://www.latimes.com/espanol/eeuu/articulo/2026-09-23/junta-de-paz-de-trump-propone-plan-de-2-450-millones-para-comenzar-la-reconstruccion-de-gaza,es,2026-09-23,
Presidente de Ecuador pide en la ONU que países unan fuerzas para frenar al crimen organizado,Los Angeles Times,latimes.com,latimes.com,2026-09-23,https://www.latimes.com/espanol/internacional/articulo/2026-09-23/presidente-de-ecuador-pide-en-la-onu-que-paises-unan-fuerzas-para-frenar-al-crimen-organizado,es,2026-09-23,
Juez escucha argumentos en demanda por veto de la Casa Blanca a 3 medios de comunicación,Los Angeles Times,latimes.com,latimes.com,2026-09-23,https://www.latimes.com/espanol/eeuu/articulo/2026-09-23/juez-escucha-argumentos-en-demanda-por-veto-de-la-casa-blanca-3-medios-de-comunicacion,es,2026-09-23,
Xi se reunirá con Trump tras convertir a China en una fuerza global desde 2015,Los Angeles Times,latimes.com,latimes.com,2026-09-23,https://www.latimes.com/espanol/eeuu/articulo/2026-09-23/xi-se-reunira-con-trump-tras-convertir-china-en-una-fuerza-global-desde-2015,es,2026-09-23,
"El alza del combustible frustra a votantes. Trump dice que ""es un precio barato"" por guerra con Irán",Los Angeles Times,latimes.com,latimes.com,2026-09-23,https://www.latimes.com/espanol/california/articulo/2026-09-23/el-alza-del-combustible-frustra-votantes-trump-dice-que-es-un-precio-barato-por-guerra-con-iran,es,2026-09-23,
"El Departamento de Estado de EEUU ordena decir ""superinteligencia"" y no ""inteligencia artificial""",Los Angeles Times,latimes.com,latimes.com,2026-09-23,https://www.latimes.com/espanol/eeuu/articulo/2026-09-23/el-departamento-de-estado-de-eeuu-ordena-decir-superinteligencia-y-no-inteligencia-artificial,es,2026-09-23,
La comida rápida de EEUU y China gana popularidad en ambos países,Los Angeles Times,latimes.com,latimes.com,2026-09-23,https://www.latimes.com/espanol/eeuu/articulo/2026-09-23/la-comida-rapida-de-eeuu-y-china-gana-popularidad-en-ambos-paises,es,2026-09-23,
"Un auge fronterizo transformó EEUU: ¿quiénes eran los 4,5 millones de migrantes y adónde fueron?",Los Angeles Times,latimes.com,latimes.com,2026-09-23,https://www.latimes.com/espanol/california/articulo/2026-09-23/un-auge-fronterizo-transformo-eeuu-quienes-eran-los-4-5-millones-de-migrantes-y-adonde-fueron,es,2026-09-23,
Jueza federal anula directiva de Trump sobre acceso de inmigrantes a programas de asistencia,Los Angeles Times,latimes.com,latimes.com,2026-09-23,https://www.latimes.com/espanol/eeuu/articulo/2026-09-23/jueza-federal-anula-directiva-de-trump-sobre-acceso-de-inmigrantes-programas-de-asistencia,es,2026-09-23,
Judge strikes down a Trump policy barring some immigrants from Head Start preschools,Los Angeles Times,latimes.com,latimes.com,2026-09-23,https://www.latimes.com/world-nation/story/2026-09-23/judge-reverses-trump-ban-on-some-immigrants-at-head-start-preschools,en,2026-09-23,
Iowa judge dismisses Trump’s lawsuit against Des Moines Register and pollster,Los Angeles Times,latimes.com,latimes.com,2026-09-23,https://www.latimes.com/politics/story/2026-09-23/iowa-judge-dismisses-trumps-lawsuit-against-des-moines-register-pollster,en,2026-09-23,
"The week’s bestselling books, September 27",Los Angeles Times,latimes.com,latimes.com,2026-09-23,https://www.latimes.com/entertainment-arts/books/story/2026-09-23/the-weeks-bestselling-books-september-27,en,2026-09-23,
"California and Washington to join forces on carbon markets, aiming to cut pollution and raise billions",Los Angeles Times,latimes.com,latimes.com,2026-09-23,https://www.latimes.com/environment/story/2026-09-23/california-plans-to-link-its-signature-climate-program-cap-and-invest-with-washington,en,2026-09-23,
Maine Democrats hammer Collins over report of pay-to-play probe. GOP senator calls it 'totally false',Los Angeles Times,latimes.com,latimes.com,2026-09-23,https://www.latimes.com/world-nation/story/2026-09-23/maine-democrats-hammer-collins-over-report-of-pay-to-play-probe-gop-senator-calls-it-totally-false,en,2026-09-23,
"Pressure from the bond market hits a new level, and U.S. stocks slide on worries about inflation",Los Angeles Times,latimes.com,latimes.com,2026-09-23,https://www.latimes.com/business/story/2026-09-23/pressure-from-bond-market-hits-new-level-us-stocks-slide-on-worries-about-inflation,en,2026-09-23,
Letters to the Editor: California needs to lead by example in protecting the November elections,Los Angeles Times,latimes.com,latimes.com,2026-09-23,https://www.latimes.com/opinion/letters-to-the-editor/story/2026-09-23/california-election-battles-midterms,en,2026-09-23,
China's Xi will kick off his state visit to Washington with a rare planeside welcome from Trump,Los Angeles Times,latimes.com,latimes.com,2026-09-23,https://www.latimes.com/world-nation/story/2026-09-23/chinas-xi-will-kick-off-his-state-visit-to-washington-with-rare-planeside-welcome-from-trump,en,2026-09-23,
"In defiant speech, Pezeshkian calls out Trump and says Iran will fight 'until our last breath'",Los Angeles Times,latimes.com,latimes.com,2026-09-23,https://www.latimes.com/world-nation/story/2026-09-23/irans-president-delivers-wartime-address-at-u-n-we-have-been-victims-of-terrorism,en,2026-09-23,
Billy Bush joins Fox News Media as a contributor,Los Angeles Times,latimes.com,latimes.com,2026-09-23,https://www.latimes.com/entertainment-arts/business/story/2026-09-23/billy-bush-joins-fox-news-media-as-contributor,en,2026-09-23,
Republicans dump cash into red states as they try to hold the line against Democrats in the midterms,Los Angeles Times,latimes.com,latimes.com,2026-09-23,https://www.latimes.com/world-nation/story/2026-09-23/republicans-dump-cash-into-red-states-as-they-try-to-hold-line-against-democrats-in-midterms,en,2026-09-23,
Sen. Bernie Sanders unveils bill to ban artificial superintelligence and create Department of AI,Los Angeles Times,latimes.com,latimes.com,2026-09-23,https://www.latimes.com/world-nation/story/2026-09-23/sen-bernie-sanders-unveils-bill-to-ban-artificial-superintelligence-create-department-of-ai,en,2026-09-23,
Trump says his ballroom will house a drone port. The Secret Service already has one next door,Los Angeles Times,latimes.com,latimes.com,2026-09-23,https://www.latimes.com/world-nation/story/2026-09-23/trump-says-his-ballroom-will-house-drone-port-secret-service-already-has-one-next-door,en,2026-09-23,
British Columbia leader calls snap election as premier tells voters to say ‘hell no to Trump’,Los Angeles Times,latimes.com,latimes.com,2026-09-23,https://www.latimes.com/world-nation/story/2026-09-23/british-columbia-leader-calls-snap-election-as-premier-tells-voters-to-say-hell-no-to-trump,en,2026-09-23,
Trump and Newsom are headed for a major AI showdown,Los Angeles Times,latimes.com,latimes.com,2026-09-23,https://www.latimes.com/california/newsletter/2026-09-23/trump-newsom-are-headed-for-major-ai-showdown,en,2026-09-23,
Idaho police identify 1982 suicide victim in connection to Tylenol murders,NBC News,nbcnews.com,nbcnews.com,2026-09-23,https://www.nbcnews.com/video/idaho-police-identify-1982-suicide-victim-in-connection-to-tylenol-murders-270407237563,en,2026-09-23,
Trump hosts China’s leader at high-stakes summit,NBC News,nbcnews.com,nbcnews.com,2026-09-23,https://www.nbcnews.com/nightly-news/video/trump-hosts-china-s-leader-at-high-stakes-summit-270404677660,en,2026-09-23,
U.S. warns Australia’s social media algorithm reforms risk ‘facilitating censorship’,NBC News,nbcnews.com,nbcnews.com,2026-09-23,https://www.nbcnews.com/world/asia/us-warns-australia-social-media-algorithm-reforms-risk-censorship-rcna599355,en,2026-09-23,
Trump’s Iran threat at the U.N. and Ole Miss students found dead: Morning Rundown,NBC News,nbcnews.com,nbcnews.com,2026-09-23,https://www.nbcnews.com/news/us-news/trump-iran-un-speech-ole-miss-students-morning-rundown-rcna599349,en,2026-09-23,
Spain allows U.S. extradition case against pro-Palestinian donor to proceed,NBC News,nbcnews.com,nbcnews.com,2026-09-23,https://www.nbcnews.com/world/spain/spain-us-extradition-palestinian-donor-cox-enterprises-james-chambers-rcna599350,en,2026-09-23,
Bernie Sanders and Greg Casar propose AI ‘superintelligence’ ban with a 20-year jail penalty,NBC News,nbcnews.com,nbcnews.com,2026-09-23,https://www.nbcnews.com/politics/congress/bernie-sanders-greg-casar-propose-ai-superintelligence-ban-20-year-jai-rcna599460,en,2026-09-23,
Media outlets and Trump administration face off in court on White House ban,NBC News,nbcnews.com,nbcnews.com,2026-09-23,https://www.nbcnews.com/politics/trump-administration/live-blog/trump-white-house-ban-iran-china-congress-2026-election-live-updates-rcna599321,en,2026-09-23,
Alibaba unveils what it calls China’s most powerful chip and ambitious AI model plans,NBC News,nbcnews.com,nbcnews.com,2026-09-23,https://www.nbcnews.com/world/asia/china-alibaba-unveils-powerful-chip-ambitious-ai-model-plans-rcna599343,en,2026-09-23,
ICE detained Kentucky State basketball player from Senegal as she prepared to travel to tournament,NBC News,nbcnews.com,nbcnews.com,2026-09-23,https://www.nbcnews.com/politics/immigration/ice-detained-kentucky-state-basketball-player-senegal-prepared-travel-rcna599529,en,2026-09-23,
"Inside Trump’s Greenland deal: No invasion, a few compromises and the status quo",NBC News,nbcnews.com,nbcnews.com,2026-09-23,https://www.nbcnews.com/world/greenland/trump-greenland-deal-us-denmark-agreement-arctic-territory-rcna599358,en,2026-09-23,
"Costa Rican man complained of lack of care for diabetes before he died in ICE custody, family says",NBC News,nbcnews.com,nbcnews.com,2026-09-23,https://www.nbcnews.com/news/us-news/costa-rican-man-complained-lack-care-diabetes-death-ice-custody-family-rcna599374,en,2026-09-23,
Trump-backed Missouri congressional map returns to Supreme Court for third time,NBC News,nbcnews.com,nbcnews.com,2026-09-23,https://www.nbcnews.com/politics/2026-election/trump-backed-missouri-congressional-map-returns-supreme-court-rcna599346,en,2026-09-23,
"Russia pounds Kyiv with drones, killing 2 and wounding 41 before Zelenskyy’s U.N. address",NBC News,nbcnews.com,nbcnews.com,2026-09-23,https://www.nbcnews.com/world/ukraine/russia-pounds-kyiv-drones-killing-2-wounding-41-zelenskyys-un-address-rcna599517,en,2026-09-23,
Who has the upper hand as Trump and Xi meet in D.C.?,NBC News,nbcnews.com,nbcnews.com,2026-09-23,https://www.nbcnews.com/world/china/upper-hand-trump-xi-meet-dc-rcna599478,en,2026-09-23,
Trump-Xi summit is set to be high in pageantry and low in substance,NBC News,nbcnews.com,nbcnews.com,2026-09-23,https://www.nbcnews.com/world/asia/trump-xi-summit-meet-white-house-tensions-taiwan-trade-ai-rcna598073,en,2026-09-23,
Iranian president claims they are 'victims of terrorism' in United Nations speech,NBC News,nbcnews.com,nbcnews.com,2026-09-23,https://www.nbcnews.com/video/iranian-president-claims-they-are-victims-of-terrorism-in-united-nations-speech-270370373894,en,2026-09-23,
Iran’s president strikes a defiant tone at U.N. after Trump threats,NBC News,nbcnews.com,nbcnews.com,2026-09-23,https://www.nbcnews.com/world/iran/irans-president-strikes-defiant-tone-un-trump-threats-rcna599372,en,2026-09-23,
Why Republicans are leaning in on healthcare: From the Politics Desk,NBC News,nbcnews.com,nbcnews.com,2026-09-23,https://www.nbcnews.com/politics/politics-news/republicans-are-leaning-healthcare-politics-desk-rcna599494,en,2026-09-23,
Treasury yields surge to near 20-year high as oil jumps back above $103 per barrel,NBC News,nbcnews.com,nbcnews.com,2026-09-23,https://www.nbcnews.com/business/energy/treasury-yields-oil-stocks-rcna599398,en,2026-09-23,
"Federal authorities investigating attorney, accountant linked to Epstein’s estate, source says",NBC News,nbcnews.com,nbcnews.com,2026-09-23,https://www.nbcnews.com/news/us-news/federal-authorities-investigating-attorney-accountant-linked-epsteins-rcna599489,en,2026-09-23,
"The U.S. economy before and after the Iran war, in five charts",NBC News,nbcnews.com,nbcnews.com,2026-09-23,https://www.nbcnews.com/business/economy/us-economy-iran-war-five-charts-rcna598412,en,2026-09-23,
"Republican candidates highlight healthcare in 2026, battling voter distrust",NBC News,nbcnews.com,nbcnews.com,2026-09-23,https://www.nbcnews.com/politics/elections/republicans-health-care-2026-midterm-elections-voter-polling-rcna595333,en,2026-09-23,
"CNN, Politico and MS NOW to face off with Trump administration in court over White House ban",NBC News,nbcnews.com,nbcnews.com,2026-09-23,https://www.nbcnews.com/politics/trump-administration/cnn-politico-ms-now-trump-court-white-house-media-ban-rcna599269,en,2026-09-23,
Judge considers restoring journalists' access to White House after Trump's ban,NPR,npr.org,npr.org,2026-09-23,https://www.npr.org/2026/09/23/nx-s1-5979101/federal-judge-hearing-trump-ban-cnn-ms-now-politico,en,2026-09-23,
The NPR Politics Podcast,NPR,npr.org,npr.org,2026-09-23,https://www.npr.org/2026/09/23/nx-s1-5977679/trump-vs-the-media,en,2026-09-23,
Jensen Huang has President Trump’s ear. What might he be telling him about AI?,NPR,npr.org,npr.org,2026-09-23,https://www.npr.org/2026/09/23/nx-s1-5978809/jensen-huang-has-president-trumps-ear-what-might-he-be-telling-him-about-ai,en,2026-09-23,
"As Xi meets Trump tomorrow, how do people in China view the U.S. now?",NPR,npr.org,npr.org,2026-09-23,https://www.npr.org/2026/09/23/nx-s1-5976941/as-xi-meets-trump-tomorrow-how-do-people-in-china-view-the-u-s-now,en,2026-09-23,
Understanding Jensen Huang's AI optimism and how it influences President Trump,NPR,npr.org,npr.org,2026-09-23,https://www.npr.org/2026/09/23/nx-s1-5976775/understanding-jensen-huangs-ai-optimism-and-how-it-influences-president-trump,en,2026-09-23,
"Judge appears skeptical of White House ban on CNN, MS NOW and Politico",NPR,npr.org,npr.org,2026-09-23,https://www.npr.org/2026/09/23/nx-s1-5978833/judge-appears-skeptical-of-white-house-ban-on-cnn-ms-now-and-politico,en,2026-09-23,
How to understand Trump's national security defense in his press ban,NPR,npr.org,npr.org,2026-09-23,https://www.npr.org/2026/09/23/nx-s1-5978862/how-to-understand-trumps-national-security-defense-in-his-press-ban,en,2026-09-23,
"US And Iran Talk At UNGA, Poll Shows Dems Lead Midterm, White House Media Ban Lawsuit",NPR,npr.org,npr.org,2026-09-23,https://www.npr.org/2026/09/23/nx-s1-5978592/us-and-iran-talk-at-unga-poll-shows-dems-lead-midterm-white-house-media-ban-lawsuit,en,2026-09-23,
"Global power, rivalry, and A.I.; a preview of the U.S./China summit",NPR,npr.org,npr.org,2026-09-23,https://www.npr.org/2026/09/23/nx-s1-5978859/global-power-rivalry-and-a-i-a-preview-of-the-u-s-china-summit,en,2026-09-23,
Iran's president gives a rare wartime speech at the U.N.,NPR,npr.org,npr.org,2026-09-23,https://www.npr.org/2026/09/23/nx-s1-5978863/iran-president-united-nations-general-assembly,en,2026-09-23,
Kamala Harris campaigns for Senate candidate Abdul El-Sayed ahead of Election Day,NPR,npr.org,npr.org,2026-09-23,https://www.npr.org/2026/09/23/nx-s1-5978052/kamala-harris-campaigns-for-senate-candidate-abdul-el-sayed-ahead-of-election-day,en,2026-09-23,
Political commentator on what the GOP should do to boost the party's poor polling,NPR,npr.org,npr.org,2026-09-23,https://www.npr.org/2026/09/23/nx-s1-5977934/political-commentator-on-what-the-gop-should-do-to-boost-the-partys-poor-polling,en,2026-09-23,
Latest CDC report on youth behavior has some good news — and MAHA vibes,NPR,npr.org,npr.org,2026-09-23,https://www.npr.org/2026/09/23/nx-s1-5976873/mental-health-teens-cdc-rfk-jr-maha,en,2026-09-23,
"Trump administration drops 760,000 Americans from ACA coverage, citing fraud",NPR,npr.org,npr.org,2026-09-23,https://www.npr.org/2026/09/23/nx-s1-5978044/trump-administration-drops-760-000-americans-from-aca-coverage-citing-fraud,en,2026-09-23,
Trump set to greet Xi for high-stakes state visit,NPR,npr.org,npr.org,2026-09-23,https://www.npr.org/2026/09/23/nx-s1-5978733/trump-xi-meeting-china,en,2026-09-23,
Trump lays out his agenda as middle powers call for more cooperation at UNGA,NPR,npr.org,npr.org,2026-09-23,https://www.npr.org/2026/09/23/nx-s1-5976960/trump-lays-out-his-agenda-as-middle-powers-call-for-more-cooperation-at-unga,en,2026-09-23,
U.S. ambassador to the U.N. discusses progress on key issues,NPR,npr.org,npr.org,2026-09-23,https://www.npr.org/2026/09/23/nx-s1-5978682/u-s-ambassador-to-the-u-n-discusses-progress-on-key-issues,en,2026-09-23,
"From cybersecurity to AI to Taiwan, what's at stake in Trump's summit with Xi",NPR,npr.org,npr.org,2026-09-23,https://www.npr.org/2026/09/23/nx-s1-5978691/from-cybersecurity-to-ai-what-at-stake-in-trumps-meeting-with-and-president-xiwhy-the-us-and-china-are-at-a-precarious-moment-in-their-relationship,en,2026-09-23,
"U.N. Ambassador Mike Waltz on Iran, Venezuela and Trump's foreign policy",NPR,npr.org,npr.org,2026-09-23,https://www.npr.org/2026/09/23/nx-s1-5977753/mike-waltz-iran-venezuela-trump-united-nations,en,2026-09-23,
"It's getting harder to afford rent in the U.S., even for middle-income families",NPR,npr.org,npr.org,2026-09-23,https://www.npr.org/2026/09/23/nx-s1-5977022/rent-affordability-middle-income,en,2026-09-23,
"Dems have an edge over GOP, poll finds. And, ICE looks into 'mobile detention centers'",NPR,npr.org,npr.org,2026-09-23,https://www.npr.org/2026/09/23/g-s1-144632/up-first-newsletter-npr-polls-voter-approval-cnn-msnow-politico-trump-unga-speech-ice,en,2026-09-23,
Trump’s Signature Tax Bill Is Starting to Bite Before the Election,New York Times,nytimes.com,nytimes.com,2026-09-23,https://www.nytimes.com/2026/09/23/us/politics/one-big-beautiful-bill-midterms-affordability.html,en,2026-09-23,
Trump Officials May Undo Nursing Home Mandates for Reporting Covid,New York Times,nytimes.com,nytimes.com,2026-09-23,https://www.nytimes.com/2026/09/23/business/covid-nursing-homes-trump.html,en,2026-09-23,
Fox News Finds Itself at Odds With Trump on Press Ban,New York Times,nytimes.com,nytimes.com,2026-09-23,https://www.nytimes.com/2026/09/23/business/media/fox-trump-press-pool-ban.html,en,2026-09-23,
Trump’s Threat to ‘Annihilate’ Iran,New York Times,nytimes.com,nytimes.com,2026-09-23,https://www.nytimes.com/2026/09/23/opinion/trump-iran-united-nations.html,en,2026-09-23,
Trump faced the sting of cancellation this week.,New York Times,nytimes.com,nytimes.com,2026-09-23,https://www.nytimes.com/live/2026/09/23/business/trump-cnn-politico-msnow-ban-hearing/trump-faced-the-sting-of-cancellation-this-week,en,2026-09-23,
The Mistake That May Finally Get the Republican Base to Ditch Trump,New York Times,nytimes.com,nytimes.com,2026-09-23,https://www.nytimes.com/2026/09/23/opinion/iran-war-midterms-trump-republicans.html,en,2026-09-23,
Bond Yields Make Biggest One-Day Jump Since Trump’s Tariffs Rattled Markets,New York Times,nytimes.com,nytimes.com,2026-09-23,https://www.nytimes.com/2026/09/23/business/bonds-interest-rates.html,en,2026-09-23,
"As Xi Visits Washington, Trump Plays Down China’s Actions Against U.S. Interests",New York Times,nytimes.com,nytimes.com,2026-09-23,https://www.nytimes.com/2026/09/23/us/politics/trump-xi-china-visit.html,en,2026-09-23,
The judge in this case once restored White House access for a CNN reporter after Trump stripped it.,New York Times,nytimes.com,nytimes.com,2026-09-23,https://www.nytimes.com/live/2026/09/23/business/trump-cnn-politico-msnow-ban-hearing/the-judge-in-this-case-once-restored-white-house-access-for-a-cnn-reporter-after-trump-stripped-it,en,2026-09-23,
"As Trump Welcomes Xi, More Americans Have a Positive View of China",New York Times,nytimes.com,nytimes.com,2026-09-23,https://www.nytimes.com/2026/09/23/us/politics/polls-us-china-trump-xi.html,en,2026-09-23,
"At Trump’s Request, Nations Are Designating Crime Groups as Terrorists",New York Times,nytimes.com,nytimes.com,2026-09-23,https://www.nytimes.com/2026/09/23/world/americas/trump-shield-of-the-americas.html,en,2026-09-23,
"Paul LePage, a Trump Ally, Says a Family Member Is Being Deported",New York Times,nytimes.com,nytimes.com,2026-09-23,https://www.nytimes.com/2026/09/23/us/politics/paul-lepage-maine-ice-family-member-deported.html,en,2026-09-23,
Trump Invites Putin to Attend Group of 20 Summit in Miami,New York Times,nytimes.com,nytimes.com,2026-09-23,https://www.nytimes.com/2026/09/23/us/politics/trump-putin-g20-summit.html,en,2026-09-23,
"Judge Blocks Trump’s White House Ban on CNN, MS NOW and Politico",New York Times,nytimes.com,nytimes.com,2026-09-23,https://www.nytimes.com/2026/09/23/business/media/cnn-ms-now-politico-white-house-trump-ban-ruling.html,en,2026-09-23,
Decoding Trump-Xi,New York Times,nytimes.com,nytimes.com,2026-09-23,https://www.nytimes.com/2026/09/23/world/trump-xi-ai-meeting-iran-un.html,en,2026-09-23,
Trump’s Board of Peace Lays Out 6-Month Plan for Gaza That Faces Roadblocks,New York Times,nytimes.com,nytimes.com,2026-09-23,https://www.nytimes.com/2026/09/23/world/board-of-peace-gaza-6-month-plan.html,en,2026-09-23,
"After Warm Meeting With Trump, Venezuela’s Leader Is Set to Address U.N.",New York Times,nytimes.com,nytimes.com,2026-09-23,https://www.nytimes.com/2026/09/23/world/americas/trump-venezuela-delcy-rodriguez.html,en,2026-09-23,
"Melania Trump’s Busy Schedule: A New Show, a Foster-Care Bill and Reading Executive Orders",New York Times,nytimes.com,nytimes.com,2026-09-23,https://www.nytimes.com/2026/09/23/us/politics/melania-trump-documentary-schedule.html,en,2026-09-23,
Canada’s Capital Bids Good Riddance to Trump Avenue as Tensions With U.S. Rise,New York Times,nytimes.com,nytimes.com,2026-09-23,https://www.nytimes.com/2026/09/23/us/ottawa-canada-renaming-trump-avenue.html,en,2026-09-23,
Iowa Judge Dismisses Trump’s Lawsuit Against The Des Moines Register,New York Times,nytimes.com,nytimes.com,2026-09-23,https://www.nytimes.com/2026/09/23/us/politics/des-moines-register-trump-lawsuit.html,en,2026-09-23,
Trump officials weigh rolling back beef import plan as GOP midterm panic spreads,Politico,politico.com,politico.com,2026-09-23,https://www.politico.com/news/2026/09/23/trump-beef-imports-midterms-gop-panic-01090261,en,2026-09-23,
States jockey to land Trump’s new Space Academy,Politico,politico.com,politico.com,2026-09-23,https://www.politico.com/news/2026/09/23/states-jockey-to-land-trumps-new-space-academy-01090380,en,2026-09-23,
Judge appears skeptical of Trump’s effort to ban news outlets from White House,Politico,politico.com,politico.com,2026-09-23,https://news.google.com/rss/articles/CBMihAFBVV95cUxNZFRGNm0xY3dZUkhDc0VfVkhNMzRpM2RCek9NQ3dKY0U0a0lZc2pTMFBDYXB0VXYwbi1XWnJBcWs1MllBdlF1Z1NTOHQzYlExeDVHZVM4Y2N2QnB0OFNyanhMa21FRTBsRDRPVmdZZEthZkU2MUlfZFNzVkNJbVY2LUJUem4?oc=5,en,2026-09-23,
"Fox News, NYT, AP and other media outlets jointly condemn Trump’s media ban",Politico,politico.com,politico.com,2026-09-23,https://news.google.com/rss/articles/CBMiiwFBVV95cUxPNnNOcG5JNWxyNThqUTl0d3pHemtYbVJvMk9JSERDQ21FUWZJRGVKMmo3VHdqRWJ0X3NLOEwxWkJiUmRjNDZzdlRwUHpzeHdMYjBqWjhZMDBmRjdoRDI1WFliN0Y2M0tHVzNORTNzU3ByZ0FDc3J5N0lKVFdiUWpOQXFuVVoteDRFQVZN?oc=5,en,2026-09-23,
"Trump invites Putin to G20 in Miami, Rubio says",Politico,politico.com,politico.com,2026-09-23,https://news.google.com/rss/articles/CBMie0FVX3lxTE9HS1JUWEV3MEhyMUlwV1hnUWwxQXVBTl9UVWZsSVh2VURXVUtGZk9CQjN3ZE8yU25xMG16aVNoNVhEZ2I3VVc1aTRFeXR1SjJ3ZUYxOVFDaFVyZ2dGMllkQ2JkV3c1ZmJMWkF0U1lQZVFFam5lRGtQN09UMA?oc=5,en,2026-09-23,
Iran’s president warns Trump it will not ‘bend at the knee’,Politico,politico.com,politico.com,2026-09-23,https://news.google.com/rss/articles/CBMiqgFBVV95cUxQaHJiTGN0X1M2NWFvc3BlUEN4M1FMQlZTYnRVbDVCSDFtUE5obGVLVW4xdTI5QmhmT2ZiU2lIajVWRHJLcmFmM1NxU2NRSVJJSXBudUdMbVdBcExDS0hCX3VPU1B1aTI2VlEtRDcySEJCdXFXNmhVZHdjRWltU2RMekV0ZDJuU2x1NXE3ZzdKOFA5My0zMzZvZkc5aTMzTGFVcmlxTlUxbjVBdw?oc=5,en,2026-09-23,
"Trump administration prepares plan for 90-day diesel export ban, Politico reports",Reuters,reuters.com,reuters.com,2026-09-23,https://news.google.com/rss/articles/CBMivgFBVV95cUxPb1JDb2pVQkR5bFJzOVEyQ01paHBOQTRyRUtqeU1lWWFMUEJKaVE2bU5MTVpFb0txYjJZMHdlc2VwclhIZ05yb3hlcHlwMzdzT013b1hYZG14VTVFem0wWlNFTE82LXE5dkdvcDcta2xOTjctV09iUWR3ajYwdGh0aWtKQlR1X0JJeEhjX2t3Q2hvOENMYlRaamR5TzFGaDRIOUVvUTFYUWJ0RmdRYmhLb0FnRm8xMGJNYXJGNDBR?oc=5,en,2026-09-23,
"Trump, Venezuela's Rodriguez discuss debt overhaul, Rubio says",Reuters,reuters.com,reuters.com,2026-09-23,https://news.google.com/rss/articles/CBMiuAFBVV95cUxORTY3d0w0RXVMcmJNc2hqYTd6aXA4ZDFrR2ZfZmtwVGRyeXE1V0Z5T0lLcFJ2eUd1bzYxendoMlZQMUJKVHVsYUdmZzIyd3FjNFFya1ZyYmlZOEwyRHgzMjhWSjZ2alZseDZJYWdtX0VHRHl6R1Nsa0UyQUJRSUxGM01YUENFZnlKZ2VNNmJmalJMRGhkUXdiU1BzN0MwbURkM3JjSTU2Q1FIanVSZElLS09tOENmRFhT?oc=5,en,2026-09-23,
Judge dismisses Trump lawsuit against Iowa newspaper and pollster,Reuters,reuters.com,reuters.com,2026-09-23,https://news.google.com/rss/articles/CBMitAFBVV95cUxNVEpPdUJ5TC1yOUdFakpUQ0FTcGprR05VaVdZR1RxdnNBa215dlFic3l5MzlMTmdnclpEbUUxMjdwazE3Nk1UbkdBbWc2NmpLWDBYVThheW1jNGlob0FIaVFubUREOUtNbUg5NGVULU1BOFp6eXZzdXdWRDNWR2JpR1pFSkYxMDNkdXVVRVcxWUd3bGJ0SHBnMFgtME8xLTF4dGI2VE1rVThFeGZHTFVfTWh1Y1c?oc=5,en,2026-09-23,
"Iran's Pezeshkian accuses Trump of 'bullying mentality,' vows no surrender",Reuters,reuters.com,reuters.com,2026-09-23,https://news.google.com/rss/articles/CBMiwwFBVV95cUxNMjhvWl9UZXFUYjJ2MHhOTWJvdFgxYUN2b1NuVXYtYTNwVXEzS0J6cVVrZTVBYWxmNHJTLUZ6SG55eFE4azRCZVZDUloyUnVtNE85dGp5Q2xDUmtOVEdVUl8wenVVdUZpWm5ONE5OQUhSYjd1VWNfNm9Ib3g0VjBqdXItY1pTdW5XekI5MFJOWGpoazl2Y29Zb2dMSWx6S2VRckFRVm1WVUlYUkQ1S0dGM3piVGZ6TjgyNGZXcWNFVWFxN2M?oc=5,en,2026-09-23,
"Russian envoy Dmitriev is heading to US for talks with Trump administration, sources say",Reuters,reuters.com,reuters.com,2026-09-23,https://news.google.com/rss/articles/CBMivwFBVV95cUxOZlRNTkRTRk5yampDTXVyZ3VhN2paZ3IyVDlGdUtLaGNkRV9mVEs1NDg3QjdKWkxYXzNzYk1vOVhDU1lYa0dxTHZwZU96dG1mUFVXMHVBV3Q3OFV4T3c0M2pOd0xYYmlWNV9RVXBRRW1KX2pUV3ZMcHRDWDdUM0pSY0hKdUR5NVlIUFVRbGUzdzJRcGNjbVoxTFdOenJ4MzRjTFJlbDBVTUFtTnNMZDN1Szd1ZjU1N0ZSUTVyQXRLQQ?oc=5,en,2026-09-23,
Four US Republicans call for Trump to release Taiwan security funds,Reuters,reuters.com,reuters.com,2026-09-23,https://news.google.com/rss/articles/CBMiwAFBVV95cUxPdFNGMkFCcDNETkhJNnowdEVGS3RQenJ1T2ZRUEZFRTlpdnROV1dGT2tPTG11OFQ3Y0xsdHJBcUFTLU9IVGswQmlqZzF5SnczeDA4SklSSk5wb203TkFaek4yS1BmS0g4SGNPenRuUXhDYVEtWVBuQ2lGcXRkLVVBMkI1eUhFSy1ERndkWFNQUm91SHBsMWdTZjh2b2IxYVpLNE5EdXdaQ2NXYkowaFRCMW1pRGJlNGlqaGxuSXRDMFY?oc=5,en,2026-09-23,
"Trump to raise detainees with Xi, but other rights issues may not come up",Reuters,reuters.com,reuters.com,2026-09-23,https://news.google.com/rss/articles/CBMirwFBVV95cUxOS3UyeEJqckIzM3RNRnFTdTJCa29rZVg5V2tpMER5TFlqU0E3Q2xGSkVWZDBfczdMdWZsNnJoMi1UZDRVSFJBelBCSERlSHlIeGtpam5aN0ZuVXNuaDdUaFA0VkhzQnNUeU54SGZNSktDZXEwTE81T01leXh6QnVNcHlqN3pGRHZuWTJrcVc5dE10LWRkMmlKMGJ3VGtmTXQ1dTZLZU1Bck5jbWlTMkZV?oc=5,en,2026-09-23,
"US invites Putin to December G20 meeting, possible Trump summit",Reuters,reuters.com,reuters.com,2026-09-23,https://news.google.com/rss/articles/CBMirgFBVV95cUxPUHNHV3ZaRFRlc3JBMWJRRGxqQlhHZUdWdkhXWHdweGp4VkRab1lSd3ZnS0hweWZaaWJhRGFtS1FWMGRPWEFPaWZiazJncmVwQlVENDRTWlJZVWt6MnRUYkFiSjlfVEFRZUk5eEh0eXIwc0gyV3V5YWFvN3BaZGVTWk82N1l4TlF4WUZoNkpBR2J2UU00Znl2TjlpeFZHcDF3RUZOb0pzRlN6OFJ1dHc?oc=5,en,2026-09-23,
"Trump should press Xi to stop support for Iran, Democratic senator says",Reuters,reuters.com,reuters.com,2026-09-23,https://news.google.com/rss/articles/CBMirAFBVV95cUxNQ0YtVWljM0o0azFyazEwdE5jQk9HNklUSjBsaXdWUGoxOEhJLV9BZkZnUzhWTDB4R0tQeFBiRmM0QVhDY3dGc2oxcTJzOWhjbnhscnFJdU5tSWZzVGNYQ09OeTNZdV9RMEswSHZ1ZnJWaWZ3U1cxVWRsMmlHdnlKSHFxQkFxNFZQcU5UZFktMVJpZnJwVDZmVVRIeGVVSHRQMmFRUGVOOGdhNnND?oc=5,en,2026-09-23,
FAA says Trump arch with signal flame got no special treatment in review,Reuters,reuters.com,reuters.com,2026-09-23,https://news.google.com/rss/articles/CBMisAFBVV95cUxQYmZMbGg1cERmOUp0RlFJRXBHQWNyRkxKSzB6enpTWFUwRVg2elU1cHlOaGYybnhTUGFwQThjYXBfZ1Z6TGtXbU5fRWkyNTl4TEhDSzVXa0FsNW1yY1YtbDdhRGZhOGwzZjNFTDNicndLb1J6ZmNqVV9qbHk0NXFpblpFQXdsM3NzUlRuZmVWV0E3WnpjcTNYdXI0QU1vNlZzX3EtanpaVzJ0UHFmS01vag?oc=5,en,2026-09-23,
US lawmakers propose overhaul of China tech review before Trump-Xi talks,Reuters,reuters.com,reuters.com,2026-09-23,https://news.google.com/rss/articles/CBMipAFBVV95cUxNMHJiWHBPUVlidzZuNG9uXzRSS01NWFVuR0VEZFBqdW51OWQzQ2JmY3BxUnlYS3lpM3JITnlqX2xhd0dpNkJDZS1PRmRxSmU2Yl9mYmVmNFNvYWpOaEQ4cTRDYnFzclkwRkRPT2xjOHEwaUprQWZBX3NBSG9mWElCbF9Rc05pMzZMZWZZRmxXQmhfb2dERWpxYlo3OE1WZUxMN1FuSg?oc=5,en,2026-09-23,
Senators from both parties ask Trump to release emergency heating oil as prices surge,Reuters,reuters.com,reuters.com,2026-09-23,https://news.google.com/rss/articles/CBMixgFBVV95cUxOZ0xrSG5vRlZhWTlpTXJ5RDFXeEx5d3RFM051b1dCcHp0ejNxSUk2YmlQNUVVNDYxRWt0THFUTFFSNnZQWHJXZHRnb0V3NC10bVFKSUtCSTNDT004MmdvWnBrU1NZdUx3TE1QNnNKNzMwTDlITEJRMWRlRUJWM0RLeFRzMzBUeVRoUHJwZUh4SE1ReWNiZzJGZXhCNDVMdC1mLS1LTXhuMDV0NjNjelVTRFk0d1Y4SzBQcnppdWVMRVpYbXV2S0E?oc=5,en,2026-09-23,
"South Korea's Lee discussed warship construction with Trump, South Korea says",Reuters,reuters.com,reuters.com,2026-09-23,https://news.google.com/rss/articles/CBMiygFBVV95cUxNblJ6dENsUWdDZVdvT09pTWJQMzN0d0hGdnNiYVRLTjNLOUhLUW9EaFFQVmo4ZFhLc2ItQ0l1YzNuUlNQTnFXb0tpd3czMlBiM0tTNlpWdXNSQzZrb3p2Z1g0cy1XZWlkZGVlUHVSMXE4b0NvY2N2dVZQYzVOR3V0S1BUbm1tS0FoZ3VNTG95ZzgwM3N5OFdTV3VlaFdBVC1WMEg3cGpQSzVzUDVZYy1OZmJjNDVocnpqYXlOS3cxNUN2eXJoZ196eFBB?oc=5,en,2026-09-23,
Trump ramps up noncitizen voting prosecutions ahead of midterms,Reuters,reuters.com,reuters.com,2026-09-23,https://news.google.com/rss/articles/CBMiswFBVV95cUxOdlFaaUQ1WUZOZl8zdU9zTS0wUDU1aFQ5dEM4WXYtVlRkV2NSREVWUFJ5bGN3U3o0TElYZkw1UU9WLUZuSFlFZVlxWk1FUWJrMGdmR1U5czBVNlU5aUYybHJ1aWhxOHJQNlVhNUhsQVlDVWh1YXNoRjNCbXBqOC1aU0x2MjlYR084b1hXS2RvNDMxeUw4aUtKWGxxWTN6UFZkWUFGdUk4cFVoWXVMQTd0MC00NA?oc=5,en,2026-09-23,
Second judge finds Trump's EPA unlawfully nixed $7 billion solar grant program,Reuters,reuters.com,reuters.com,2026-09-23,https://news.google.com/rss/articles/CBMiyAFBVV95cUxQZXRVbkNVTVhzU2NUTTRsZ0s1c2I5cnc2d3dsU0JoRDE5cnVZb1ROSnluYnkyNmtTSEJqUW1MdVNhX0c4aUlUR3E0NXNyOVhJMWhNbVc1dzMwVXNDR2t2RFo2NTdrSzBNekpPV2NzVVVlbXFsYkgxU2VfRVpRZmktcWpKcjRHM2FqQ1EzYW9KMGh2Tk5rNW5ES0RnbEJ1ODM3cEhka01MUm1oeHhHLUxPUlFTQUExU2dOeTNtRmRMbXhlQ3JOQU5Ccg?oc=5,en,2026-09-23,
Judge appears open to blocking Trump's transgender-related limits on HIV funding,Reuters,reuters.com,reuters.com,2026-09-23,https://news.google.com/rss/articles/CBMixAFBVV95cUxPYW5CTkx0QWxyZ1FUczNYNXgtWXJlOXVBM0FBMVE3M0g2R01RWmRCbzZhRFV4Y1ZLT1RmaVZHSk5SMDFWU1Z5c3dDMmI4ZDBZWHBIYTY5M014b2YtR1RMeDNINkhOa0hZUTZDX2djRkdIRjNtMm85cVlBRW5wM2pvdGpFUGRRYTgxdWRvNWd4Sjh6bm9CMEVhZy1WcWZGblI5NlJqU2h5NDBtT085TGQwRTdaZzhuZ0IwZjExOEFCa2JsSDdo?oc=5,en,2026-09-23,
Senate Republicans vigorously defend Susan Collins amid new scandal,USA Today,usatoday.com,usatoday.com,2026-09-23,https://www.usatoday.com/story/news/politics/2026/09/23/susan-collins-propublica-maine-senate-race/91911535007/,en,2026-09-23,
"Donald Trump, Elon Musk, Madonna – Ari Emanuel tells all in new memoir",USA Today,usatoday.com,usatoday.com,2026-09-23,https://www.usatoday.com/story/entertainment/books/2026/09/23/ari-emanuel-memoir-revelations-roll-the-calls/91897602007/,en,2026-09-23,
CDC confirms measles death as outbreak grows across U.S. See map,USA Today,usatoday.com,usatoday.com,2026-09-23,https://www.usatoday.com/story/news/health/2026/09/23/cdc-confirms-measles-death-see-map/91909002007/,en,2026-09-23,
Why banning diesel exports could make gas more expensive,USA Today,usatoday.com,usatoday.com,2026-09-23,https://www.usatoday.com/story/cars/shopping/2026/09/23/trump-diesel-export-ban-proposal-raise-gas-prices/91908223007/,en,2026-09-23,
"Texas poll on Paxton vs. Talarico, Abbott vs. Hinojosa 2026 races",USA Today,usatoday.com,usatoday.com,2026-09-23,https://www.usatoday.com/story/news/politics/elections/2026/09/23/marist-texas-us-senate-gonveror-race-poll/91904745007/,en,2026-09-23,
49 media outlets submit brief backing lawsuit against Trump over ban,USA Today,usatoday.com,usatoday.com,2026-09-23,https://www.usatoday.com/story/news/politics/2026/09/23/trump-media-ban-outlets-amicus-brief/91906954007/,en,2026-09-23,
Hearing begins in media case over Trump's White House ban,USA Today,usatoday.com,usatoday.com,2026-09-23,https://www.usatoday.com/story/news/nation/2026/09/23/trump-cnn-msnow-politico-media-ban-lawsuit-hearing/91886693007/,en,2026-09-23,
"How US states mistakenly added 30,000 noncitizens to voter rolls",USA Today,usatoday.com,usatoday.com,2026-09-23,https://www.usatoday.com/story/news/politics/elections/2026/09/23/30000-noncitizens-may-have-been-added-to-voter-rolls/91907784007/,en,2026-09-23,
Poll: Voters say midterm vote is mainly against Trump,USA Today,usatoday.com,usatoday.com,2026-09-23,https://www.usatoday.com/story/news/politics/2026/09/23/voters-see-midterms-as-vote-against-trump-new-poll/91905807007/,en,2026-09-23,
"CNN, Politico granted access to Melania Trump's event during UNGA",USA Today,usatoday.com,usatoday.com,2026-09-23,https://www.usatoday.com/story/news/politics/2026/09/23/cnn-politico-access-melania-trump-unga/91902872007/,en,2026-09-23,
Donald Trump will attend Texas vs Tennessee at Neyland Stadium,USA Today,usatoday.com,usatoday.com,2026-09-23,https://www.usatoday.com/story/sports/ncaaf/sec/2026/09/23/president-trump-tennessee-texas-football/91907898007/,en,2026-09-23,
What is the diversity visa lottery? How it works and why cases stalled,USA Today,usatoday.com,usatoday.com,2026-09-23,https://www.usatoday.com/story/news/nation/2026/09/23/diversity-visa-lottery-why-cases-stalled/91903651007/,en,2026-09-23,
"Mother of Renee Good, ICE shooting victim, says she voted for Trump",USA Today,usatoday.com,usatoday.com,2026-09-23,https://www.usatoday.com/story/news/politics/2026/09/23/renee-good-mother-trump-ice/91907113007/,en,2026-09-23,
The White House press fight that could affect you,USA Today,usatoday.com,usatoday.com,2026-09-23,https://www.usatoday.com/story/news/nation/2026/09/23/the-white-house-press-fight-that-could-affect-you-the-excerpt/91909787007/,en,2026-09-23,
"I support ICE, but Texas deserves answers in Austin shooting",USA Today,usatoday.com,usatoday.com,2026-09-23,https://www.usatoday.com/story/opinion/columnist/2026/09/23/austin-ice-shooting-garces-perez/91872129007/,en,2026-09-23,
"U.S. plans 2 new bases, major upgrades in Greenland",USA Today,usatoday.com,usatoday.com,2026-09-23,https://www.usatoday.com/story/news/world/2026/09/23/greenland-new-bases-pituffik-trump/91895394007/,en,2026-09-23,
NATO secretary general highlights alliance's importance in Iowa visit,USA Today,usatoday.com,usatoday.com,2026-09-23,https://www.usatoday.com/story/news/politics/2026/09/23/nato-secretary-general-iowa-trump-greenland/91903012007/,en,2026-09-23,
Iranian president vows not to 'bend at the knee' after Trump threat,USA Today,usatoday.com,usatoday.com,2026-09-23,https://www.usatoday.com/story/news/world/2026/09/23/masoud-pezeshkian-donald-trump-iran-war-united-nations/91903619007/,en,2026-09-23,
"Xi is sending mixed messages on US, China relationship",USA Today,usatoday.com,usatoday.com,2026-09-23,https://www.usatoday.com/story/opinion/voices/2026/09/23/us-china-summit-uyghur-political-prisoner/91878716007/,en,2026-09-23,
"Gas prices keep going up, sending GOP midterm goals tumbling",USA Today,usatoday.com,usatoday.com,2026-09-23,https://www.usatoday.com/story/opinion/columnist/2026/09/23/cost-living-gas-prices-diesel-export-ban-midterms/91871886007/,en,2026-09-23,
Melania Trump urges women leaders to invest in other women: at NYSE,USA Today,usatoday.com,usatoday.com,2026-09-23,https://www.usatoday.com/story/news/politics/2026/09/23/melania-trump-to-ring-opening-bell-at-nyse/91900910007/,en,2026-09-23,
"Walmart, Target abandoned DEI for Trump. They didn't need to",USA Today,usatoday.com,usatoday.com,2026-09-23,https://www.usatoday.com/story/opinion/2026/09/23/corporate-america-dei-programs-impact-stocks-revenue/91810189007/,en,2026-09-23,
Same judge who ruled for CNN earlier to decide Trump White House media ban,USA Today,usatoday.com,usatoday.com,2026-09-23,https://www.usatoday.com/story/news/politics/2026/09/23/trump-white-house-media-ban-judge/91902772007/,en,2026-09-23,
ACLU report alleges Trump censored campus speech,USA Today,usatoday.com,usatoday.com,2026-09-23,https://www.usatoday.com/story/news/nation/2026/09/23/aclu-amenesty-international-report-pro-palestinian-speech/91886521007/,en,2026-09-23,
"Bill Clinton weighs in on Trump's arch, Kennedy Center fight",USA Today,usatoday.com,usatoday.com,2026-09-23,https://www.usatoday.com/story/news/state/washington-dc/2026/09/23/bill-clinton-weighs-in-on-trumps-arch-kennedy-center-fight/91903161007/,en,2026-09-23,
Trump cites national security risks to defend media ban in court,USA Today,usatoday.com,usatoday.com,2026-09-23,https://www.usatoday.com/story/news/politics/2026/09/23/trump-media-ban-national-security-cnn-msnow-politico/91901974007/,en,2026-09-23,
Utah postal worker indicted for allegedly dumping main-in ballots,USA Today,usatoday.com,usatoday.com,2026-09-23,https://www.usatoday.com/story/news/politics/2026/09/23/utah-postal-worker-threw-out-mail-in-ballots/91901740007/,en,2026-09-23,
Where is the cheapest gas in the Atlanta metro? Avoid Fulton County,USA Today,usatoday.com,usatoday.com,2026-09-23,https://www.usatoday.com/story/news/state/georgia/atlanta/2026/09/23/where-is-the-cheapest-gas-in-the-atlanta-metro-avoid-fulton-county/91902060007/,en,2026-09-23,
Redistricting fight over Missouri map returns to Supreme Court,USA Today,usatoday.com,usatoday.com,2026-09-23,https://www.usatoday.com/story/news/politics/2026/09/23/supreme-court-redistricting-missouri-trump-map-congress/91889345007/,en,2026-09-23,
Diversity visa lottery winners face deadline amid Trump court fight,USA Today,usatoday.com,usatoday.com,2026-09-23,https://www.usatoday.com/story/news/nation/2026/09/23/trump-diversity-visa-processing-court-fight/91810418007/?gnt-cfr=1&gca-cat=p,en,2026-09-23,
Trump must get China to the table for global AI conference,USA Today,usatoday.com,usatoday.com,2026-09-23,https://www.usatoday.com/story/opinion/2026/09/23/trump-xi-us-china-ai-iran-fentanyl/91861219007/,en,2026-09-23,
Trump gives Xi Jinping rare airport welcome as summit visit begins,Washington Post,washingtonpost.com,washingtonpost.com,2026-09-23,https://www.washingtonpost.com/politics/2026/09/23/trump-greets-xi-jinping-airport-rare-gesture-summit-starts/,en,2026-09-23,
Democrats again demand Trump’s drug-price contracts following Post report,Washington Post,washingtonpost.com,washingtonpost.com,2026-09-23,https://www.washingtonpost.com/health/2026/09/23/democrats-again-demand-trumps-drug-price-contracts-following-post-report/,en,2026-09-23,
Trump invites Putin to this year’s G-20 summit in Florida,Washington Post,washingtonpost.com,washingtonpost.com,2026-09-23,https://www.washingtonpost.com/national-security/2026/09/23/trump-invites-putin-this-years-g-20-summit-florida/,en,2026-09-23,
Trump’s White House media ban may be on shaky ground,Washington Post,washingtonpost.com,washingtonpost.com,2026-09-23,https://www.washingtonpost.com/politics/2026/09/23/trumps-white-house-media-ban-may-be-shaky-ground/,en,2026-09-23,
Limiting diesel exports would be a Trump midterm gift to Democrats,Washington Post,washingtonpost.com,washingtonpost.com,2026-09-23,https://www.washingtonpost.com/opinions/2026/09/23/trump-limiting-diesel-exports-would-backfire-some-republicans/,en,2026-09-23,
Scientific research is an economic blessing. Keep Trump cronyism out.,Washington Post,washingtonpost.com,washingtonpost.com,2026-09-23,https://www.washingtonpost.com/opinions/2026/09/23/trump-trying-control-nih-research-grants-meets-bipartisan-backlash/,en,2026-09-23,
Analysis | Trump’s White House media ban may be on shaky ground,Washington Post,washingtonpost.com,washingtonpost.com,2026-09-23,https://news.google.com/rss/articles/CBMiogFBVV95cUxQTUY1VHR4dlBZZFA3bFBtMWtlM0J4TWZZbFJ4ci1IbUI2QnpjNGlsV050b2l4b0F5Mnh1aGFUZG5qbWNkMTd4c0NwRk5Tb29mY3czb1dLWXAzaEZhVnVTNXFBMDRpTldhemVaS0dnRXJocDYxMDFsTG5zOTFOVkVCWXpqTk1DeEY4R24xQ2ZvcVdPM1R3b1g1NUo5dHdaOGZnelE?oc=5,en,2026-09-23,
Opinion | Trump wants to make America 1988 again,Washington Post,washingtonpost.com,washingtonpost.com,2026-09-23,https://news.google.com/rss/articles/CBMipgFBVV95cUxPS0RTdEpFTG4xNFZJZUxOYkVMYy1IX2Zha3ZxeTBMVnllbzI1YlVsWDZvN01LQ0FIYVFJc25uNVRQdmNGRi1zVmVtbE00c1V0azNvRktreHB0a09wZy1PcVpYVzhNNDZnMmd5bW1tZlU1NmpNYVV5aE9sQVp3QlZUQzRDczRoVjZTNXRUTXZ6LWxVN1lyZkpvbTB6ZWVLYTRmR1gwN3JR?oc=5,en,2026-09-23,
Opinion | Summits can surprise. Will Trump and Xi make history?,Washington Post,washingtonpost.com,washingtonpost.com,2026-09-23,https://news.google.com/rss/articles/CBMiowFBVV95cUxOWUEwclJPMzlGRFhtNUJHRzBkVWt5dWZJc1dhNVlwY3NiMHRrdmZaTnF5czNTZVJaOUJwSHdnM2hoYlFXNW02dUJyeGRtX2hIeG51ZXdEQmdaUzdxYVFjcXJLeTVxa1NZcUhUMTZjcktqV09kYURjZEVrcEpTY0JtYlNoc1A4amVtdHp6RW40TkJNR18tWXlKRXA5RWQtNzZsWllv?oc=5,en,2026-09-23,
"At 10 years old, Smithsonian's Black museum is undaunted amid pressure from Trump administration",ABC News,abcnews.go.com,abcnews.go.com,2026-09-24,https://abcnews.com/US/wireStory/10-years-smithsonians-black-museum-undaunted-amid-pressure-136708104,en,2026-09-24,
Global shares mostly lower as oil rises and markets await Trump-Xi talks,ABC News,abcnews.go.com,abcnews.go.com,2026-09-24,https://news.google.com/rss/articles/CBMinwFBVV95cUxOZlptbHp5MnREMXVlbXNsV3gwa0FzTXllNEFlZDZVLTV3eXlqS0IzT0U2b1pUSlFHR3E3THFCcnpvR3E1Q2o1QUdiX0JVdlYtQVNPR0NuUzdIQm5IV1phLXM1bHhIc003V2k3ak5JWW5Ta0x5S2VTbmNwQnFOeXE2Tk9NQ1BpODRkZWRMM1U3R2ZjaTEyQUtTa2Z2UUZ1eUXSAaQBQVVfeXFMT1hFZHVvZmxFaWlWeXNGNHNBOHNXNnhrSENHT2JfajFxX1FGQ0ZSbTgxekduU0g2UWtEd1hXd1psZllEQ0loVlh1RHdwY0dOTmcxdEgwaWJ2eWtveUtDMlZfbzE1WkdvZEZCNEdmVVFYSjNkdU1felB0TmFiZlVUWk9sMG00b0p6eVE5dzBXZENkQmJOc1dla0Z1Q3VkMzlTTlZsTnA?oc=5,en,2026-09-24,
Video Trump welcomes China's Xi Jinping for high-stakes summit,ABC News,abcnews.go.com,abcnews.go.com,2026-09-24,https://news.google.com/rss/articles/CBMiTEFVX3lxTE1DdDFXaWhreENUYjFhWlU3ZXRkSnZZdkxIUGV0LWd6VUVxRXhmQ3dvUmxRWnNoMlI5SENoRENWWk14MWdCN0QwajhFb0w?oc=5,en,2026-09-24,
Trump rolls out the red carpet for China's Xi,ABC News,abcnews.go.com,abcnews.go.com,2026-09-24,https://news.google.com/rss/articles/CBMihwFBVV95cUxPVGhNWkFqcWg4OTNGajNwZWp3c19YcVhVc0twakFaem9UeEVFV3JmN1NGcFNvUzZhcVJLeGdST1dpQk82ZU5CeE1mWUZwb1YwdG5yRE54bm1FNkp4Q0x2R28xUDlaTEpNeGE3V0VVZDBDVXJUcVNVY3Z4WXFWZm9hUVlSUE5aSzTSAYwBQVVfeXFMTTMzT09IVlpfa0kwbThBbGVfQm9YOUZ5bndiOWdHcGZyTk9EVVpzRHIwdFNOS0xTTjJ5UnU5NWNtMTJ5d2dfTWhfa3pjYVFneXo5amc2RHN5X1l1QW52RU9ZbnAxVXhKaklBakI1U05CeVFiNW05Mlkwb1NKWjNURzdNY1hyY2FUOHRRTUM?oc=5,en,2026-09-24,
US will make up to $7 billion in loans to help Trump ally Milei tap Argentina’s oil and minerals,ABC News,abcnews.go.com,abcnews.go.com,2026-09-24,https://news.google.com/rss/articles/CBMikwFBVV95cUxNcnpTZU9LZU9xVEhqZlYxbXRqZDlpbkZLWm1IQWswaU9weWRqX1dVT0dDSnJNLVlnSGN1RVBaaEdreTdmaUI1SkZ1NU1qN1lWTF8wdGpnNjFhZ1NWV3VkcW53TndDUkRuTUxUNWxyWGN0a0lqTTc0Yks1Wm96MjZ0Z2JpNTM0aHNZNlZDWC1mQ0dXTUHSAZgBQVVfeXFMTkYwSEJzcmp0akc3Yzl6TUM1Q3N2cExnZWVvcG1YZ3lpdUZpcTc3bWRMQ05oOVFUS0JCaFNVMTZtZDc1V3dadHVLV05NbVhCOWFTWkY0bElyS2xtMW9jeHljMUotZG55UEZWS3BfbE8xZXdDOHVLQWZSTndnb3lYY3hpdXNnNFhCYjZsVUU5c2lnR2dLNF91ZXA?oc=5,en,2026-09-24,
Video Senate Democrats urge Trump to discuss AI’s future with China,ABC News,abcnews.go.com,abcnews.go.com,2026-09-24,https://news.google.com/rss/articles/CBMiTEFVX3lxTFBkdTNrX1VXeHA0V0lMWTFJMnNEZHRTVHZRX0pnVHJpWWtHRHpSQU9ubExTbXFLSkVueHZzS1diM3ZRbUU4bXgwYzRkMGc?oc=5,en,2026-09-24,
Trump Backs Argentina’s Landmark LNG Project in Win for Milei,Bloomberg,bloomberg.com,bloomberg.com,2026-09-24,https://www.bloomberg.com/news/articles/2026-09-24/trump-backs-argentina-s-landmark-lng-project-in-win-for-milei,en,2026-09-24,
Burnham Just Got the Nicest Possible Compliment in America,Bloomberg,bloomberg.com,bloomberg.com,2026-09-24,https://www.bloomberg.com/opinion/articles/2026-09-24/andy-burnham-just-got-the-nicest-possible-compliment-from-donald-trump,en,2026-09-24,
Europe’s Dangerous Dependence Puts It on Xi and Trump’s Menu,Bloomberg,bloomberg.com,bloomberg.com,2026-09-24,https://www.bloomberg.com/opinion/articles/2026-09-24/trump-china-eu-s-dangerous-dependence-puts-it-on-the-us-and-china-menu,en,2026-09-24,
Why the Xi-Trump Summit Hinges on China’s Rare Earths Advantage,Bloomberg,bloomberg.com,bloomberg.com,2026-09-24,https://www.bloomberg.com/news/newsletters/2026-09-24/why-the-xi-trump-summit-hinges-on-china-s-rare-earths-advantage,en,2026-09-24,
"Gasoline to Cost More If US Diesel Ban Hits, Morgan Stanley Says",Bloomberg,bloomberg.com,bloomberg.com,2026-09-24,https://www.bloomberg.com/news/articles/2026-09-24/gasoline-to-cost-more-if-us-diesel-ban-hits-morgan-stanley-says,en,2026-09-24,
Democrats Sue Alleging Threat of Armed Federal Agents at Polls,Bloomberg,bloomberg.com,bloomberg.com,2026-09-24,https://www.bloomberg.com/news/articles/2026-09-24/democrats-sue-alleging-threat-of-armed-federal-agents-at-polls,en,2026-09-24,
Thailand Says Market Access Sticking Point in US Tariff Talks,Bloomberg,bloomberg.com,bloomberg.com,2026-09-24,https://www.bloomberg.com/news/articles/2026-09-24/thailand-says-market-access-sticking-point-in-us-tariff-talks,en,2026-09-24,
Trump Denies Report of Talks to Add His Name to Ford’s Theatre,Bloomberg,bloomberg.com,bloomberg.com,2026-09-24,https://www.bloomberg.com/news/articles/2026-09-24/trump-denies-report-of-talks-to-add-his-name-to-ford-s-theatre,en,2026-09-24,
"Trump, Xi Kick Off State Visit Amid Tensions Over AI, Trade",Bloomberg,bloomberg.com,bloomberg.com,2026-09-24,https://www.bloomberg.com/news/articles/2026-09-24/trump-xi-kick-off-state-visit-amid-tensions-over-ai-trade,en,2026-09-24,
US Judge Lifts Trump’s White House Media Access Ban for Now,Bloomberg,bloomberg.com,bloomberg.com,2026-09-24,https://www.bloomberg.com/news/articles/2026-09-24/us-judge-lifts-trump-s-white-house-media-access-ban-for-now,en,2026-09-24,
"Trump-Xi Meeting Live Updates: AI, Trade, Taiwan on Agenda at US-China Summit",Bloomberg,bloomberg.com,bloomberg.com,2026-09-24,https://www.bloomberg.com/news/live-blog/2026-09-24/trump-xi-meeting-live-updates-ai-trade-on-agenda-at-us-china-summit,en,2026-09-24,
"Trump Says No Moves Toward US, China AI Guardrails in Xi Summit",Bloomberg,bloomberg.com,bloomberg.com,2026-09-24,https://www.bloomberg.com/news/articles/2026-09-24/trump-says-no-moves-toward-us-china-ai-guardrails-in-xi-summit,en,2026-09-24,
Trump Elevates Tech Titans to Place of Honor at US-China Summit,Bloomberg,bloomberg.com,bloomberg.com,2026-09-24,https://www.bloomberg.com/news/newsletters/2026-09-24/trump-elevates-tech-titans-to-place-of-honor-at-us-china-summit,en,2026-09-24,
Trump’s UN week notches up wins in Venezuela and Greenland,Bloomberg,bloomberg.com,bloomberg.com,2026-09-24,https://www.bloomberg.com/news/newsletters/2026-09-24/trump-s-un-week-notches-up-wins-in-venezuela-and-greenland,en,2026-09-24,
China Shuns Costly Brazil Soybeans Ahead of Trump-Xi Summit,Bloomberg,bloomberg.com,bloomberg.com,2026-09-24,https://www.bloomberg.com/news/articles/2026-09-24/china-shuns-costly-brazil-soybeans-ahead-of-trump-xi-summit,en,2026-09-24,
Trump and Xi Buy Time on Trade With Neither Able to Afford a Fight,Bloomberg,bloomberg.com,bloomberg.com,2026-09-24,https://news.google.com/rss/articles/CBMiswFBVV95cUxPWW91SE9HRXNlbW1ucTAzV202Sy1EbVhfdnpyOXEzOTU5cDJxRzh1U1hPWXJ2OE55dTJUMi1vSXFBVTR4ZE8yTGt1VkRxWnBLRGQyT0FRMFA1QkZPc0pxVWt0WXRmSkg0U0FWLXE2RkxvZmtpd1VGZVY5REhOeng3Q3k1bGItUU5KMFE1TTJyVkVOTFhCVzZZaUpscG9UV2x0R0hla0tESnAzTXlqTFlaLVNvRQ?oc=5,en,2026-09-24,
Europe Is In a Dangerous Place. It’s On the Trump-Xi Menu,Bloomberg,bloomberg.com,bloomberg.com,2026-09-24,https://news.google.com/rss/articles/CBMiwgFBVV95cUxNa2NnRTBuaThmMHhHQ3l6V04xU2c3Nl9RVUZHZDRIWDFINFhoZ1JJT1pPMHVDS0NaLW1YZHdTdUlKcTZIdlFsRUpRbV9PdGRuejRQR29xdFlOZjlFLVprTzUxZXh6ZTJQTEJKSWd1T0hLM3Zubm9WbmFTeTBTLXZYZ01VNF9lWUkxME9FdEUtU3hrdThSY28xLUt5M2RuMXN0OGJQcC1kZ3ROemh6cF9xVXZYUThJaWQ0dUFjS0tIajlPdw?oc=5,en,2026-09-24,
Trump-Xi Summit Narrows China Credit’s Geopolitical Discount: BI,Bloomberg,bloomberg.com,bloomberg.com,2026-09-24,https://news.google.com/rss/articles/CBMitAFBVV95cUxPSUpUWFp2MWFtaTdZenFxRW00VWN4T2dvVFNrYUpxQ1R1SnhZU3JpenpBcHVrYmVDZTBmaVAwRGFmN3hwLWNpeUg2OTNqZVhBVnBqQVlTMHg2SHRqalNKeHVlTDR6eUI1Mm1UdGpITzAtZG5jLVprMUpmY3VQc05PblJiVWtxbGlfSG1wSFN4TE5jN3hiZ29WV3pncm1tQ19jVUZyemNvX3JZOGhuV1hiR3dGeDI?oc=5,en,2026-09-24,
Republicans Are Ghosting Trump. It’s Too Late,Bloomberg,bloomberg.com,bloomberg.com,2026-09-24,https://news.google.com/rss/articles/CBMinwFBVV95cUxOWGlRWGJsQWoxaU5VY2dTemd1Z1k0RjljU3JNUUpRVk5JOWd4cVVGcTlJWVlCS2hQVEZ2LUpmV3FTVmYyVUg3bmpmSUltYnJqaFFsOW93N1ctZzlqRE1Nd3docjVmSVhtcWpKUkg3SmV6Y2k2bWEzaDFWOEJVd09iRThiTjhPZ0VobmVIYXpXcjRsWUJ3cjNsTjY4NTZfOUE?oc=5,en,2026-09-24,
China’s Trade Volumes Hit Record in Week Before Trump-Xi Summit,Bloomberg,bloomberg.com,bloomberg.com,2026-09-24,https://news.google.com/rss/articles/CBMitAFBVV95cUxNUk1DazBIcGNWQ1FELU9kZzVhenczQzJ4dFRPLVM4MDNqVnUybW1vRWlLOEVIOE40aWNaYVFEXzBIWk9ORHdRLUxxVjJaT21MSjhFSVh1N1diNjlCdGdhMWdZbkdjdXpzRWxIOTNiazhrckZiV3BnUTFmWkpCMEJvTmtTc2tITWVrRkF4R0l1d2J2OGlmX0dWb0F1ZDNUU0pyU3c4a2NIRXQtNWMxYnBtYzFKOWs?oc=5,en,2026-09-24,
Sunshine Thursday afternoon in Chicago,CBS News,cbsnews.com,cbsnews.com,2026-09-24,https://www.cbsnews.com/chicago/video/sunshine-thursday-afternoon-in-chicago-1/,en,2026-09-24,
Semi truck rollover crash prompts closures on I-80 near Tinley Park,CBS News,cbsnews.com,cbsnews.com,2026-09-24,https://www.cbsnews.com/chicago/video/semi-truck-rollover-crash-prompts-closures-on-i-80-near-tinley-park/,en,2026-09-24,
Allegheny Co. Police investigating Edgewood double stabbing,CBS News,cbsnews.com,cbsnews.com,2026-09-24,https://www.cbsnews.com/pittsburgh/video/allegheny-co-police-investigating-edgewood-double-stabbing/,en,2026-09-24,
Allegheny County Police investigating Edgewood double stabbing,CBS News,cbsnews.com,cbsnews.com,2026-09-24,https://www.cbsnews.com/pittsburgh/video/allegheny-county-police-investigating-edgewood-double-stabbing/,en,2026-09-24,
KDKA-TV Morning Forecast (9/24),CBS News,cbsnews.com,cbsnews.com,2026-09-24,https://www.cbsnews.com/pittsburgh/video/kdka-tv-morning-forecast-924-4/,en,2026-09-24,
"Investigation underway after 3 found dead inside Flower Mound home, police say",CBS News,cbsnews.com,cbsnews.com,2026-09-24,https://www.cbsnews.com/texas/video/investigation-underway-after-3-found-dead-inside-flower-mound-home-police-say/,en,2026-09-24,
"Judge temporarily blocks Trump's ban on CNN, MS NOW and Politico; White House access restored",CBS News,cbsnews.com,cbsnews.com,2026-09-24,https://www.cbsnews.com/texas/video/judge-temporarily-blocks-trumps-ban-on-cnn-ms-now-and-politico-white-house-access-restored/,en,2026-09-24,
"Live Updates: Trump to host China's Xi Jinping at White House as they navigate AI, trade tensions and Taiwan",CBS News,cbsnews.com,cbsnews.com,2026-09-24,https://www.cbsnews.com/live-updates/trump-china-xi-jinping-state-visit-dinner-tariffs-ai/,en,2026-09-24,
"Judge blocks Trump's ban on CNN, MS NOW and Politico, restoring White House access for now",CBS News,cbsnews.com,cbsnews.com,2026-09-24,https://www.cbsnews.com/news/judge-blocks-trump-ban-cnn-ms-now-politico-restoring-white-house-access/,en,2026-09-24,
Trump rolls out the red carpet for Chinese President Xi Jinping despite U . S .- China tensions,CBS News,cbsnews.com,cbsnews.com,2026-09-24,http://www.cbsnews.com/news/trump-rolls-out-the-red-carpet-for-xi-despite-us-china-tensions/,en,2026-09-24,
How did an Open AI agent hack a government network?,CNN,cnn.com,cnn.com,2026-09-24,https://www.cnn.com/2026/09/24/world/video/how-did-an-open-ai-agent-hack-a-government-network-hanako-montgomery-hnk-digvid,en,2026-09-24,
Not everyone thinks AI will kill us all,CNN,cnn.com,cnn.com,2026-09-24,https://www.cnn.com/2026/09/24/tech/not-everyone-thinks-ai-will-kill-us-all,en,2026-09-24,
First known AI hack of a government system,CNN,cnn.com,cnn.com,2026-09-24,https://www.cnn.com/2026/09/24/world/video/first-known-ai-hack-of-a-government-system-hanako-montgomery-hnk-digvid2,en,2026-09-24,
"Judge orders Trump administration to reinstate White House access to CNN, MS NOW and Politico",CNN,cnn.com,cnn.com,2026-09-24,https://www.cnn.com/2026/09/24/politics/trump-press-lawsuit-ruling-white-house-access,en,2026-09-24,
The ‘first prediction-market election’ scrambles the midterms,CNN,cnn.com,cnn.com,2026-09-24,https://www.cnn.com/2026/09/24/politics/midterm-elections-prediction-markets-kalshi-polymarket,en,2026-09-24,
‘Makes very little economic sense’: Ex-Trump energy secretary warns Trump against diesel export ban,CNN,cnn.com,cnn.com,2026-09-24,https://www.cnn.com/2026/09/24/business/trump-diesel-prices-export-ban-gasoline,en,2026-09-24,
What we know after officials say ICE detained a US citizen and left him injured in Chicago suburb,CNN,cnn.com,cnn.com,2026-09-24,https://www.cnn.com/2026/09/24/us/ice-us-citizen-detained-evanston,en,2026-09-24,
"Majority of Americans express ‘fear and concern’ about AI, say government should regulate it more: CNN poll",CNN,cnn.com,cnn.com,2026-09-24,https://www.cnn.com/2026/09/24/politics/cnn-poll-ai-data-centers-vis,en,2026-09-24,
What to expect from President Trump’s White House meetings today with Chinese leader Xi Jinping,CNN,cnn.com,cnn.com,2026-09-24,https://www.cnn.com/2026/09/24/world/video/china-trump-xi-white-house-summit,en,2026-09-24,
"Trump greets Xi with lavish fanfare, but expectations for the summit remain low",CNN,cnn.com,cnn.com,2026-09-24,https://www.cnn.com/2026/09/24/politics/trump-xi-meeting-china-ai,en,2026-09-24,
Trump is staying out of Saudi Arabia’s war. Americans could pay at the pump,CNN,cnn.com,cnn.com,2026-09-24,https://www.cnn.com/2026/09/24/middleeast/trump-is-staying-out-of-saudi-arabias-war-americans-could-pay-at-the-pump,en,2026-09-24,
U.S. searching for F-35 fighter jet parts mistakenly diverted to Hong Kong,CNN,cnn.com,cnn.com,2026-09-24,https://www.cnn.com/2026/09/24/world/video/u-s-searching-for-f-35-fighter-jet-parts-mistakenly-diverted-to-hong-kong-ivan-watson-hnk-digvid,en,2026-09-24,
"Judge lifts White House access ban on CNN, MS NOW and Politico",CNN,cnn.com,cnn.com,2026-09-24,https://www.cnn.com/2026/09/24/us/video/judge-lifts-white-house-access-ban-on-cnn-ms-now-and-politico-hnk-digvid,en,2026-09-24,
Kentucky Gov. Andy Beshear pushes to flip a Republican-friendly House seat in test of his political reach,CNN,cnn.com,cnn.com,2026-09-24,https://www.cnn.com/2026/09/24/politics/andy-beshear-helping-zach-dembo-flip-republican-seat,en,2026-09-24,
Federal appeals court deals blow to Trump deportation agenda,Fox News,foxnews.com,foxnews.com,2026-09-24,https://www.foxnews.com/politics/federal-appeals-court-deals-blow-trump-deportation-agenda,en,2026-09-24,
"As expected, media mocks Jaxson Dart injury because he dared to introduce Trump on stage",Fox News,foxnews.com,foxnews.com,2026-09-24,https://www.foxnews.com/outkick-sports/expected-media-mocks-jaxson-dart-injury-because-he-dared-introduce-trump-stage,en,2026-09-24,
"Trump needs to warn China’s Xi against ‘dangerous alliance’ with Iran, expert says",Fox News,foxnews.com,foxnews.com,2026-09-24,https://www.foxnews.com/politics/trump-warn-chinas-xi-against-dangerous-alliance-iran-expert-says,en,2026-09-24,
Senators press President Trump to release home heating oil reserves amid soaring prices,Fox News,foxnews.com,foxnews.com,2026-09-24,https://www.foxnews.com/politics/senators-press-president-trump-release-home-heating-oil-reserves-amid-soaring-prices,en,2026-09-24,
"Federal judge orders Trump administration to restore White House access to CNN, MS NOW and Politico",Fox News,foxnews.com,foxnews.com,2026-09-24,https://www.foxnews.com/media/federal-judge-orders-trump-administration-restore-white-house-access-cnn-msnow-politico,en,2026-09-24,
California rules on air pollution from ships under challenge,Los Angeles Times,latimes.com,latimes.com,2026-09-24,https://www.latimes.com/environment/newsletter/2026-09-24/california-rules-on-air-pollution-from-maritime-pollution-regul-under-challenge,en,2026-09-24,
"Column: Trump's lost his star power, at home and abroad",Los Angeles Times,latimes.com,latimes.com,2026-09-24,https://www.latimes.com/opinion/story/2026-09-24/trump-united-nations-xi-china-state-visit,en,2026-09-24,
Contributor: Young people aren't voting. Sacramento knows how to change that,Los Angeles Times,latimes.com,latimes.com,2026-09-24,https://www.latimes.com/opinion/story/2026-09-24/young-voters-registration-turnout-california,en,2026-09-24,
"High cost of living tops voter concerns, Becerra remains front-runner in governor's race, new poll shows",Los Angeles Times,latimes.com,latimes.com,2026-09-24,https://www.latimes.com/california/story/2026-09-24/high-cost-of-living-tops-voter-concerns-becerra-remains-front-runner-in-governors-race-new-poll-shows,en,2026-09-24,
"As 'SNL' begins Season 52, here's the state of the show and what to expect",Los Angeles Times,latimes.com,latimes.com,2026-09-24,https://www.latimes.com/entertainment-arts/tv/story/2026-09-24/saturday-night-live-season-52,en,2026-09-24,
How Trump's plan to make Head Start English-only would hit L.A. classrooms,Los Angeles Times,latimes.com,latimes.com,2026-09-24,https://www.latimes.com/california/story/2026-09-24/head-start-trump-english-only-dual-language-preschool,en,2026-09-24,
"Cuban foreign minister addresses talks with U.S., blackouts",NBC News,nbcnews.com,nbcnews.com,2026-09-24,https://www.nbcnews.com/video/cuban-foreign-minister-addresses-talks-with-u-s-blackouts-270416453671,en,2026-09-24,
"Judge orders White House to restore access for CNN, MS NOW and Politico",NBC News,nbcnews.com,nbcnews.com,2026-09-24,https://www.nbcnews.com/now/video/judge-orders-white-house-to-restore-access-for-cnn-ms-now-and-politico-270427717662,en,2026-09-24,
Trump’s FDA pick to face scrutiny over abortion pill access at confirmation hearing,NBC News,nbcnews.com,nbcnews.com,2026-09-24,https://www.nbcnews.com/health/health-news/trumps-fda-pick-face-scrutiny-abortion-pill-access-confirmation-hearin-rcna599455,en,2026-09-24,
Yemen says it asked Trump for U.S. military support in fight against Houthis,NBC News,nbcnews.com,nbcnews.com,2026-09-24,https://www.nbcnews.com/world/middle-east/yemen-says-asked-trump-us-military-support-fight-houthis-rcna599565,en,2026-09-24,
"Venezuela’s acting leader, at U.N. for first address, promises elections at the ‘right moment’",NBC News,nbcnews.com,nbcnews.com,2026-09-24,https://www.nbcnews.com/world/venezuela/venezuelas-acting-leader-un-first-address-promises-elections-right-mom-rcna599548,en,2026-09-24,
"8 Navy members attempted suicide on the USS Lincoln during extended deployment, military official says",NBC News,nbcnews.com,nbcnews.com,2026-09-24,https://www.nbcnews.com/news/military/8-navy-members-attempted-suicide-uss-lincoln-extended-deployment-milit-rcna599534,en,2026-09-24,
Iowa judge dismisses Trump’s lawsuit against pollster Ann Selzer and Des Moines Register,NBC News,nbcnews.com,nbcnews.com,2026-09-24,https://www.nbcnews.com/politics/donald-trump/iowa-judge-dismisses-trump-lawsuit-ann-selzer-des-moines-register-rcna599543,en,2026-09-24,
"Michigan Republicans break with Trump on Iran, AI and data centers",NBC News,nbcnews.com,nbcnews.com,2026-09-24,https://www.nbcnews.com/politics/2026-election/michigan-republicans-break-trump-iran-ai-data-centers-rcna599300,en,2026-09-24,
"The Education Dept. hasn't been dismantled. It's become more inefficient, staff say",NPR,npr.org,npr.org,2026-09-24,https://www.npr.org/2026/09/24/nx-s1-5968605/education-department-dismantling-how-its-going,en,2026-09-24,
Tucker Carlson on the war with Iran and why he worries about the spread of tribalism,NPR,npr.org,npr.org,2026-09-24,https://www.npr.org/2026/09/24/nx-s1-5973204/tucker-carlson-on-the-war-with-iran-and-why-he-worries-about-the-spread-of-tribalism,en,2026-09-24,
Venezuela's acting leader promises elections at the 'right moment',NPR,npr.org,npr.org,2026-09-24,https://www.npr.org/2026/09/24/g-s1-144837/venezuela-leader-un-general-assembly,en,2026-09-24,
Judge orders Trump administration to restore journalists' access to White House,NPR,npr.org,npr.org,2026-09-24,https://www.npr.org/2026/09/24/nx-s1-5979582/judge-order-trump-restore-access-white-house,en,2026-09-24,
Trump Aides Seek to Jump-Start Diplomacy With Iran as Crisis Widens,New York Times,nytimes.com,nytimes.com,2026-09-24,https://www.nytimes.com/2026/09/23/us/politics/trump-aides-iran-talks.html,en,2026-09-24,
Newly Public Documents Shed New Light on Trump Investigations,New York Times,nytimes.com,nytimes.com,2026-09-24,https://www.nytimes.com/2026/09/23/us/politics/trump-mike-pence-testimony.html,en,2026-09-24,
"Read the Court Order Blocking Trump’s White House Ban on CNN, MS NOW and Politico",New York Times,nytimes.com,nytimes.com,2026-09-24,https://www.nytimes.com/interactive/2026/09/24/us/politics/cnn-msnow-politico-trump-restraining-order.html,en,2026-09-24,
Families Urge Trump to Press Xi to Free Detained Americans,New York Times,nytimes.com,nytimes.com,2026-09-24,https://www.nytimes.com/2026/09/24/world/asia/china-xi-trump-detained-americans.html,en,2026-09-24,
Trump the Destroyer,New York Times,nytimes.com,nytimes.com,2026-09-24,https://www.nytimes.com/2026/09/24/opinion/trump-arch-macklemore-israel.html,en,2026-09-24,
‘Survival Mode Time’: Republicans Accelerate Their Break With Trump,New York Times,nytimes.com,nytimes.com,2026-09-24,https://www.nytimes.com/2026/09/24/us/politics/trump-republicans-midterms-break.html,en,2026-09-24,
"Judge Blocks Trump’s Ban on Reporters, and How A.I. Is Driving Up Health Care Costs",New York Times,nytimes.com,nytimes.com,2026-09-24,https://www.nytimes.com/2026/09/24/podcasts/the-headlines/trump-ban-press-ai-health-care-costs.html,en,2026-09-24,
AI safety fears stalk Trump-Xi summit agenda,Politico,politico.com,politico.com,2026-09-24,https://news.google.com/rss/articles/CBMimgFBVV95cUxNRXFYbDByTHo1d1JBNi1hemxtWlJibExZOXVjRktXakhCNkQtSG0tRjNmWGV4a295OFVHc05wY2RfSVNNTlBvN1lacnBHSjBFa2VUbTlPamZscTVPeWVlNGRJYkIyaVRYT2p1ZThoNTNWSkRjaUEyUVBjZmpBTTNoNi0zTE5FYmR3X0pMV3hpVHJ2aWc1UU04SDZR?oc=5,en,2026-09-24,
‘Convenient cudgel’: The Trump agency taking a tough line on China,Politico,politico.com,politico.com,2026-09-24,https://news.google.com/rss/articles/CBMijAFBVV95cUxPRnd2UkthVTdjQzVoYVN3cXdLS3FUU2JhLW1JbXRsNTNwM0h1X1U0OE1UQ1lxOHFEZjlTWUgtbXRBMmdoSXdJblVacDdxNUVodE81M0daNVVBSkx0dHEzeW14WkdhOGlUMlNBZHhrM1c0cUEyNmdlRGV6emhwRUFtbVlaaXZYTlU2eUVkaw?oc=5,en,2026-09-24,
Judge throws out Trump lawsuit over wayward 2024 poll in Iowa,Politico,politico.com,politico.com,2026-09-24,https://news.google.com/rss/articles/CBMisAFBVV95cUxNSGViU3dSYnBIZ0JmMm1NTVV6b2c4dUhPY0V3RTk0d3FOcTBxYUxrUWNCck40d005U0VPYTdWcHNQVk04UlZGaXEyQVlmNHN2dEZqc25rZlBtUGJUTkhlMDZVX3hqU3VEbTFmd2pmaFBnNkg1WFBnQ1NsWm5Wak5xc0o2NmR2Mk9hdFdiaEk5WFZNUVlFRU5IM3NFM1pHTDEtdkY5WjdSTmFTd2MtMXhRMA?oc=5,en,2026-09-24,
US farmers push for China commitments on imports as Trump and Xi talk trade,Reuters,reuters.com,reuters.com,2026-09-24,https://news.google.com/rss/articles/CBMirgFBVV95cUxOdDdvUXBmX0hNUWRzdm5EckNpOUdzekVxTkh3MGY0Ync2TlBXcjlLY2daRFYzVW1Qb1VnT0RmRWVHZ0NGVVVWVFotbmFoNXJ1VkxET0NiWl9ENFRRMEpQTHRqWVJxU3VDS1dWRFN6VEUtTmlyNjZXdlpGeW10M01PUXdCMjktUnpUUGNIT2E4bjZiVkpXTnFlQ3pYbW8tSzRvQkloWFZnY3h3clBPMkE?oc=5,en,2026-09-24,
"US, Japanese officials discussed China's yttrium curbs ahead of Trump-Xi meeting, document shows",Reuters,reuters.com,reuters.com,2026-09-24,https://news.google.com/rss/articles/CBMiwAFBVV95cUxQc1hVbnl6bFJES19xdzFIaFgxQ1ZkTnY5dFlxaDVKUUpFNWNVczRUa0hZZEItbk9TOTU4aEZQNDhIeVJvMTZOZzhMbFRvSlpMNV91Y1FEVEJKbmV4WElzb2U5V3ZNcERzQ3dmbXEtUXkxMGlneWRkNExobmplTU9RRUQwUWxNT19PODY4LTN2WkdxUDFGbE1WeV91SXFGUEhuT1U3VnloX1RfTjVTY0V5emdFNkFlWUFGZy1qSFBQalg?oc=5,en,2026-09-24,
China's rare earths dominance to overshadow Trump's talks with Xi,Reuters,reuters.com,reuters.com,2026-09-24,https://news.google.com/rss/articles/CBMirAFBVV95cUxPVlBNcDhQbjZ1eUhlS1FRS0poeU53T0ZfZWN3c1d4Z1NFa0ItMm84bUZvQlp2ODc1ZGQ4S0hGbG85cUNmam5vUGctS29hOWE4SWVDUlh0NHIxbDJVVkhFU0xILUhEb256TG9VaFZwWkN0TEVQU0dHQzlteVkyT2VTcExNRlNYVFNFVl9QeDdBRGdRUzdDbm93V1lxSW5wT1lRazJyYlZER3l4dDBn?oc=5,en,2026-09-24,
Russia says no decision yet on possible Putin-Trump summit in December,Reuters,reuters.com,reuters.com,2026-09-24,https://news.google.com/rss/articles/CBMiswFBVV95cUxOUF9RV0g2QTBmbTk3QW45Yl9VMWkxZEMxbklhdUU3WkU0WV8wRHg1LV9YUmlsRDVjc3N2UVhwVGRacXBxemJYcEJORkJ4SnVpQWcyQjJlNUp3MWFlcG9JX09iU19iXy10cEZXdDBfV0lqMmpzVmpJVlNjZkEtZEpOcWwweXZ6anpJaC13al9kWVZ6NWxPblJCZXA0ZDFsdllydGhaczhZbXlaSXhnV3FBcGZNVQ?oc=5,en,2026-09-24,
US Democrats tee up pre-election war powers vote as some Republicans break with Trump on Iran,Reuters,reuters.com,reuters.com,2026-09-24,https://news.google.com/rss/articles/CBMivgFBVV95cUxNMU45a3FvODBzSXpndWg1QUVuQzlqUmVJWjZEWUFXNWltVUx0Sm4zbDE1X3lFSnFYd2hQeGotT1YtejB1NU9lZDJKcnJjeEZqNkJtZkQ0anhFUG92V3pWLXlyQzhIalFwTzRuVnVvd3BGQ2tfYTJ3RUxMRlhlWTdTUFE3MnAzMUxmallxcE9SZU5ldmxJeE1fYnhyT0c5eG9lVXVydVg2TFhnbnFJYUFsOE56U194eTltTnc2bGFR?oc=5,en,2026-09-24,
"Judge blocks Trump's White House media ban, orders access to be restored",Reuters,reuters.com,reuters.com,2026-09-24,https://news.google.com/rss/articles/CBMinAFBVV95cUxQU2V0SEZGX1dfSmIwdGdRLU4zTlFsdVlDa3dXeS1EVnczQV9yUzJIXzN3NVhvR2gzcVBMTFBkY0g2Qk1xWGladm51WVQ1ZkN6Q19MTDAySThlMjhYSzNKaFJYeXFaUnpZNUZ3SkRBcTRVaGFORElVUkdHZG16UXQxcUVuTjROUFFycnNuQi11VDNHdlVtcWZnNTk3bDE?oc=5,en,2026-09-24,
Trump-Xi meeting outside UN spotlight tests world body's clout,Reuters,reuters.com,reuters.com,2026-09-24,https://news.google.com/rss/articles/CBMijgFBVV95cUxOVjdDUU9HODhTcWdINGxKSE03VHRiTllZWWZRQ0pXdjFIQ3ZFTW83SFJHNF9ERmZJQVM1R0dsWFNYeTlyMWpKN0VOVnl6Z0tGbUJUTHJfMFBzaUFtSmJaYVR2RW9uYTNCbWx5bXBjU3Fia2tPdzdXbHM3UmtQUk9vekdkVk1OMXg4YVY5TEJn?oc=5,en,2026-09-24,
Trump welcomes Xi to Washington looking for a trade win,Reuters,reuters.com,reuters.com,2026-09-24,https://news.google.com/rss/articles/CBMimgFBVV95cUxQOFBtV0xyRTZ6QjVMdWVrcU5qb294UkxGZU9LTldydjd4UldJdlZxdjBOS29ucEt1emVQcWwzVjhUM2lXQlBobEJSOTRFNVpRaXhwRnVXNXFSZzI0Y1Q4NDRXLVQyTzJ5NVhGZ2h2V2FSNUdRemZ5blp3NGJ6eTlyVzhvZ3BpTEpRUHVzOW5HZ0s2TmFDU0VYNjFB?oc=5,en,2026-09-24,
"Trump's FDA pick to face vaccine, abortion pill questions at US Senate hearing",Reuters,reuters.com,reuters.com,2026-09-24,https://news.google.com/rss/articles/CBMiwAFBVV95cUxPM1Fybmc2dzZLTkRBN3JPVUxuZFNYV3dCb3E0d0NicUZzLWNMc2NtdHlWcUJfUnNJR213U2ZscXVFSGhYbzFMandXak1vdnVSNkZmRjFoRjhFNlJPN3g0QlF6b0xtUGFCOFNDY1NKVHhhTUNmd01RUDF0cWJrMkVScWZMMV83MEJiMVFiRHplQTg3bkNvdVpKdEY4MVpFTG0wSERjZENzc1Q3WFFJQ3RtQy12U0NraWJ6azRzWUloWE4?oc=5,en,2026-09-24,
US and Indian top diplomats discuss Russia sanctions bill signed by Trump,Reuters,reuters.com,reuters.com,2026-09-24,https://news.google.com/rss/articles/CBMitAFBVV95cUxQdjNWTlhTdURkUERZUjdNQnBhQWR2bzRjOUVYNWRJUkdoX1M0NmpBRk5Dc0dHMm8wWlJKby1YNVNDb28wSnJXazJnbG9sQTNRU0RVTXk0eHJJcGQwTkVIdS00UjNRakFkUHFLTFhJdi1vMGJGZVB0dzMtR0JHUlN2RFoza1F5d3FuOWhBd09MR2RBa1I1ZU11OGotV2FwM2NOdmNydlBjeU1nMzFoVXpTQ1RuR1E?oc=5,en,2026-09-24,
Chinese defence ministry urges 'extreme caution' over arms sales to Taiwan ahead of Trump-Xi summit,Reuters,reuters.com,reuters.com,2026-09-24,https://news.google.com/rss/articles/CBMinwFBVV95cUxPdUJ6eGxzbTYzQkJTMXFqWnhZYU1BakkxZDBONmZEVnV4bkJPMU0tb2w0MEluVF8wSWptWmR0dUNpX1pHbW5YLXRHSnRONnZEYkpRSWNhb1ZRUzlFTDYzdlFnWE5uVy1meDhudTZJUXQ4bVpPckFvRVlveGZuSnpyUVpBa0Faazh6Qm4zSnRXbi1vbDNJS1JsT291enRieEk?oc=5,en,2026-09-24,
Bond market sell-off rumbles on ahead of Trump and XI talks,Reuters,reuters.com,reuters.com,2026-09-24,https://news.google.com/rss/articles/CBMigwFBVV95cUxOWEltUDlJNE9jWHA5VlhOV21YTl9vZnZzMjQ1ZldQTmNSOHQ4NDMyZzlVbHVXZ1NqN01WR0d1aWxKVTQ1LURRTGhKQjlYbzUydHBYRVVuUkt3dFhRWDB1VDdWQTZhVy1Fb0pIM1hRa0UtTWZGQ1ZIa0MzSm1SUEdPR2pjNA?oc=5,en,2026-09-24,
"SNAPSHOT Wall St opens lower as oil gains on Mideast uncertainty, eyes on Trump-Xi talks",Reuters,reuters.com,reuters.com,2026-09-24,https://news.google.com/rss/articles/CBMisgFBVV95cUxNdkxPUUdXbDkwcTdtbC1yM0NWMldPb2lpeExQRVh2SVFWQUl4Q3haSlp4U04yU1BoanNVeWF5bTIwbWJRQXVEQkIwMm0taFZ4eDJ3dUVjOTVuSWhEMVRZNV9vdUNab01CS1o4aUpoQVE5TmFqV1BMTFVaZVJzVEFES3Y4S1BLZFQ1TDFtR2dLZklJRkdFN3hTaENjVDhSc05sT1BVZ09idlU1ZGkwdTZLRi1n?oc=5,en,2026-09-24,
Trump courts Xi with pomp as China seeks greater global influence,Washington Post,washingtonpost.com,washingtonpost.com,2026-09-24,https://www.washingtonpost.com/politics/2026/09/24/trump-chinese-leader-xi-jinping-want-each-others-help-world-issues/,en,2026-09-24,
One Republican could hold back the party’s candidates in Pennsylvania. And it’s not Trump.,Washington Post,washingtonpost.com,washingtonpost.com,2026-09-24,https://www.washingtonpost.com/politics/2026/09/24/one-republican-could-hold-back-partys-candidates-pennsylvania-its-not-trump/,en,2026-09-24,
"Trump’s FDA pick to face scrutiny on vaccines, abortion pill",Washington Post,washingtonpost.com,washingtonpost.com,2026-09-24,https://www.washingtonpost.com/health/2026/09/24/trumps-fda-pick-face-scrutiny-vaccines-abortion-pill/,en,2026-09-24,
What to know about Trump’s meeting with China’s Xi and the economic stakes,Washington Post,washingtonpost.com,washingtonpost.com,2026-09-24,https://www.washingtonpost.com/politics/2026/09/24/trump-is-meeting-with-chinas-xi-jinping-here-are-economic-stakes/,en,2026-09-24,
"Americans’ views of China have warmed, survey finds ahead of Trump-Xi summit",Washington Post,washingtonpost.com,washingtonpost.com,2026-09-24,https://www.washingtonpost.com/world/2026/09/24/americans-views-china-have-warmed-survey-finds-ahead-trump-xi-summit/,en,2026-09-24,
"As Trump meets Xi, rare earths give China a powerful hand",Washington Post,washingtonpost.com,washingtonpost.com,2026-09-24,https://www.washingtonpost.com/world/2026/09/24/donald-trump-meets-xi-jinping-rare-earths-give-china-powerful-hand/,en,2026-09-24,
Bond markets are a canary. Trump isn’t listening.,Washington Post,washingtonpost.com,washingtonpost.com,2026-09-24,https://www.washingtonpost.com/opinions/2026/09/24/britains-high-bond-yields-are-warning-america/,en,2026-09-24,
Trump dismantled U.S. climate policy. But his war is cutting emissions.,Washington Post,washingtonpost.com,washingtonpost.com,2026-09-24,https://news.google.com/rss/articles/CBMipgFBVV95cUxOVTdqYndWZnBra1h4YUF2c3A0STJncDEtM0JEMFBJZ3JnaS1DOUhBM1NRSlhnek0zLVRyRGhSa21BSk05QTJjZHFQTDR3MzBEazV1cGVKLVFUSFptQkRyLWl5NFN6MUZEQ19Ub1QxaXRfeWRvZXB2bmdTZ1ZuOWZ1U3p0RTU5UHlYWDA0dTc5V3VYX21mRGVOU19WTjR1ZDRxZVl3akF3?oc=5,en,2026-09-24,
Read the judge’s order blocking Trump’s media ban,Washington Post,washingtonpost.com,washingtonpost.com,2026-09-24,https://news.google.com/rss/articles/CBMiqwFBVV95cUxQRWhJNDZKNW5udlJrWXdNWWREckFhSXB4NExuUklhY1F5M18xSTk0YU9zbTdnQndrelJhZi1NOHl4dkNQZktDNEk1ZFA2aE1wMDdiSjU2MThPbEotTG0wQVRtYzlsZ3dkcmdnZ1JmWlp3WWJIX2d4WXZGNzE2MC1OZDFlRHA0SG9XWnhoWXk0VXZDcG1vN2RJZnZNeFJLdTBEdHNCTUxWMkxOOXM?oc=5,en,2026-09-24,
"CNN, Politico, MS NOW journalists barred from White House after judge blocks Trump’s ban",Washington Post,washingtonpost.com,washingtonpost.com,2026-09-24,https://news.google.com/rss/articles/CBMiqwFBVV95cUxNYWRqVjhhMVRSQWVBZ0lXOU1CY3V5bk1rQ1NiSjQ2UHptUnhfVXJLXzhqZ2RoSnNfT3dWOTROUVpsYWJMbGZURUlXOGF3czU4SUlUUXM1X1NPWjBJdTVuV09zVndLMFNPUkZwZzJjN2F4ckVHSkl3NmpmemhZbjVMdzk0NDBLUERuc0UzUXdlX0VyVl8yaFN6MUNYZC0yRlNIdDZLbm9wcHE5T2s?oc=5,en,2026-09-24,
Analysis | One Republican could hold back the party’s candidates in Pennsylvania. And it’s not Trump.,Washington Post,washingtonpost.com,washingtonpost.com,2026-09-24,https://news.google.com/rss/articles/CBMixgFBVV95cUxQZ3libWNnNkFLeERxa0gwN1ZDSjVNVTgwN1RubWFKQmRsYm9KblpUYWJMamdqM2FQaUFYOUNUV3pGNHY5Nm5RVmpfdW1QQUxvQVpRa2Q3SHp5dHRWeTVEMUljVUNnQ2EzVEFyb0R1d3pRMXo3NEI4QWxZMFRNZFlCaVBpaE1MUzlqMzl1Q0x5OVpoekFld2RmWmhhdkU5YkU4RUpDZUFqLV9MclBCLXNGS3F6WE9wMTJFZnIwRFVPaXQxaTlFVUE?oc=5,en,2026-09-24,
Trump gives Xi Jinping rare airport welcome as summit visit begins,Washington Post,washingtonpost.com,washingtonpost.com,2026-09-24,https://news.google.com/rss/articles/CBMirwFBVV95cUxOdHhaaUFNQmIxNFF4eFUxelRnUVFBNE5BWUlLcEx3OENoWWRaaXdfTzhHcDhqWUwyNVNNazQtMGZVVmpIYnB2UXZWVGJSNTBfVVVSeXN6TG15SUFNSU5UYlpjRV95Y1g3TkkxNjdrZ205ZXYxS0NWa1RsN2d6M2lXQ2MxeW9BalFUd1NBM0ZtLTEyYXNKNUl6TVhIdnBKR1cxemlhYlp1b1Y0eTJLT0pR?oc=5,en,2026-09-24,
Opinion | Limiting diesel exports would be a Trump midterm gift to Democrats,Washington Post,washingtonpost.com,washingtonpost.com,2026-09-24,https://news.google.com/rss/articles/CBMiswFBVV95cUxPSlpaemxSbDBVNHF5cFcyVjEyNnJjWGM2OXptQ3pvbk1uMldaTWlfS2hXN3lQX1o5cWI3em5MMHNUMm91Qk5JYjlKYWl0enU2ZVYzelYtVzdiTHhLQ3Y3bVQ1OURRQ3pwWFBQVVJITmEtdDQ3ZHduM1BCM0hSTFpKRHRVRFR0MGZlN2o5bkZ3dmgwREYyTVdBN28ycjJQTDFyczJfLUFMOVBHLUtPc3dSWElBVQ?oc=5,en,2026-09-24,
Trump invites Putin to this year’s G-20 summit in Florida,Washington Post,washingtonpost.com,washingtonpost.com,2026-09-24,https://news.google.com/rss/articles/CBMisAFBVV95cUxNTW5ZQWdQdVVfUWhmZkJuYlpEQVJfT0ZtTmVPRUx2SmJRVzVJS2YyQkVTZ0VSMm9EaVNzLW1sT3lHdXViUnNtd19oSV9KbS04YU1DeUdUNVVYMTlpbWxuUDY5Mk5Ma2ZWUUsweHdTMzlsdWk5bUJFdWVlb0hHaF9KQ2tUejVIZzZBS2ZjMGM5QUpkS0xFMkFNbHU0b1ZhYkEwNVBPbkdJWVBnYV9rTW5sdg?oc=5,en,2026-09-24,
Democrats again demand Trump’s drug-price contracts following Post report,Washington Post,washingtonpost.com,washingtonpost.com,2026-09-24,https://news.google.com/rss/articles/CBMivwFBVV95cUxQZ0pGZkhzbWdmd2hQUkJVSEdyS3Yxdld3a0hFU0N3WnlkV1hiR19uX1NkTWJXYVhrMjNRSlJ6WUdZTVFfMDdiLW1YV3RRT1FHdWhDQTVueTBNOWF5ZWVNZTdhNm5iUjF4U1liYndaOHJIUXc5dEZPR0VXS29kd0RKdUFITHpfU284b05Oc0JzX3Zjb1AyanRseFRoZEJ2bTZlOUkyYVpwVURNb0pNOHJYSTVmM2MzT2RJdjUwdERWdw?oc=5,en,2026-09-24,
Opinion | Scientific research is an economic blessing. Keep Trump cronyism out.,Washington Post,washingtonpost.com,washingtonpost.com,2026-09-24,https://news.google.com/rss/articles/CBMiugFBVV95cUxOR0Z4a0RmaG1MX1BCV3NSdUFBQVFkVW5NUWN5UTdKSlR4am93Y1BCdjdQcVByZnJ6V09Xc3lZcjNXYks4QmxMYks4QUlXWGhyUDh2SVh2Yk9XU0pGNHl5ZUdqWGtOVFZhT1I3LVVSVUpRT0VjV1pVZHNaYnNoY2FGUjcxTHRzVGp0M0JoUWtBbENidkpKcjZhYzl6bzAza1VlM3BXcmQzeUVpR3c4N3Q2ZEZfWE5DemsyU3c?oc=5,en,2026-09-24,
‘I am the code’: Trump clashed with ballroom architect over safety issues,Washington Post,washingtonpost.com,washingtonpost.com,2026-09-24,https://news.google.com/rss/articles/CBMiwgFBVV95cUxOaENidlZPVnhtMnoxbE9lQWpTV2phTEdYaWUwT1FZakF6VXRUZEltb1I0YmZ0aHE3QXliN0pCM0tRVU1NTEUyc214N2V6RzcwaXQwVDR4UWMzUmR2WFdlRmthWGZaZmlEVlREcWJWUG13VnNNa1FLSmRDOHlEbmROUjFlTDNMd3BiTnJTM09nNDRFeDYxV0hFT0ZmZnFkOF9vUTdYVWdLY3hvSTZPa1NsZjd2aVprcWlVRkJqdGxxdlFjQQ?oc=5,en,2026-09-24,
Hillary Clinton says Trump’s media ban is ‘deeply disturbing’,Washington Post,washingtonpost.com,washingtonpost.com,2026-09-24,https://news.google.com/rss/articles/CBMirwFBVV95cUxOeG1JNWhnQm5idHVpa2F6TG1iaHd0V3c4a1U1ZVNhZlJmdUhjZUZ2RkxLV092dHJwaTZQTzJHSkRYbXA5TVlMaTlmR3BYQTFEVWdUTmxPRWhvYVBuNDgzMkE3ampkeW9ySm5uMFFNay1uaFBYR3IxUlM2TjNtRjB6T0RfVnVUU1EzZzVYeFRZZmNWeEl1RmN1dG5ocmUtS2tVNk1OVE13T1pLVU51UFdj?oc=5,en,2026-09-24,
Opinion | How conservatism went from Reagan to Trump,Washington Post,washingtonpost.com,washingtonpost.com,2026-09-24,https://news.google.com/rss/articles/CBMimAFBVV95cUxNWnE3dS1JQlF1MWdUWVNsS2hXMDBOaWJncV9QUE9MLXpyVm80ZDdzcGhTUVBrWmV4OXdocWIzYXB2YjdSenZzaUNkVHVuNlFsd0VwMVZ4UEFYYU11MHRndXo1ckthcFlKRHdGMTFUR08zaUFqVU1zSmE3QWlrMFJrZnZjbWZsblJTdFdMdVhkZnkzVndWUExqZg?oc=5,en,2026-09-24,
